Genome	10p_S10_1.fastq Relative Abundance (%)	10p_S10_1.fastq Variance	10p_S10_1.fastq RPKM	10p_S10_1.fastq TPM	10_S36_1.fastq Relative Abundance (%)	10_S36_1.fastq Variance	10_S36_1.fastq RPKM	10_S36_1.fastq TPM	11p_S11_1.fastq Relative Abundance (%)	11p_S11_1.fastq Variance	11p_S11_1.fastq RPKM	11p_S11_1.fastq TPM	11_S37_1.fastq Relative Abundance (%)	11_S37_1.fastq Variance	11_S37_1.fastq RPKM	11_S37_1.fastq TPM	12p_S12_1.fastq Relative Abundance (%)	12p_S12_1.fastq Variance	12p_S12_1.fastq RPKM	12p_S12_1.fastq TPM	12_S38_1.fastq Relative Abundance (%)	12_S38_1.fastq Variance	12_S38_1.fastq RPKM	12_S38_1.fastq TPM	13p_S13_1.fastq Relative Abundance (%)	13p_S13_1.fastq Variance	13p_S13_1.fastq RPKM	13p_S13_1.fastq TPM	13_S39_1.fastq Relative Abundance (%)	13_S39_1.fastq Variance	13_S39_1.fastq RPKM	13_S39_1.fastq TPM	14p_S14_1.fastq Relative Abundance (%)	14p_S14_1.fastq Variance	14p_S14_1.fastq RPKM	14p_S14_1.fastq TPM	14_S40_1.fastq Relative Abundance (%)	14_S40_1.fastq Variance	14_S40_1.fastq RPKM	14_S40_1.fastq TPM	15p_S15_1.fastq Relative Abundance (%)	15p_S15_1.fastq Variance	15p_S15_1.fastq RPKM	15p_S15_1.fastq TPM	15_S41_1.fastq Relative Abundance (%)	15_S41_1.fastq Variance	15_S41_1.fastq RPKM	15_S41_1.fastq TPM	16p_S16_1.fastq Relative Abundance (%)	16p_S16_1.fastq Variance	16p_S16_1.fastq RPKM	16p_S16_1.fastq TPM	16_S42_1.fastq Relative Abundance (%)	16_S42_1.fastq Variance	16_S42_1.fastq RPKM	16_S42_1.fastq TPM	17p_S17_1.fastq Relative Abundance (%)	17p_S17_1.fastq Variance	17p_S17_1.fastq RPKM	17p_S17_1.fastq TPM	17_S43_1.fastq Relative Abundance (%)	17_S43_1.fastq Variance	17_S43_1.fastq RPKM	17_S43_1.fastq TPM	18p_S18_1.fastq Relative Abundance (%)	18p_S18_1.fastq Variance	18p_S18_1.fastq RPKM	18p_S18_1.fastq TPM	18_S44_1.fastq Relative Abundance (%)	18_S44_1.fastq Variance	18_S44_1.fastq RPKM	18_S44_1.fastq TPM	19p_S19_1.fastq Relative Abundance (%)	19p_S19_1.fastq Variance	19p_S19_1.fastq RPKM	19p_S19_1.fastq TPM	19_S45_1.fastq Relative Abundance (%)	19_S45_1.fastq Variance	19_S45_1.fastq RPKM	19_S45_1.fastq TPM	1p_S1_1.fastq Relative Abundance (%)	1p_S1_1.fastq Variance	1p_S1_1.fastq RPKM	1p_S1_1.fastq TPM	20_S46_1.fastq Relative Abundance (%)	20_S46_1.fastq Variance	20_S46_1.fastq RPKM	20_S46_1.fastq TPM	21p_S21_1.fastq Relative Abundance (%)	21p_S21_1.fastq Variance	21p_S21_1.fastq RPKM	21p_S21_1.fastq TPM	21_S47_1.fastq Relative Abundance (%)	21_S47_1.fastq Variance	21_S47_1.fastq RPKM	21_S47_1.fastq TPM	22p_S22_1.fastq Relative Abundance (%)	22p_S22_1.fastq Variance	22p_S22_1.fastq RPKM	22p_S22_1.fastq TPM	22_S48_1.fastq Relative Abundance (%)	22_S48_1.fastq Variance	22_S48_1.fastq RPKM	22_S48_1.fastq TPM	23p_S23_1.fastq Relative Abundance (%)	23p_S23_1.fastq Variance	23p_S23_1.fastq RPKM	23p_S23_1.fastq TPM	23_S49_1.fastq Relative Abundance (%)	23_S49_1.fastq Variance	23_S49_1.fastq RPKM	23_S49_1.fastq TPM	24p_S24_1.fastq Relative Abundance (%)	24p_S24_1.fastq Variance	24p_S24_1.fastq RPKM	24p_S24_1.fastq TPM	24_S50_1.fastq Relative Abundance (%)	24_S50_1.fastq Variance	24_S50_1.fastq RPKM	24_S50_1.fastq TPM	2p_S2_1.fastq Relative Abundance (%)	2p_S2_1.fastq Variance	2p_S2_1.fastq RPKM	2p_S2_1.fastq TPM	2_S28_1.fastq Relative Abundance (%)	2_S28_1.fastq Variance	2_S28_1.fastq RPKM	2_S28_1.fastq TPM	3p_S3_1.fastq Relative Abundance (%)	3p_S3_1.fastq Variance	3p_S3_1.fastq RPKM	3p_S3_1.fastq TPM	3_S29_1.fastq Relative Abundance (%)	3_S29_1.fastq Variance	3_S29_1.fastq RPKM	3_S29_1.fastq TPM	4p_S4_1.fastq Relative Abundance (%)	4p_S4_1.fastq Variance	4p_S4_1.fastq RPKM	4p_S4_1.fastq TPM	4_S30_1.fastq Relative Abundance (%)	4_S30_1.fastq Variance	4_S30_1.fastq RPKM	4_S30_1.fastq TPM	5p_S5_1.fastq Relative Abundance (%)	5p_S5_1.fastq Variance	5p_S5_1.fastq RPKM	5p_S5_1.fastq TPM	5_S31_1.fastq Relative Abundance (%)	5_S31_1.fastq Variance	5_S31_1.fastq RPKM	5_S31_1.fastq TPM	6p_S6_1.fastq Relative Abundance (%)	6p_S6_1.fastq Variance	6p_S6_1.fastq RPKM	6p_S6_1.fastq TPM	6_S32_1.fastq Relative Abundance (%)	6_S32_1.fastq Variance	6_S32_1.fastq RPKM	6_S32_1.fastq TPM	7p_S7_1.fastq Relative Abundance (%)	7p_S7_1.fastq Variance	7p_S7_1.fastq RPKM	7p_S7_1.fastq TPM	7_S33_1.fastq Relative Abundance (%)	7_S33_1.fastq Variance	7_S33_1.fastq RPKM	7_S33_1.fastq TPM	8p_S8_1.fastq Relative Abundance (%)	8p_S8_1.fastq Variance	8p_S8_1.fastq RPKM	8p_S8_1.fastq TPM	8_S34_1.fastq Relative Abundance (%)	8_S34_1.fastq Variance	8_S34_1.fastq RPKM	8_S34_1.fastq TPM	9p_S9_1.fastq Relative Abundance (%)	9p_S9_1.fastq Variance	9p_S9_1.fastq RPKM	9p_S9_1.fastq TPM	9_S35_1.fastq Relative Abundance (%)	9_S35_1.fastq Variance	9_S35_1.fastq RPKM	9_S35_1.fastq TPM
unmapped	92.723335	NA	NA	NA	86.5522	NA	NA	NA	55.120926	NA	NA	NA	68.25304	NA	NA	NA	100	NA	NA	NA	87.63519	NA	NA	NA	71.34202	NA	NA	NA	81.21507	NA	NA	NA	54.75716	NA	NA	NA	60.745384	NA	NA	NA	51.44375	NA	NA	NA	52.897938	NA	NA	NA	53.168167	NA	NA	NA	49.09279	NA	NA	NA	51.597416	NA	NA	NA	40.911472	NA	NA	NA	69.59621	NA	NA	NA	28.759443	NA	NA	NA	71.44562	NA	NA	NA	71.02341	NA	NA	NA	95.47251	NA	NA	NA	38.95431	NA	NA	NA	60.898483	NA	NA	NA	54.955627	NA	NA	NA	70.67306	NA	NA	NA	79.659546	NA	NA	NA	75.9211	NA	NA	NA	53.200745	NA	NA	NA	59.918606	NA	NA	NA	56.66393	NA	NA	NA	86.12467	NA	NA	NA	93.11676	NA	NA	NA	80.314766	NA	NA	NA	84.62098	NA	NA	NA	75.423004	NA	NA	NA	75.39096	NA	NA	NA	97.94776	NA	NA	NA	70.34508	NA	NA	NA	85.268295	NA	NA	NA	76.50704	NA	NA	NA	80.36209	NA	NA	NA	89.810356	NA	NA	NA	77.24584	NA	NA	NA	66.39613	NA	NA	NA	54.45028	NA	NA	NA	58.460014	NA	NA	NA
GCA_003141595.1_20120800_E2X_genomic	0	0	0	0	0	0	0	0	0.0063474644	14.053529	0.07259187	162.25363	0	0	0	0	NaN	0	0	0	0	0	0	0	0	0	0	0	0	0	0	0	0	0	0	0	0	0	0	0	0	0	0	0	0	0	0	0	0	0	0	0	0	0	0	0	0	0	0	0	0	0	0	0	0	0	0	0	0	0	0	0	0	0	0	0	0	0	0	0	0	0	0	0	0	0	0	0	0	0	0	0	0	0	0	0	0	0	0	0	0	0	0	0	0	0	0	0	0	0	0	0	0	0	0	0	0	0	0	0	0	0	0	0	0	0	0	0	0	0	0	0	0	0	0	0	0	0	0	0	0	0	0	0	0	0	0	0	0	0	0	0	0	0	0	0	0	0	0	0	0	0	0	0	0	0	0	0	0	0	0	0	0	0	0	0	0	0	0	0	0	0	0	0
SRR10489814bin.19	0	0	0	0	0	0	0	0	0.023786344	78.59342	0.23930584	534.88403	0	0	0	0	NaN	0	0	0	0	0	0	0	0	0	0	0	0	0	0	0	0	0	0	0	0	0	0	0	0	0	0	0	0	0	0	0	0.022473522	111.79699	0.21276057	504.0075	0	0	0	0	0	0	0	0	0	0	0	0	0	0	0	0	0	0	0	0	0	0	0	0	0	0	0	0	0	0	0	0	0	0	0	0	0	0	0	0	0	0	0	0	0	0	0	0	0	0	0	0	0	0	0	0	0	0	0	0	0	0	0	0	0	0	0	0	0	0	0	0	0	0	0	0	0	0	0	0	0	0	0	0	0	0	0	0	0	0	0	0	0	0	0	0	0	0	0	0	0	0	0	0	0	0	0	0	0	0	0	0	0	0	0	0	0	0	0	0	0	0	0	0	0.017064767	31.936054	0.17369574	386.64462	0	0	0	0
SRR2902415rbin.20	0	0	0	0	0	0	0	0	0	0	0	0	0	0	0	0	NaN	0	0	0	0	0	0	0	0	0	0	0	0	0	0	0	0	0	0	0	0	0	0	0	0	0	0	0	0	0	0	0	0	0	0	0	0	0	0	0	0	0	0	0	0	0	0	0	0	0	0	0	0	0	0	0	0	0	0	0	0	0	0	0	0	0	0	0	0	0	0	0	0	0	0	0	0	0	0	0	0	0	0	0	0	0	0	0	0	0	0	0	0	0	0	0	0	0	0	0	0	0	0	0	0	0	0	0	0	0	0	0	0	0	0	0	0	0	0	0	0	0	0	0	0	0	0	0	0	0	0	0	0	0	0	0	0	0	0	0	0	0	0	0	0	0	0	0	0	0	0	0	0	0	0	0	0	0	0	0	0	0	0	0	0	0	0	0
SRR5665647rbin.14	0	0	0	0	0	0	0	0	0	0	0	0	0	0	0	0	NaN	0	0	0	0	0	0	0	0	0	0	0	0	0	0	0	0	0	0	0	0	0	0	0	0	0	0	0	0	0	0	0	0.020876683	363.12686	0.24849668	588.66266	0	0	0	0	0.080317676	879.8785	1.1973294	1935.0557	0	0	0	0	0	0	0	0	0	0	0	0	0	0	0	0	0.09414775	515.0843	1.9350078	4062.7969	0	0	0	0	0.07827721	32.693184	0.80663353	1625.7054	0	0	0	0	0	0	0	0	0	0	0	0	0	0	0	0	0	0	0	0	0	0	0	0	0	0	0	0	0	0	0	0	0	0	0	0	0	0	0	0	0	0	0	0	0	0	0	0	0	0	0	0	0	0	0	0	0	0	0	0	0	0	0	0	0	0	0	0	0	0	0	0	0	0	0	0	0	0	0	0	0	0	0	0	0	0	0	0	0	0	0	0	0	0	0	0
SRR10954970bin.7	0	0	0	0	0	0	0	0	0	0	0	0	0	0	0	0	NaN	0	0	0	0	0	0	0	0	0	0	0	0	0	0	0	0	0	0	0	0	0	0	0	0	0	0	0	0	0	0	0	0	0	0	0	0	0	0	0	0	0	0	0	0	0	0	0	0	0	0	0	0	0	0	0	0	0	0	0	0	0	0	0	0	0	0	0	0	0	0	0	0	0	0	0	0	0	0	0	0	0	0	0	0	0	0	0	0	0	0	0	0	0	0	0	0	0	0	0	0	0	0	0	0	0	0	0	0	0	0	0	0	0	0	0	0	0	0	0	0	0	0	0	0	0	0	0	0	0	0	0	0	0	0	0	0	0	0	0	0	0	0	0	0	0	0	0	0	0	0	0	0	0	0	0	0	0	0	0	0	0	0	0	0	0	0	0
GCA_003158895.1_20120600_E1D_genomic	0	0	0	0	0	0	0	0	0.03830784	183.25871	0.41478443	927.10455	0	0	0	0	NaN	0	0	0	0	0	0	0	0	0	0	0	0	0	0	0	0.04393792	25.491514	0.4423281	1055.8584	0	0	0	0	0.050636873	300.467	0.4647183	1104.1235	0	0	0	0	0.048960783	106.97307	0.47706103	1130.1077	0	0	0	0	0.08813101	188.47272	1.2662935	2046.512	0	0	0	0	0	0	0	0	0	0	0	0	0	0	0	0	0.07728948	55.319973	1.3939582	2926.793	0	0	0	0	0.0360619	1.4204596	0.34063372	686.51984	0	0	0	0	0	0	0	0	0	0	0	0	0	0	0	0	0	0	0	0	0.037853148	0.68634486	0.38552868	900.32227	0	0	0	0	0	0	0	0	0	0	0	0	0	0	0	0	0	0	0	0	0	0	0	0	0	0	0	0	0	0	0	0	0	0	0	0	0	0	0	0	0	0	0	0	0	0	0	0	0	0	0	0	0	0	0	0	0	0	0	0	0	0	0	0	0.05587848	195.46248	0.59774345	1330.5704	0	0	0	0
GCA_003166755.1_20110700_S1D_genomic	0	0	0	0	0	0	0	0	0.014253675	50.21228	0.17312078	386.9504	0	0	0	0	NaN	0	0	0	0	0	0	0	0	0	0	0	0	0	0	0	0	0	0	0	0	0	0	0	0	0	0	0	0	0	0	0	0.013077553	37.775364	0.14111573	334.28833	0	0	0	0	0	0	0	0	0	0	0	0	0	0	0	0	0	0	0	0	0	0	0	0	0	0	0	0	0	0	0	0	0	0	0	0	0	0	0	0	0	0	0	0	0	0	0	0	0	0	0	0	0	0	0	0	0	0	0	0	0	0	0	0	0	0	0	0	0	0	0	0	0	0	0	0	0	0	0	0	0	0	0	0	0	0	0	0	0	0	0	0	0	0	0	0	0	0	0	0	0	0	0	0	0	0	0	0	0	0	0	0	0	0	0	0	0	0	0	0	0	0	0	0	0	0	0	0	0	0	0	0
SRR8554504rbin.72	0	0	0	0	0	0	0	0	0	0	0	0	0	0	0	0	NaN	0	0	0	0	0	0	0	0	0	0	0	0	0	0	0	0	0	0	0	0	0	0	0	0	0	0	0	0	0	0	0	0	0	0	0	0	0	0	0	0	0	0	0	0	0	0	0	0	0	0	0	0	0	0	0	0	0	0	0	0	0	0	0	0	0	0	0	0	0	0	0	0	0	0	0	0	0	0	0	0	0	0	0	0	0	0	0	0	0	0	0	0	0	0	0	0	0	0	0	0	0	0	0	0	0	0	0	0	0	0	0	0	0	0	0	0	0	0	0	0	0	0	0	0	0	0	0	0	0	0	0	0	0	0	0	0	0	0	0	0	0	0	0	0	0	0	0	0	0	0	0	0	0	0	0	0	0	0	0	0	0	0	0	0	0	0	0
SRR12756227bin.3	0	0	0	0	0	0	0	0	0.2497652	781.77466	2.4048243	5375.137	0.117599994	58.151768	1.6531698	3688.2861	NaN	0	0	0	0	0	0	0	0	0	0	0	0	0	0	0	0.13271417	40.282883	1.1927962	2847.2612	0	0	0	0	0.17869215	365.60013	1.4822222	3521.6099	0.06413362	0.56263304	0.4570427	1331.8368	0.09400244	51.688427	0.815616	1932.109	0.09011214	1.0251256	0.59968495	1725.9937	0.13208956	200.02968	1.7106514	2764.6572	0	0	0	0	0	0	0	0	0	0	0	0	0	0	0	0	0.0461056	12.293434	0.7968326	1673.0516	0	0	0	0	0.043790113	0.8671268	0.3850419	776.02124	0.58876544	1334.2849	7.8432484	14730.748	0.5132587	2.8246214	4.988692	11160.435	0.4702059	1921.5724	9.275366	15836.088	0	0	0	0	0.7776632	0.798076	20.17124	31919.752	0.19768064	2.8720067	1.7839508	4166.0483	0.43364418	649.7583	5.811842	10656.193	0.29416493	188.14398	2.6042666	6621.1226	0.08827413	0.36094213	3.4099789	6372.884	0	0	0	0	0.10846467	298.08643	2.666081	5424.796	0	0	0	0	0.09588858	42.849663	1.7260618	3804.1565	0.108670905	114.905846	1.9656293	4335.363	0	0	0	0	0.059959933	58.72268	0.85119605	2009.7566	0.14502503	671.283	5.580924	9880.169	0.1276024	0.9674059	2.6081347	5348.1494	0.17065251	2771.0266	4.374	8414.967	0	0	0	0	0.13042606	3.16331	2.5584395	5538.5215	0.09441469	75.588425	1.3022105	2789.2493	0.27882126	534.6785	2.6663966	5935.3677	0.10549442	0.80206305	1.0443541	2479.277
SRR10954973bin.3	0	0	0	0	0	0	0	0	0	0	0	0	0	0	0	0	NaN	0	0	0	0	0	0	0	0	0	0	0	0	0	0	0	0	0	0	0	0	0	0	0	0	0	0	0	0.051630944	1.0141896	0.46103388	1343.467	0	0	0	0	0.044210363	1.0243733	0.372636	1072.5088	0	0	0	0	0	0	0	0	0	0	0	0	0	0	0	0	0	0	0	0	0	0	0	0	0	0	0	0	0	0	0	0	0	0	0	0	0	0	0	0	0	0	0	0	0	0	0	0	0	0	0	0	0	0	0	0	0	0	0	0	0	0	0	0	0	0	0	0	0	0	0	0	0	0	0	0	0	0	0	0	0	0	0	0	0	0	0	0	0	0	0	0	0	0	0	0	0	0	0	0	0	0	0	0	0	0	0	0	0	0	0	0	0	0	0	0	0	0	0	0	0	0	0	0	0	0	0	0
SRR10489815bin.37	0	0	0	0	0	0	0	0	0.32226232	1209.2429	3.1375859	7012.9673	0.17688958	100.843216	2.4966545	5570.134	NaN	0	0	0	0	0	0	0	0.47486278	297.43365	7.055363	16272.984	0	0	0	0	0.45626563	223.93147	4.148675	9903.087	0.21432799	295.33792	1.9166433	5484.4463	0.5378617	2440.3093	4.5153494	10728.009	0.27743196	3.380557	1.9975735	5820.9917	0.4844419	838.2549	4.2530904	10075.125	0.29467264	4.8937964	1.9887388	5723.924	1.1699281	1777.6094	15.106232	24413.842	0.12677394	56.156425	1.1117096	2260.0764	1.4224521	13161.616	26.793331	48045.887	0.05285337	28.44188	0.39579043	804.5565	1.3161528	3234.8796	26.98139	46975.2	0.9590517	438.75735	15.712491	32990.387	0	0	0	0	0.43427134	24.636763	3.7498171	7557.457	0.47158098	1027.6174	6.382835	11987.88	0.67026454	3.3320224	6.532106	14613.276	0.5129663	2356.6228	10.235063	17474.605	0	0	0	0	0.50262403	0.48293144	13.079793	20697.97	0.34978724	4.8805943	3.189474	7448.358	0.8343364	1203.1947	11.347596	20806.172	0.4216983	282.38983	3.776489	9601.3955	0	0	0	0	0	0	0	0	0	0	0	0	0	0	0	0	0.020120192	10.507271	0	0	0.08317045	108.16813	1.5092515	3328.7822	0	0	0	0	0	0	0	0	0	0	0	0	0	0	0	0	0	0	0	0	0	0	0	0	0	0	0	0	0.06122774	56.25803	0.845954	1811.9777	0.47134224	1342.0983	4.558748	10147.717	0.3932717	3.798458	3.9434547	9361.688
GCA_003141495.1_20120800_E3S_genomic	0	0	0	0	0	0	0	0	0.027087584	55.715786	0.28763625	642.9096	0	0	0	0	NaN	0	0	0	0	0	0	0	0	0	0	0	0	0	0	0	0	0	0	0	0	0	0	0	0	0	0	0	0	0	0	0	0.0089488365	12.819605	0.09390698	222.45586	0	0	0	0	0.13053781	138.37338	1.766329	2854.6416	0	0	0	0	0	0	0	0	0	0	0	0	0	0	0	0	0.17708413	48.148663	3.1220284	6555.099	0	0	0	0	0.13375255	2.6429322	1.2148827	2448.4993	0	0	0	0	0	0	0	0	0	0	0	0	0	0	0	0	0	0	0	0	0	0	0	0	0	0	0	0	0	0	0	0	0	0	0	0	0	0	0	0	0	0	0	0	0	0	0	0	0	0	0	0	0	0	0	0	0	0	0	0	0	0	0	0	0	0	0	0	0	0	0	0	0	0	0	0	0	0	0	0	0	0	0	0	0	0	0	0	0.013370681	18.157553	0.1462176	325.47876	0	0	0	0
GCA_003169695.1_20110800_P1D_genomic	0	0	0	0	0	0	0	0	0	0	0	0	0	0	0	0	NaN	0	0	0	0	0	0	0	0	0	0	0	0	0	0	0	0	0	0	0	0	0	0	0	0	0	0	0	0	0	0	0	0	0	0	0	0	0	0	0	0	0	0	0	0	0	0	0	0	0	0	0	0	0	0	0	0	0	0	0	0	0	0	0	0	0	0	0	0	0	0	0	0	0	0	0	0	0	0	0	0	0	0	0	0	0	0	0	0	0	0	0	0	0	0	0	0	0	0	0	0	0	0	0	0	0	0	0	0	0	0	0	0	0	0	0	0	0	0	0	0.04385477	20.73029	0.85015166	1873.6932	0	0	0	0	0	0	0	0	0.023158219	22.049665	0.35065445	827.92926	0	0	0	0	0	0	0	0	0	0	0	0	0	0	0	0	0.028207663	0.56049037	0.611057	1322.819	0	0	0	0	0	0	0	0	0	0	0	0
SRR12756247bin.2	0	0	0	0	0	0	0	0	0.01086474	59.879753	0.13459663	300.8433	0	0	0	0	NaN	0	0	0	0	0	0	0	0	0	0	0	0	0	0	0	0	0	0	0	0	0	0	0	0	0	0	0	0	0	0	0	0	0	0	0	0	0	0	0	0	0	0	0	0	0	0	0	0	0	0	0	0	0	0	0	0	0	0	0	0	0	0	0	0	0	0	0	0	0	0	0	0	0	0	0	0	0	0	0	0	0	0	0	0	0	0	0	0	0	0	0	0	0	0	0	0	0	0	0	0	0	0	0	0	0	0	0	0	0	0	0	0	0	0	0	0	0	0	0	0	0	0	0	0	0	0	0	0	0	0	0	0	0	0	0	0	0	0	0	0	0	0	0	0	0	0	0	0	0	0	0	0	0	0	0	0	0	0	0	0	0	0	0	0	0	0	0
GCA_003169895.1_20110800_P1D_genomic	0	0	0	0	0	0	0	0	0.0048189107	7.050323	0.056553565	126.40556	0	0	0	0	NaN	0	0	0	0	0	0	0	0	0	0	0	0	0	0	0	0	0	0	0	0	0	0	0	0	0	0	0	0	0	0	0	0	0	0	0	0	0	0	0	0	0	0	0	0	0	0	0	0	0	0	0	0	0	0	0	0	0	0	0	0	0	0	0	0	0	0	0	0	0	0	0	0	0	0	0	0	0	0	0	0	0	0	0	0	0	0	0	0	0	0	0	0	0	0	0	0	0	0	0	0	0	0	0	0	0	0	0	0	0	0	0	0	0	0	0	0	0	0	0	0.032549646	13.003548	0.61251897	1349.9619	0	0	0	0	0	0	0	0	0	0	0	0	0	0	0	0	0	0	0	0	0	0	0	0	0	0	0	0	0	0	0	0	0.018424707	12.58165	0.2705524	579.50555	0	0	0	0	0	0	0	0
SRR10489817bin.11	0	0	0	0	0	0	0	0	0.07204525	73.469284	0.7004201	1565.5427	0.063553475	33.94589	0.8995215	2006.8674	NaN	0	0	0	0	0	0	0	0	0	0	0	0	0	0	0	0	0	0	0	0	0	0	0	0.0106215635	15.668759	0.09286485	220.63756	0	0	0	0	0.010929085	4.6865664	0.10046638	237.99435	0	0	0	0	0.06955496	56.481712	0.9735888	1573.4592	0	0	0	0	0	0	0	0	0	0	0	0	0	0	0	0	0	0	0	0	0	0	0	0	0	0	0	0	0	0	0	0	0	0	0	0	0	0	0	0	0	0	0	0	0	0	0	0	0	0	0	0	0	0	0	0	0	0	0	0	0	0	0	0	0	0	0	0	0.04825487	128.88414	1.2254434	2493.465	0	0	0	0	0.08560048	46.018612	1.5606039	3439.4937	0	0	0	0	0	0	0	0	0	0	0	0	0	0	0	0	0	0	0	0	0	0	0	0	0	0	0	0	0	0	0	0	0.02480493	15.089787	0.3489192	747.3621	0.07524423	87.65301	0.72718346	1618.7019	0.04284874	0.3062601	0.4335016	1029.1244
GCA_003141895.1_20120800_E1X_genomic	0	0	0	0	0	0	0	0	0.016877858	39.48517	0.18475637	412.95795	0	0	0	0	NaN	0	0	0	0	0	0	0	0	0	0	0	0	0	0	0	0	0	0	0	0	0	0	0	0.0067549525	8.034196	0.06077155	144.38695	0	0	0	0	0.03377064	18.819107	0.31715652	751.3107	0	0	0	0	0	0	0	0	0	0	0	0	0	0	0	0	0	0	0	0	0	0	0	0	0	0	0	0	0	0	0	0	0	0	0	0	0	0	0	0	0	0	0	0	0	0	0	0	0	0	0	0	0	0	0	0	0	0	0	0	0	0	0	0	0	0	0	0	0	0	0	0	0	0	0	0	0	0	0	0	0	0	0	0	0	0	0	0	0	0	0	0	0	0	0	0	0	0	0	0	0	0	0	0	0	0	0	0	0	0	0	0	0	0	0	0	0	0	0	0	0	0	0	0	0	0	0	0	0	0	0	0
11p_S11_bin.9	0	0	0	0	0	0	0	0	0.15119134	145.37183	1.4265363	3188.5198	0.18274799	81.460526	2.4939806	5564.1685	NaN	0	0	0	0	0	0	0	0	0	0	0	0	0	0	0	0.16659737	43.249958	1.4853753	3545.6626	0	0	0	0	0.14375834	223.1757	1.1937277	2836.1758	0.09292244	0.7976712	0.65608025	1911.8387	0.077641435	41.508743	0.67277545	1593.7346	0.13052896	1.444204	0.86700845	2495.3967	0	0	0	0	0	0	0	0	0	0	0	0	0	0	0	0	0	0	0	0	0	0	0	0	0	0	0	0	0	0	0	0	0	0	0	0	0	0	0	0	0	0	0	0	0	0	0	0	0	0	0	0	0	0	0	0	0	0	0	0	0	0	0	0	0	0	0	0	0	0	0	0	0	0	0	0	0	0	0	0	0	0	0	0	0.036858797	33.63364	0.68072796	1501.4038	0	0	0	0	0	0	0	0	0	0	0	0	0	0	0	0	0	0	0	0	0	0	0	0	0	0	0	0	0.0128987655	9.32062	0.19823974	424.6165	0.14593843	155.36574	1.3788047	3069.203	0.08869903	0.6607755	0.8871902	2106.1729
SRR12277197bin.2	0	0	0	0	0	0	0	0	0.007198083	45.13092	0.08945571	199.94667	0	0	0	0	NaN	0	0	0	0	0	0	0	0	0	0	0	0	0	0	0	0	0	0	0	0	0	0	0	0	0	0	0	0	0	0	0	0	0	0	0	0	0	0	0	0	0	0	0	0	0	0	0	0	0	0	0	0	0	0	0	0	0	0	0	0	0	0	0	0	0	0	0	0	0	0	0	0	0	0	0	0	0	0	0	0	0	0	0	0	0	0	0	0	0	0	0	0	0	0	0	0	0	0	0	0	0	0	0	0	0	0	0	0	0	0	0	0	0	0	0	0	0	0	0	0.08169047	41.136723	1.5333048	3379.33	0	0	0	0	0	0	0	0	0.059375066	58.417164	0.8638062	2039.5299	0	0	0	0	0.06996359	0.5213156	1.5094184	3095.1606	0	0	0	0	0	0	0	0	0.065704726	1.4738749	1.360386	2944.9697	0.037134767	29.45951	0.5444837	1166.2485	0	0	0	0	0	0	0	0
SRR1586304rbin.4	0	0	0	0	0	0	0	0	0.27692473	6985.3843	2.9071095	6497.822	0.13573182	133.24521	2.023868	4515.3296	NaN	0	0	0	0	0	0	0	0.31642368	283.26385	5.010806	11557.281	0	0	0	0	0.40940577	1243.6045	3.978046	9495.786	0	0	0	0	0.45378226	17472.727	4.0414624	9602.105	0.2689195	14.151452	2.0945008	6103.4404	0.41520095	6437.2065	3.90162	9242.527	0.26750553	19.747189	1.9477849	5606.0522	0	0	0	0	0	0	0	0	0	0	0	0	0	0	0	0	0	0	0	0	0.042731367	24.725628	0.76609737	1608.5193	0	0	0	0	0.029690854	5.4450626	0.28116378	566.663	0.14550038	403.7834	2.1530879	4043.8074	0.29403105	3.6687806	3.1499932	7046.995	0	0	0	0	0	0	0	0	0	0	0	0	0.17636462	9.746487	1.767883	4128.524	0.12878609	244.75963	1.8942099	3473.093	0.2197837	335.9993	2.1484048	5462.132	0	0	0	0	0	0	0	0	0.058282964	180.77576	1.5580195	3170.1726	0.10183453	0.6182488	3.2770479	7166.798	0.07502233	52.138203	1.4563878	3209.8076	0.13584237	227.01231	2.6547165	5855.202	0	0	0	0	0.11955788	231.01324	1.8133128	4281.407	0	0	0	0	0.0890228	0.79256785	1.9637246	4026.7441	0.0553349	968.83716	1.5567124	2994.897	0	0	0	0	0.07138447	2.5099573	1.5176809	3285.4812	0.12148719	175.61703	1.776694	3805.5608	0.34103316	4938.8086	3.5602655	7925.111	0.2698826	5.9984045	2.9148173	6919.7227
SRR5665213rbin.34	0	0	0	0	0	0	0	0	0.025991207	195.79156	0.2608285	582.9903	0	0	0	0	NaN	0	0	0	0	0	0	0	0	0	0	0	0	0	0	0	0	0	0	0	0	0	0	0	0	0	0	0	0	0	0	0	0.012633216	79.18628	0.11946399	282.99777	0	0	0	0	0	0	0	0	0	0	0	0	0	0	0	0	0	0	0	0	0	0	0	0	0	0	0	0	0	0	0	0	0	0	0	0	0	0	0	0	0	0	0	0	0	0	0	0	0	0	0	0	0	0	0	0	0	0	0	0	0	0	0	0	0	0	0	0	0	0	0	0	0	0	0	0	0	0	0	0	0	0	0	0	0	0	0	0	0	0	0	0	0	0	0	0	0	0	0	0	0	0	0	0	0	0	0	0	0	0	0	0	0	0	0	0	0	0	0	0	0	0	0	0	0.028826833	73.260414	0.28585258	636.30426	0	0	0	0
GCA_003170415.1_20110800_E3D_genomic	0	0	0	0	0	0	0	0	0.008091258	15.562426	0.08465935	189.2261	0	0	0	0	NaN	0	0	0	0	0	0	0	0	0	0	0	0	0	0	0	0	0	0	0	0	0	0	0	0	0	0	0	0	0	0	0	0.004770154	2.9696674	0.044858664	106.26544	0	0	0	0	0	0	0	0	0	0	0	0	0	0	0	0	0	0	0	0	0	0	0	0	0	0	0	0	0	0	0	0	0	0	0	0	0	0	0	0	0	0	0	0	0	0	0	0	0	0	0	0	0	0	0	0	0	0	0	0	0	0	0	0	0	0	0	0	0	0	0	0	0	0	0	0	0	0	0	0	0	0	0	0	0	0	0	0	0	0	0	0	0	0	0	0	0	0	0	0	0	0	0	0	0	0	0	0	0	0	0	0	0	0	0	0	0	0	0	0	0	0	0	0	0	0	0	0	0	0	0	0
SRR3989257rbin.7	0	0	0	0	0	0	0	0	0.012978039	35.284332	0.1313001	293.47516	0	0	0	0	NaN	0	0	0	0	0	0	0	0	0	0	0	0	0	0	0	0.15799856	49.266502	1.4424286	3443.1465	0	0	0	0	0.115163386	205.63632	0.9936972	2360.9238	0.051352866	0.88038635	0.37341088	1088.1311	0.08775997	57.21044	0.77489406	1835.6426	0.05423435	1.26294	0.37409404	1076.7054	0	0	0	0	0	0	0	0	0	0	0	0	0	0	0	0	0	0	0	0	0	0	0	0	0	0	0	0	0	0	0	0	0	0	0	0	0	0	0	0	0	0	0	0	0	0	0	0	0	0	0	0	0	0	0	0	0	0	0	0	0	0	0	0	0	0	0	0	0	0	0	0	0	0	0	0	0	0	0	0	0	0	0	0	0	0	0	0	0	0	0	0	0	0	0	0	0	0	0	0	0	0	0	0	0	0	0	0	0	0	0	0	0	0	0	0	0	0	0	0	0	0	0	0	0	0	0	0
SRR3989239rbin.24	0	0	0	0	0	0	0	0	0.12163221	129.38637	1.1782398	2633.5398	0.097891785	58.13299	1.3696887	3055.8293	NaN	0	0	0	0	0	0	0	0	0	0	0	0	0	0	0	0.18013601	52.753986	1.643517	3923.1545	0	0	0	0	0.16860835	228.73601	1.4491669	3443.0742	0.123824626	1.1230177	0.88501596	2578.9646	0.1998214	82.61737	1.7419533	4126.505	0.14105831	1.6429976	0.9512085	2737.7378	0.0900872	96.8313	1.170151	1891.1317	0	0	0	0	0	0	0	0	0	0	0	0	0	0	0	0	0.101333044	27.379757	1.6832821	3534.2668	0	0	0	0	0.042154368	0.74619865	0.37758592	760.9942	0.28737235	693.629	3.8611054	7251.71	0.17722498	0.7539761	1.7529507	3921.608	0	0	0	0	0	0	0	0	0	0	0	0	0.14212447	1.3687124	1.298936	3033.3965	0.16377278	230.38318	2.2164843	4063.9922	0.10612838	67.33344	0.96198535	2445.7642	0	0	0	0	0	0	0	0	0	0	0	0	0	0	0	0	0.02441916	9.807006	0.45213687	996.4874	0	0	0	0	0	0	0	0	0	0	0	0	0	0	0	0	0	0	0	0	0	0	0	0	0	0	0	0	0	0	0	0	0.02000185	12.188395	0.28002465	599.79456	0.1227965	154.50029	1.1908399	2650.795	0.13711575	0.99481314	1.3714963	3255.907
SRR3985419rbin.1	0	0	0	0	0	0	0	0	0.17491263	453.92618	1.6978892	3795.0342	0.1488958	84.51676	2.103108	4692.115	NaN	0	0	0	0	0	0	0	0	0	0	0	0	0	0	0	0.09623594	30.544851	0.8875351	2118.5894	0	0	0	0	0.06606436	105.70525	0.5692842	1352.5618	0.11978574	1.1658874	0.85885525	2502.7312	0.1239869	83.21347	1.09156	2585.7915	0.13107336	1.7011262	0.8896115	2560.4514	0	0	0	0	0	0	0	0	0	0	0	0	0	0	0	0	0	0	0	0	0	0	0	0	0	0	0	0	0	0	0	0	0	0	0	0	0	0	0	0	0	0	0	0	0	0	0	0	0	0	0	0	0	0	0	0	0	0	0	0	0	0	0	0	0	0	0	0	0	0	0	0	0	0	0	0	0	0	0	0	0	0	0	0	0	0	0	0	0	0	0	0	0	0	0	0	0	0	0	0	0	0	0	0	0	0	0	0	0	0	0	0	0	0	0	0	0.01639303	10.093995	0.22971997	492.0452	0.11805907	190.30957	1.1497871	2559.4126	0.11315535	0.90260875	1.1351287	2694.774
SRR1586316rbin.6	0	0	0	0	0	0	0	0	0	0	0	0	0.06579805	48.170467	0.9660352	2155.262	NaN	0	0	0	0	0	0	0	0	0	0	0	0	0	0	0	0	0	0	0	0.5935743	1340.5109	5.5151706	15781.57	0	0	0	0	0.22412801	11.359311	1.7158972	5000.1787	0	0	0	0	0	0	0	0	0	0	0	0	0	0	0	0	0	0	0	0	0	0	0	0	0	0	0	0	0	0	0	0	0	0	0	0	0	0	0	0	0	0	0	0	0	0	0	0	0	0	0	0	0	0	0	0	0	0	0	0	0	0	0	0	0	0	0	0	0	0	0	0	0	0	0	0	0	0	0	0	0	0	0	0	0	0	0	0	0	0	0	0	0	0	0	0	0	0	0	0	0	0	0	0	0	0	0	0	0	0	0	0	0	0	0	0	0	0	0	0	0	0	0	0	0	0	0	0	0	0	0	0	0	0	0	0
SRR10489834bin.30	0	0	0	0	0	0	0	0	0.055899125	47.874973	0.5501782	1229.7294	0	0	0	0	NaN	0	0	0	0	0	0	0	0	0	0	0	0	0	0	0	0.020734996	5.9369392	0.19834588	473.4613	0	0	0	0	0.018728267	20.883509	0.16284867	386.91187	0	0	0	0	0.071393184	28.25096	0.64339775	1524.1425	0	0	0	0	0	0	0	0	0	0	0	0	0	0	0	0	0	0	0	0	0	0	0	0	0.05113282	15.0301	0.8551654	1795.5294	0	0	0	0	0	0	0	0	0	0	0	0	0	0	0	0	0	0	0	0	0	0	0	0	0	0	0	0	0	0	0	0	0	0	0	0	0	0	0	0	0	0	0	0	0	0	0	0	0	0	0	0	0	0	0	0	0	0	0	0	0	0	0	0	0	0	0	0	0	0	0	0	0	0	0	0	0	0	0	0	0	0	0	0	0	0	0	0	0	0	0	0	0	0	0	0	0.037211135	42.845615	0.3650294	812.5512	0	0	0	0
SRR10489817bin.8	0	0	0	0	0	0	0	0	0.01214076	42.822937	0.1459605	326.24323	0	0	0	0	NaN	0	0	0	0	0	0	0	0	0	0	0	0	0	0	0	0	0	0	0	0	0	0	0	0	0	0	0	0	0	0	0	0	0	0	0	0	0	0	0	0	0	0	0	0	0	0	0	0	0	0	0	0	0	0	0	0	0	0	0	0	0	0	0	0	0	0	0	0	0	0	0	0	0	0	0	0	0	0	0	0	0	0	0	0	0	0	0	0	0	0	0	0	0	0	0	0	0	0	0	0	0	0	0	0	0	0	0	0	0	0	0	0	0	0	0	0	0	0	0	0.057384547	30.084057	1.1911572	2625.2522	0	0	0	0	0	0	0	0	0.02417903	27.620893	0.43256536	1021.3285	0	0	0	0	0	0	0	0	0	0	0	0	0	0	0	0	0.03104486	0.98387223	0.7901323	1710.4817	0.0256475	27.89017	0.4616087	988.7356	0	0	0	0	0	0	0	0
GCA_003142515.1_20120800_E2X_genomic	0	0	0	0	0	0	0	0	0.024307113	48.717083	0.25584158	571.84406	0	0	0	0	NaN	0	0	0	0	0	0	0	0	0	0	0	0	0	0	0	0	0	0	0	0	0	0	0	0.0063661416	8.100028	0.058343254	138.61768	0	0	0	0	0.018601272	13.103793	0.17955288	425.34195	0	0	0	0	0	0	0	0	0	0	0	0	0	0	0	0	0	0	0	0	0	0	0	0	0	0	0	0	0	0	0	0	0	0	0	0	0	0	0	0	0	0	0	0	0	0	0	0	0	0	0	0	0	0	0	0	0	0	0	0	0	0	0	0	0	0	0	0	0	0	0	0	0	0	0	0	0	0	0	0	0	0	0	0	0	0	0	0	0	0	0	0	0	0	0	0	0	0	0	0	0	0	0	0	0	0	0	0	0	0	0	0	0	0	0	0	0	0	0	0	0	0	0	0	0.018070634	24.87085	0.18946108	421.73822	0	0	0	0
SRR3989254rbin.42	0	0	0	0	0	0	0	0	0.06234854	102.270584	0.6133191	1370.8593	0	0	0	0	NaN	0	0	0	0	0	0	0	0	0	0	0	0	0	0	0	0	0	0	0	0	0	0	0	0.013497092	24.342506	0.120100714	285.3471	0	0	0	0	0.023012519	19.726372	0.21345238	505.64633	0	0	0	0	0.09417408	104.01287	1.2716196	2055.1194	0	0	0	0	0	0	0	0	0	0	0	0	0	0	0	0	0.17685196	49.00031	3.1702616	6656.371	0	0	0	0	0.09647775	2.036814	0.9125158	1839.1024	0	0	0	0	0	0	0	0	0	0	0	0	0	0	0	0	0	0	0	0	0	0	0	0	0.07254166	99.890175	1.047148	1919.9778	0	0	0	0	0	0	0	0	0	0	0	0	0	0	0	0	0	0	0	0	0	0	0	0	0	0	0	0	0	0	0	0	0	0	0	0	0	0	0	0	0	0	0	0	0	0	0	0	0	0	0	0	0	0	0	0	0	0	0	0	0.05025378	71.441086	0.4952137	1102.3402	0	0	0	0
GCA_003170855.1_20110800_E2D_genomic	0	0	0	0	0	0	0	0	0.015361638	67.998375	0.18591866	415.5559	0	0	0	0	NaN	0	0	0	0	0	0	0	0	0	0	0	0	0	0	0	0	0	0	0	0	0	0	0	0.013099148	43.714573	0.13302493	316.05353	0	0	0	0	0.0076203574	8.623164	0.08375569	198.40846	0	0	0	0	0	0	0	0	0	0	0	0	0	0	0	0	0	0	0	0	0	0	0	0	0	0	0	0	0	0	0	0	0	0	0	0	0	0	0	0	0	0	0	0	0	0	0	0	0	0	0	0	0	0	0	0	0	0	0	0	0	0	0	0	0	0	0	0	0	0	0	0	0	0	0	0	0	0	0	0	0	0	0	0	0	0	0	0	0	0	0	0	0	0	0	0	0	0	0	0	0	0	0	0	0	0	0	0	0	0	0	0	0	0	0	0	0	0	0	0	0	0	0	0	0	0	0	0	0	0	0	0
SRR7097862rbin.3	0	0	0	0	0	0	0	0	0.008774133	11.006187	0.109828286	245.48238	0	0	0	0	NaN	0	0	0	0	0	0	0	0	0	0	0	0	0	0	0	0	0	0	0	0	0	0	0	0	0	0	0	0	0	0	0	0	0	0	0	0	0	0	0	0	0	0	0	0	0	0	0	0	0	0	0	0	0	0	0	0	0	0	0	0	0	0	0	0	0	0	0	0	0	0	0	0	0	0	0	0	0	0	0	0	0	0	0	0	0	0	0	0	0	0	0	0	0	0	0	0	0	0	0	0	0	0	0	0	0	0	0	0	0	0	0	0	0	0	0	0	0	0	0	0	0	0	0	0	0	0	0	0	0	0	0	0	0	0	0	0	0	0	0	0	0	0	0	0	0	0	0	0	0	0	0	0	0	0	0	0	0	0	0	0	0	0	0	0	0	0	0
SRR11719862bin.6	0	0	0	0	0	0	0	0	0.008346219	10.359806	0.10147097	226.80252	0	0	0	0	NaN	0	0	0	0	0	0	0	0	0	0	0	0	0	0	0	0	0	0	0	0	0	0	0	0	0	0	0	0	0	0	0	0	0	0	0	0	0	0	0	0	0	0	0	0	0	0	0	0	0	0	0	0	0	0	0	0	0	0	0	0	0	0	0	0	0	0	0	0	0	0	0	0	0	0	0	0	0	0	0	0	0	0	0	0	0	0	0	0	0	0	0	0	0	0	0	0	0	0	0	0	0	0	0	0	0	0	0	0	0	0	0	0	0	0	0	0	0	0	0	0	0	0	0	0	0	0	0	0	0	0	0	0	0	0	0	0	0	0	0	0	0	0	0	0	0	0	0	0	0	0	0	0	0	0	0	0	0	0	0	0	0	0	0	0	0	0	0
SRR1586311rbin.8	0	0	0	0	0	0	0	0	0	0	0	0	0	0	0	0	NaN	0	0	0	0	0	0	0	0	0	0	0	0	0	0	0	0	0	0	0	0	0	0	0	0	0	0	0	0	0	0	0	0	0	0	0	0	0	0	0	0	0	0	0	0	0	0	0	0	0	0	0	0	0	0	0	0	0	0	0	0	0	0	0	0	0	0	0	0	0	0	0	0	0	0	0	0	0	0	0	0	0	0	0	0	0	0	0	0	0	0	0	0	0	0	0	0	0	0	0	0	0	0	0	0.18149032	0.75649357	7.159606	13380.533	0	0	0	0	0.20315884	571.4225	5.1091547	10395.826	0.15504861	0.75927496	4.7812147	10456.359	0.21194234	92.77716	3.9230661	8646.247	0.1399305	159.84753	2.6230965	5785.4644	0	0	0	0	0.1710104	158.6276	2.4571824	5801.6475	0	0	0	0	0.11374451	0.7848497	2.4280937	4978.9634	0.1285858	2072.0237	3.4658735	6667.8584	0	0	0	0	0.16600102	3.3393826	3.3805692	7318.2705	0.12056276	79.722435	1.7151139	3673.6616	0	0	0	0	0	0	0	0
SRR10998558bin.6	0	0	0	0	0	0	0	0	0	0	0	0	0	0	0	0	NaN	0	0	0	0	0	0	0	0	0	0	0	0	0	0	0	0	0	0	0	0	0	0	0	0	0	0	0	0	0	0	0	0	0	0	0	0	0	0	0	0	0	0	0	0	0	0	0	0	0	0	0	0	0	0	0	0	0	0	0	0	0	0	0	0	0	0	0	0	0	0	0	0	0	0	0	0	0	0	0	0	0	0	0	0	0	0	0	0	0	0	0	0	0	0	0	0	0	0	0	0	0	0	0	0	0	0	0	0	0	0	0	0	0	0	0	0	0	0	0	0	0	0	0	0	0	0	0	0	0	0	0	0.023246013	21.554571	0.41584486	981.84985	0	0	0	0	0	0	0	0	0	0	0	0	0	0	0	0	0.025624724	0.6185564	0.65598756	1420.0846	0.017361606	12.51181	0.31583083	676.4889	0	0	0	0	0	0	0	0
SRR3989254rbin.6	0	0	0	0	0	0	0	0	0.006676517	14.999069	0.07016245	156.82355	0	0	0	0	NaN	0	0	0	0	0	0	0	0	0	0	0	0	0	0	0	0	0	0	0	0	0	0	0	0	0	0	0	0	0	0	0	0	0	0	0	0	0	0	0	0	0	0	0	0	0	0	0	0	0	0	0	0	0	0	0	0	0	0	0	0.028693384	8.433896	0.47892806	1005.5705	0	0	0	0	0	0	0	0	0	0	0	0	0	0	0	0	0	0	0	0	0	0	0	0	0	0	0	0	0	0	0	0	0	0	0	0	0	0	0	0	0	0	0	0	0	0	0	0	0	0	0	0	0	0	0	0	0	0	0	0	0	0	0	0	0	0	0	0	0	0	0	0	0	0	0	0	0	0	0	0	0	0	0	0	0	0	0	0	0	0	0	0	0	0	0	0	0	0	0	0	0	0	0	0
SRR5664280rbin.16	0	0	0	0	0	0	0	0	0.03160567	289.1188	0.367404	821.2023	0	0	0	0	NaN	0	0	0	0	0	0	0	0	0	0	0	0	0	0	0	0	0	0	0	0	0	0	0	0.01859763	102.15806	0.18904595	449.15384	0	0	0	0	0.012949493	24.994646	0.14061035	333.0915	0	0	0	0	0.040857986	42.643627	0.58700734	948.6879	0	0	0	0	0	0	0	0	0	0	0	0	0	0	0	0	0	0	0	0	0	0	0	0	0	0	0	0	0	0	0	0	0	0	0	0	0	0	0	0	0	0	0	0	0	0	0	0	0	0	0	0	0	0	0	0	0	0	0	0	0	0	0	0	0	0	0	0	0	0	0	0	0	0	0	0	0	0	0	0	0	0	0	0	0	0	0	0	0	0	0	0	0	0	0	0	0	0	0	0	0	0	0	0	0	0	0	0	0	0	0	0	0	0	0	0	0.031012958	163.69771	0.36410114	810.4848	0	0	0	0
SRR3989239rbin.35	0	0	0	0	0	0	0	0	0	0	0	0	0	0	0	0	NaN	0	0	0	0	0	0	0	0	0	0	0	0	0	0	0	0	0	0	0	0	0	0	0	0	0	0	0	0	0	0	0	0	0	0	0	0	0	0	0	0.21686374	1665.4684	3.149246	5089.6333	0	0	0	0	0	0	0	0	0	0	0	0	0	0	0	0	0	0	0	0	0	0	0	0	0	0	0	0	0	0	0	0	0	0	0	0	0	0	0	0	0	0	0	0	0	0	0	0	0	0	0	0	0	0	0	0	0	0	0	0	0	0	0	0	0	0	0	0	0	0	0	0	0	0	0	0	0	0	0	0	0	0	0	0	0	0	0	0	0	0	0	0	0	0	0	0	0	0	0	0	0	0	0	0	0	0	0	0	0	0	0	0	0	0	0	0	0	0	0	0	0	0	0	0
SRR10489822bin.5	0	0	0	0	0	0	0	0	0.003772802	3.3458283	0.048607394	108.64476	0	0	0	0	NaN	0	0	0	0	0	0	0	0	0	0	0	0	0	0	0	0	0	0	0	0	0	0	0	0	0	0	0	0	0	0	0	0	0	0	0	0	0	0	0	0	0	0	0	0	0	0	0	0	0	0	0	0	0	0	0	0	0	0	0	0	0	0	0	0	0	0	0	0	0	0	0	0	0	0	0	0	0	0	0	0	0	0	0	0	0	0	0	0	0	0	0	0	0	0	0	0	0	0	0	0	0	0	0	0.08765978	0.3607828	3.5260386	6589.7856	0	0	0	0	0.09699664	276.0665	2.4807432	5047.68	0	0	0	0	0.106612965	50.099216	2.0152397	4441.4907	0.06734356	79.97867	1.3119944	2893.7156	0	0	0	0	0.11958638	126.13906	1.7474469	4125.891	0	0	0	0	0.15871395	1.183336	3.3938036	6959.2153	0.15924731	2803.8625	4.291847	8256.915	0	0	0	0	0.16551432	4.142791	3.3801503	7317.363	0.11368343	86.74717	1.6123744	3453.6008	0	0	0	0	0	0	0	0
SRR3989121rbin.21	0	0	0	0	0	0	0	0	0.043163136	156.40118	0.42903075	958.94714	0.0998132	67.76208	1.3855882	3091.3005	NaN	0	0	0	0	0	0	0	0	0	0	0	0	0	0	0	0.0914836	27.557814	0.843943	2014.533	0	0	0	0	0.030510806	41.58124	0.26492202	629.4278	0	0	0	0	0.017114757	9.848572	0.15448223	365.95224	0	0	0	0	0	0	0	0	0	0	0	0	0	0	0	0	0	0	0	0	0	0	0	0	0	0	0	0	0	0	0	0	0	0	0	0	0	0	0	0	0	0	0	0	0	0	0	0	0	0	0	0	0	0	0	0	0	0	0	0	0	0	0	0	0	0	0	0	0	0	0	0	0	0	0	0	0	0	0	0	0	0	0	0	0	0	0	0	0	0	0	0	0	0	0	0	0	0	0	0	0	0	0	0	0	0	0	0	0	0	0	0	0	0	0	0	0	0	0	0	0	0	0	0	0.031851415	67.54029	0.31697822	705.5899	0	0	0	0
8_S34_bin.5	0	0	0	0	0	0	0	0	0.023157708	51.091606	0.2606831	582.66516	0	0	0	0	NaN	0	0	0	0	0	0	0	0	0	0	0	0	0	0	0	0	0	0	0	0	0	0	0	0	0	0	0	0	0	0	0	0.005953845	3.821094	0.06637909	157.24512	0	0	0	0	0	0	0	0	0.102333695	343.8443	0.95928985	1950.2112	0	0	0	0	0.0988913	735.6576	0.78867763	1603.2119	0	0	0	0	0	0	0	0	0	0	0	0	0	0	0	0	0	0	0	0	0	0	0	0	0	0	0	0	0	0	0	0	0	0	0	0	0.08999538	1.9259623	0.93138397	2175.0544	0	0	0	0	0	0	0	0	0	0	0	0	0	0	0	0	0	0	0	0	0	0	0	0	0	0	0	0	0	0	0	0	0	0	0	0	0.040164743	36.63209	0.58322275	1377.0458	0	0	0	0	0.39836055	2.7568135	8.05533	16517.98	0	0	0	0	0.30936614	1860.6047	19.982943	30731.732	0	0	0	0	1.1654061	772.8651	15.417705	33023.715	0.01646829	25.209627	0.19605047	436.406	0	0	0	0
SRR10489834bin.1	0	0	0	0	0	0	0	0	0.056985542	180.26505	0.57916594	1294.5212	0.0632068	37.436672	0.8980623	2003.6118	NaN	0	0	0	0	0	0	0	0	0	0	0	0	0	0	0	0	0	0	0	0	0	0	0	0.012658907	55.507053	0.12485738	296.64838	0	0	0	0	0.009263809	21.854471	0.09455954	224.00163	0	0	0	0	0.031813253	34.92673	0.44847226	724.7956	0	0	0	0	0	0	0	0	0	0	0	0	0	0	0	0	0	0	0	0	0	0	0	0	0	0	0	0	0	0	0	0	0	0	0	0	0	0	0	0	0	0	0	0	0	0	0	0	0	0	0	0	0	0	0	0	0	0	0	0	0	0	0	0	0	0	0	0	0	0	0	0	0	0	0	0	0	0	0	0	0	0	0	0	0	0	0	0	0	0	0	0	0	0	0	0	0	0	0	0	0	0	0	0	0	0	0	0	0	0	0	0	0	0	0	0	0.045927163	119.256775	0.47168007	1049.9541	0	0	0	0
SRR10489814bin.8	0	0	0	0	0	0	0	0	0.3160909	8563.905	3.2121317	7179.5903	0.15825538	147.52252	2.3234227	5183.646	NaN	0	0	0	0	0	0	0	0	0	0	0	0	0	0	0	0.34432277	1445.689	3.3592489	8018.69	0	0	0	0	0.37885448	21989.637	3.4166086	8117.5146	0.19892168	14.382229	1.5467843	4507.379	0.315344	6470.4023	2.9774241	7053.2046	0.20121191	21.17349	1.4670494	4222.415	0.105870456	1483.9678	1.6620747	2686.1501	0	0	0	0	0	0	0	0	0	0	0	0	0	0	0	0	0.043141045	30.703434	0.80827534	1697.0775	0	0	0	0	0.040777467	1.9434701	0.3907097	787.4442	0.17735346	542.91656	2.6169174	4914.946	0.23318961	3.4651144	2.4750192	5536.982	0	0	0	0	0	0	0	0	0	0	0	0	0.124412715	7.5056567	1.2448881	2907.1782	0.17174828	351.8266	2.4602518	4510.9478	0.1907242	291.44907	1.8558904	4718.438	0.32068866	1.5265594	12.247895	22889.998	0	0	0	0	0.35818082	1167.807	8.660096	17621.086	0.5837158	3.689585	17.308683	37853.535	0.34544975	218.12355	6.1534977	13562.011	0.51539785	807.12134	9.350166	20622.59	0	0	0	0	0.53048056	950.00867	7.3602486	17378.264	0.16855443	1010.81323	6.662908	11795.662	0.27473837	2.2750058	5.6335225	11551.903	0.22861198	4113.9526	5.9092793	11368.632	0	0	0	0	0.27671325	7.661506	5.4119844	11715.889	0.32813445	394.31335	4.5136237	9667.887	0.39597654	6417.7495	4.01395	8935.004	0.35717493	7.5786643	3.730081	8855.142
SRR1586269rbin.24	0	0	0	0	0	0	0	0	0.014008552	408.5718	0	0	0	0	0	0	NaN	0	0	0	0	0	0	0	0	0	0	0	0	0	0	0	0	0	0	0	0	0	0	0	0	0	0	0	0	0	0	0	0	0	0	0	0	0	0	0	0	0	0	0	0	0	0	0	0	0	0	0	0	0	0	0	0	0	0	0	0	0	0	0	0	0	0	0	0	0	0	0	0	0	0	0	0	0	0	0	0	0	0	0	0	0	0	0	0	0	0	0	0	0	0	0	0	0	0	0	0	0	0	0	0	0	0	0	0	0	0	0	0	0	0	0	0	0	0	0	0	0	0	0	0	0	0	0	0	0	0	0	0.031413257	46.46977	0.48485526	1144.7902	0	0	0	0	0	0	0	0	0	0	0	0	0	0	0	0	0	0	0	0	0	0	0	0	0	0	0	0	0	0	0	0
SRR10489826bin.15	0	0	0	0	0	0	0	0	0.107831135	318.28372	1.0764768	2406.0842	0	0	0	0	NaN	0	0	0	0	0	0	0	0	0	0	0	0	0	0	0	0.24561927	115.65765	2.2559433	5385.0444	0	0	0	0	0.32200956	1479.8568	2.7343316	6496.4927	0.113025375	1.219993	0.83181506	2423.9358	0.25226644	441.7312	2.2382584	5302.1997	0.13178581	1.9335843	0.9033837	2600.0906	2.919581	6789.498	36.450066	58908.527	1.4020016	1085.7438	11.551567	23484.027	3.7598972	37987.023	69.96566	125462.63	0.1895457	122.30567	1.3434534	2730.95	4.936612	15539.674	96.87364	168659.19	3.985555	3884.4097	63.095467	132477.02	0	0	0	0	1.1774522	43.08361	9.665092	19479.22	1.6215184	4922.386	21.864807	41065.246	1.7624515	14.360657	17.24947	38589.6	1.5877532	7905.0254	31.428677	53659.05	0	0	0	0	2.1867042	2.5337586	57.130516	90405.54	0.61230016	14.085407	5.6142206	13110.848	2.8485289	6523.6567	38.25194	70136.12	1.0417683	929.201	9.312314	23675.744	0	0	0	0	0	0	0	0	0	0	0	0	0	0	0	0	0.022700062	8.674514	0.4369811	963.0851	0.051140405	57.70585	0.95305204	2102.038	0	0	0	0	0	0	0	0	0	0	0	0	0	0	0	0	0	0	0	0	0	0	0	0	0	0	0	0	0	0	0	0	0.13342907	315.39575	1.3274745	2954.9429	0.09742082	0.8361254	0.99199593	2354.9795
SRR7026564rbin.3	0	0	0	0	0	0	0	0	0	0	0	0	0	0	0	0	NaN	0	0	0	0	0	0	0	0	0	0	0	0	0	0	0	0	0	0	0	0	0	0	0	0	0	0	0	0	0	0	0	0	0	0	0	0	0	0	0	0	0	0	0	0	0	0	0	0	0	0	0	0	0	0	0	0	0	0	0	0	0	0	0	0	0	0	0	0	0	0	0	0	0	0	0	0	0	0	0	0	0	0	0	0	0	0	0	0	0	0	0	0	0	0	0	0	0	0	0	0	0	0	0	0	0	0	0	0	0	0	0	0	0	0	0	0	0	0	0	0	0	0	0	0	0	0	0	0	0	0	0	0.02635904	22.941431	0.3871831	914.17676	0	0	0	0	0	0	0	0	0	0	0	0	0	0	0	0	0	0	0	0	0.017037962	10.306926	0.24974164	534.93024	0	0	0	0	0	0	0	0
GCA_003169785.1_20110800_P1D_genomic	0	0	0	0	0	0	0	0	0	0	0	0	0	0	0	0	NaN	0	0	0	0	0	0	0	0	0	0	0	0	0	0	0	0	0	0	0	0	0	0	0	0	0	0	0	0	0	0	0	0	0	0	0	0	0	0	0	0	0	0	0	0	0	0	0	0	0	0	0	0	0	0	0	0	0	0	0	0	0	0	0	0	0	0	0	0	0	0	0	0	0	0	0	0	0	0	0	0	0	0	0	0	0	0	0	0	0	0	0	0	0	0	0	0	0	0	0	0	0	0	0	0	0	0	0	0	0	0	0	0.1218655	401.57138	3.14274	6394.6733	0.08196816	0.48229453	2.6032457	5693.2163	0.07838138	72.30964	1.5201159	3350.2607	0.06422767	85.90938	1.2680275	2796.7434	0	0	0	0	0.08876145	169.07635	1.327891	3135.279	0	0	0	0	0.09415104	1.380384	2.1039329	4314.25	0.08078778	1963.5295	2.2517097	4331.976	0	0	0	0	0.1003631	6.564768	2.1250453	4600.3066	0.08110204	196.2251	1.2088042	2589.1797	0	0	0	0	0	0	0	0
SRR10489821bin.5	0	0	0	0	0	0	0	0	0.02487585	72.05125	0.2786418	622.8056	0	0	0	0	NaN	0	0	0	0	0	0	0	0	0	0	0	0	0	0	0	0	0	0	0	0	0	0	0	0	0	0	0	0	0	0	0	0.014399041	15.620174	0.14996907	355.26096	0	0	0	0	0	0	0	0	0	0	0	0	0	0	0	0	0	0	0	0	0	0	0	0	0	0	0	0	0	0	0	0	0	0	0	0	0	0	0	0	0	0	0	0	0	0	0	0	0	0	0	0	0	0	0	0	0	0	0	0	0	0	0	0	0	0	0	0	0	0	0	0	0	0	0	0	0	0	0	0	0	0	0	0	0	0	0	0	0	0	0	0	0	0	0	0	0	0	0	0	0	0	0	0	0	0	0	0	0	0	0	0	0	0	0	0	0	0	0	0	0	0	0	0	0.014896058	22.743385	0.16731149	372.43335	0	0	0	0
SRR10489815bin.38	0	0	0	0	0	0	0	0	0.026813373	315.4553	0.30375674	678.94135	0	0	0	0	NaN	0	0	0	0	0	0	0	0	0	0	0	0	0	0	0	0	0	0	0	0	0	0	0	0	0	0	0	0	0	0	0	0	0	0	0	0	0	0	0	0	0	0	0	0	0	0	0	0	0	0	0	0	0	0	0	0	0	0	0	0	0	0	0	0	0	0	0	0	0	0	0	0	0	0	0	0	0	0	0	0	0	0	0	0	0	0	0	0	0	0	0	0	0	0	0	0	0	0	0	0	0	0	0	0	0	0	0	0	0	0	0	0	0	0	0	0	0	0	0	0.054583866	47.10623	1.1586134	2553.527	0	0	0	0	0	0	0	0	0.042156316	66.44756	0.7276687	1718.0961	0	0	0	0	0	0	0	0	0.069093436	1478.545	2.1035547	4046.9478	0	0	0	0	0.049544163	2.2596722	1.1741399	2541.7822	0.040144496	53.713806	0.65641165	1405.9905	0.027635824	206.17267	0.31359026	698.0482	0	0	0	0
GCA_003153415.1_20120700_P3D_genomic	0	0	0	0	0	0	0	0	0	0	0	0	0	0	0	0	NaN	0	0	0	0	0	0	0	0	0	0	0	0	0	0	0	0	0	0	0	0	0	0	0	0	0	0	0	0	0	0	0	0	0	0	0	0	0	0	0	0	0	0	0	0	0	0	0	0	0	0	0	0	0	0	0	0	0	0	0	0	0	0	0	0	0	0	0	0	0	0	0	0	0	0	0	0	0	0	0	0	0	0	0	0	0	0	0	0	0	0	0	0	0	0	0	0	0	0	0	0	0	0	0	0	0	0	0	0	0	0	0	0	0	0	0	0	0	0	0	0	0	0	0	0	0	0	0	0	0	0	0	0	0	0	0	0	0	0	0	0	0	0	0	0	0	0	0	0	0	0	0	0	0	0	0	0	0	0	0	0	0	0	0	0	0	0	0
SRR10489826bin.10	0	0	0	0	0	0	0	0	0.028941834	54.349667	0.3033983	678.13995	0	0	0	0	NaN	0	0	0	0	0	0	0	0	0	0	0	0	0	0	0	0.032419197	13.40666	0.3139938	749.5184	0	0	0	0	0.03478206	95.42678	0.30781934	731.34735	0	0	0	0	0.029711436	39.59508	0.27701944	656.23016	0	0	0	0	0.0695558	68.63731	0.9189739	1485.194	0	0	0	0	0	0	0	0	0	0	0	0	0	0	0	0	0.02208462	5.768002	0.38777763	814.18866	0	0	0	0	0	0	0	0	0	0	0	0	0.13767986	0.579248	1.3871623	3103.286	0	0	0	0	0	0	0	0	0	0	0	0	0.028691767	0.3885578	0.28301564	660.9243	0.09964538	122.9155	1.4081358	2581.8613	0.06216047	35.88349	0.5963087	1516.0626	0	0	0	0	0	0	0	0	0	0	0	0	0	0	0	0	0	0	0	0	0	0	0	0	0	0	0	0	0	0	0	0	0	0	0	0	0	0	0	0	0	0	0	0	0	0	0	0	0	0	0	0	0	0	0	0	0.02509512	42.840397	0.26293644	585.2933	0	0	0	0
SRR3989257rbin.6	0	0	0	0	0	0	0	0	0.0052050087	7.850255	0.06304924	140.92444	0	0	0	0	NaN	0	0	0	0	0	0	0	0	0	0	0	0	0	0	0	0	0	0	0	0	0	0	0	0	0	0	0	0	0	0	0	0	0	0	0	0	0	0	0	0.06924869	72.905426	0.9196522	1486.29	0	0	0	0	0	0	0	0	0	0	0	0	0	0	0	0	0	0	0	0	0	0	0	0	0	0	0	0	0	0	0	0	0	0	0	0	0	0	0	0	0	0	0	0	0	0	0	0	0	0	0	0	0	0	0	0	0	0	0	0	0	0	0	0	0	0	0	0	0	0	0	0	0	0	0	0	0	0	0	0	0	0	0	0	0	0	0	0	0	0	0	0	0	0	0	0	0	0	0	0	0	0	0	0	0	0	0	0	0	0	0	0	0	0	0	0	0	0	0	0	0	0	0	0
11p_S11_bin.86	0	0	0	0	0	0	0	0	0.7732662	870.44934	7.4341354	16616.396	0.6993825	446.5129	9.676543	21588.744	NaN	0	0	0	0	0	0	0	0	0	0	0	0	0	0	0	0.04879447	15.637965	0.44883212	1071.3837	0	0	0	0	0.03699783	56.90048	0.31741583	754.1477	0.13393009	1.227837	0.9573072	2789.623	0.04792865	20.926668	0.42197055	999.60425	0.14226303	1.5931582	0.9582092	2757.887	0	0	0	0	0	0	0	0	0	0	0	0	0	0	0	0	0	0	0	0	0	0	0	0	0	0	0	0	0.024157375	0.43932834	0.20076726	404.6303	0	0	0	0	0	0	0	0	0	0	0	0	0	0	0	0	0	0	0	0	0	0	0	0	0	0	0	0	0	0	0	0	0	0	0	0	0	0	0	0	0	0	0	0	0	0	0	0	0	0	0	0	0.2583838	291.9375	4.5804605	10102.595	0	0	0	0	0	0	0	0	0	0	0	0	0	0	0	0	0	0	0	0	0	0	0	0	0	0	0	0	0.037274934	25.772503	0.51254463	1097.8369	0.41135904	518.8253	3.9697626	8836.645	0.29335663	2.2569122	2.9167533	6924.3174
23_S49_bin.11	0	0	0	0	0	0	0	0	0.011693426	35.58309	0.13885559	310.36288	0	0	0	0	NaN	0	0	0	0	0	0	0	0	0	0	0	0	0	0	0	0	0	0	0	0	0	0	0	0	0	0	0	0	0	0	0	0	0	0	0	0	0	0	0	0	0	0	0	0	0	0	0	0	0	0	0	0	0	0	0	0	0	0	0	0	0	0	0	0	0	0	0	0	0	0	0	0	0	0	0	1.1170384	5.974332	10.877455	24334.46	0	0	0	0	1.6493372	0.58330864	29.600903	80501.34	0	0	0	0	1.7007132	21.180721	15.11772	35304.3	0	0	0	0	3.077959	2371.9082	27.293447	69391.21	0	0	0	0	0	0	0	0	0	0	0	0	0	0	0	0	0	0	0	0	0	0	0	0	0	0	0	0	0	0	0	0	0	0	0	0	0	0	0	0	0	0	0	0	0	0	0	0	0	0	0	0	0	0	0	0	0	0	0	0	0	0	0	0
S22rbin.5	0	0	0	0	0	0	0	0	0.02472408	615.8786	0.28247115	631.3648	0	0	0	0	NaN	0	0	0	0	0	0	0	0	0	0	0	0	0	0	0	0	0	0	0	0	0	0	0	0.018623099	238.03293	0.18141554	431.02484	0	0	0	0	0.023133257	195.27933	0.23827592	564.4506	0	0	0	0	0	0	0	0	0	0	0	0	0	0	0	0	0	0	0	0	0	0	0	0	0	0	0	0	0	0	0	0	0	0	0	0	0	0	0	0	0	0	0	0	0	0	0	0	0	0	0	0	0	0	0	0	0	0	0	0	0	0	0	0	0	0	0	0	0	0	0	0	0	0	0	0	0	0	0	0	0	0	0	0	0	0	0	0	0	0	0	0	0	0	0	0	0	0	0	0	0	0	0	0	0	0	0	0	0	0	0	0	0	0	0	0	0	0	0	0	0	0	0	0	0	0	0	0	0	0	0	0
183_merged	0	0	0	0	0	0	0	0	0.014929325	8606.918	0.25701663	574.47046	0	0	0	0	NaN	0	0	0	0	0	0	0	0	0	0	0	0	0	0	0	0	0	0	0	0	0	0	0	0	0	0	0	0	0	0	0	0	0	0	0	0	0	0	0	0	0	0	0	0	0	0	0	0	0	0	0	0	0	0	0	0	0	0	0	0	0	0	0	1.5725936	12287.144	247.92392	342112.44	0	0	0	0	0	0	0	0	0	0	0	0	0	0	0	0	0	0	0	0	0	0	0	0	0	0	0	0	0	0	0	0	0	0	0	0	1.2512319	7.5388703	47.62835	89012.266	0.88870776	1.2602677	80.98172	128821.18	1.3519064	5478.6084	32.474525	66077.39	0.8807447	7.4876566	26.075163	57025.53	1.5124799	1651.2205	26.57994	58580.902	0.8358947	1656.5223	14.959702	32994.9	0	0	0	0	0.864301	2935.9436	11.911988	28125.363	0.2001287	1833.3097	8.035448	14225.53	0.29375002	11.687481	6.235815	12786.943	0.35147536	14476.185	9.285824	17864.64	0.22113423	1405.538	14.727125	22648.82	0.66233486	218.58598	13.186417	28546.008	0.28291196	1462.8444	3.954279	8469.804	0	0	0	0	0	0	0	0
SRR10489815bin.3	0	0	0	0	0	0	0	0	0.42666817	945.9278	4.1627436	9304.346	0.218249	143.56718	3.0429175	6788.867	NaN	0	0	0	0	0	0	0	0	0	0	0	0	0	0	0	0.23125012	73.0398	2.1246555	5071.655	0	0	0	0	0.13651176	197.75711	1.167035	2772.7568	0.044189494	0.3901496	0.3194712	930.9493	0.15379535	67.13836	1.3608825	3223.789	0.095561214	1.1353812	0.6440651	1853.7273	0	0	0	0	0	0	0	0	0	0	0	0	0	0	0	0	0	0	0	0	0	0	0	0	0	0	0	0	0	0	0	0	0	0	0	0	0	0	0	0	0	0	0	0	0	0	0	0	0	0	0	0	0	0	0	0	0	0	0	0	0	0	0	0	0	0	0	0	0	0	0	0	0	0	0	0	0	0	0	0	0	0	0	0	0	0	0	0	0	0	0	0	0	0	0	0	0	0	0	0	0	0	0	0	0	0	0	0	0	0	0	0	0	0	0	0	0	0	0	0	0.3103276	500.74634	3.0322618	6749.781	0.08340072	0.6216724	0.8367231	1986.3651
SRR8443320rbin.2	0	0	0	0	0	0	0	0	0	0	0	0	0	0	0	0	NaN	0	0	0	0	0	0	0	0	0	0	0	0	0	0	0	0	0	0	0	0	0	0	0	0	0	0	0	0	0	0	0	0	0	0	0	0	0	0	0	0	0	0	0	0	0	0	0	0	0	0	0	0	0	0	0	0	0	0	0	0	0	0	0	0	0	0	0	0	0	0	0	0	0	0	0	0	0	0	0	0	0	0	0	0	0	0	0	0	0	0	0	0	0	0	0	0	0	0	0	0	0	0	0	0	0	0	0	0	0	0	0	0	0	0	0	0	0	0	0	0	0	0	0	0	0	0	0	0	0	0	0	0	0	0	0	0	0	0	0	0	0	0	0	0	0	0	0	0	0	0	0	0	0	0	0	0	0	0	0	0	0	0	0	0	0	0	0
16_S42_bin.6	0	0	0	0	0	0	0	0	0	0	0	0	1.1788107	764.6836	16.205538	36155.188	NaN	0	0	0	0	0	0	0	0	0	0	0	5.803955	3266.8875	104.7717	303110.4	0	0	0	0	6.001649	10595.15	52.897858	151366.39	0	0	0	0	2.4206638	63.888733	17.15249	49982.906	0	0	0	0	3.674936	89.467674	24.406403	70245.71	0	0	0	0	0	0	0	0	0	0	0	0	0	0	0	0	0	0	0	0	0	0	0	0	0	0	0	0	0	0	0	0	0	0	0	0	0	0	0	0	0	0	0	0	0	0	0	0	0	0	0	0	0.16010213	2.2367005	1.5028391	3509.57	0	0	0	0	0.056996893	33.089752	0.53382957	1357.2153	0	0	0	0	0	0	0	0	0	0	0	0	0	0	0	0	0	0	0	0	0	0	0	0	0	0	0	0	0	0	0	0	0	0	0	0	0	0	0	0	0	0	0	0	0	0	0	0	0	0	0	0	0.18103607	128.56349	2.413715	5170.0176	0	0	0	0	1.546156	27.502487	15.249234	36201.387
GCA_003133245.1_20120500_P28_genomic	0	0	0	0	0	0	0	0	0.058902204	140.57518	0.6298134	1407.726	0	0	0	0	NaN	0	0	0	0	0	0	0	0	0	0	0	0	0	0	0	0.033991	13.639807	0.34836233	831.55774	0	0	0	0	0.02032623	51.759544	0.18939117	449.9742	0	0	0	0	0.020469923	17.767591	0.20371006	482.56772	0	0	0	0	0	0	0	0	0	0	0	0	0	0	0	0	0	0	0	0	0	0	0	0	0	0	0	0	0	0	0	0	0	0	0	0	0	0	0	0	0	0	0	0	0	0	0	0	0	0	0	0	0	0	0	0	0	0	0	0	0	0	0	0	0	0	0	0	0	0	0	0	0	0	0	0	0	0	0	0	0	0	0	0	0	0	0	0	0	0	0	0	0	0	0	0	0	0	0	0	0	0	0	0	0	0	0	0	0	0	0	0	0	0	0	0	0	0	0	0	0	0	0	0	0.08177199	160.74849	0.8535956	1900.0939	0	0	0	0
SRR1586269rbin.19	0	0	0	0	0	0	0	0	0	0	0	0	0	0	0	0	NaN	0	0	0	0	0	0	0	0	0	0	0	0	0	0	0	0	0	0	0	0	0	0	0	0	0	0	0	0	0	0	0	0	0	0	0	0	0	0	0	0	0	0	0	0	0	0	0	0	0	0	0	0	0	0	0	0	0	0	0	0	0	0	0	0	0	0	0	0	0	0	0	0	0	0	0	0	0	0	0	0	0	0	0	0	0	0	0	0	0	0	0	0	0	0	0	0	0	0	0	0	0	0	0	0	0	0	0	0	0	0	0	0.085244216	264.03503	2.1522543	4379.288	0	0	0	0	0.041013215	29.734324	0.7791006	1717.1001	0.08408723	107.64648	1.57078	3464.4888	0	0	0	0	0.17882797	256.20825	2.5436525	6005.81	0	0	0	0	0	0	0	0	0	0	0	0	0	0	0	0	0.115991846	3.2026129	2.3378217	5060.9263	0.05601494	50.498344	0.79668397	1706.4442	0	0	0	0	0	0	0	0
SRR5664280rbin.9	0	0	0	0	0	0	0	0	0.009455126	216.59904	0.10385936	232.14114	0	0	0	0	NaN	0	0	0	0	0	0	0	0	0	0	0	0	0	0	0	0	0	0	0	0	0	0	0	0	0	0	0	0	0	0	0	0	0	0	0	0	0	0	0	0	0	0	0	0	0	0	0	0	0	0	0	0	0	0	0	0	0	0	0	0	0	0	0	0	0	0	0	0	0	0	0	0	0	0	0	0	0	0	0	0	0	0	0	0	0	0	0	0	0	0	0	0	0	0	0	0	0	0	0	0	0	0	0	0	0	0	0	0	0	0	0	0	0	0	0	0	0	0	0	0	0	0	0	0	0	0	0	0	0	0	0	0	0	0	0	0	0	0	0	0	0	0	0	0	0	0	0	0	0	0	0	0	0	0	0	0	0	0	0	0	0	0	0	0	0	0	0
SRR12349250bin.11	0	0	0	0	0	0	0	0	0	0	0	0	0	0	0	0	NaN	0	0	0	0	0	0	0	0	0	0	0	0	0	0	0	0	0	0	0	0	0	0	0	0	0	0	0	0	0	0	0	0	0	0	0	0	0	0	0	0	0	0	0	0	0	0	0	0	0	0	0	0	0	0	0	0	0	0	0	0	0	0	0	0	0	0	0	0	0	0	0	0	0	0	0	0	0	0	0	0	0	0	0	0	0	0	0	0	0	0	0	0	0	0	0	0	0	0	0	0	0	0	0	0	0	0	0	0	0	0	0	0	0	0	0	0	0	0	0	0	0	0	0	0	0	0	0	0	0	0	0	0	0	0	0	0	0	0	0	0	0	0	0	0	0	0	0	0	0	0	0	0	0	0	0	0	0	0	0	0	0	0	0	0	0	0	0
SRR3985420rbin.3	0	0	0	0	0	0	0	0	0.01780972	70.621765	0.18687107	417.68433	0	0	0	0	NaN	0	0	0	0	0	0	0	0	0	0	0	0	0	0	0	0	0	0	0	0	0	0	0	0.008231339	33.952522	0.078177564	185.74196	0	0	0	0	0	0	0	0	0	0	0	0	0	0	0	0	0	0	0	0	0	0	0	0	0	0	0	0	0	0	0	0	0	0	0	0	0	0	0	0	0	0	0	0	0	0	0	0	0	0	0	0	0	0	0	0	0	0	0	0	0	0	0	0	0.02417338	0.26118067	0.2267513	529.53064	0	0	0	0	0	0	0	0	0	0	0	0	0	0	0	0	0	0	0	0	0	0	0	0	0	0	0	0	0	0	0	0	0	0	0	0	0	0	0	0	0	0	0	0	0	0	0	0	0	0	0	0	0	0	0	0	0	0	0	0	0	0	0	0	0.017195912	44.92863	0.17988896	400.43088	0	0	0	0
SRR3989239rbin.8	0	0	0	0	0	0	0	0	0	0	0	0	0	0	0	0	NaN	0	0	0	0	0	0	0	0	0	0	0	0	0	0	0	0	0	0	0	0	0	0	0	0	0	0	0	0	0	0	0	0	0	0	0	0	0	0	0	0.08046359	162.39943	1.0801486	1745.6749	0	0	0	0	0	0	0	0	0	0	0	0	0	0	0	0	0	0	0	0	0	0	0	0	0	0	0	0	0	0	0	0	0	0	0	0	0	0	0	0	0	0	0	0	0	0	0	0	0	0	0	0	0	0	0	0	0	0	0	0	0	0	0	0	0	0	0	0	0	0	0	0	0	0	0	0	0	0	0	0	0	0	0	0	0	0	0	0	0	0	0	0	0	0	0	0	0	0	0	0	0	0	0	0	0	0	0	0	0	0	0	0	0	0	0	0	0	0	0	0	0	0	0	0
18_S44_bin.9	0	0	0	0	0	0	0	0	0	0	0	0	0	0	0	0	NaN	0	0	0	0	0	0	0	0	0	0	0	0	0	0	0	0	0	0	0	0	0	0	0	0	0	0	0	0	0	0	0	0.012404038	9.18811	0.13600555	322.18295	0	0	0	0	0	0	0	0	0.8852171	434.07596	7.398662	15041.283	0	0	0	0	2.8787048	2274.7495	20.019514	40695.355	0	0	0	0	0	0	0	0	0	0	0	0	0.049152154	1.2386194	0.41702962	840.48975	0	0	0	0	0.10446216	0.5198674	1.0494674	2347.8125	0	0	0	0	0	0	0	0	0	0	0	0	0.13685217	1.196996	1.2720217	2970.5437	0	0	0	0	0.18269995	120.4079	1.680637	4272.874	0	0	0	0	0	0	0	0	0	0	0	0	0	0	0	0	0	0	0	0	0	0	0	0	0	0	0	0	0	0	0	0	0	0	0	0	0	0	0	0	0	0	0	0	0	0	0	0	0	0	0	0	0	0	0	0	0	0	0	0	0	0	0	0
SRR3984962rbin.22	0	0	0	0	0	0	0	0	0.05466743	1204.39	0.57452047	1284.1385	0	0	0	0	NaN	0	0	0	0	0	0	0	0	0	0	0	0	0	0	0	0	0	0	0	0	0	0	0	0	0	0	0	0	0	0	0	0	0	0	0	0	0	0	0	0	0	0	0	0	0	0	0	0	0	0	0	0	0	0	0	0	0	0	0	0	0	0	0	0	0	0	0	0	0	0	0	0	0	0	0	0	0	0	0	0	0	0	0	0	0	0	0	0	0	0	0	0	0	0	0	0	0	0	0	0	0	0	0	0	0	0	0	0	0	0	0	0	0	0	0	0	0	0	0	0	0	0	0	0	0	0	0	0	0	0	0	0	0	0	0	0	0	0	0	0	0	0	0	0	0	0	0	0	0	0	0	0	0	0	0	0	0	0	0	0	0	0	0	0	0	0	0
SRR1586325rbin.6	0	0	0	0	0	0	0	0	0	0	0	0	0	0	0	0	NaN	0	0	0	0	0	0	0	0	0	0	0	0	0	0	0	0	0	0	0	0	0	0	0	0	0	0	0	0	0	0	0	0	0	0	0	0	0	0	0	0.07871843	133.49677	1.1257589	1819.3881	0	0	0	0	0	0	0	0	0	0	0	0	0	0	0	0	0	0	0	0	0	0	0	0	0	0	0	0	0	0	0	0	0	0	0	0	0	0	0	0	0	0	0	0	0	0	0	0	0	0	0	0	0	0	0	0	0	0	0	0	0	0	0	0	0	0	0	0	0	0	0	0	0	0	0	0	0	0	0	0	0	0	0	0	0	0	0	0	0	0	0	0	0	0	0	0	0	0	0	0	0	0	0	0	0	0	0	0	0	0	0	0	0	0	0	0	0	0	0	0	0	0	0	0
SRR1586269rbin.20	0	0	0	0	0	0	0	0	0	0	0	0	0	0	0	0	NaN	0	0	0	0	0	0	0	0	0	0	0	0	0	0	0	0	0	0	0	0	0	0	0	0	0	0	0	0	0	0	0	0	0	0	0	0	0	0	0	0	0	0	0	0	0	0	0	0	0	0	0	0	0	0	0	0	0	0	0	0	0	0	0	0	0	0	0	0	0	0	0	0	0	0	0	0	0	0	0	0	0	0	0	0	0	0	0	0	0	0	0	0	0	0	0	0	0	0	0	0	0	0	0	0	0	0	0	0	0	0	0	0	0	0	0	0	0	0	0	0	0	0	0	0	0	0	0	0	0	0	0	0.07196527	238.75075	1.0901686	2573.994	0	0	0	0	0	0	0	0	0	0	0	0	0	0	0	0	0	0	0	0	0	0	0	0	0	0	0	0	0	0	0	0
GCA_003137035.1_20111000_E3D_genomic	0	0	0	0	0	0	0	0	0	0	0	0	0	0	0	0	NaN	0	0	0	0	0	0	0	0	0	0	0	0	0	0	0	0	0	0	0	0	0	0	0	0	0	0	0	0	0	0	0	0	0	0	0	0	0	0	0	0	0	0	0	0	0	0	0	0	0	0	0	0	0	0	0	0	0	0	0	0	0	0	0	0	0	0	0	0	0	0	0	0	0	0	0	0	0	0	0	0	0	0	0	0	0	0	0	0	0	0	0	0	0	0	0	0	0	0	0	0	0	0	0	0	0	0	0	0	0	0	0	0	0	0	0	0	0	0	0	0	0	0	0	0	0	0	0	0	0	0	0	0	0	0	0	0	0	0	0	0	0	0	0	0	0	0	0	0	0	0	0	0	0	0	0	0	0	0	0	0	0	0	0	0	0	0	0
11p_S11_bin.76	0	0	0	0	0	0	0	0	0.18685456	163.18909	1.8053945	4035.3242	0.07319235	49.129433	1.0868345	2424.7693	NaN	0	0	0	0	0	0	0	0	0	0	0	0	0	0	0	0	0	0	0	0	0	0	0	0.0071991547	7.597796	0.06912975	164.24532	0	0	0	0	0.03729583	14.540277	0.35055128	830.4193	0	0	0	0	0	0	0	0	0	0	0	0	0	0	0	0	0	0	0	0	0	0	0	0	0	0	0	0	0	0	0	0	0	0	0	0	0	0	0	0	0	0	0	0	0	0	0	0	0	0	0	0	0	0	0	0	0.047536623	0.48338175	0.437362	1021.3684	0	0	0	0	0	0	0	0	0	0	0	0	0	0	0	0	0	0	0	0	0	0	0	0	0	0	0	0	0	0	0	0	0	0	0	0	0	0	0	0	0	0	0	0	0	0	0	0	0	0	0	0	0	0	0	0	0	0	0	0	0	0	0	0	0.119660184	135.40572	1.1837151	2634.9365	0	0	0	0
SRR3989258rbin.20	0	0	0	0	0	0	0	0	0.014233244	656.6937	0.15640275	349.58325	0	0	0	0	NaN	0	0	0	0	0	0	0	0	0	0	0	0	0	0	0	0	0	0	0	0	0	0	0	0	0	0	0	0	0	0	0	0.018621571	492.90997	0.19273426	456.56732	0	0	0	0	0.061000507	572.45746	0.82847077	1338.9271	0	0	0	0	0	0	0	0	0	0	0	0	0	0	0	0	0.09544373	261.7299	1.6508802	3466.2354	0	0	0	0	0.03834655	21.712309	0.35753965	720.5927	0	0	0	0	0	0	0	0	0	0	0	0	0	0	0	0	0	0	0	0	0	0	0	0	0	0	0	0	0	0	0	0	0	0	0	0	0	0	0	0	0	0	0	0	0	0	0	0	0	0	0	0	0	0	0	0	0	0	0	0	0	0	0	0	0	0	0	0	0	0	0	0	0	0	0	0	0	0	0	0	0	0	0	0	0	0	0	0	0	0	0	0	0	0	0	0
GCA_003136395.1_20111000_P1D_genomic	0	0	0	0	0	0	0	0	0.014519503	79.09199	0.16630647	371.71973	0	0	0	0	NaN	0	0	0	0	0	0	0	0	0	0	0	0	0	0	0	0	0	0	0	0	0	0	0	0	0	0	0	0.04626184	0.7309372	0.38346943	1117.4423	0.0075958883	26.651852	0.078613795	186.22795	0.03894728	0.77063626	0.30433935	875.9398	0	0	0	0	0	0	0	0	0	0	0	0	0	0	0	0	0	0	0	0	0	0	0	0	0	0	0	0	0	0	0	0	0	0	0	0	0	0	0	0	0	0	0	0	0	0	0	0	0	0	0	0	0	0	0	0	0	0	0	0	0	0	0	0	0	0	0	0	0	0	0	0	0	0	0	0	0	0	0	0	0	0	0	0	0	0	0	0	0	0	0	0	0.01573876	12.408383	0.2571157	607.0752	0	0	0	0	0	0	0	0	0	0	0	0	0	0	0	0	0	0	0	0	0	0	0	0	0.014911668	35.62795	0.1689952	376.1815	0	0	0	0
SRR10159350bin.16	0	0	0	0	0	0	0	0	0	0	0	0	0	0	0	0	NaN	0	0	0	0	0	0	0	0	0	0	0	0	0	0	0	0	0	0	0	0	0	0	0	0	0	0	0	0	0	0	0	0	0	0	0	0	0	0	0	0	0	0	0	0	0	0	0	0	0	0	0	0	0	0	0	0	0	0	0	0	0	0	0	0	0	0	0	0	0	0	0	0	0	0	0	0	0	0	0	0	0	0	0	0	0	0	0	0	0	0	0	0	0	0	0	0	0	0	0	0	0	0	0	0	0	0	0	0	0	0	0	0.055788763	144.95625	1.5273663	3107.8008	0	0	0	0	0.06828407	33.30719	1.3529531	2981.8416	0	0	0	0	0	0	0	0	0.07689441	81.632195	1.1786216	2782.8394	0.14482726	756.3954	5.837907	10335.12	0.1690805	1.4629474	3.6124294	7407.52	0.15847017	2667.4204	4.292975	8259.088	0	0	0	0	0.138295	4.167854	2.8719685	6217.2495	0.112361476	104.747284	1.6181765	3466.027	0	0	0	0	0	0	0	0
SRR11719874bin.1	0	0	0	0	0	0	0	0	0	0	0	0	0	0	0	0	NaN	0	0	0	0	0	0	0	0	0	0	0	0	0	0	0	0	0	0	0	0	0	0	0	0	0	0	0	0	0	0	0	0.01492271	5.5925193	0.13460672	318.86914	0	0	0	0	0	0	0	0	0	0	0	0	0	0	0	0	0	0	0	0	0	0	0	0	0	0	0	0	0	0	0	0	0	0	0	0	0	0	0	0	0	0	0	0	0	0	0	0	0	0	0	0	0	0	0	0	0	0	0	0	0	0	0	0	0	0	0	0	0	0	0	0	0	0	0	0	0	0	0	0	0	0	0	0	0	0	0	0	0	0	0	0	0	0	0	0	0	0	0	0	0	0	0	0	0	0	0	0	0	0	0	0	0	0	0	0	0	0	0	0	0	0	0	0	0	0	0	0	0	0	0	0
SRR3989254rbin.36	0	0	0	0	0	0	0	0	0.02330768	120.12389	0.27397162	612.3671	0	0	0	0	NaN	0	0	0	0	0	0	0	0	0	0	0	0	0	0	0	0	0	0	0	0	0	0	0	0.01971241	116.480286	0.19274154	457.9344	0	0	0	0	0.013532885	30.68518	0.14334002	339.55746	0	0	0	0	0	0	0	0	0	0	0	0	0	0	0	0	0	0	0	0	0	0	0	0	0	0	0	0	0	0	0	0	0	0	0	0	0	0	0	0	0	0	0	0	0	0	0	0	0	0	0	0	0	0	0	0	0	0	0	0	0	0	0	0	0	0	0	0	0	0	0	0	0	0	0	0	0	0	0	0	0	0	0	0	0	0	0	0	0	0	0	0	0	0	0	0	0	0	0	0	0	0	0	0	0	0	0	0	0	0	0	0	0	0	0	0	0	0	0	0	0	0	0	0	0.028076118	89.30804	0.3248582	723.1306	0	0	0	0
149_merged	0	0	0	0	0	0	0	0	0	0	0	0	0	0	0	0	NaN	0	0	0	0	0	0	0	0	0	0	0	3.2411463	2087.4556	59.78501	172961.44	0	0	0	0	3.7813623	5917.1997	33.361423	95463.22	0	0	0	0	5.1596513	66.62043	36.49103	106336.01	0	0	0	0	7.197998	137.61154	47.876053	137795.3	0	0	0	0	0	0	0	0	0	0	0	0	0	0	0	0	0	0	0	0	0	0	0	0	0	0	0	0	0	0	0	0	0	0	0	0	0	0	0	0	0	0	0	0	0	0	0	0	0	0	0	0	0.23484768	3.4630249	2.165047	5056.0176	0	0	0	0	0.110191725	83.80725	1.0304306	2619.7798	0	0	0	0	0	0	0	0	0	0	0	0	0	0	0	0	0	0	0	0	0	0	0	0	0	0	0	0	0	0	0	0	0	0	0	0	0	0	0	0	0	0	0	0	0	0	0	0	0	0	0	0	0	0	0	0	0	0	0	0	0	0	0	0
SRR3989257rbin.45	0	0	0	0	0	0	0	0	0.21880235	363.4215	2.1350787	4772.2163	0.07523274	40.094936	1.089303	2430.2766	NaN	0	0	0	0	0	0	0	0	0	0	0	0	0	0	0	0.35387594	112.744385	3.2353816	7723.01	0	0	0	0	0.48707438	1046.5784	4.1655765	9896.983	0.22242515	2.1540594	1.6030201	4671.2515	0.36759442	320.31546	3.2451496	7687.422	0.21733008	2.8149576	1.4727979	4238.959	0.6600994	1287.0664	8.539528	13801.1045	0.08824149	85.41861	0.796259	1618.7737	0.862643	8187.6245	16.42201	29447.998	0.035599656	23.569246	0.27095136	550.78577	0.89705503	2585.9949	18.352053	31951.326	0.55822223	694.8911	9.447081	19835.352	0	0	0	0	0.16733246	7.8657994	1.4745075	2971.7522	0.7644923	1890.3657	10.391346	19516.438	0.8166513	4.640978	8.079296	18074.568	0.6496292	3011.7415	12.921723	22061.615	0	0	0	0	1.1879008	1.245952	31.275028	49490.805	0.3382551	4.868147	3.1208308	7288.053	0.91378945	1703.8187	12.531856	22977.547	0.3900374	269.79584	3.5530286	9033.265	0	0	0	0	0	0	0	0	0	0	0	0	0	0	0	0	0	0	0	0	0.05606071	65.32513	1.036182	2285.3884	0	0	0	0	0	0	0	0	0	0	0	0	0	0	0	0	0	0	0	0	0	0	0	0	0	0	0	0	0.024052205	26.237167	0.35434487	758.98364	0.25117123	374.65228	2.4469252	5446.828	0.19361494	1.4701092	1.9355786	4595.0273
SRR9656165rbin.8	0	0	0	0	0	0	0	0	0	0	0	0	0	0	0	0	NaN	0	0	0	0	0	0	0	0	0	0	0	0	0	0	0	0	0	0	0	0	0	0	0	0	0	0	0	0	0	0	0	0	0	0	0	0	0	0	0	0	0	0	0	0	0	0	0	0	0	0	0	0	0	0	0	0	0	0	0	0	0	0	0	0	0	0	0	0	0	0	0	0	0	0	0	0	0	0	0	0	0	0	0	0	0	0	0	0	0	0	0	0	0	0	0	0	0	0	0	0	0	0	0	0	0	0	0	0	0	0	0	0	0	0	0	0	0	0	0	0	0	0	0	0.048855897	63.806053	0.9777656	2156.546	0	0	0	0	0.08830871	225.18181	1.3426458	3170.1167	0	0	0	0	0	0	0	0	0	0	0	0	0	0	0	0	0	0	0	0	0.02780684	26.295692	0.42183816	903.54956	0	0	0	0	0	0	0	0
SRR10489837bin.20	0	0	0	0	0	0	0	0	0	0	0	0	0	0	0	0	NaN	0	0	0	0	0	0	0	0	0	0	0	0	0	0	0	0	0	0	0	0	0	0	0	0	0	0	0	0	0	0	0	0	0	0	0	0	0	0	0	0	0	0	0	0	0	0	0	0	0	0	0	0	0	0	0	0	0	0	0	0	0	0	0	0	0	0	0	0	0	0	0	0	0	0	0	0	0	0	0	0	0	0	0	0	0	0	0	0	0	0	0	0	0	0	0	0	0	0	0	0	0	0	0	0	0	0	0	0	0	0	0	0	0	0	0	0	0	0	0	0	0	0	0	0	0	0	0	0	0	0	0	0	0	0	0	0	0	0	0	0	0	0	0	0	0	0	0	0	0	0	0	0	0	0	0	0	0	0	0	0	0	0	0	0	0	0	0
SRR8676592rbin.4	0	0	0	0	0	0	0	0	0.00635963	7.1357865	0.07663259	171.28526	0	0	0	0	NaN	0	0	0	0	0	0	0	0	0	0	0	0	0	0	0	0	0	0	0	0	0	0	0	0	0	0	0	0	0	0	0	0	0	0	0	0	0	0	0	0	0	0	0	0	0	0	0	0	0	0	0	0	0	0	0	0	0	0	0	0	0	0	0	0	0	0	0	0	0	0	0	0	0	0	0	0	0	0	0	0	0	0	0	0	0	0	0	0	0	0	0	0	0	0	0	0	0	0	0	0	0	0	0	0	0	0	0	0	0	0	0	0	0	0	0	0	0	0	0	0	0	0	0	0	0	0	0	0	0	0	0	0	0	0	0	0	0	0	0	0	0	0	0	0	0	0	0	0	0	0	0	0	0	0	0	0	0	0	0	0	0	0	0	0	0	0	0
SRR8676592rbin.10	7.2766685	5034.6543	423.02673	1000000	13.447804	13630.958	423.0267	1000000	0	0	0	0	0	0	0	0	NaN	0	0	0	0	0	0	0	3.005328	2129.352	46.632572	107556.66	2.2631922	1456.12	43.06761	124597.04	0.19044323	52.37224	1.7217224	4109.8354	0.3212349	473.90128	2.9695547	8497.337	0	0	0	0	0	0	0	0	0	0	0	0	0	0	0	0	0	0	0	0	0	0	0	0	0	0	0	0	0	0	0	0	0	0	0	0	0	0	0	0	0	0	0	0	0	0	0	0	0	0	0	0	0	0	0	0	0	0	0	0	0	0	0	0	0	0	0	0	0	0	0	0	0	0	0	0	0.30361697	173.57655	2.6458068	6726.734	0	0	0	0	0	0	0	0	0	0	0	0	0	0	0	0	0	0	0	0	0	0	0	0	0	0	0	0	0	0	0	0	0	0	0	0	0	0	0	0	0	0	0	0	0	0	0	0	0	0	0	0	0	0	0	0	0	0	0	0	0	0	0	0
SRR1586279rbin.36	0	0	0	0	0	0	0	0	0	0	0	0	0	0	0	0	NaN	0	0	0	0	0	0	0	0	0	0	0	0	0	0	0	0	0	0	0	0	0	0	0	0	0	0	0	0	0	0	0	0	0	0	0	0	0	0	0	0	0	0	0	0	0	0	0	0	0	0	0	0	0	0	0	0	0	0	0	0	0	0	0	0	0	0	0	0	0	0	0	0	0	0	0	0	0	0	0	0	0	0	0	0	0	0	0	0	0	0	0	0	0	0	0	0	0	0	0	0	0	0	0	0	0	0	0	0	0	0	0	0	0	0	0	0	0	0	0	0	0	0	0	0	0	0	0	0	0	0	0	0	0	0	0	0	0	0	0	0	0	0	0	0	0	0	0	0	0	0	0	0	0	0	0	0	0	0	0	0	0	0	0	0	0	0	0
SRR1586321rbin.10	0	0	0	0	0	0	0	0	0.042527523	105.122314	0.44145173	986.70996	0	0	0	0	NaN	0	0	0	0	0	0	0	0	0	0	0	0	0	0	0	0.07142251	24.916885	0.66558737	1588.789	0	0	0	0	0.07361281	150.8009	0.6237609	1481.9922	0.047489107	1.9069422	0.375588	1094.4753	0.062482465	80.5418	0.5674522	1344.2347	0.05953936	2.2956514	0.43774524	1259.9042	0	0	0	0	0	0	0	0	0	0	0	0	0	0	0	0	0	0	0	0	0	0	0	0	0	0	0	0	0	0	0	0	0	0	0	0	0	0	0	0	0	0	0	0	0	0	0	0	0	0	0	0	0	0	0	0	0	0	0	0	0	0	0	0	0	0	0	0	0	0	0	0	0	0	0	0	0	0	0	0	0	0	0	0	0	0	0	0	0	0	0	0	0	0	0	0	0	0	0	0	0	0	0	0	0	0	0	0	0	0	0	0	0	0	0	0	0	0	0	0	0.027097635	54.221718	0.28690305	638.643	0.070100054	0.8715954	0.735367	1745.7473
GCA_003152145.1_20120700_P3D_genomic	0	0	0	0	0	0	0	0	0.012896947	15.63383	0.1452741	324.70926	0	0	0	0	NaN	0	0	0	0	0	0	0	0	0	0	0	0	0	0	0	0	0	0	0	0	0	0	0	0	0	0	0	0	0	0	0	0.0047918456	1.8946853	0.048895463	115.82824	0	0	0	0	0	0	0	0	0	0	0	0	0	0	0	0	0	0	0	0	0	0	0	0	0	0	0	0	0	0	0	0	0	0	0	0	0	0	0	0	0	0	0	0	0	0	0	0	0	0	0	0	0	0	0	0	0	0	0	0	0	0	0	0	0	0	0	0	0	0	0	0	0	0	0	0	0	0	0	0	0	0	0	0	0	0	0	0	0	0	0	0	0	0	0	0	0	0	0	0	0	0	0	0	0	0	0	0	0	0	0	0	0	0	0	0	0	0	0	0	0	0	0	0	0	0	0	0	0	0	0	0
GCA_003133345.1_20120500_P27_genomic	0	0	0	0	0	0	0	0	0.82314855	9741.147	8.12536	18161.375	1.0336813	1140.1611	14.72351	32848.72	NaN	0	0	0	0.9659079	4461.7173	39.50308	79242.57	0.42474544	264.42902	6.4936786	14977.479	0	0	0	0	0.3135307	273.70563	3.019476	7207.6353	0.33280843	477.474	3.1062326	8888.435	0.3192872	2506.6643	2.8015366	6656.1646	0.30800036	7.9690795	2.3416986	6823.785	0.29917634	1308.8291	2.804489	6643.5415	0.34621516	11.981708	2.4509406	7054.22	0.14101048	130.26225	1.9525424	3155.5886	0	0	0	0	0	0	0	0	0	0	0	0	0	0	0	0	0	0	0	0	0.320913	2265.8198	52.41585	72329.09	0.037179165	0.5740336	0.31282175	630.46716	0.20187902	342.69226	2.8970604	5441.0967	0	0	0	0	0	0	0	0	0	0	0	0	0	0	0	0	0.048061557	0.5417138	0.5091858	1189.0983	0.2293029	282.72086	3.2387955	5938.4307	0	0	0	0	0.38673553	2.0017467	15.040083	28108.295	0.29997027	0.35728022	28.089441	44683.105	0.38667116	1427.1051	9.545833	19423.334	0.39730746	2.6009207	11.956033	26147.463	0.56435233	667.01733	10.22501	22535.422	0.55254674	989.52277	10.128528	22339.332	0	0	0	0	0.26783872	430.84537	3.763854	8886.824	0.28720888	1481.0018	11.182705	19797.266	0.2936439	2.62954	6.07963	12466.671	0.3033832	5804.091	7.996411	15383.982	0.22215842	1113.1248	14.467935	22250.207	0.2771308	11.470618	5.511868	11932.111	0.44453913	716.84845	6.107818	13082.545	0.8509938	4926.1367	8.361898	18613.488	1.5840869	41.397808	16.088097	38192.836
SRR10585504bin.3	0	0	0	0	0	0	0	0	0.005248923	13.73693	0.06654751	148.74356	0	0	0	0	NaN	0	0	0	0	0	0	0	0	0	0	0	0	0	0	0	0.022497663	9.331376	0.22907592	546.8152	0	0	0	0	0.02601756	84.2682	0.24404071	579.816	0	0	0	0	0.014143425	21.192375	0.14387876	340.83362	0	0	0	0	0	0	0	0	0	0	0	0	0	0	0	0	0	0	0	0	0	0	0	0	0.043162476	22.14704	0.7772189	1631.8705	0	0	0	0	0.04786907	3.73628	0.41977325	846.01935	0	0	0	0	0	0	0	0	0	0	0	0	0	0	0	0	0	0	0	0	0	0	0	0	0	0	0	0	0	0	0	0	0	0	0	0	0	0	0	0	0	0	0	0	0	0	0	0	0	0	0	0	0	0	0	0	0	0	0	0	0	0	0	0	0	0	0	0	0	0	0	0	0	0	0	0	0	0	0	0	0	0	0	0	0	0	0	0	0	0	0	0	0	0	0	0
SRR1586276rbin.13	0	0	0	0	0	0	0	0	0.100743406	1207.9774	1.0059915	2248.54	0.06495979	40.06187	0.9413059	2100.0896	NaN	0	0	0	0	0	0	0	0.410628	263.2775	6.0932407	14053.879	0	0	0	0	0.20891033	217.10066	1.9484464	4651.0347	0.28635043	374.992	2.574748	7367.601	0.35751954	3909.9702	3.0809875	7320.113	0.395449	7.88878	2.8606114	8335.913	0.29417577	1305.8838	2.6168327	6199.003	0.3615163	9.530588	2.4555843	7067.5835	0	0	0	0	0	0	0	0	0	0	0	0	0	0	0	0	0	0	0	0	0	0	0	0	0	0	0	0	0	0	0	0	0	0	0	0	0	0	0	0	0	0	0	0	0	0	0	0	0	0	0	0	0	0	0	0	0	0	0	0	0	0	0	0	0	0	0	0	0	0	0	0	0	0	0	0	0	0	0	0	0	0	0	0	0.050573606	68.72382	0.94822055	2091.3813	0	0	0	0	0.022444371	49.971737	0.34439483	813.1496	0.12738654	679.7608	4.892174	8660.842	0	0	0	0	0	0	0	0	0	0	0	0	0	0	0	0	0.032111414	32.991486	0.46269304	991.0584	0.16990031	1022.8457	1.6753552	3729.3218	0.11482995	1.5400943	1.1759182	2791.6084
SRR3989257rbin.8	0	0	0	0	0	0	0	0	0.025237141	37.576042	0.25161242	562.3908	0	0	0	0	NaN	0	0	0	0	0	0	0	0	0	0	0	0	0	0	0	0.11326913	32.053402	1.0224311	2440.5928	0	0	0	0	0.14427687	279.72354	1.2027698	2857.6582	0.06346189	0.5505853	0.45703614	1331.8177	0.06811148	45.50728	0.5991309	1419.2784	0.09453127	1.0910791	0.6322984	1819.8608	0.093616426	345.92462	1.2016085	1941.9717	0.35113043	228.98929	2.860496	5815.313	0	0	0	0	0.49266243	574.6293	3.3565843	6823.213	0	0	0	0	0.33000198	274.38065	5.1967306	10911.202	0	0	0	0	0.4333655	20.553802	3.4505603	6954.3257	0	0	0	0	0.42761862	2.2175543	4.1176453	9211.776	0	0	0	0	0	0	0	0	0	0	0	0	0.22895753	3.1011002	2.0459096	4777.799	0.1483395	401.91974	2.0111995	3687.5967	0.42140052	259.31937	3.6960776	9396.952	0	0	0	0	0	0	0	0	0	0	0	0	0	0	0	0	0	0	0	0	0	0	0	0	0	0	0	0	0	0	0	0	0	0	0	0	0	0	0	0	0	0	0	0	0	0	0	0	0	0	0	0	0.020022243	10.226113	0.28105783	602.00745	0.038347896	52.829273	0.3775001	840.311	0	0	0	0
SRR4027936rbin.3	0	0	0	0	0	0	0	0	0.008439647	25.674295	0.1003323	224.25749	0	0	0	0	NaN	0	0	0	0	0	0	0	0	0	0	0	0	0	0	0	0	0	0	0	0	0	0	0	0	0	0	0	0	0	0	0	0	0	0	0	0	0	0	0	0	0	0	0	0	0	0	0	0	0	0	0	0	0	0	0	0	0	0	0	0	0	0	0	0.32191595	2409.4397	51.388912	70912.016	0	0	0	0	0	0	0	0	0	0	0	0	0	0	0	0	0	0	0	0	0	0	0	0	0	0	0	0	0	0	0	0	0	0	0	0	0.3489374	1.4736953	13.322676	24898.65	0	0	0	0	0.3879592	1156.8198	9.435203	19198.23	0.18696672	0.9470251	5.633924	12321.213	0.4215778	186.06429	7.53427	16605.164	0.22088085	246.99855	4.0170207	8859.88	0	0	0	0	0.1286518	113.26694	1.8726243	4421.446	0.13867345	685.615	5.581081	9880.451	0.16286547	1.2428373	3.4772453	7130.3184	0.20701492	3348.1162	5.497853	10577.104	0	0	0	0	0.17644103	4.07756	3.604281	7802.5635	0.14240402	97.37236	2.0098255	4304.914	0	0	0	0	0	0	0	0
SRR4027936rbin.1	0	0	0	0	0	0	0	0	0.0058393744	6.290397	0.057224963	127.90633	0	0	0	0	NaN	0	0	0	0	0	0	0	0	0	0	0	0	0	0	0	0	0	0	0	0	0	0	0	0	0	0	0	0	0	0	0	0	0	0	0	0	0	0	0	0	0	0	0	0	0	0	0	0	0	0	0	0	0	0	0	0	0	0	0	0	0	0	0	0	0	0	0	0	0	0	0	0	0	0	0	0	0	0	0	0	0	0	0	0	0	0	0	0	0	0	0	0	0	0	0	0	0	0	0	0	0	0	0	0	0	0	0	0	0	0	0	0	0	0	0	0	0	0	0	0	0	0	0	0	0	0	0	0	0	0	0	0	0	0	0	0	0	0	0	0	0	0	0	0	0	0	0	0	0	0	0	0	0	0	0	0	0	0	0	0	0	0	0	0	0	0	0
SRR9009774bin.118	0	0	0	0	0	0	0	0	0.012639929	16.181202	0.15119083	337.9338	0	0	0	0	NaN	0	0	0	0	0	0	0	0	0	0	0	0	0	0	0	0	0	0	0	0	0	0	0	0	0	0	0	0	0	0	0	0	0	0	0	0	0	0	0	0	0	0	0	0	0	0	0	0	0	0	0	0	0	0	0	0	0	0	0	0	0	0	0	0	0	0	0	0	0	0	0	0	0	0	0	0	0	0	0	0	0	0	0	0	0	0	0	0	0	0	0	0	0	0	0	0	0	0	0	0	0	0	0	0	0	0	0	0	0	0	0	0	0	0	0	0	0	0	0	0	0	0	0	0	0	0	0	0	0	0	0	0	0	0	0	0	0	0	0	0	0	0	0	0	0	0	0	0	0	0	0	0	0	0	0	0	0	0	0	0.013402773	16.276646	0.15679559	349.02527	0	0	0	0
SRR10360644bin.23	0	0	0	0	0	0	0	0	0.030818867	242.77013	0.34648505	774.4454	0	0	0	0	NaN	0	0	0	0	0	0	0	0	0	0	0	0	0	0	0	0.028924566	17.45969	0.30132082	719.2673	0	0	0	0	0.036818925	232.95604	0.34658736	823.4562	0.10100217	3.5161777	0.8364532	2437.4514	0.039179977	116.977905	0.39251482	929.8265	0.0739271	2.9759774	0.57621384	1658.44	0	0	0	0	0	0	0	0	0	0	0	0	0	0	0	0	0	0	0	0	0	0	0	0	0	0	0	0	0	0	0	0	0	0	0	0	0	0	0	0	0	0	0	0	0	0	0	0	0	0	0	0	0	0	0	0	0	0	0	0	0	0	0	0	0	0	0	0	0	0	0	0	0	0	0	0	0	0	0	0	0	0	0	0	0	0	0	0	0	0	0	0	0.015972145	16.606226	0.2686341	634.2713	0	0	0	0	0	0	0	0	0	0	0	0	0	0	0	0	0	0	0	0	0.017177373	22.077057	0.27331337	585.4191	0.028311051	122.68557	0.31552294	702.3506	0.084650956	2.5663576	0.967858	2297.6768
SRR5665647rbin.7	0	0	0	0	0	0	0	0	0	0	0	0	0	0	0	0	NaN	0	0	0	0	0	0	0	0	0	0	0	0	0	0	0	0	0	0	0	0	0	0	0	0	0	0	0	0	0	0	0	0	0	0	0	0	0	0	0	0.13147256	157.57503	1.6518028	2669.5505	0	0	0	0	0	0	0	0	0	0	0	0	0	0	0	0	0.24629852	73.50339	4.0488453	8501.068	0	0	0	0	0.074437805	1.3195661	0.62157476	1252.734	0	0	0	0	0	0	0	0	0	0	0	0	0	0	0	0	0	0	0	0	0	0	0	0	0.13429572	195.47595	1.8353816	3365.2292	0	0	0	0	0	0	0	0	0	0	0	0	0	0	0	0	0	0	0	0	0	0	0	0	0	0	0	0	0	0	0	0	0	0	0	0	0	0	0	0	0	0	0	0	0	0	0	0	0	0	0	0	0	0	0	0	0	0	0	0	0	0	0	0	0	0	0	0
170_merged	0	0	0	0	0	0	0	0	0.010371489	29.32416	0.12702772	283.92578	0	0	0	0	NaN	0	0	0	0	0	0	0	0	0	0	0	0	0	0	0	0.01966636	6.2275066	0.19414002	463.42166	0	0	0	0	0	0	0	0	0	0	0	0	0	0	0	0	0	0	0	0	0	0	0	0	0	0	0	0	0	0	0	0	0	0	0	0	0	0	0	0	0	0	0	0	0	0	0	0	0	0	0	0	0	0	0	0	0	0	0	0	0	0	0	0	0	0	0	0	0	0	0	0	0	0	0	0	0	0	0	0	0	0	0	0	0.45515832	1.9951545	17.526312	32754.793	0.3876919	0.48391888	35.818787	56978.51	0.38181242	1112.7015	9.468548	19266.084	0.2599026	1.3445375	7.908086	17294.736	0.41234142	189.07841	7.461487	16444.75	0.40930134	481.7514	7.4186897	16362.55	0.5613289	19191.01	286.26837	278265.4	0.8182458	935.0024	11.32733	26744.922	1.3467013	7675.2764	51.316387	90847.81	1.4091107	11.334852	28.712202	58876.23	1.9124205	39348.973	49.02927	94325.51	1.5453457	8495.157	98.06795	150818.52	1.2387885	34.045845	24.017185	51992.492	1.2604545	1126.4688	16.990396	36392.316	0	0	0	0	0	0	0	0
17p_S17_bin.3	0	0	0	0	0	0	0	0	0	0	0	0	0	0	0	0	NaN	0	0	0	0	0	0	0	0	0	0	0	0	0	0	0	0	0	0	0	0	0	0	0	0	0	0	0	0	0	0	0	0	0	0	0	0	0	0	0	7.9939275	14378.013	97.70201	157900.47	0.055269305	24.799215	0.46319988	941.6729	2.527797	29085.873	45.80893	82144.71	0	0	0	0	1.7474239	5810.687	34.32163	59754.727	0.077625915	26.123152	1.248019	2620.376	0	0	0	0	0.14682198	2.3654408	1.1954849	2409.4045	0	0	0	0	0	0	0	0	0	0	0	0	0	0	0	0	0	0	0	0	0	0	0	0	0.18827341	312.3442	2.5007381	4585.1807	0	0	0	0	0	0	0	0	0	0	0	0	0	0	0	0	0	0	0	0	0	0	0	0	0	0	0	0	0	0	0	0	0	0	0	0	0	0	0	0	0	0	0	0	0	0	0	0	0	0	0	0	0	0	0	0	0	0	0	0	0	0	0	0	0	0	0	0
SRR10489833bin.10	0	0	0	0	0	0	0	0	0.03363034	25.071411	0.33243835	743.04895	0	0	0	0	NaN	0	0	0	0	0	0	0	0	0	0	0	0	0	0	0	0	0	0	0	0	0	0	0	0	0	0	0	0	0	0	0	0	0	0	0	0	0	0	0	0	0	0	0	0	0	0	0	0	0	0	0	0	0	0	0	0	0	0	0	0	0	0	0	0	0	0	0	0	0	0	0	0	0	0	0	0	0	0	0	0	0	0	0	0	0	0	0	0	0	0	0	0	0	0	0	0	0	0	0	0	0	0	0	0	0	0	0	0	0	0	0	0	0	0	0	0	0	0	0	0	0	0	0	0	0	0	0	0	0	0	0	0	0	0	0	0	0	0	0	0	0	0	0	0	0	0	0	0	0	0	0	0	0	0	0	0	0	0	0	0.023452433	27.51327	0.23218659	516.84467	0	0	0	0
SRR3984960rbin.8	0	0	0	0	0	0	0	0	0	0	0	0	0	0	0	0	NaN	0	0	0	0	0	0	0	0	0	0	0	0	0	0	0	0	0	0	0	0	0	0	0	0	0	0	0	0	0	0	0	0	0	0	0	0	0	0	0	0	0	0	0	0	0	0	0	0	0	0	0	0	0	0	0	0	0	0	0	0	0	0	0	0	0	0	0	0	0	0	0	0	0	0	0	0	0	0	0	0	0	0	0	0	0	0	0	0	0	0	0	0	0	0	0	0	0	0	0	0	0	0	0	0	0	0	0	0	0	0	0	0	0	0	0	0	0	0	0	0	0	0	0	0	0	0	0	0	0	0	0	0	0	0	0	0	0	0	0	0	0	0	0	0	0	0	0	0	0	0	0	0	0	0	0	0	0	0	0	0	0	0	0	0	0	0	0
SRR10489821bin.16	0	0	0	0	0	0	0	0	0.22294874	742.52673	2.1677542	4845.251	0.14551403	81.51466	2.0487754	4570.897	NaN	0	0	0	0	0	0	0	0	0	0	0	0	0	0	0	0.048061237	19.505886	0.45165053	1078.1116	0	0	0	0	0.061909623	233.0071	0.53934604	1281.4313	0	0	0	0	0.03530762	62.065063	0.32446903	768.6333	0.035604548	0.8928874	0.25435436	732.07446	0.31029803	347.68784	3.952397	6387.639	0.025684508	8.686828	0.22969846	466.97083	0	0	0	0	0.02016899	9.2354965	0.15075175	306.4459	0	0	0	0	0.10469371	28.691881	1.78917	3756.5913	0	0	0	0	0.08481703	1.6390724	0.7360873	1483.525	0.23684599	556.82996	3.2156518	6039.4536	0.19741791	1.2104467	1.9695281	4406.124	0	0	0	0	0	0	0	0	0	0	0	0	0.07864477	1.4227245	0.7271179	1698.0336	0.27594078	412.39233	3.77398	6919.7095	0.12543066	91.31028	1.1349276	2885.454	0	0	0	0	0	0	0	0	0.040872313	125.63004	1.0791993	2195.8958	0	0	0	0	0.03785284	22.553759	0.7402959	1631.5764	0.071375236	87.950745	1.3273307	2927.541	0	0	0	0	0.024841905	44.99675	0.38790482	915.8806	0	0	0	0	0	0	0	0	0.055816207	1307.3795	1.548046	2978.2253	0	0	0	0	0.04805437	2.230481	1.0129498	2192.8381	0.04715679	67.09317	0.6939461	1486.3871	0.22018571	462.94406	2.1330037	4748.0405	0.10139848	0.8541441	1.0290884	2443.0366
SRR3984962rbin.27	0	0	0	0	0	0	0	0	0.040931437	338.27222	0.4355385	973.49304	0	0	0	0	NaN	0	0	0	0	0	0	0	0	0	0	0	0	0	0	0	0	0	0	0	0	0	0	0	0.01636213	63.721935	0.15327553	364.1671	0	0	0	0	0.008836019	10.530142	0.08724289	206.66937	0	0	0	0	0	0	0	0	0	0	0	0	0	0	0	0	0	0	0	0	0	0	0	0	0	0	0	0	0	0	0	0	0	0	0	0	0	0	0	0	0	0	0	0	0	0	0	0	0	0	0	0	0	0	0	0	0	0	0	0	0.07868868	118.182365	1.0864881	1992.1095	0	0	0	0	0	0	0	0	0	0	0	0	0	0	0	0	0	0	0	0	0	0	0	0	0	0	0	0	0	0	0	0	0	0	0	0	0	0	0	0	0	0	0	0	0	0	0	0	0	0	0	0	0	0	0	0	0.020907635	31.287392	0.36248323	776.4154	0.040039532	134.71292	0.42142755	938.0929	0	0	0	0
SRR6202166rbin.4	0	0	0	0	0	0	0	0	0.048340615	257.9647	0.5311561	1187.2128	0.061137166	45.320637	0.9616016	2145.3704	NaN	0	0	0	0	0	0	0	0	0	0	0	0	0	0	0	0.05132851	26.147696	0.5186692	1238.0885	0	0	0	0	0.06662745	355.6724	0.60659146	1441.2	0.1815931	5.602076	1.4561121	4243.157	0.069093406	171.93549	0.6744037	1597.5923	0.13646437	4.952842	1.0266213	2954.7893	0	0	0	0	0	0	0	0	0	0	0	0	0	0	0	0	0	0	0	0	0	0	0	0	0	0	0	0	0	0	0	0	0	0	0	0	0	0	0	0	0	0	0	0	0	0	0	0	0	0	0	0	0	0	0	0	0	0	0	0	0	0	0	0	0	0	0	0	0	0	0	0	0	0	0	0	0	0	0	0	0	0	0	0	0.03460146	36.759777	0.7121045	1570.6069	0	0	0	0	0.02815486	26.641253	0.45298392	1069.539	0	0	0	0	0	0	0	0	0	0	0	0	0	0	0	0	0	0	0	0	0.0260795	21.65132	0.40469623	866.83276	0.041769862	105.9098	0.456863	1016.9718	0.11872643	2.256409	1.3327801	3163.9946
S20rbin.17	0	0	0	0	0	0	0	0	0	0	0	0	0	0	0	0	NaN	0	0	0	0	0	0	0	0	0	0	0	0	0	0	0	0	0	0	0	0	0	0	0	0	0	0	0	0	0	0	0	0	0	0	0	0	0	0	0	0	0	0	0	0	0	0	0	0	0	0	0	0	0	0	0	0	0	0	0	0	0	0	0	0	0	0	0	0	0	0	0	0	0	0	0	0	0	0	0	0	0	0	0	0	0	0	0	0	0	0	0	0	0	0	0	0	0	0	0	0	0	0	0	0	0	0	0	0	0	0	0	0	0	0	0	0	0	0	0	0	0	0	0	0	0	0	0	0	0	0	0	0	0	0	0	0	0	0	0	0	0	0	0	0	0	0	0	0	0	0	0	0	0	0	0	0	0	0	0	0	0	0	0	0	0	0	0
SRR3989257rbin.29	0	0	0	0	0	0	0	0	0.048878215	218.14232	0.47971642	1072.2373	0	0	0	0	NaN	0	0	0	0	0	0	0	0	0	0	0	0	0	0	0	0	0	0	0	0	0	0	0	0.016677815	23.61661	0.14298615	339.72055	0	0	0	0	0.007833307	4.254575	0.072150014	170.91583	0	0	0	0	0	0	0	0	0	0	0	0	0	0	0	0	0	0	0	0	0	0	0	0	0	0	0	0	0	0	0	0	0	0	0	0	0	0	0	0	0	0	0	0	0	0	0	0	0	0	0	0	0	0	0	0	0	0	0	0	0	0	0	0	0	0	0	0	0	0	0	0	0	0	0	0	0	0	0	0	0	0	0	0	0	0	0	0	0	0	0	0	0	0	0	0	0	0	0	0	0	0	0	0	0	0	0	0	0	0	0	0	0	0	0	0	0	0	0	0	0	0	0	0	0.0539604	124.52509	0.52640224	1171.7655	0	0	0	0
SRR3989254rbin.10	0	0	0	0	0	0	0	0	0.05905062	52.516743	0.579989	1296.3615	0	0	0	0	NaN	0	0	0	0	0	0	0	0	0	0	0	0	0	0	0	0.055534177	16.279022	0.5363229	1280.2288	0	0	0	0	0.031714812	36.10288	0.28885862	686.2985	0	0	0	0	0.12128401	71.023766	1.1077867	2624.231	0	0	0	0	0.04326364	49.809795	0.5927113	957.90656	0	0	0	0	0	0	0	0	0	0	0	0	0	0	0	0	0.03317298	8.428075	0.6132638	1287.6256	0	0	0	0	0.029555636	0.7525092	0.28220677	568.7651	0	0	0	0	0	0	0	0	0	0	0	0	0	0	0	0	0	0	0	0	0.04414265	0.43052173	0.4160831	971.67596	0	0	0	0	0	0	0	0	0	0	0	0	0	0	0	0	0	0	0	0	0	0	0	0	0	0	0	0	0	0	0	0	0	0	0	0	0	0	0	0	0	0	0	0	0	0	0	0	0	0	0	0	0	0	0	0	0	0	0	0	0	0	0	0	0.076258466	88.317924	0.7554465	1681.6152	0	0	0	0
16p_S16_bin.26	0	0	0	0	0	0	0	0	0.101161174	131.37752	0.96839494	2164.5066	0	0	0	0	NaN	0	0	0	0	0	0	0	0	0	0	0	0	0	0	0	0.12612765	34.205383	1.1361647	2712.08	0	0	0	0	0.093405575	116.2939	0.78129953	1856.2881	0.046510078	0.4029831	0.3311463	964.97076	0.1432987	54.260536	1.2110808	2868.9233	0.062064704	0.6653636	0.41433507	1192.5256	0	0	0	0	0	0	0	0	0	0	0	0	0	0	0	0	0	0	0	0	0	0	0	0	0	0	0	0	0	0	0	0	0	0	0	0	0	0	0	0	0	0	0	0	0	0	0	0	0	0	0	0	0	0	0	0	0	0	0	0	0	0	0	0	0	0	0	0	0	0	0	0	0	0	0	0	0	0	0	0	0	0	0	0	0	0	0	0	0	0	0	0	0	0	0	0	0	0	0	0	0	0	0	0	0	0	0	0	0	0	0	0	0	0	0	0	0	0	0	0	0.108416736	130.90665	1.0269736	2286.0315	0	0	0	0
SRR5664280rbin.15	0	0	0	0	0	0	0	0	0.006697247	12.912528	0.073085934	163.35786	0	0	0	0	NaN	0	0	0	0	0	0	0	0	0	0	0	0	0	0	0	0	0	0	0	0	0	0	0	0	0	0	0	0	0	0	0	0	0	0	0	0	0	0	0	0	0	0	0	0	0	0	0	0	0	0	0	0	0	0	0	0	0	0	0	0.03649668	11.747779	0.6376039	1338.7311	0	0	0	0	0	0	0	0	0	0	0	0	0	0	0	0	0	0	0	0	0	0	0	0	0	0	0	0	0	0	0	0	0	0	0	0	0	0	0	0	0	0	0	0	0	0	0	0	0	0	0	0	0	0	0	0	0	0	0	0	0	0	0	0	0	0	0	0	0	0	0	0	0	0	0	0	0	0	0	0	0	0	0	0	0	0	0	0	0	0	0	0	0	0	0	0	0	0	0	0	0	0	0	0
SRR1586311rbin.6	0	0	0	0	0	0	0	0	0	0	0	0	0	0	0	0	NaN	0	0	0	0	0	0	0	0	0	0	0	0	0	0	0	0	0	0	0	0	0	0	0	0	0	0	0	0	0	0	0	0	0	0	0	0	0	0	0	0	0	0	0	0	0	0	0	0	0	0	0	0	0	0	0	0	0	0	0	0	0	0	0	0	0	0	0	0	0	0	0	0	0	0	0	0	0	0	0	0	0	0	0	0	0	0	0	0	0	0	0	0	0	0	0	0	0	0	0	0	0	0	0	0	0	0	0	0	0	0	0	0.095675364	384.79965	2.4067173	4897.057	0.10943001	0.79851186	3.3197222	7260.128	0.08919328	111.803024	1.6480062	3632.1262	0.07874805	247.2882	1.4805949	3265.5781	0	0	0	0	0.07695841	199.0629	1.101454	2600.64	0	0	0	0	0	0	0	0	0	0	0	0	0	0	0	0	0.059162278	5.6659327	1.2202715	2641.648	0.043596707	269.11612	0.6324093	1354.5795	0	0	0	0	0	0	0	0
SRR3989239rbin.9	0	0	0	0	0	0	0	0	0	0	0	0	0	0	0	0	NaN	0	0	0	0	0	0	0	0	0	0	0	0	0	0	0	0	0	0	0	0	0	0	0	0	0	0	0	0	0	0	0	0	0	0	0	0	0	0	0	0	0	0	0	0	0	0	0	0	0	0	0	0	0	0	0	0	0	0	0	0	0	0	0	0	0	0	0	0	0	0	0	0	0	0	0	0	0	0	0	0	0	0	0	0	0	0	0	0	0	0	0	0	0	0	0	0	0	0	0	0	0	0	0	0	0	0	0	0	0	0	0	0	0	0	0	0	0	0	0	0	0	0	0	0	0	0	0	0	0	0	0	0	0	0	0	0	0	0	0	0	0	0	0	0	0	0	0	0	0	0	0	0	0	0	0	0	0	0	0	0	0	0	0	0	0	0	0
SRR1586251rbin.4	0	0	0	0	0	0	0	0	0	0	0	0	0	0	0	0	NaN	0	0	0	0	0	0	0	0	0	0	0	0	0	0	0	0	0	0	0	0	0	0	0	0	0	0	0	0	0	0	0	0	0	0	0	0	0	0	0	0	0	0	0	0	0	0	0	0	0	0	0	0	0	0	0	0	0	0	0	0	0	0	0	0	0	0	0	0	0	0	0	0	0	0	0	0	0	0	0	0	0	0	0	0	0	0	0	0	0	0	0	0	0	0	0	0	0	0	0	0	0	0	0	0	0	0	0	0	0	0	0	0	0	0	0	0	0	0	0	0	0	0	0	0	0	0	0	0	0	0	0	0	0	0	0	0	0	0	0	0	0	0	0	0	0	0	0	0	0	0	0	0	0	0	0	0	0	0	0	0	0	0	0	0	0	0	0
SRR1586320rbin.14	0	0	0	0	0	0	0	0	0.038184088	40.96741	0.3866871	864.30316	0	0	0	0	NaN	0	0	0	0	0	0	0	0	0	0	0	0	0	0	0	0	0	0	0	0	0	0	0	0.009673792	11.214056	0.08709673	206.93286	0	0	0	0	0.04261934	21.557367	0.39898363	945.15027	0	0	0	0	0	0	0	0	0	0	0	0	0	0	0	0	0	0	0	0	0	0	0	0	0.100051075	32.99533	1.6541657	3473.1328	0	0	0	0	0.025173469	0.42488724	0.21928957	441.96054	0	0	0	0	0	0	0	0	0	0	0	0	0	0	0	0	0	0	0	0	0	0	0	0	0	0	0	0	0	0	0	0	0	0	0	0	0	0	0	0	0	0	0	0	0	0	0	0	0	0	0	0	0	0	0	0	0	0	0	0	0	0	0	0	0	0	0	0	0	0	0	0	0	0	0	0	0	0	0	0	0	0	0	0	0	0	0	0	0.02853633	33.35979	0.2896614	644.783	0	0	0	0
SRR5195139rbin.3	0	0	0	0	0	0	0	0	0.0049816957	12.702521	0.06708713	149.94965	0	0	0	0	NaN	0	0	0	0	0	0	0	0	0	0	0	0	0	0	0	0	0	0	0	0	0	0	0	0	0	0	0	0	0	0	0	0	0	0	0	0	0	0	0	0	0	0	0	0	0	0	0	0	0	0	0	0	0	0	0	0	0	0	0	0	0	0	0	0	0	0	0	0	0	0	0	0	0	0	0	0	0	0	0	0	0	0	0	0	0	0	0	0	0	0	0	0	0	0	0	0	0	0	0	0	0	0	0	0	0	0	0	0	0	0	0	0	0	0	0	0	0	0	0	0	0	0	0	0	0	0	0	0	0	0	0	0	0	0	0	0	0	0	0	0	0	0	0	0	0	0	0	0	0	0	0	0	0	0	0	0	0	0	0	0	0	0	0	0	0	0	0
GCA_003151895.1_20120700_P3D_genomic	0	0	0	0	0	0	0	0	0	0	0	0	0	0	0	0	NaN	0	0	0	0	0	0	0	0	0	0	0	0	0	0	0	0	0	0	0	0	0	0	0	0	0	0	0	0	0	0	0	0	0	0	0	0	0	0	0	0	0	0	0	0	0	0	0	0	0	0	0	0	0	0	0	0	0	0	0	0	0	0	0	0	0	0	0	0	0	0	0	0	0	0	0	0	0	0	0	0	0	0	0	0	0	0	0	0	0	0	0	0	0	0	0	0	0	0	0	0	0	0	0	0.123442866	0.6531248	5.0652537	9466.414	0	0	0	0	0.14841102	572.9079	3.8654594	7865.222	0.10783996	0.6724961	3.432472	7506.708	0.1580987	155.58202	3.0137022	6642.0527	0.07167046	99.79384	1.394091	3074.7869	0	0	0	0	0	0	0	0	0	0	0	0	0	0	0	0	0	0	0	0	0	0	0	0	0	0	0	0	0	0	0	0	0	0	0	0	0	0	0	0
GCA_003151535.1_20120700_P3D_genomic	0	0	0	0	0	0	0	0	0	0	0	0	0	0	0	0	NaN	0	0	0	0	0	0	0	0	0	0	0	0	0	0	0	0	0	0	0	0	0	0	0	0	0	0	0	0	0	0	0	0	0	0	0	0	0	0	0	0.053243726	66.6166	0.69674987	1126.0476	0	0	0	0	0	0	0	0	0	0	0	0	0	0	0	0	0.32542786	240.20554	5.4906516	11528.329	0	0	0	0	0.17999268	6.4274397	1.5130601	3049.451	0	0	0	0	0	0	0	0	0	0	0	0	0	0	0	0	0	0	0	0	0.04587312	0.5622625	0.47069117	1099.2019	0.09068199	135.81189	1.2911413	2367.3472	0	0	0	0	0	0	0	0	0	0	0	0	0	0	0	0	0	0	0	0	0	0	0	0	0	0	0	0	0	0	0	0	0	0	0	0	0	0	0	0	0	0	0	0	0	0	0	0	0	0	0	0	0	0	0	0	0	0	0	0	0	0	0	0	0	0	0	0
SRR3985396rbin.25	0	0	0	0	0	0	0	0	0.72527575	5961.3164	6.9494667	15533.085	0.4787039	317.11032	6.674564	14891.212	NaN	0	0	0	0.5876217	2369.9941	23.436863	47013.99	0.28228843	144.63193	4.1726336	9624.058	0	0	0	0	0.3022756	213.0173	2.7707288	6613.8647	0.16688602	183.60475	1.4931254	4272.556	0.4283447	3985.7988	3.6562107	8686.783	0.23095113	4.454014	1.6623604	4844.172	0.2798455	790.0605	2.4595516	5826.421	0.28698274	7.551805	1.9286364	5550.9395	0.19578591	210.55829	2.520998	4074.2954	0	0	0	0	0	0	0	0	0	0	0	0	0	0	0	0	0.08786845	21.69416	1.4757437	3098.5127	0	0	0	0	0.0646597	1.1656626	0.55553806	1119.6425	0.6557614	1709.8383	8.84586	16613.797	0.5468682	3.8210504	5.324835	11912.436	0.6600401	2814.1885	13.041471	22266.07	0	0	0	0	0.73673224	0.7177528	19.095987	30218.234	0.3140593	10.59959	2.8800664	6725.797	0.5328728	1001.87695	7.1649637	13137.182	0.43812212	336.25992	3.931808	9996.281	0	0	0	0	0	0	0	0	0.060818482	142.95279	1.4684613	2987.9448	0	0	0	0	0.07458242	30.400173	1.3372331	2947.1978	0.1853104	208.90327	3.3188004	7319.8965	0	0	0	0	0.01270081	9.98925	0.18841538	444.86694	0.098953135	445.77917	3.7732885	6680.031	0	0	0	0	0.038786367	531.48706	1.0215409	1965.3025	0	0	0	0	0.026057934	0.5115423	0.52409923	1134.572	0.11455059	85.3895	1.5373884	3292.986	0.89339966	4072.8093	8.537366	19004.074	0.7201195	10.034259	7.1254244	16915.62
SRR3985397rbin.5	0	0	0	0	0	0	0	0	0	0	0	0	0	0	0	0	NaN	0	0	0	0	0	0	0	0	0	0	0	0	0	0	0	0	0	0	0	0	0	0	0	0	0	0	0	0	0	0	0	0	0	0	0	0	0	0	0	0	0	0	0	0	0	0	0	0	0	0	0	0	0	0	0	0	0	0	0	0	0	0	0	0	0	0	0	0	0	0	0	0	0	0	0	0	0	0	0	0	0	0	0	0	0	0	0	0	0	0	0	0	0	0	0	0	0	0	0	0	0	0	0	0	0	0	0	0	0	0	0	0	0	0	0	0	0	0	0	0.022385167	11.3534355	0.43288967	954.0678	0	0	0	0	0	0	0	0	0	0	0	0	0	0	0	0	0	0	0	0	0	0	0	0	0	0	0	0	0	0	0	0	0	0	0	0	0	0	0	0	0	0	0	0
8_S34_bin.18	0	0	0	0	0	0	0	0	0.0046548448	7.0281243	0.05199855	116.22448	0	0	0	0	NaN	0	0	0	0	0	0	0	0	0	0	0	0	0	0	0	0.016122205	3.9002845	0.14878003	355.1451	0	0	0	0	0	0	0	0	0	0	0	0	0	0	0	0	0	0	0	0	0	0	0	0	0	0	0	0	0	0	0	0	0	0	0	0	0	0	0	0	0	0	0	0	0	0	0	0	0	0	0	0	0	0	0	0	0	0	0	0	0	0	0	0	0	0	0	0	0	0	0	0	0	0	0	0	0	0	0	0	0	0	0	0	0.47708303	2.1656823	18.237425	34083.79	0.52767056	0.63102645	47.770218	75990.19	0.5680939	1764.3942	13.704425	27885.006	0.34340584	1.802508	10.271431	22463.29	0.43614674	332.03958	7.7637615	17110.951	0.41283056	487.26392	7.384668	16287.517	0.4872519	13935.258	240.29129	233573.64	0.70005757	859.14307	9.546939	22541.248	1.016352	5111.531	38.129833	67503.04	1.3599774	12.729579	27.3148	56010.773	1.2150155	23073.217	30.840492	59332.824	1.178692	5447.3687	73.93735	113708.125	1.0238001	36.3896	19.623747	42481.56	1.2140428	1221.0266	16.094313	34472.965	0	0	0	0	0	0	0	0
SRR3989257rbin.10	0	0	0	0	0	0	0	0	0	0	0	0	0	0	0	0	NaN	0	0	0	0	0	0	0	0	0	0	0	0	0	0	0	0	0	0	0	0	0	0	0	0	0	0	0	0	0	0	0	0	0	0	0	0	0	0	0	0	0	0	0	0	0	0	0	0	0	0	0	0	0	0	0	0	0	0	0	0	0	0	0	0	0	0	0	0	0	0	0	0	0	0	0	0	0	0	0	0	0	0	0	0	0	0	0	0	0	0	0	0	0	0	0	0	0	0	0	0	0	0	0	0	0	0	0	0	0	0	0	0	0	0	0	0	0	0	0	0	0	0	0	0	0	0	0	0	0	0	0	0	0	0	0	0	0	0	0	0	0	0	0	0	0	0	0	0	0	0	0	0	0	0	0	0	0	0	0	0	0	0	0	0	0	0	0
SRR9691026rbin.5	0	0	0	0	0	0	0	0	0.03755305	34.58923	0.37906322	847.2624	0	0	0	0	NaN	0	0	0	0	0	0	0	0	0	0	0	0	0	0	0	0	0	0	0	0	0	0	0	0	0	0	0	0	0	0	0	0.004155165	2.1669264	0.042547412	100.79035	0	0	0	0	0	0	0	0	0	0	0	0	0	0	0	0	0	0	0	0	0	0	0	0	0	0	0	0	0	0	0	0	0	0	0	0	0	0	0	0	0	0	0	0	0	0	0	0	0	0	0	0	0	0	0	0	0	0	0	0	0	0	0	0	0	0	0	0	0	0	0	0	0	0	0	0	0	0	0	0	0	0	0	0	0	0	0	0	0	0	0	0	0	0	0	0	0	0	0	0	0	0	0	0	0	0	0	0	0	0	0	0	0	0	0	0	0	0	0	0	0	0	0	0	0.04876277	57.188416	0.48671743	1083.4269	0.043588813	0.3138336	0.46285972	1098.8203
GCA_003141525.1_20120800_E3D_genomic	0	0	0	0	0	0	0	0	0.016718922	55.226112	0.19032833	425.41214	0	0	0	0	NaN	0	0	0	0	0	0	0	0	0	0	0	0	0	0	0	0	0	0	0	0	0	0	0	0	0	0	0	0	0	0	0	0.008939813	7.07902	0.09316658	220.70195	0	0	0	0	0	0	0	0	0	0	0	0	0	0	0	0	0	0	0	0	0	0	0	0	0	0	0	0	0	0	0	0	0	0	0	0	0	0	0	0	0	0	0	0	0	0	0	0	0	0	0	0	0	0	0	0	0	0	0	0	0	0	0	0	0	0	0	0	0	0	0	0	0	0	0	0	0	0	0	0	0	0	0	0	0	0	0	0	0	0	0	0	0	0	0	0	0	0	0	0	0	0	0	0	0	0	0	0	0	0	0	0	0	0	0	0	0	0	0	0	0	0	0	0	0	0	0	0	0	0	0	0
SRR5680860rbin.7	0	0	0	0	0	0	0	0	0	0	0	0	0	0	0	0	NaN	0	0	0	0	0	0	0	0	0	0	0	0	0	0	0	0	0	0	0	0	0	0	0	0	0	0	0	0	0	0	0	0.0056126327	4.082972	0.05591622	132.45976	0	0	0	0	0	0	0	0	0	0	0	0	0	0	0	0	0	0	0	0	0	0	0	0	0	0	0	0	0	0	0	0	0	0	0	0	0	0	0	0	0	0	0	0	0	0	0	0	0	0	0	0	0	0	0	0	0	0	0	0	0	0	0	0	0	0	0	0	0	0	0	0	0	0	0	0	0	0	0	0	0	0	0	0	0	0	0	0	0	0	0	0	0	0	0	0	0	0	0	0	0	0	0	0	0	0	0	0	0	0	0	0	0	0	0	0	0	0	0	0	0	0	0	0	0	0	0	0	0	0	0	0
17_S43_bin.7	0	0	0	0	0	0	0	0	0.015580309	26.40841	0.17590083	393.16434	0	0	0	0	NaN	0	0	0	0	0	0	0	0	0	0	0	0	0	0	0	0.017624982	4.5697784	0.17359354	414.3762	0	0	0	0	0.011489243	15.245084	0.10486261	249.14302	0	0	0	0	0.007454004	3.3778486	0.07439997	176.2458	0	0	0	0	0	0	0	0	5.75172	6962.6455	46.65255	94843.38	0	0	0	0	5.666443	14113.748	38.65725	78581.86	0	0	0	0	0	0	0	0	0	0	0	0	0	0	0	0	0	0	0	0	0.14377725	0.69786304	1.4038633	3140.648	0	0	0	0	0	0	0	0	0	0	0	0	0.2164032	3.6141474	1.9932759	4654.882	0	0	0	0	0.72182006	487.4874	6.414997	16309.572	0	0	0	0	0	0	0	0	0	0	0	0	0	0	0	0	0	0	0	0	0	0	0	0	0	0	0	0	0	0	0	0	0	0	0	0	0	0	0	0	0	0	0	0	0	0	0	0	0	0	0	0	0	0	0	0	0.016557112	23.906729	0.18366536	408.83716	0	0	0	0
8_S34_bin.6	0	0	0	0	0	0	0	0	0.022435896	48.562183	0.25516245	570.32587	0	0	0	0	NaN	0	0	0	0	0	0	0	0	0	0	0	0	0	0	0	0	0	0	0	0	0	0	0	0	0	0	0	0	0	0	0	0.0061248178	5.032791	0.06889284	163.19981	0	0	0	0	0	0	0	0	0.12937036	750.9037	1.282469	2607.2256	0	0	0	0	0.124643944	1308.2739	1.0336853	2101.2595	0	0	0	0	0	0	0	0	0	0	0	0	0	0	0	0	0	0	0	0	0	0	0	0	0	0	0	0	0	0	0	0	0	0	0	0	0.087736405	1.9867504	0.9089531	2122.6716	0	0	0	0	0	0	0	0	0	0	0	0	0	0	0	0	0	0	0	0	0	0	0	0	0	0	0	0	0	0	0	0	0	0	0	0	0.095219776	90.80345	1.3260299	3130.8853	0	0	0	0	0.3986533	2.808447	8.093689	16596.63	0	0	0	0	0.3307261	1958.5392	21.350798	32835.35	0	0	0	0	1.206579	808.5014	16.112314	34511.516	0.015677487	24.44246	0.18821895	418.97333	0	0	0	0
SRR7011951rbin.9	0	0	0	0	0	0	0	0	0.03195961	315.8809	0.37532407	838.90497	0	0	0	0	NaN	0	0	0	0	0	0	0	0	0	0	0	0	0	0	0	0.040003285	35.022305	0.42742077	1020.2737	0	0	0	0	0.040985893	364.9818	0.39633298	941.64685	0.064078294	2.7077672	0.546387	1592.1888	0.04148727	184.07251	0.4287555	1015.6769	0.059260212	2.6857708	0.4777644	1375.0865	0	0	0	0	0	0	0	0	0	0	0	0	0	0	0	0	0	0	0	0	0	0	0	0	0	0	0	0	0	0	0	0	0	0	0	0	0	0	0	0	0	0	0	0	0	0	0	0	0	0	0	0	0	0	0	0	0	0	0	0	0	0	0	0	0	0	0	0	0	0	0	0	0	0	0	0	0	0	0	0	0	0	0	0	0	0	0	0	0	0	0	0	0	0	0	0	0	0	0	0	0	0	0	0	0	0	0	0	0	0	0	0	0	0	0	0	0	0	0	0	0.031939458	145.03712	0.3711829	826.2487	0	0	0	0
26_S52_bin.3	0	0	0	0	0	0	0	0	0	0	0	0	0	0	0	0	NaN	0	0	0	0	0	0	0	0	0	0	0	0	0	0	0	0	0	0	0	0	0	0	0	0	0	0	0	0	0	0	0	0	0	0	0	0	0	0	0	0	0	0	0	10.77274	20376.436	91.80301	186633.06	0	0	0	0	0.041298643	25.651136	0.29917812	608.16486	0	0	0	0	0	0	0	0	0	0	0	0	0	0	0	0	0	0	0	0	0	0	0	0	0	0	0	0	0	0	0	0	0	0	0	0	0	0	0	0	0	0	0	0	0	0	0	0	0	0	0	0	0	0	0	0	0	0	0	0	0	0	0	0	0	0	0	0	0	0	0	0	0	0	0	0	0	0	0	0	0	0	0	0	0	0	0	0	0	0	0	0	0	0	0	0	0	0	0	0	0	0	0	0	0	0	0	0	0	0	0	0
11p_S11_bin.29	0	0	0	0	0	0	0	0	0.19856256	163.36427	1.9217937	4295.4946	0.05839714	28.988522	0.85610443	1910.0017	NaN	0	0	0	0	0	0	0	0	0	0	0	0	0	0	0	0.14759843	39.19052	1.3452187	3211.1013	0	0	0	0	0.12806238	161.45328	1.1034356	2621.6506	0.04205669	0.35711187	0.30823934	898.2194	0.06439022	23.665648	0.5771193	1367.1356	0.07270503	0.8035654	0.4962866	1428.3966	0	0	0	0	0	0	0	0	0	0	0	0	0	0	0	0	0	0	0	0	0	0	0	0	0	0	0	0	0	0	0	0	0	0	0	0	0	0	0	0	0	0	0	0	0	0	0	0	0	0	0	0	0	0	0	0	0	0	0	0	0	0	0	0	0	0	0	0	0	0	0	0	0.05541711	153.71245	1.383413	2814.8923	0	0	0	0	0.04162547	16.484934	0.8006556	1764.6057	0.053136554	61.08897	0.9960956	2196.9744	0	0	0	0	0	0	0	0	0	0	0	0	0	0	0	0	0	0	0	0	0	0	0	0	0	0	0	0	0.017736033	14.503211	0.309202	662.29034	0.1304269	156.61824	1.2908914	2873.5085	0.10375899	0.79185444	1.0505638	2494.0193
SRR11719873bin.13	0	0	0	0	0	0	0	0	0	0	0	0	0	0	0	0	NaN	0	0	0	0	0	0	0	0	0	0	0	0	0	0	0	0	0	0	0	0	0	0	0	0	0	0	0	0	0	0	0	0.015326465	95.5758	0.14984551	354.96835	0	0	0	0	0	0	0	0	0	0	0	0	0	0	0	0	0	0	0	0	0	0	0	0	0	0	0	0	0	0	0	0	0	0	0	0	0	0	0	0	0	0	0	0	0	0	0	0	0	0	0	0	0	0	0	0	0	0	0	0	0	0	0	0	0	0	0	0	0	0	0	0	0	0	0	0	0	0	0	0	0	0	0	0	0	0	0	0	0	0	0	0	0	0	0	0	0	0	0	0	0	0	0	0	0	0	0	0	0	0	0	0	0	0	0	0	0.026842024	0.8654564	0.5560067	1203.6458	0	0	0	0	0	0	0	0	0	0	0	0
SRR1586296rbin.3	0	0	0	0	0	0	0	0	0	0	0	0	0	0	0	0	NaN	0	0	0	0	0	0	0	0	0	0	0	0	0	0	0	0	0	0	0	0	0	0	0	0	0	0	0	0	0	0	0	0	0	0	0	0	0	0	0	0	0	0	0	0	0	0	0	0	0	0	0	0	0	0	0	0	0	0	0	0	0	0	0	0	0	0	0	0	0	0	0	0	0	0	0	0	0	0	0	0	0	0	0	0	0	0	0	0	0	0	0	0	0	0	0	0	0	0	0	0	0	0	0	0	0	0	0	0	0	0	0	0.08530903	215.02757	2.1697283	4414.8433	0	0	0	0	0.052356504	21.066492	0.9987053	2201.0974	0.057087947	58.554604	1.0812228	2384.7295	0	0	0	0	0.08680739	84.42247	1.2323368	2909.6663	0	0	0	0	0.05398839	0.4193726	1.2451047	2553.168	0.045425043	681.5351	1.3069234	2514.3389	0	0	0	0	0.07193358	1.9110872	1.507207	3262.8074	0.043242015	39.271233	0.67277855	1441.0474	0	0	0	0	0	0	0	0
SRR11836447bin.1	0	0	0	0	0	0	0	0	0.021210568	51.539658	0.24156712	539.9384	0	0	0	0	NaN	0	0	0	0	0	0	0	0	0	0	0	0	0	0	0	0	0	0	0	0	0	0	0	0.006549785	9.781569	0.06544302	155.48595	0	0	0	0	0	0	0	0	0	0	0	0	0	0	0	0	0	0	0	0	0	0	0	0	0	0	0	0	0	0	0	0	0	0	0	0	0	0	0	0	0	0	0	0	0	0	0	0	0	0	0	0	0	0	0	0	0	0	0	0	0	0	0	0	0	0	0	0	0	0	0	0	0	0	0	0	0	0	0	0	0	0	0	0	0	0	0	0	0	0	0	0	0	0	0	0	0	0	0	0	0	0	0	0	0.019301346	21.636444	0.37757266	891.4857	0	0	0	0	0	0	0	0	0	0	0	0	0	0	0	0	0	0	0	0	0.023922091	23.445745	0.44342032	949.777	0.024052363	43.878323	0.2689059	598.5814	0	0	0	0
8_S34_bin.1	0	0	0	0	0	0	0	0	0	0	0	0	0	0	0	0	NaN	0	0	0	0	0	0	0	0	0	0	0	0	0	0	0	0	0	0	0	0	0	0	0	0	0	0	0	0	0	0	0	0	0	0	0	0	0	0	0	0	0	0	0	0	0	0	0	0	0	0	0	0	0	0	0	0	0	0	0	0	0	0	0	0	0	0	0	0	0	0	0	0	0	0	0	0	0	0	0	0	0	0	0	0	0	0	0	0	0	0	0	0	0	0	0	0	0	0	0	0	0	0	0	0	0	0	0	0	0	0	0	0	0	0	0	0	0	0	0	0	0	0	0	0	0	0	0	0	0	0	0	0.064998865	53.086037	0.8924798	2107.2317	0	0	0	0	0	0	0	0	0	0	0	0	0	0	0	0	0	0	0	0	1.2424319	887.1156	16.687607	35743.758	0	0	0	0	0	0	0	0
SRR5674476rbin.2	0	0	0	0	0	0	0	0	0.06658535	2749.5916	0.68838024	1538.6313	0	0	0	0	NaN	0	0	0	0	0	0	0	0	0	0	0	0	0	0	0	0	0	0	0	0	0	0	0	0.10320665	6597.928	0.9235661	2194.2993	0	0	0	0	0.10507317	2467.6675	0.9745024	2308.4941	0	0	0	0	0	0	0	0	0	0	0	0	0	0	0	0	0	0	0	0	0	0	0	0	0	0	0	0	0	0	0	0	0	0	0	0	0	0	0	0	0	0	0	0	0	0	0	0	0	0	0	0	0	0	0	0	0	0	0	0	0	0	0	0	0	0	0	0	0	0	0	0	0	0	0	0	0	0	0	0	0	0	0	0	0	0	0	0	0	0	0	0	0	0	0	0	0	0	0	0	0	0	0	0	0	0	0	0	0	0	0	0	0	0	0	0	0	0	0	0	0	0	0	0	0.08276561	2451.1484	0.852842	1898.4166	0	0	0	0
GCA_003141415.1_20120800_E3S_genomic	0	0	0	0	0	0	0	0	0.030226253	82.13162	0.32811496	733.3854	0	0	0	0	NaN	0	0	0	0	0	0	0	0	0	0	0	0	0	0	0	0	0	0	0	0	0	0	0	0	0	0	0	0	0	0	0	0.014059708	19.5681	0.14477432	342.95526	0	0	0	0	0	0	0	0	0	0	0	0	0	0	0	0	0	0	0	0	0	0	0	0	0	0	0	0	0	0	0	0	0	0	0	0	0	0	0	0	0	0	0	0	0	0	0	0	0	0	0	0	0	0	0	0	0	0	0	0	0	0	0	0	0	0	0	0	0	0	0	0	0	0	0	0	0	0	0	0	0	0	0	0	0	0	0	0	0	0	0	0	0	0	0	0	0	0	0	0	0	0	0	0	0	0	0	0	0	0	0	0	0	0	0	0	0	0	0	0	0	0	0	0	0.018897718	27.870663	0.20474283	455.75513	0	0	0	0
SRR10489811bin.14	0	0	0	0	0	0	0	0	0.10030637	143.70943	0.995586	2225.2813	0.07674762	42.318268	1.1018796	2458.3357	NaN	0	0	0	0	0	0	0	0	0	0	0	0	0	0	0	0.039435342	26.34653	0.37163162	887.1027	0	0	0	0	0.03514517	287.267	0.3043403	723.08167	0	0	0	0	0.020510029	63.39521	0.18947488	448.84616	0	0	0	0	0	0	0	0	0	0	0	0	0	0	0	0	0	0	0	0	0	0	0	0	0	0	0	0	0	0	0	0	0	0	0	0	0	0	0	0	0	0	0	0	0	0	0	0	0	0	0	0	0	0	0	0	0	0	0	0	0	0	0	0	0	0	0	0	0	0	0	0	0	0	0	0	0.05124874	149.46588	1.4420453	2934.1948	0	0	0	0	0.06013573	35.077084	1.229251	2709.2092	0.055399135	64.678665	1.111317	2451.1055	0	0	0	0	0.046259407	50.84038	0.73661405	1739.2166	0	0	0	0	0.06685278	0.51333207	1.5032526	3082.5176	0.083530664	1449.1548	2.3188367	4461.12	0	0	0	0	0.06038255	1.577277	1.3308588	2881.049	0.061643887	47.938946	0.91241145	1954.3257	0.123287775	177.30351	1.2124782	2698.9624	0.057148766	0.47485158	0.593324	1408.5404
S412bin.9	0	0	0	0	0	0	0	0	0	0	0	0	0	0	0	0	NaN	0	0	0	0	0	0	0	0	0	0	0	0	0	0	0	0	0	0	0	0	0	0	0	0	0	0	0	0	0	0	0	0	0	0	0	0	0	0	0	0	0	0	0	0	0	0	0	0	0	0	0	0	0	0	0	0	0	0	0	0	0	0	0	0	0	0	0	0	0	0	0	0	0	0	0	0	0	0	0	0	0	0	0	0	0	0	0	0	0	0	0	0	0	0	0	0	0	0	0	0	0	0	0	0	0	0	0	0	0	0	0	0	0	0	0	0	0	0	0	0	0	0	0	0	0	0	0	0	0	0	0	0.06630338	113.070946	1.0084338	2381.0095	0	0	0	0	0	0	0	0	0	0	0	0	0	0	0	0	0	0	0	0	0	0	0	0	0	0	0	0	0	0	0	0
SRR10489815bin.23	0	0	0	0	0	0	0	0	0.015434807	319.24738	0.16521394	369.27753	0	0	0	0	NaN	0	0	0	0	0	0	0	0	0	0	0	0	0	0	0	0	0	0	0	0	0	0	0	0	0	0	0	0	0	0	0	0	0	0	0	0	0	0	0	0	0	0	0	0	0	0	0	0	0	0	0	0	0	0	0	0	0	0	0	0	0	0	0	0	0	0	0	0	0	0	0	0	0	0	0	0	0	0	0	0	0	0	0	0	0	0	0	0	0	0	0	0	0	0	0	0	0	0	0	0	0	0	0	0	0	0	0	0	0	0	0	0	0	0	0	0	0	0	0	0	0	0	0	0	0	0	0	0	0	0	0	0	0	0	0	0	0	0	0	0	0	0	0	0	0	0	0	0	0	0	0	0	0	0	0	0	0	0	0	0	0	0	0	0	0	0	0
GCA_003157385.1_20120600_E2D_genomic	0	0	0	0	0	0	0	0	0.011670273	13.768713	0.119889416	267.9706	0	0	0	0	NaN	0	0	0	0	0	0	0	0	0	0	0	0	0	0	0	0	0	0	0	0	0	0	0	0	0	0	0	0	0	0	0	0	0	0	0	0	0	0	0	0.21125859	443.22562	2.7781343	4489.862	0	0	0	0	0	0	0	0	0	0	0	0	0	0	0	0	0.031083666	9.340855	0.53411734	1121.4473	0	0	0	0	0.027712038	0.6041564	0.24814835	500.12326	0	0	0	0	0	0	0	0	0	0	0	0	0	0	0	0	0	0	0	0	0	0	0	0	0	0	0	0	0	0	0	0	0	0	0	0	0	0	0	0	0	0	0	0	0	0	0	0	0	0	0	0	0	0	0	0	0	0	0	0	0	0	0	0	0	0	0	0	0	0	0	0	0	0	0	0	0	0	0	0	0	0	0	0	0	0	0	0	0.014764137	18.532932	0.1515053	337.24902	0	0	0	0
SRR3989121rbin.27	0	0	0	0	0	0	0	0	0.11427913	193.45044	1.1482222	2566.447	0	0	0	0	NaN	0	0	0	0	0	0	0	0	0	0	0	0	0	0	0	0.053370994	37.91288	0.5142846	1227.6221	0	0	0	0	0.08011898	408.4596	0.70285386	1669.9089	0	0	0	0	0.0501234	75.6859	0.45687574	1082.2909	0	0	0	0	0	0	0	0	0	0	0	0	0	0	0	0	0	0	0	0	0	0	0	0	0	0	0	0	0	0	0	0	0	0	0	0	0	0	0	0	0	0	0	0	0	0	0	0	0	0	0	0	0	0	0	0	0	0	0	0	0.09870831	141.58308	1.3525616	2479.9639	0	0	0	0	0	0	0	0	0	0	0	0	0	0	0	0	0	0	0	0	0	0	0	0	0	0	0	0	0	0	0	0	0	0	0	0	0	0	0	0	0	0	0	0	0	0	0	0	0	0	0	0	0	0	0	0	0	0	0	0	0.15315418	229.75742	1.5159312	3374.4448	0	0	0	0
SRR3989121rbin.14	0	0	0	0	0	0	0	0	0.16150531	412.8095	1.5707763	3510.9175	0.22054942	137.85551	3.0830393	6878.381	NaN	0	0	0	0	0	0	0	0	0	0	0	0	0	0	0	0.591492	251.608	5.3453774	12759.675	0.1982811	288.38074	1.7766088	5083.7393	0.5456887	1831.2334	4.540792	10788.459	0.28132743	4.3926997	2.0376246	5937.703	0.4050553	488.0023	3.5408826	8387.981	0.30924433	6.1315527	2.0922232	6021.7686	0	0	0	0	0	0	0	0	0	0	0	0	0	0	0	0	0	0	0	0	0	0	0	0	0	0	0	0	0	0	0	0	0	0	0	0	0	0	0	0	0	0	0	0	0	0	0	0	0	0	0	0	0	0	0	0	0	0	0	0	0	0	0	0	0	0	0	0	0	0	0	0	0	0	0	0	0	0	0	0	0	0	0	0	0.12500387	155.34407	2.2676973	5001.6	0	0	0	0	0	0	0	0	0	0	0	0	0	0	0	0	0	0	0	0	0	0	0	0	0	0	0	0	0.031784344	42.657253	0.45616418	977.0739	0.21950209	379.84592	2.1135914	4704.8296	0.1938582	1.8430004	1.9381378	4601.103
SRR12377070bin.3	0	0	0	0	0	0	0	0	0.01043475	104.75549	0.13902017	310.7307	0	0	0	0	NaN	0	0	0	0	0	0	0	0	0	0	0	0	0	0	0	0	0	0	0	0	0	0	0	0.013468078	68.07488	0.1492707	354.65198	0	0	0	0	0.013139996	50.81464	0.15271574	361.7676	0	0	0	0	0	0	0	0	0	0	0	0	0	0	0	0	0	0	0	0	0	0	0	0	0	0	0	0	0	0	0	0	0	0	0	0	0	0	0	0	0	0	0	0	0	0	0	0	0	0	0	0	0	0	0	0	0	0	0	0	0	0	0	0	0	0	0	0	0	0	0	0	0	0	0	0	0	0	0	0	0	0	0	0	0	0	0	0	0	0	0	0	0	0	0	0	0	0	0	0	0	0	0	0	0	0	0	0	0	0	0	0	0	0	0	0	0	0	0	0	0	0	0	0	0	0	0	0	0	0	0	0
SRR1586264rbin.1	0	0	0	0	0	0	0	0	0.7029041	10969.828	7.017315	15684.74	0.3448587	288.57794	4.9511914	11046.302	NaN	0	0	0	0	0	0	0	0.86063063	662.9295	12.9727545	29921.275	0	0	0	0	1.5902386	3031.5562	14.634054	34932.2	0.50515705	747.29913	4.627977	13242.883	1.7954023	40364.633	15.263171	36263.74	0.7904711	24.17472	5.830496	16990.25	1.4899638	12535.612	13.253179	31395.39	0.78563076	36.044746	5.4445305	15670.268	0	0	0	0	0	0	0	0	0	0	0	0	0	0	0	0	0	0	0	0	0	0	0	0	0	0	0	0	0.045557328	7.7093925	0.41661736	839.65894	0	0	0	0	0.26189622	3.1459312	2.7453992	6141.861	0	0	0	0	0	0	0	0	0	0	0	0	0.17672257	8.098037	1.7297902	4039.5674	0.12818134	279.58047	1.8590269	3408.5835	0.22299853	328.27072	2.1452353	5454.074	0.3272785	1.531551	12.61299	23572.32	0.40396464	0.53224635	37.458237	59586.45	0.2901543	903.35016	7.1282763	14504.223	0.4600913	2.7122	13.833575	30253.586	0.5870006	417.0226	10.467465	23069.783	0.5288573	794.80536	9.692235	21377.045	0	0	0	0	0.59855396	964.1346	8.376165	19776.94	0.3644229	2161.495	14.218493	25171.67	0.44564536	3.8897688	9.176689	18817.398	0.24417904	4272.536	6.40972	12331.41	0.31666404	1757.3927	20.527662	31569.447	0.33227706	9.416114	6.5376606	14152.756	0.570123	705.1362	7.8014736	16710.242	0.87666434	8466.045	8.719842	19410.266	0.77308434	12.863513	7.9319067	18830.19
SRR10489839bin.1	0	0	0	0	0	0	0	0	0	0	0	0	0	0	0	0	NaN	0	0	0	0	0	0	0	0	0	0	0	0	0	0	0	0	0	0	0	0	0	0	0	0	0	0	0	0	0	0	0	0	0	0	0	0	0	0	0	0	0	0	0	0	0	0	0	0	0	0	0	0	0	0	0	0	0	0	0	0	0	0	0	0	0	0	0	0	0	0	0	0	0	0	0	0	0	0	0	0	0	0	0	0	0	0	0	0	0	0	0	0	0	0	0	0	0	0	0	0	0	0	0	0	0	0	0	0	0	0	0	0	0	0	0	0	0	0	0	0	0	0	0	0	0	0	0	0	0	0	0	0.022056103	23.556484	0.3720547	878.4571	0	0	0	0	0	0	0	0	0	0	0	0	0	0	0	0	0	0	0	0	0	0	0	0	0	0	0	0	0	0	0	0
GCA_003151655.1_20120700_P3D_genomic	0	0	0	0	0	0	0	0	0.02318124	111.679344	0.2634859	588.92993	0	0	0	0	NaN	0	0	0	0	0	0	0	0	0	0	0	0	0	0	0	0	0	0	0	0	0	0	0	0	0	0	0	0	0	0	0	0	0	0	0	0	0	0	0	0	0	0	0	0	0	0	0	0	0	0	0	0	0	0	0	0	0	0	0	0	0	0	0	0	0	0	0	0	0	0	0	0	0	0	0	0	0	0	0	0	0	0	0	0	0	0	0	0	0	0	0	0	0	0	0	0	0	0	0	0	0	0	0	0	0	0	0	0	0	0	0	0	0	0	0	0	0	0	0	0	0	0	0	0	0	0	0	0	0	0	0	0	0	0	0	0	0	0	0	0	0	0	0	0	0	0	0	0	0	0	0	0	0	0	0	0	0	0	0	0.02093486	45.111595	0.23014355	512.29663	0	0	0	0
SRR3989254rbin.20	0	0	0	0	0	0	0	0	0.017395345	315.482	0.17929651	400.75406	0	0	0	0	NaN	0	0	0	0	0	0	0	0	0	0	0	0	0	0	0	0.036195565	20.83077	0.34384465	820.7736	0	0	0	0	0.02804039	117.50486	0.25077918	595.8259	0	0	0	0	0.037366673	178.43538	0.34164008	809.30963	0	0	0	0	0.082129106	184.55122	1.1335127	1831.9193	0	0	0	0	0	0	0	0	0	0	0	0	0	0	0	0	0	0	0	0	0	0	0	0	0	0	0	0	0	0	0	0	0	0	0	0	0	0	0	0	0	0	0	0	0	0	0	0	0	0	0	0	0	0	0	0	0	0	0	0	0	0	0	0	0	0	0	0	0	0	0	0	0	0	0	0	0	0	0	0	0	0	0	0	0	0	0	0	0	0	0	0	0	0	0	0	0	0	0	0	0	0	0	0	0	0	0	0	0	0	0	0	0	0	0	0	0	0	0	0	0	0	0	0
SRR3989121rbin.24	0	0	0	0	0	0	0	0	0.110098064	162.35405	1.1230749	2510.2393	0	0	0	0	NaN	0	0	0	0	0	0	0	0	0	0	0	0	0	0	0	0.05742572	46.35791	0.5626704	1343.1212	0	0	0	0	0.032793112	177.04825	0.30032137	713.5328	0	0	0	0	0.032213017	56.540615	0.30784526	729.25305	0	0	0	0	0.03157855	32.17663	0	0	0	0	0	0	0	0	0	0	0	0	0	0	0	0	0	0	0.05712889	13.455164	1.0345786	2172.23	0	0	0	0	0	0	0	0	0	0	0	0	0	0	0	0	0	0	0	0	0	0	0	0	0	0	0	0	0.07328861	7.1214666	0	0	0	0	0	0	0	0	0	0	0	0	0	0	0	0	0	0	0	0	0	0	0	0	0	0	0	0	0	0	0	0	0	0	0	0	0	0	0	0	0	0	0	0	0	0	0	0	0	0	0	0	0	0	0	0	0	0	0	0	0	0	0	0	0	0	0.18555823	249.40605	1.8352108	4085.158	0	0	0	0
SRR3984963rbin.4	0	0	0	0	0	0	0	0	0.022790365	64.22007	0.24187149	540.6185	0.06152403	31.443674	0.8922899	1990.7334	NaN	0	0	0	0	0	0	0	0	0	0	0	0	0	0	0	0	0	0	0	0	0	0	0	0	0	0	0	0	0	0	0	0	0	0	0	0	0	0	0	0	0	0	0	0	0	0	0	0	0	0	0	0	0	0	0	0	0	0	0	0	0	0	0	0	0	0	0	0	0	0	0	0	0	0	0	0	0	0	0	0	0	0	0	0	0	0	0	0	0	0	0	0	0	0	0	0	0	0	0	0	0	0	0	0	0	0	0	0	0	0	0	0.083822764	267.03516	2.3484817	4778.5625	0.09472397	0.5360791	3.19908	6996.2876	0.1322871	101.69662	2.6526704	5846.3555	0.08189798	110.63798	1.6680611	3679.052	0	0	0	0	0.098552674	149.10802	1.5614603	3686.7598	0	0	0	0	0.15083008	1.5765975	3.4379826	7049.805	0.14968997	3114.1062	4.2757044	8225.861	0	0	0	0	0.1371567	6.004502	3.0088356	6513.5405	0.09693575	116.887535	1.4802712	3170.6443	0.0198954	46.86103	0.21034653	468.2288	0	0	0	0
SRR10489815bin.11	0	0	0	0	0	0	0	0	0.032209832	58.289112	0.3535955	790.3385	0	0	0	0	NaN	0	0	0	0	0	0	0	0	0	0	0	0	0	0	0	0	0	0	0	0	0	0	0	0	0	0	0	0	0	0	0	0.0128536625	6.252338	0.12338671	292.29004	0	0	0	0	0	0	0	0	0	0	0	0	0	0	0	0	0	0	0	0	0	0	0	0	0	0	0	0	0	0	0	0	0	0	0	0	0	0	0	0	0	0	0	0	0	0	0	0	0	0	0	0	0	0	0	0	0	0	0	0	0	0	0	0	0	0	0	0	0	0	0	0	0	0	0	0	0	0	0	0	0	0	0	0	0	0	0	0	0	0	0	0	0	0	0	0	0	0	0	0	0	0	0	0	0	0	0	0	0	0	0	0	0	0	0	0	0	0	0	0	0	0	0	0	0.013138216	21.370478	0.14495873	322.67648	0	0	0	0
SRR10489815bin.40	0	0	0	0	0	0	0	0	0.22926314	606.4948	2.2319896	4988.8276	0.13665196	68.823784	1.9223156	4288.7607	NaN	0	0	0	0	0	0	0	0	0	0	0	0	0	0	0	0.063590385	23.893137	0.5904984	1409.5482	0	0	0	0	0.09261337	290.1565	0.7802565	1853.8104	0.032550476	0.32894593	0.23714828	691.05756	0.04056251	41.400723	0.36440036	863.22656	0.06355977	0.80132926	0.43367133	1248.1791	0.041867398	41.44485	0.5670938	916.5049	0	0	0	0	0	0	0	0	0	0	0	0	0	0	0	0	0	0	0	0	0	0	0	0	0	0	0	0	0	0	0	0	0	0	0	0	0	0	0	0	0	0	0	0	0	0	0	0	0	0	0	0	0.07055887	89.19578	1.016437	1863.6697	0	0	0	0	0	0	0	0	0	0	0	0	0.050411478	128.96991	1.3115646	2668.7004	0	0	0	0	0.054514572	21.066196	1.041597	2295.6292	0.079188175	81.31327	1.4770564	3257.7737	0	0	0	0	0.023604268	21.310291	0.37398943	883.02515	0	0	0	0	0	0	0	0	0	0	0	0	0	0	0	0	0.032077555	0.7368228	0.7202269	1559.15	0.047930088	33.697315	0.7035104	1506.8727	0.2092023	360.50354	2.033572	4526.708	0.11964158	0.9024129	1.2068617	2865.067
SRR10968263bin.3	0	0	0	0	0	0	0	0	0.04320263	189.95583	0.49942705	1116.293	0.044079825	26.845001	0.73011905	1628.9241	NaN	0	0	0	0	0	0	0	0	0	0	0	0	0	0	0	0.05341906	35.16713	0.56679726	1352.9727	0	0	0	0	0.055775803	366.14566	0.53193164	1263.8152	0.059106573	1.0638522	0.509113	1483.5717	0.050791316	128.87903	0.5210249	1234.2534	0.06565014	1.7655553	0.52524245	1511.7357	0	0	0	0	0	0	0	0	0	0	0	0	0	0	0	0	0	0	0	0	0	0	0	0	0	0	0	0	0	0	0	0	0	0	0	0	0	0	0	0	0	0	0	0	0	0	0	0	0	0	0	0	0	0	0	0	0	0	0	0	0	0	0	0	0	0	0	0	0	0	0	0	0	0	0	0	0	0	0	0	0.016290583	6.47072	0.3710099	817.68756	0	0	0	0	0	0	0	0	0	0	0	0	0	0	0	0	0	0	0	0	0	0	0	0	0	0	0	0	0	0	0	0	0.01505758	9.56845	0.25630105	548.9799	0.044829555	118.04653	0.51261073	1141.0652	0.06389165	0.7321587	0.76123565	1807.1594
SRR5195106rbin.10	0	0	0	0	0	0	0	0	0	0	0	0	0	0	0	0	NaN	0	0	0	0	0	0	0	0	0	0	0	0	0	0	0	0	0	0	0	0	0	0	0	0	0	0	0	0	0	0	0	0	0	0	0	0	0	0	0	0	0	0	0	0	0	0	0	0	0	0	0	0	0	0	0	0	0	0	0	0	0	0	0	0	0	0	0	0	0	0	0	0	0	0	0	0	0	0	0	0	0	0	0	0	0	0	0	0	0	0	0	0	0	0	0	0	0	0	0	0	0	0	0	0	0	0	0	0	0	0	0	0	0	0	0	0	0	0	0	0	0	0	0	0	0	0	0	0	0	0	0	0	0	0	0	0	0	0	0	0	0	0	0	0	0	0	0	0	0	0	0	0	0	0	0	0	0	0	0	0	0	0	0	0	0	0	0
163_merged	0	0	0	0	0	0	0	0	0.29668975	410.4827	2.830158	6325.823	0.3326719	201.64893	4.575005	10207.015	NaN	0	0	0	0	0	0	0	0	0	0	0	0	0	0	0	0.13602348	36.795788	1.2381432	2955.508	0	0	0	0	0.09363989	111.98922	0.79562783	1890.3302	0.18193363	3.8539557	1.2950778	3773.8972	0.19519262	166.55974	1.694492	4014.0757	0.1897159	3.8291736	1.2681528	3649.9568	0	0	0	0	0	0	0	0	0	0	0	0	0	0	0	0	0	0	0	0	0	0	0	0	0	0	0	0	0	0	0	0	0	0	0	0	0	0	0	0	0	0	0	0	0	0	0	0	0	0	0	0	0	0	0	0	0	0	0	0	0	0	0	0	0	0	0	0	0	0	0	0	0	0	0	0	0	0	0	0	0	0	0	0	0.048353486	57.62722	0.8740773	1927.8527	0	0	0	0	0	0	0	0	0	0	0	0	0	0	0	0	0	0	0	0	0	0	0	0	0	0	0	0	0.026919695	72.49878	0.36956838	791.59143	0.18485358	232.44244	1.7699082	3939.794	0.1853883	1.7863241	1.829741	4343.7705
SRR8554643rbin.120	0	0	0	0	0	0	0	0	0	0	0	0	0	0	0	0	NaN	0	0	0	0	0	0	0	0	0	0	0	0	0	0	0	0	0	0	0	0	0	0	0	0	0	0	0	0	0	0	0	0.01663902	6.7828875	0.15103632	357.78925	0	0	0	0	0	0	0	0	0	0	0	0	0	0	0	0	0	0	0	0	0	0	0	0	0	0	0	0	0	0	0	0	0	0	0	0	0	0	0	0	0	0	0	0	0	0	0	0	0	0	0	0	0	0	0	0	0	0	0	0	0	0	0	0	0	0	0	0	0	0	0	0	0	0	0	0	0	0	0	0	0	0	0	0	0	0	0	0	0	0	0	0	0	0	0	0	0	0	0	0	0	0	0	0	0	0	0	0	0	0	0	0	0	0	0	0	0	0	0	0	0	0	0	0	0	0	0	0	0	0	0	0
SRR351473rebin.39	0	0	0	0	0	0	0	0	0.011415605	33.84193	0.14157648	316.4444	0	0	0	0	NaN	0	0	0	0	0	0	0	0	0	0	0	0	0	0	0	0	0	0	0	0	0	0	0	0.017083596	63.88003	0.17413938	413.73746	0	0	0	0	0.01624653	24.24412	0.17612585	417.2237	0	0	0	0	0	0	0	0	0	0	0	0	0	0	0	0	0	0	0	0	0	0	0	0	0	0	0	0	0	0	0	0	0	0	0	0	0	0	0	0	0	0	0	0	0	0	0	0	0	0	0	0	0	0	0	0	0	0	0	0	0	0	0	0	0	0	0	0	0	0	0	0	0	0	0	0	0	0	0	0	0	0	0	0	0	0	0	0	0	0	0	0	0	0	0	0	0.018210424	15.125943	0.30959725	730.9889	0	0	0	0	0	0	0	0	0	0	0	0	0	0	0	0	0	0	0	0	0	0	0	0	0	0	0	0	0	0	0	0
SRR5712671rbin.6	0	0	0	0	0	0	0	0	0	0	0	0	0	0	0	0	NaN	0	0	0	0	0	0	0	0	0	0	0	0	0	0	0	0	0	0	0	0	0	0	0	0	0	0	0	0	0	0	0	0	0	0	0	0	0	0	0	0	0	0	0	0	0	0	0	0	0	0	0	0	0	0	0	0	0	0	0	0	0	0	0	0	0	0	0	0	0	0	0	0	0	0	0	0	0	0	0	0	0	0	0	0	0	0	0	0	0	0	0	0	0	0	0	0	0	0	0	0	0	0	0	0	0	0	0	0	0	0	0	0	0	0	0	0	0	0	0	0.02147738	10.003358	0.4863959	1071.9929	0	0	0	0	0	0	0	0	0.05393066	58.676384	0.8288211	1956.9276	0	0	0	0	0.059897963	0.44387046	1.3797054	2829.1748	0.05817148	917.17334	1.6567773	3187.4102	0	0	0	0	0.061915245	1.7538964	1.3550885	2933.501	0.08354854	86.69446	1.2291313	2632.7185	0	0	0	0	0	0	0	0
SRR4027936rbin.4	0	0	0	0	0	0	0	0	0.58760685	2094.3547	5.737318	12823.757	0.4160465	247.37477	5.8425627	13034.984	NaN	0	0	0	0	0	0	0	0	0	0	0	0	0	0	0	0.1366986	44.87952	1.2557013	2997.4202	0	0	0	0	0.19586831	432.0853	1.6355501	3885.9016	0.17446125	1.6884265	1.260379	3672.784	0.12666771	75.82777	1.1178534	2648.0776	0.16479662	2.0337737	1.1228963	3231.8835	0	0	0	0	0	0	0	0	0	0	0	0	0	0	0	0	0	0	0	0	0	0	0	0	0	0	0	0	0.022860873	0.3212493	0.18815179	379.20493	0	0	0	0	0	0	0	0	0	0	0	0	0	0	0	0	0	0	0	0	0	0	0	0	0	0	0	0	0	0	0	0	0.09810459	0.41541392	4.13724	7732.0557	0	0	0	0	0.11146018	319.23444	2.9454257	5993.191	0.11305699	0.5905065	3.6242218	7926.056	0.18667416	119.37494	3.516601	7750.42	0.23524287	285.81522	4.3672266	9632.289	0	0	0	0	0.1300631	186.59105	1.972244	4656.658	0.16242619	848.3116	6.597242	11679.404	0.18922146	1.7628667	4.148312	8506.381	0.14466427	2783.9094	4.086022	7860.94	0	0	0	0	0.14378116	5.1982865	3.07807	6663.418	0.20110767	251.09854	2.9046931	6221.6626	0.75328106	1854.9513	7.285211	16216.794	0.47678247	4.2727838	4.8037157	11403.93
SRR1586279rbin.3	0	0	0	0	0	0	0	0	0	0	0	0	0	0	0	0	NaN	0	0	0	0	0	0	0	0	0	0	0	0	0	0	0	0	0	0	0	0	0	0	0	0	0	0	0	0	0	0	0	0	0	0	0	0	0	0	0	0	0	0	0	0	0	0	0	0	0	0	0	0	0	0	0	0	0	0	0	0	0	0	0	0	0	0	0	0	0	0	0	0	0	0	0	0	0	0	0	0	0	0	0	0	0	0	0	0	0	0	0	0	0	0	0	0	0	0	0	0	0	0	0	0	0	0	0	0	0	0	0	0.094734535	311.45743	2.6455414	5383.001	0	0	0	0	0.074355744	49.049305	1.5463418	3408.0618	0.062484823	73.94548	1.3166072	2903.8892	0	0	0	0	0.07998054	112.96201	1.2920886	3050.7466	0	0	0	0	0.11744806	1.1263694	2.7831109	5706.9507	0.113218	2237.7224	3.3794146	6501.5225	0	0	0	0	0.11052433	4.2939243	2.493032	5396.926	0.12384548	170.1011	1.942086	4159.8193	0	0	0	0	0	0	0	0
SRR3985384rbin.9	0	0	0	0	0	0	0	0	0.018742811	622.2391	0.19889161	444.55228	0	0	0	0	NaN	0	0	0	0	0	0	0	0	0	0	0	0	0	0	0	0	0	0	0	0	0	0	0	0	0	0	0	0	0	0	0	0	0	0	0	0	0	0	0	0	0	0	0	0	0	0	0	0	0	0	0	0	0	0	0	0	0	0	0	0	0	0	0	0	0	0	0	0	0	0	0	0	0	0	0	0	0	0	0	0	0	0	0	0	0	0	0	0	0	0	0	0	0	0	0	0	0	0	0	0	0	0	0	0.0994358	0.4098694	3.904393	7296.889	0	0	0	0	0.1269754	387.91675	3.1860874	6482.8735	0	0	0	0	0.15560673	96.166756	2.8667934	6318.2744	0.08310871	101.74242	1.5610253	3442.974	0	0	0	0	0.048843645	50.27072	0.71105224	1678.863	0	0	0	0	0.055231974	0.39626712	1.1669859	2392.98	0.075086065	1183.6724	2.0235465	3893.0215	0	0	0	0	0.108758576	3.0781841	2.2367127	4842.0454	0.043353256	49.324207	0.62126577	1330.7106	0	0	0	0	0	0	0	0
SRR11836029bin.13	0	0	0	0	0	0	0	0	0.016303526	120.61065	0.20649403	461.54474	0	0	0	0	NaN	0	0	0	0	0	0	0	0	0	0	0	0	0	0	0	0	0	0	0	0	0	0	0	0.021652967	131.89018	0.22593781	536.8055	0	0	0	0	0.020680668	60.044487	0.23055789	546.1676	0	0	0	0	0	0	0	0	0	0	0	0	0	0	0	0	0	0	0	0	0	0	0	0	0	0	0	0	0	0	0	0	0	0	0	0	0	0	0	0	0	0	0	0	0	0	0	0	0	0	0	0	0	0	0	0	0	0	0	0	0	0	0	0	0	0	0	0	0	0	0	0	0	0	0	0	0	0	0	0	0	0	0	0	0	0	0	0	0	0	0	0	0	0	0	0	0	0	0	0	0	0	0	0	0	0	0	0	0	0	0	0	0	0	0	0	0	0	0	0	0	0	0	0	0.016811984	52.188423	0.2095664	466.4923	0	0	0	0
SRR1586315rbin.5	0	0	0	0	0	0	0	0	0	0	0	0	0	0	0	0	NaN	0	0	0	0	0	0	0	0	0	0	0	0	0	0	0	0	0	0	0	0	0	0	0	0	0	0	0	0	0	0	0	0	0	0	0	0	0	0	0	0	0	0	0	0	0	0	0	0	0	0	0	0	0	0	0	0	0	0	0	0	0	0	0	0	0	0	0	0	0	0	0	0	0	0	0	0	0	0	0	0	0	0	0	0	0	0	0	0	0	0	0	0	0	0	0	0	0	0	0	0	0	0	0	0	0	0	0	0	0	0	0	0	0	0	0	0	0	0	0	0.035970505	22.135036	0.73355275	1616.7147	0	0	0	0	0	0	0	0	0.032685548	48.640358	0.504662	1191.556	0	0	0	0	0	0	0	0	0	0	0	0	0	0	0	0	0.029425768	0.89358	0.6569416	1422.1501	0	0	0	0	0	0	0	0	0	0	0	0
SRR3989254rbin.37	0	0	0	0	0	0	0	0	0.020505633	22.59063	0.21335667	476.88382	0	0	0	0	NaN	0	0	0	0	0	0	0	0	0	0	0	0	0	0	0	0	0	0	0	0	0	0	0	0	0	0	0	0	0	0	0	0.018528553	9.094411	0.1736312	411.31424	0	0	0	0	0	0	0	0	0	0	0	0	0	0	0	0	0	0	0	0	0	0	0	0	0.036123063	11.359858	0.62574404	1313.8297	0	0	0	0	0	0	0	0	0	0	0	0	0	0	0	0	0	0	0	0	0	0	0	0	0	0	0	0	0	0	0	0	0	0	0	0	0	0	0	0	0	0	0	0	0	0	0	0	0	0	0	0	0	0	0	0	0	0	0	0	0	0	0	0	0	0	0	0	0	0	0	0	0	0	0	0	0	0	0	0	0	0	0	0	0	0	0	0	0	0	0	0	0	0	0	0	0	0	0	0	0	0	0	0
SRR10489824bin.8	0	0	0	0	0	0	0	0	0.18393898	660.28424	1.7865084	3993.1108	0.11141131	57.649826	1.5696008	3501.8403	NaN	0	0	0	0	0	0	0	0	0	0	0	0	0	0	0	0.047939405	13.363879	0.43858433	1046.922	0	0	0	0	0.06742158	120.24621	0.5657723	1344.2174	0	0	0	0	0.031498674	16.69538	0.2796915	662.55975	0.050768476	0.60012525	0.34366217	989.11755	0.027615724	27.578665	0.37115738	599.84344	0	0	0	0	0	0	0	0	0	0	0	0	0	0	0	0	0	0	0	0	0	0	0	0	0	0	0	0	0	0	0	0	0	0	0	0	0	0	0	0	0	0	0	0	0	0	0	0	0	0	0	0	0	0	0	0	0	0	0	0	0	0	0	0	0	0	0	0	0.04291004	112.09737	1.1504529	2340.8784	0	0	0	0	0.049651507	22.449707	0.9444976	2081.6262	0.063991226	69.15017	1.200522	2647.8542	0	0	0	0	0.019548496	21.2469	0.3177582	750.2578	0	0	0	0	0	0	0	0	0	0	0	0	0	0	0	0	0.026802517	0.869679	0.61869824	1339.3606	0.038317528	35.884907	0.57435143	1230.2233	0.16209516	330.80826	1.5675428	3489.3325	0.0921246	0.7263471	0.9268372	2200.2947
GCA_003131365.1_20120500_P37_genomic	0	0	0	0	0	0	0	0	0	0	0	0	0	0	0	0	NaN	0	0	0	0	0	0	0	0	0	0	0	0	0	0	0	0	0	0	0	0	0	0	0	0	0	0	0	0	0	0	0	0	0	0	0	0	0	0	0	0	0	0	0	0	0	0	0	0	0	0	0	0	0	0	0	0	0	0	0	0	0	0	0	0	0	0	0	0	0	0	0	0	0	0	0	0	0	0	0	0	0	0	0	0	0	0	0	0	0	0	0	0	0	0	0	0	0	0	0	0	0	0	0	0	0	0	0	0	0	0	0	0.079983704	214.44522	1.9823488	4033.5735	0.08604497	0.42358607	2.5805914	5643.6724	0.06957056	36.870865	1.2801414	2821.3691	0.053171195	58.264927	0.985625	2173.8809	0	0	0	0	0.05576428	51.913067	0.7923458	1870.8052	0	0	0	0	0	0	0	0	0	0	0	0	0	0	0	0	0.038931955	0.870249	0.7936904	1718.1837	0.018681541	15.376963	0.2761831	591.5663	0	0	0	0	0	0	0	0
SRR1586303rbin.3	0	0	0	0	0	0	0	0	0	0	0	0	0	0	0	0	NaN	0	0	0	0	0	0	0	0	0	0	0	0	0	0	0	0	0	0	0	0	0	0	0	0	0	0	0	0	0	0	0	0	0	0	0	0	0	0	0	0	0	0	0	0	0	0	0	0	0	0	0	0	0	0	0	0	0	0	0	0	0	0	0	0	0	0	0	0	0	0	0	0	0	0	0	0	0	0	0	0	0	0	0	0	0	0	0	0	0	0	0	0	0	0	0	0	0	0	0	0	0	0	0	0	0	0	0	0	0	0	0	0.088911906	261.62692	2.282233	4643.7617	0.07911173	0.39595246	2.48912	5443.624	0.071457386	33.774647	1.3512706	2978.1345	0.059876967	72.65819	1.1578889	2553.823	0	0	0	0	0.08268734	85.64938	1.2286208	2900.8928	0	0	0	0	0.056683693	0.37702194	1.2375151	2537.6042	0	0	0	0	0	0	0	0	0.065238714	1.3436321	1.3616025	2947.6025	0.044816136	31.15836	0.66656315	1427.7346	0	0	0	0	0	0	0	0
23_S49_bin.7	0	0	0	0	0	0	0	0	0.00499862	20.75276	0.05905635	131.99974	0	0	0	0	NaN	0	0	0	0	0	0	0	0	0	0	0	0	0	0	0	0	0	0	0	0	0	0	0	0.013498185	46.91442	0.12383995	294.23096	0.047978282	0.48338035	0.35726878	1041.0925	0.021268599	24.671984	0.20191288	478.31058	0	0	0	0	0	0	0	0	0	0	0	0	0	0	0	0	0.04576447	55.111458	0.32082105	652.1602	0	0	0	0	0.03904417	87.47398	0.6792877	1426.2512	0	0	0	0	0	0	0	0	0	0	0	0	1.3121413	6.3284526	12.889172	28834.969	0	0	0	0	3.1680841	1.1409333	57.578873	156589.03	0	0	0	0	2.9672065	58.20836	26.744751	62456.832	0	0	0	0	2.5091202	1886.1818	22.43883	57048.773	0	0	0	0	0	0	0	0	0	0	0	0	0	0	0	0	0	0	0	0	0	0	0	0	0	0	0	0	0	0	0	0	0	0	0	0	0	0	0	0	0	0	0	0	0	0	0	0	0	0	0	0	0	0	0	0	0	0	0	0	0	0	0	0
SRR1153387rbin.5	0	0	0	0	0	0	0	0	0.011592502	41.329113	0.15269658	341.29956	0	0	0	0	NaN	0	0	0	0	0	0	0	0	0	0	0	0	0	0	0	0	0	0	0	0	0	0	0	0	0	0	0	0	0	0	0	0	0	0	0	0	0	0	0	0	0	0	0	0	0	0	0	0	0	0	0	0	0	0	0	0	0	0	0	0	0	0	0	0	0	0	0	0	0	0	0	0	0	0	0	0	0	0	0	0	0	0	0	0	0	0	0	0	0	0	0	0	0	0	0	0	0	0	0	0	0	0	0	0	0	0	0	0	0	0	0	0.044473603	122.52357	1.3568281	2760.8	0	0	0	0	0.03741991	20.285494	0.8846933	1949.8207	0	0	0	0	0	0	0	0	0.056013692	77.544334	0.9883285	2333.5386	0	0	0	0	0	0	0	0	0.043991365	788.5505	1.5116233	2908.153	0	0	0	0	0.04965849	1.6697843	1.2631614	2734.497	0.04169121	48.705044	0.75473803	1616.5991	0	0	0	0	0	0	0	0
SRR9691046rbin.21	0	0	0	0	0	0	0	0	0.026161099	122.52169	0.28744546	642.4831	0	0	0	0	NaN	0	0	0	0	0	0	0	0	0	0	0	0	0	0	0	0	0	0	0	0	0	0	0	0	0	0	0	0	0	0	0	0	0	0	0	0	0	0	0	0	0	0	0	0	0	0	0	0	0	0	0	0	0	0	0	0	0	0	0	0	0	0	0	0	0	0	0	0	0	0	0	0	0	0	0	0	0	0	0	0	0	0	0	0	0	0	0	0	0	0	0	0	0	0	0	0	0	0	0	0	0	0	0	0	0	0	0	0	0	0	0	0	0	0	0	0	0	0	0	0	0	0	0	0	0	0	0	0	0	0	0	0	0	0	0	0	0	0	0	0	0	0	0	0	0	0	0	0	0	0	0	0	0	0	0	0	0	0	0	0.01639498	31.109838	0.18242535	406.0767	0	0	0	0
SRR11743025bin.14	0	0	0	0	0	0	0	0	0	0	0	0	0	0	0	0	NaN	0	0	0	0	0	0	0	0	0	0	0	0	0	0	0	0	0	0	0	0	0	0	0	0	0	0	0	0	0	0	0	0	0	0	0	0	0	0	0	0	0	0	0	0	0	0	0	0	0	0	0	0	0	0	0	0	0	0	0	0	0	0	0	0	0	0	0	0	0	0	0	0	0	0	0	0	0	0	0	0	0	0	0	0	0	0	0	0	0	0	0	0	0	0	0	0	0	0	0	0	0	0	0	0	0	0	0	0	0	0	0	0	0	0	0	0	0	0	0	0	0	0	0	0	0	0	0	0	0	0	0	0	0	0	0	0	0	0	0	0	0	0	0	0	0	0	0	0	0	0	0	0.018746216	0.36505312	0.3887833	841.6396	0.015413748	9.284756	0.22358777	478.9103	0	0	0	0	0	0	0	0
SRR3985394rbin.4	0	0	0	0	0	0	0	0	0.010725792	62.522648	0.117640354	262.94354	0	0	0	0	NaN	0	0	0	0	0	0	0	0	0	0	0	0	0	0	0	0	0	0	0	0	0	0	0	0	0	0	0	0	0	0	0	0	0	0	0	0	0	0	0	0	0	0	0	0	0	0	0	0	0	0	0	0	0	0	0	0	0	0	0	0	0	0	0	0	0	0	0	0	0	0	0	0	0	0	0	0	0	0	0	0	0	0	0	0	0	0	0	0	0	0	0	0	0	0	0	0	0	0	0	0	0	0	0	0	0	0	0	0	0	0	0	0.045472227	124.31386	1.269154	2582.4055	0	0	0	0	0.05083104	25.589119	1.0390283	2289.968	0	0	0	0	0	0	0	0	0.03349701	35.032993	0.5487962	1295.7607	0	0	0	0	0	0	0	0	0	0	0	0	0	0	0	0	0.031673994	0.8868619	0.75497156	1634.3656	0	0	0	0	0	0	0	0	0	0	0	0
SRR9691034rbin.6	0	0	0	0	0	0	0	0	0	0	0	0	0	0	0	0	NaN	0	0	0	0	0	0	0	0	0	0	0	0	0	0	0	0	0	0	0	0	0	0	0	0	0	0	0	0	0	0	0	0	0	0	0	0	0	0	0	0	0	0	0	0	0	0	0	0	0	0	0	0	0	0	0	0	0	0	0	0	0	0	0	0	0	0	0	0	0	0	0	0	0	0	0	0	0	0	0	0	0	0	0	0	0	0	0	0	0	0	0	0	0	0	0	0	0	0	0	0	0	0	0	0	0	0	0	0	0	0	0	0	0	0	0	0	0	0	0	0.038802195	21.37724	0.77942824	1717.8217	0	0	0	0	0	0	0	0	0	0	0	0	0	0	0	0	0	0	0	0	0	0	0	0	0	0	0	0	0	0	0	0	0	0	0	0	0	0	0	0	0	0	0	0
SRR10489821bin.4	0	0	0	0	0	0	0	0	0.35414785	1383.8356	3.4723659	7761.252	0.242852	134.07896	3.4038007	7594.0107	NaN	0	0	0	0	0	0	0	0	0	0	0	0	0	0	0	0.11159297	42.21051	1.0220271	2439.6282	0	0	0	0	0.13990012	416.31528	1.1619072	2760.5735	0.108325586	1.0731922	0.7893369	2300.152	0.08643926	87.25847	0.7661918	1815.0284	0.10260637	1.2643247	0.6993153	2012.7471	0	0	0	0	0	0	0	0	0	0	0	0	0	0	0	0	0	0	0	0	0	0	0	0	0	0	0	0	0	0	0	0	0	0	0	0	0	0	0	0	0	0	0	0	0	0	0	0	0	0	0	0	0	0	0	0	0	0	0	0	0	0	0	0	0.10507495	0.46440315	4.286812	8011.589	0	0	0	0	0.108975835	290.21225	2.8485038	5795.979	0.116853215	0.57144994	3.6378121	7955.7803	0.19641687	114.85216	3.6310747	8002.7124	0.17704678	204.54898	3.3361542	7358.1743	0	0	0	0	0.13169071	164.72615	1.9776248	4669.3633	0.12797083	625.2855	5.287301	9360.357	0.19029741	1.5788957	4.0909963	8388.854	0.13911563	2337.0063	3.903845	7510.453	0	0	0	0	0.15018943	4.7523046	3.1422138	6802.279	0.18489157	191.74347	2.655834	5688.622	0.4114231	1063.0195	4.0050135	8915.112	0.28563848	2.5959992	2.888144	6856.398
S46rbin.4	0	0	0	0	0	0	0	0	0	0	0	0	0	0	0	0	NaN	0	0	0	0	0	0	0	0	0	0	0	0	0	0	0	0	0	0	0	0	0	0	0	0	0	0	0	0	0	0	0	0	0	0	0	0	0	0	0	0	0	0	0	0	0	0	0	0	0	0	0	0	0	0	0	0	0	0	0	0	0	0	0	0	0	0	0	0	0	0	0	0	0	0	0	0	0	0	0	0	0	0	0	0	0	0	0	0	0	0	0	0.046296183	0.6276406	0.4690737	1095.4247	0	0	0	0	0	0	0	0	0	0	0	0	0	0	0	0	0	0	0	0	0	0	0	0	0	0	0	0	0	0	0	0	0	0	0	0	0	0	0	0	0	0	0	0	0	0	0	0	0	0	0	0	0	0	0	0	0	0	0	0	0	0	0	0	0	0	0	0	0	0	0	0
GCA_003135435.1_20111000_P3M_genomic	0	0	0	0	0	0	0	0	0	0	0	0	0	0	0	0	NaN	0	0	0	0	0	0	0	0	0	0	0	0	0	0	0	0	0	0	0	0	0	0	0	0	0	0	0	0	0	0	0	0	0	0	0	0	0	0	0	0	0	0	0	0	0	0	0	0	0	0	0	0	0	0	0	0	0	0	0	0	0	0	0	0	0	0	0	0	0	0	0	0	0	0	0	0	0	0	0	0	0	0	0	0	0	0	0	0	0	0	0	0	0	0	0	0	0	0	0	0	0	0	0	0	0	0	0	0	0	0	0	0.058212165	159.16469	1.4229814	2895.405	0	0	0	0	0.06885321	29.093723	1.2346871	2721.1904	0.044398822	49.412178	0.81163305	1790.1265	0	0	0	0	0.06433923	57.193565	0.8984664	2121.3662	0	0	0	0	0.07607599	0.5255203	1.5788598	3237.5535	0.068910755	1071.3201	1.8031228	3468.957	0	0	0	0	0.08628512	1.7365965	1.6921573	3663.1887	0.05300736	35.089245	0.73317975	1570.4227	0	0	0	0	0	0	0	0
GCA_003158955.1_20120500_P39_genomic	0	0	0	0	0	0	0	0	0.010596679	77.69083	0.11713859	261.82202	0	0	0	0	NaN	0	0	0	0	0	0	0	0	0	0	0	0	0	0	0	0	0	0	0	0	0	0	0	0	0	0	0	0	0	0	0	0	0	0	0	0	0	0	0	0	0	0	0	0	0	0	0	0	0	0	0	0	0	0	0	0	0	0	0	0	0	0	0	0	0	0	0	0	0	0	0	0	0	0	0	0	0	0	0	0	0	0	0	0	0	0	0	0	0	0	0	0	0	0	0	0	0	0	0	0	0	0	0	0	0	0	0	0	0	0	0	0	0	0	0	0	0	0	0	0	0	0	0	0	0	0	0	0	0	0	0	0	0	0	0	0	0	0	0	0	0	0	0	0	0	0	0	0	0	0	0	0	0	0	0	0	0	0	0	0	0	0	0	0	0	0	0
SRR3985390rbin.3	0	0	0	0	0	0	0	0	0.2612382	785.76013	2.5157897	5623.1626	0.13518856	63.661007	1.8904749	4217.722	NaN	0	0	0	0	0	0	0	0	0	0	0	0	0	0	0	0.12912948	38.043076	1.1603103	2769.716	0	0	0	0	0.15831226	315.7896	1.3182498	3132.0278	0.0537161	0.4748684	0.38294765	1115.9215	0.077338874	44.951527	0.6742025	1597.1155	0.07502776	0.8996916	0.5010783	1442.1879	0.1888405	188.13408	2.4080575	3891.7668	0	0	0	0	0	0	0	0	0	0	0	0	0	0	0	0	0.07927945	17.860619	1.3580804	2851.4636	0	0	0	0	0.063459255	1.0958742	0.55358726	1115.7108	0.8268236	1727.1556	10.947304	20560.605	0.6923697	3.3414843	6.6678495	14916.96	0.65183085	2585.983	12.567394	21456.662	0	0	0	0	0.99146473	0.9827341	25.389296	40177	0.27238622	3.5542114	2.4386966	5695.0713	0.5531183	719.98145	7.3816247	13534.4375	0.42986166	253.7515	3.771549	9588.836	0	0	0	0	0	0	0	0	0.10574005	263.3863	2.5847316	5259.2715	0	0	0	0	0.092322476	39.33352	1.6648785	3669.311	0.11827008	118.42888	2.1334167	4705.433	0	0	0	0	0.05511458	50.49037	0.78231	1847.1097	0.11661632	540.7915	4.4780235	7927.6543	0.11296713	0.860885	2.3156424	4748.3755	0.1458197	2263.7285	3.744847	7204.564	0	0	0	0	0.11288098	2.7593439	2.220762	4807.515	0.08653	69.97949	1.1922069	2553.6294	0.2813679	518.41113	2.693133	5994.8833	0.10666418	0.79250854	1.0646679	2527.5015
SRR12277200bin.6	0	0	0	0	0	0	0	0	0	0	0	0	0	0	0	0	NaN	0	0	0	0	0	0	0	0	0	0	0	0	0	0	0	0	0	0	0	0	0	0	0	0	0	0	0	0	0	0	0	0	0	0	0	0	0	0	0	0	0	0	0	0	0	0	0	0	0	0	0	0	0	0	0	0	0	0	0	0	0	0	0	0	0	0	0	0	0	0	0	0	0	0	0	0	0	0	0	0	0	0	0	0	0	0	0	0	0	0	0	0	0	0	0	0	0	0	0	0	0	0	0	0	0	0	0	0	0	0	0	0.083634116	229.39342	2.1483254	4371.2935	0	0	0	0	0.06942688	28.573639	1.3279963	2926.839	0	0	0	0	0	0	0	0	0.039016686	36.337402	0.588331	1389.1067	0	0	0	0	0	0	0	0	0	0	0	0	0	0	0	0	0.033265267	4.8387785	0.7288409	1577.7974	0.026660236	20.705667	0.4019984	861.05426	0	0	0	0	0	0	0	0
SRR1586289rbin.7	0	0	0	0	0	0	0	0	0	0	0	0	0	0	0	0	NaN	0	0	0	0	0	0	0	0	0	0	0	0	0	0	0	0	0	0	0	0	0	0	0	0	0	0	0	0	0	0	0	0	0	0	0	0	0	0	0	0	0	0	0	0	0	0	0	0	0	0	0	0	0	0	0	0	0	0	0	0	0	0	0	0	0	0	0	0	0	0	0	0	0	0	0	0	0	0	0	0	0	0	0	0	0	0	0	0	0	0	0	0	0	0	0	0	0	0	0	0	0	0	0	0	0	0	0	0	0	0	0	0	0	0	0	0	0	0	0	0	0	0	0	0	0	0	0	0	0	0	0	0.028890125	30.207918	0.46561787	1099.3685	0	0	0	0	0	0	0	0	0	0	0	0	0	0	0	0	0.028721316	0.792875	0.65994644	1428.6547	0	0	0	0	0	0	0	0	0	0	0	0
SRR3989121rbin.28	0	0	0	0	0	0	0	0	0.08051606	231.52272	0.7848444	1754.2438	0.05709844	33.778557	0.7845127	1750.2783	NaN	0	0	0	0	0	0	0	0	0	0	0	0	0	0	0	0.19172011	100.91584	1.7414228	4156.861	0	0	0	0	0.14016919	568.252	1.1833917	2811.619	0.068694204	0.76096374	0.495243	1443.1536	0.21425982	507.32007	1.8729576	4436.8403	0.09797142	1.5931413	0.6632873	1909.0521	0.2847023	595.63635	3.6181335	5847.4233	0.032962754	15.264431	0.284581	578.54553	0	0	0	0	0.03133505	20.513653	0.22626436	459.94687	0	0	0	0	0.25795937	201.44933	4.2237787	8868.363	0	0	0	0	0.104344994	3.4523933	0.8919992	1797.7524	0.56657887	1729.6383	7.7483683	14552.55	0.29403752	1.9756129	2.9567761	6614.741	0.49024385	2297.3516	10.000964	17074.926	0	0	0	0	0	0	0	0	0.3107526	9.365581	2.8785741	6722.3154	0.6158101	1778.0702	8.374796	15355.45	0.16161923	124.27435	1.480413	3763.8208	0	0	0	0	0	0	0	0	0	0	0	0	0	0	0	0	0	0	0	0	0	0	0	0	0	0	0	0	0	0	0	0	0	0	0	0	0	0	0	0	0	0	0	0	0	0	0	0	0	0	0	0	0	0	0	0	0.07172037	125.53786	0.69735175	1552.297	0	0	0	0
SRR3985190rbin.18	0	0	0	0	0	0	0	0	0	0	0	0	0	0	0	0	NaN	0	0	0	0	0	0	0	0	0	0	0	0	0	0	0	0	0	0	0	0	0	0	0	0	0	0	0	0	0	0	0	0.039639734	186.86752	0.3725903	882.6277	0	0	0	0	0	0	0	0	0	0	0	0	0	0	0	0	0	0	0	0	0	0	0	0	0	0	0	0	0	0	0	0	0	0	0	0	0	0	0	0	0	0	0	0	0	0	0	0	0	0	0	0	0	0	0	0	0	0	0	0	0	0	0	0	0	0	0	0	0	0	0	0	0	0	0	0	0	0	0	0	0	0	0	0	0	0	0	0	0	0	0	0	0	0	0	0	0	0	0	0	0	0	0	0	0	0	0	0	0	0	0	0	0	0	0	0	0	0	0	0	0	0	0	0	0	0	0	0	0	0	0	0
GCA_003132645.1_20120500_P19_genomic	0	0	0	0	0	0	0	0	0.022408355	217.66515	0.25852752	577.84717	0	0	0	0	NaN	0	0	0	0	0	0	0	0	0	0	0	0	0	0	0	0	0	0	0	0	0	0	0	0	0	0	0	0	0	0	0	0	0	0	0	0	0	0	0	0	0	0	0	0	0	0	0	0	0	0	0	0	0	0	0	0	0	0	0	0	0	0	0	0	0	0	0	0	0	0	0	0	0	0	0	0	0	0	0	0	0	0	0	0	0	0	0	0	0	0	0	0	0	0	0	0	0	0	0	0	0	0	0	0	0	0	0	0	0	0	0	0	0	0	0	0	0	0	0	0	0	0	0	0	0	0	0	0	0	0	0	0	0	0	0	0	0	0	0	0	0	0	0	0	0	0	0	0	0	0	0	0	0	0	0	0	0	0	0	0.024681777	140.34183	0.28229043	628.3755	0	0	0	0
SRR3985527rbin.9	0	0	0	0	0	0	0	0	0.019803135	125.97343	0.22073394	493.37308	0	0	0	0	NaN	0	0	0	0	0	0	0	0	0	0	0	0	0	0	0	0	0	0	0	0	0	0	0	0	0	0	0	0	0	0	0	0.04477252	467.877	0.47400823	1122.8761	0	0	0	0	0.07442976	543.4129	1.1738985	1897.1877	0	0	0	0	0	0	0	0	0	0	0	0	0	0	0	0	0.11299507	1132.3108	2.3392146	4911.481	0	0	0	0	0.07967995	26.33423	0.8372748	1687.4604	0	0	0	0	0	0	0	0	0	0	0	0	0	0	0	0	0	0	0	0	0	0	0	0	0	0	0	0	0	0	0	0	0	0	0	0	0	0	0	0	0	0	0	0	0	0	0	0	0	0	0	0	0	0	0	0	0	0	0	0	0	0	0	0	0	0	0	0	0	0	0	0	0	0	0	0	0	0	0	0	0	0	0	0	0	0	0	0	0	0	0	0	0	0	0	0
GCA_003170935.1_20110800_E2D_genomic	0	0	0	0	0	0	0	0	0.3045552	1556.5706	2.9566028	6608.446	0.37882614	252.11742	5.3876514	12020.06	NaN	0	0	0	0	0	0	0	0.5385491	315.84485	8.166531	18835.861	0	0	0	0	0.344469	187.13611	3.286707	7845.5273	0.23385039	280.01324	2.152857	6160.3687	0.24138181	951.1043	2.1911075	5205.8477	0.22372447	2.9666395	1.6103013	4692.469	0.6048242	2184.776	5.5136094	13061.166	0.2015119	3.566123	1.3734703	3953.078	1.4108782	4242.4946	18.617336	30088.283	0.076822124	25.969738	0.7208988	1465.5684	0.90146595	7147.4634	17.204948	30851.967	0.042133536	18.913795	0.32286096	656.3068	1.1587316	2708.9307	24.210135	42150.383	0.6052827	317.66858	10.562624	22177.58	0	0	0	0	0.5120744	23.160204	4.631722	9334.866	1.551467	4966.619	21.027784	39493.19	1.003068	8.048941	10.147142	22700.648	1.1005287	4765.1177	22.094946	37723.32	1.0685354	0.35556647	19.691553	53552.297	0.93491364	0.9796422	25.07733	39683.332	1.6712686	129.53374	15.20191	35500.918	1.2409409	2992.9146	16.988049	31148.115	0.6620504	569.662	6.054624	15393.353	0	0	0	0	0	0	0	0	0	0	0	0	0	0	0	0	0	0	0	0	0.07890389	80.398285	1.4255768	3144.2307	0	0	0	0	0	0	0	0	0	0	0	0	0	0	0	0	0	0	0	0	0	0	0	0	0	0	0	0	0.023999361	12.000339	0.32619327	698.6846	0.31638733	910.6404	3.0937793	6886.7163	0.20320655	1.8971559	2.043894	4852.1665
SRR5665648rbin.10	0	0	0	0	0	0	0	0	0.640281	6967.6313	6.355483	14205.445	0.3894534	307.51196	5.596477	12485.959	NaN	0	0	0	0.43181568	1805.6523	17.722162	35550.39	0.2794359	173.96658	4.296855	9910.57	0	0	0	0	0.33244023	261.74847	3.1280751	7466.867	0.1608514	212.64493	1.491122	4266.8228	0.4213382	4136.2993	3.6749728	8731.363	0.24726236	5.1881957	1.842223	5368.2954	0.27883267	972.231	2.5311093	5995.9326	0.28819224	8.155174	2.0100799	5785.348	0.15441489	209.97725	2.080049	3361.6577	0	0	0	0	0	0	0	0	0	0	0	0	0	0	0	0	0.07092968	20.859232	1.2233789	2568.6396	0	0	0	0	0.05488888	1.1116958	0.4878869	983.2971	0.6516473	1928.805	9.061781	17019.326	0.50461584	3.8291943	5.0884953	11383.713	0.6411787	2796.5276	13.132149	22420.885	0	0	0	0	0.5933077	0.6164184	16.08803	25458.332	0.31286612	14.143234	2.9698822	6935.546	0.48279297	1047.3613	6.701629	12287.646	0.4415303	401.2856	4.0543904	10307.934	0	0	0	0	0	0	0	0	0.041181736	108.81175	1.0472472	2130.8809	0	0	0	0	0.05512106	29.832617	1.0383906	2288.562	0.1466388	180.01802	2.7226548	6005.049	0	0	0	0	0	0	0	0	0	0	0	0	0	0	0	0	0	0	0	0	0	0	0	0	0	0	0	0	0.08462419	85.57183	1.1876279	2543.8218	0.6937016	4368.1167	6.8791943	15313.005	0.5432913	9.332666	5.595054	13282.555
SRR7026199rbin.1	0	0	0	0	0	0	0	0	0	0	0	0	0	0	0	0	NaN	0	0	0	0	0	0	0	0	0	0	0	0	0	0	0	0	0	0	0	0	0	0	0	0	0	0	0	0	0	0	0	0	0	0	0	0	0	0	0	0	0	0	0	0	0	0	0	0	0	0	0	0	0	0	0	0	0	0	0	0	0	0	0	0	0	0	0	0	0	0	0	0	0	0	0	0	0	0	0	0	0	0	0	0	0	0	0	0	0	0	0	0	0	0	0	0	0	0	0	0	0	0	0	0	0	0	0	0	0	0	0	0	0	0	0	0	0	0	0	0.022731453	10.711322	0.5024243	1107.3187	0	0	0	0	0	0	0	0	0.05900142	65.53888	0.8934563	2109.5369	0	0	0	0	0.069824085	0.534662	1.5776757	3235.126	0.065054215	1056.2587	1.8440038	3547.6057	0	0	0	0	0.06813813	1.915332	1.4892603	3223.9565	0.091453716	89.81911	1.3457445	2882.4973	0	0	0	0	0	0	0	0
SRR11834729bin.39	0	0	0	0	0	0	0	0	0.072599925	301.04526	0.75379723	1684.8483	0.09831584	65.78424	1.4461812	3226.4866	NaN	0	0	0	0	0	0	0	0	0	0	0	0	0	0	0	0.051960856	19.73641	0.50752383	1211.4838	0	0	0	0	0.066269934	252.47137	0.5828605	1384.8171	0.17000352	4.0424695	1.3238215	3857.6584	0.06844614	118.63322	0.6456249	1529.4177	0.13169926	3.5451865	0.960306	2763.9216	0	0	0	0	0	0	0	0	0	0	0	0	0	0	0	0	0	0	0	0	0	0	0	0	0	0	0	0	0	0	0	0	0	0	0	0	0	0	0	0	0	0	0	0	0	0	0	0	0	0	0	0	0	0	0	0	0	0	0	0	0	0	0	0	0	0	0	0	0	0	0	0	0	0	0	0	0	0	0	0	0.01831876	6.89332	0.3618007	797.3911	0.04504641	48.455402	0.87945986	1939.7238	0	0	0	0	0.027625129	23.30603	0.4246286	1002.5891	0	0	0	0	0	0	0	0	0	0	0	0	0	0	0	0	0	0	0	0	0.039505016	30.716047	0.5738438	1229.1355	0.06423631	144.8557	0.66336966	1476.6531	0.22361027	3.8018847	2.3677723	5621.048
23_S49_bin.9	0	0	0	0	0	0	0	0	0	0	0	0	0	0	0	0	NaN	0	0	0	0	0	0	0	0	0	0	0	0	0	0	0	0	0	0	0	0	0	0	0	0	0	0	0	0.120540865	1.5927826	0.9628669	2805.8252	0	0	0	0	0.06601773	1.0524465	0.5188222	1493.2573	0	0	0	0	0	0	0	0	0	0	0	0	0.03877822	28.535534	0.2898202	589.14166	0	0	0	0	0	0	0	0	0	0	0	0	0	0	0	0	0	0	0	0	0.15431675	0.6351577	1.544992	3456.3738	0	0	0	0	0	0	0	0	0	0	0	0	1.2535968	12.934854	11.034041	25767.719	0	0	0	0	0.12940194	76.82741	1.220795	3103.764	0	0	0	0	0	0	0	0	0	0	0	0	0	0	0	0	0	0	0	0	0	0	0	0	0	0	0	0	0	0	0	0	0	0	0	0	0	0	0	0	0	0	0	0	0	0	0	0	0	0	0	0	0	0	0	0	0	0	0	0	0	0	0	0
SRR12756227bin.2	0	0	0	0	0	0	0	0	0.00943871	39.50025	0.118282385	264.37854	0	0	0	0	NaN	0	0	0	0	0	0	0	0	0	0	0	0	0	0	0	0	0	0	0	0	0	0	0	0	0	0	0	0	0	0	0	0	0	0	0	0	0	0	0	0	0	0	0	0	0	0	0	0	0	0	0	0	0	0	0	0	0	0	0	0	0	0	0	0	0	0	0	0	0	0	0	0	0	0	0	0	0	0	0	0	0	0	0	0	0	0	0	0	0	0	0	0	0	0	0	0	0	0	0	0	0	0	0	0	0	0	0	0	0	0	0	0	0	0	0	0	0	0	0	0.031080019	16.947344	0.7093737	1563.4248	0	0	0	0	0	0	0	0	0.037675098	45.513153	0.6474519	1528.6967	0	0	0	0	0.06667707	0.59818506	1.6154771	3312.6409	0.051883854	972.7978	1.6106877	3098.7388	0	0	0	0	0.057031408	2.0372167	1.3518236	2926.433	0.060733102	66.161224	0.97968185	2098.4138	0	0	0	0	0	0	0	0
SRR10489833bin.18	0	0	0	0	0	0	0	0	0	0	0	0	0	0	0	0	NaN	0	0	0	0	0	0	0	0	0	0	0	0	0	0	0	0	0	0	0	0	0	0	0	0	0	0	0	0	0	0	0	0	0	0	0	0	0	0	0	0	0	0	0	0	0	0	0	0	0	0	0	0	0	0	0	0	0	0	0	0	0	0	0	0	0	0	0	0	0	0	0	0	0	0	0	0	0	0	0	0	0	0	0	0	0	0	0	0	0	0	0	0	0	0	0	0	0	0	0	0	0	0	0	0	0	0	0	0	0	0	0	0	0	0	0	0	0	0	0	0	0	0	0	0	0	0	0	0	0	0	0	0	0	0	0	0	0	0	0	0	0	0	0	0	0	0	0	0	0	0	0	0	0	0	0	0	0	0	0	0	0	0	0	0	0	0	0
SRR3989258rbin.25	0	0	0	0	0	0	0	0	0	0	0	0	0	0	0	0	NaN	0	0	0	0	0	0	0	0	0	0	0	0	0	0	0	0	0	0	0	0	0	0	0	0	0	0	0	0	0	0	0	0	0	0	0	0	0	0	0	0.050268095	64.91241	0.64475566	1042.0178	0	0	0	0	0	0	0	0	0	0	0	0	0	0	0	0	0.054537304	17.260326	0.9064104	1903.1243	0	0	0	0	0.036416754	0.6683173	0.30829358	621.3412	0	0	0	0	0	0	0	0	0	0	0	0	0	0	0	0	0	0	0	0	0	0	0	0	0	0	0	0	0	0	0	0	0	0	0	0	0	0	0	0	0	0	0	0	0	0	0	0	0	0	0	0	0	0	0	0	0	0	0	0	0	0	0	0	0	0	0	0	0	0	0	0	0	0	0	0	0	0	0	0	0	0	0	0	0	0	0	0	0	0	0	0	0	0	0	0
11p_S11_bin.72	0	0	0	0	0	0	0	0	0.27778673	326.54425	2.7870014	6229.3604	0	0	0	0	NaN	0	0	0	0	0	0	0	0	0	0	0	0	0	0	0	0	0	0	0	0	0	0	0	0	0	0	0	0	0	0	0	0.008239753	2.6933248	0.08156493	193.21881	0	0	0	0	0	0	0	0	0	0	0	0	0	0	0	0	0	0	0	0	0	0	0	0	0	0	0	0	0	0	0	0	0	0	0	0	0	0	0	0	0	0	0	0	0	0	0	0	0	0	0	0	0	0	0	0	0	0	0	0	0	0	0	0	0	0	0	0	0	0	0	0	0	0	0	0	0	0	0	0	0	0	0	0	0	0	0	0	0	0	0	0	0	0	0	0	0	0	0	0	0	0	0	0	0	0	0	0	0	0	0	0	0	0	0	0	0	0	0	0	0	0	0	0	0.22741464	301.99847	2.2510736	5010.862	0	0	0	0
161_merged	0	0	0	0	0	0	0	0	0.026352933	45.618687	0.26983315	603.1171	0	0	0	0	NaN	0	0	0	0	0	0	0	0	0	0	0	0	0	0	0	0.471616	153.50955	4.2535863	10153.516	0	0	0	0	0.32112366	491.7405	2.8095703	6675.2544	0.21205625	1.9118254	1.5217476	4434.421	0.24658513	140.18707	2.1437457	5078.3096	0.41501275	5.296413	2.7719007	7977.996	0	0	0	0	0	0	0	0	0	0	0	0	0	0	0	0	0	0	0	0	0.025438193	5.1585646	0.46013042	966.1024	0	0	0	0	0.040974405	6.3511662	0.39244404	790.93945	0	0	0	0	0.89083123	5.4612846	8.745506	19564.984	0	0	0	0	0	0	0	0	0	0	0	0	0.6453724	16.903814	5.846893	13654.21	0	0	0	0	0.93835664	785.92865	8.41371	21391.123	0	0	0	0	0	0	0	0	0	0	0	0	0	0	0	0	0	0	0	0	0	0	0	0	0	0	0	0	0	0	0	0	0	0	0	0	0	0	0	0	0	0	0	0	0	0	0	0	0	0	0	0	0	0	0	0	0.04484611	58.34479	0.445286	991.2016	0	0	0	0
SRR3985382rbin.2	0	0	0	0	0	0	0	0	0.031770453	1618.3962	0.35428864	791.8874	0	0	0	0	NaN	0	0	0	0	0	0	0	0	0	0	0	0	0	0	0	0.029425876	65.39596	0.31070697	741.67267	0	0	0	0	0.03521329	881.30396	0.33683527	800.28644	0.08698493	7.005194	0.72600734	2115.6082	0.037178244	480.26422	0.37781	894.9924	0.067985445	7.049476	0.53327805	1534.8635	0	0	0	0	0	0	0	0	0	0	0	0	0	0	0	0	0	0	0	0	0	0	0	0	0	0	0	0	0	0	0	0	0	0	0	0	0	0	0	0	0	0	0	0	0	0	0	0	0	0	0	0	0	0	0	0	0	0	0	0	0	0	0	0	0	0	0	0	0	0	0	0	0	0	0	0	0	0	0	0	0	0	0	0	0	0	0	0	0	0	0	0	0.01731601	21.204838	0.29281795	691.37164	0	0	0	0	0	0	0	0	0	0	0	0	0	0	0	0	0	0	0	0	0.017170224	51.985443	0.27335003	585.49786	0.028264547	526.2304	0.3148798	700.91864	0.08311246	6.8029966	0.9438513	2240.685
GCA_003167555.1_20110700_P1D_genomic	0	0	0	0	0	0	0	0	0	0	0	0	0	0	0	0	NaN	0	0	0	0	0	0	0	0	0	0	0	0	0	0	0	0	0	0	0	0	0	0	0	0	0	0	0	0	0	0	0	0	0	0	0	0	0	0	0	0	0	0	0	0	0	0	0	0	0	0	0	0	0	0	0	0	0	0	0	0	0	0	0	0	0	0	0	0	0	0	0	0	0	0	0	0	0	0	0	0	0	0	0	0	0	0	0	0	0	0	0	0	0	0	0	0	0	0	0	0	0	0	0	0	0	0	0	0	0	0	0	0	0	0	0	0	0	0	0	0	0	0	0	0	0	0	0	0	0	0	0	0	0	0	0	0	0	0	0	0	0	0	0	0	0	0	0	0	0	0	0	0	0	0	0	0	0	0	0	0	0	0	0	0	0	0	0
GCA_003152135.1_20120700_P3D_genomic	0	0	0	0	0	0	0	0	0	0	0	0	0	0	0	0	NaN	0	0	0	0	0	0	0	0	0	0	0	0	0	0	0	0	0	0	0	0	0	0	0	0	0	0	0	0	0	0	0	0	0	0	0	0	0	0	0	0	0	0	0	0	0	0	0	0	0	0	0	0	0	0	0	0	0	0	0	0	0	0	0	0	0	0	0	0	0	0	0	0	0	0	0	0	0	0	0	0	0	0	0	0	0	0	0	0	0	0	0	0	0	0	0	0	0	0	0	0	0	0	0	0	0	0	0	0	0	0	0	0.04685093	128.98761	1.1536233	2347.33	0	0	0	0	0.056303896	24.133837	1.0147115	2236.375	0	0	0	0	0	0	0	0	0.050436515	43.438183	0.7059402	1666.7937	0	0	0	0	0.06164194	0.43078074	1.2900903	2645.4133	0.053402767	788.4094	1.4113369	2715.2153	0	0	0	0	0.06696454	1.330869	1.3179331	2853.0671	0.04317414	27.271362	0.60062057	1286.4895	0	0	0	0	0	0	0	0
SRR7026314rbin.1	0	0	0	0	0	0	0	0	0	0	0	0	0	0	0	0	NaN	0	0	0	0	0	0	0	0	0	0	0	0	0	0	0	0	0	0	0	0	0	0	0	0	0	0	0	0	0	0	0	0	0	0	0	0	0	0	0	0	0	0	0	0	0	0	0	0	0	0	0	0	0	0	0	0	0	0	0	0	0	0	0	0	0	0	0	0	0	0	0	0	0	0	0	0	0	0	0	0	0	0	0	0	0	0	0	0	0	0	0	0	0	0	0	0	0	0	0	0	0	0	0	0	0	0	0	0	0	0	0	0	0	0	0	0	0	0	0	0.02398031	12.40023	0.53607637	1181.4863	0	0	0	0	0	0	0	0	0	0	0	0	0	0	0	0	0	0	0	0	0	0	0	0	0	0	0	0	0.04077352	1.2287892	0.9448005	2045.308	0	0	0	0	0	0	0	0	0	0	0	0
SRR1586317rbin.2	0	0	0	0	0	0	0	0	0	0	0	0	0	0	0	0	NaN	0	0	0	0	0	0	0	0	0	0	0	0	0	0	0	0	0	0	0	0	0	0	0	0	0	0	0	0	0	0	0	0	0	0	0	0	0	0	0	0	0	0	0	0	0	0	0	0	0	0	0	0	0	0	0	0	0	0	0	0	0	0	0	0	0	0	0	0	0	0	0	0	0	0	0	0	0	0	0	0	0	0	0	0	0	0	0	0	0	0	0	0	0	0	0	0	0	0	0	0	0	0	0	0.1285136	0.58487725	4.997551	9339.884	0	0	0	0	0.13641134	431.83307	3.3897402	6897.2593	0.10173336	0.5477485	3.1020377	6784.0547	0.14370523	96.9377	2.6192772	5772.7607	0.1205121	157.39265	2.2200224	4896.4478	0	0	0	0	0.16564222	259.2709	2.3205178	5478.9673	0	0	0	0	0.0721455	0.5430609	1.5200819	3117.0261	0.06930091	1162.1703	1.8538678	3566.5837	0	0	0	0	0.14565927	5.001244	2.885415	6246.359	0.041657474	36.999523	0.597816	1280.4828	0	0	0	0	0	0	0	0
SRR1586305rbin.3	0	0	0	0	0	0	0	0	0.014854439	94.13279	0.1655786	370.09262	0	0	0	0	NaN	0	0	0	0	0	0	0	0	0	0	0	0	0	0	0	0	0	0	0	0	0	0	0	0.018194828	146.99216	0.16875708	400.9498	0	0	0	0	0.016664172	56.32666	0.16240999	384.73233	0	0	0	0	0	0	0	0	0	0	0	0	0	0	0	0	0	0	0	0	0	0	0	0	0	0	0	0	0	0	0	0	0	0	0	0	0	0	0	0	0	0	0	0	0	0	0	0	0	0	0	0	0	0	0	0	0.097476274	7.4416456	0.9619557	2246.4482	0	0	0	0	0	0	0	0	0	0	0	0	0	0	0	0	0	0	0	0	0	0	0	0	0	0	0	0	0	0	0	0	0	0	0	0	0	0	0	0	0	0	0	0	0	0	0	0	0	0	0	0	0	0	0	0	0	0	0	0	0	0	0	0	0	0	0	0	0	0	0	0
GCA_003152455.1_20120700_P2D_genomic	0	0	0	0	0	0	0	0	0.10755329	2688.7017	1.1923939	2665.1777	0.13520554	258.3879	2.1364245	4766.447	NaN	0	0	0	0	0	0	0	0	0	0	0	0	0	0	0	0.09315153	146.48708	0.9660547	2306.0198	0	0	0	0	0.08579838	1439.8733	0.8048797	1912.3119	0.11473684	14.14093	0.9547018	2782.0313	0.10128438	1131.4868	1.0154428	2405.4785	0.11583062	14.383833	0.8979724	2584.5156	0	0	0	0	0	0	0	0	0	0	0	0	0	0	0	0	0	0	0	0	0	0	0	0	0	0	0	0	0	0	0	0	0	0	0	0	0	0	0	0	0	0	0	0	0	0	0	0	0	0	0	0	0	0	0	0	0	0	0	0	0	0	0	0	0	0	0	0	0	0	0	0	0	0	0	0	0	0	0	0	0.06184446	99.62888	1.2843895	2830.7322	0.07186398	189.28572	1.4969522	3301.6558	0	0	0	0	0.03794135	118.82853	0.6162919	1455.1245	0	0	0	0	0	0	0	0	0	0	0	0	0	0	0	0	0.043836795	3.5549757	0.9907436	2144.766	0.060566492	194.08255	0.94162714	2016.9031	0.105224885	1096.2607	1.1574004	2576.3591	0.18313344	11.9630995	2.0805726	4939.239
SRR3989121rbin.11	0	0	0	0	0	0	0	0	0.040714294	705.0124	0.45673373	1020.8674	0	0	0	0	NaN	0	0	0	0	0	0	0	0	0	0	0	0	0	0	0	0.053423505	114.34328	0.521024	1243.7096	0	0	0	0	0.051562022	1411.5879	0.46552148	1106.0316	0	0	0	0	0.024846537	607.11584	0.24874817	589.2583	0	0	0	0	0	0	0	0	0	0	0	0	0	0	0	0	0	0	0	0	0	0	0	0	0	0	0	0	0	0	0	0	0	0	0	0	0	0	0	0	0	0	0	0	0	0	0	0	0	0	0	0	0	0	0	0	0	0	0	0	0	0	0	0	0	0	0	0	0	0	0	0	0	0	0	0	0	0	0	0	0	0	0	0	0	0	0	0	0	0	0	0	0	0	0	0	0	0	0	0	0	0	0	0	0	0	0	0	0	0	0	0	0	0	0	0	0	0	0	0	0	0	0	0	0.043229554	498.25778	0.48082545	1070.312	0	0	0	0
SRR3985391rbin.2	0	0	0	0	0	0	0	0	0.048174687	235.85669	0.46971786	1049.889	0.36203435	238.23	5.001747	11159.093	NaN	0	0	0	0	0	0	0	0	0	0	0	0	0	0	0	0	0	0	0	0	0	0	0	0	0	0	0	0	0	0	0	0	0	0	0	0	0	0	0	0	0	0	0	0	0	0	0	0	0	0	0	0	0	0	0	0	0	0	0	0	0	0	0	0	0	0	0	0	0	0	0	0	0	0	0	0	0	0	0	0	0	0	0	0	0	0	0	0	0	0	0	0	0	0	0	0	0	0	0	0	0	0	0	0.39689255	1.8126514	15.136824	28289.105	0.4388093	0.5891382	39.83994	63375.12	0.5324085	1732.724	12.853855	26154.313	0.45381778	2.4649312	13.39607	29296.771	0.57380104	347.40536	10.151951	22374.404	0.37151027	505.61325	6.661118	14691.661	0	0	0	0	0.3366498	384.03928	4.625167	10920.467	0.2448648	1434.585	9.295276	16455.865	0.44848263	3.3493624	9.061722	18581.646	0.4659775	8466.187	11.904461	22902.531	0.29372093	1730.1104	18.72833	28802.27	0.41698596	9.902693	8.043142	17411.832	0.51951206	432.46225	6.94858	14883.403	0.04375503	111.0321	0.42654172	949.4768	0.09622212	1.2109057	0.95687604	2271.6057
SRR8554485rbin.58	0	0	0	0	0	0	0	0	0.045170844	205.2337	0.51129633	1142.8229	0	0	0	0	NaN	0	0	0	0	0	0	0	0	0	0	0	0	0	0	0	0.019584969	6.201333	0.20705852	494.25867	0	0	0	0	0.022117551	56.848248	0.2096555	498.11996	0	0	0	0	0.013073035	9.092737	0.13382146	317.00925	0	0	0	0	0	0	0	0	0	0	0	0	0	0	0	0	0	0	0	0	0	0	0	0	0	0	0	0	0	0	0	0	0	0	0	0	0	0	0	0	0	0	0	0	0	0	0	0	0	0	0	0	0	0	0	0	0	0	0	0	0	0	0	0	0	0	0	0	0	0	0	0	0	0	0	0	0.051588073	141.3069	1.5641074	3182.5593	0	0	0	0	0.05719178	32.880123	1.2510841	2757.3281	0.04666276	52.59695	1.0447032	2304.1821	0	0	0	0	0.060973294	79.4544	1.0673585	2520.1362	0	0	0	0	0.06716479	0.6261623	1.7057139	3497.6768	0.063701235	1238.4893	2.0704746	3983.3054	0	0	0	0	0.060696635	2.1352885	1.4964703	3239.5657	0.063750856	76.99287	1.0835717	2320.9387	0.051743988	156.64061	0.57805973	1286.7546	0	0	0	0
GCA_003170995.1_20110800_E1D_genomic	0	0	0	0	0	0	0	0	0.030189803	41.296112	0.31800035	710.77814	0	0	0	0	NaN	0	0	0	0	0	0	0	0	0	0	0	0	0	0	0	0.027975572	7.8574862	0.26902935	642.1859	0	0	0	0	0.04188893	71.468796	0.36038262	856.2324	0	0	0	0	0.029086648	13.569035	0.269409	638.2016	0.03478103	0.39746526	0.24823177	714.4527	0	0	0	0	0	0	0	0	0	0	0	0	0	0	0	0	0	0	0	0	0	0	0	0	0	0	0	0	0	0	0	0	0.18112779	425.55124	2.5488157	4787.042	0	0	0	0	0	0	0	0	0	0	0	0	0	0	0	0	0.0701234	0.7738726	0.6728376	1571.273	0.1090631	149.83705	1.5353535	2815.1177	0.14900282	97.69488	1.3851726	3521.6802	0	0	0	0	0	0	0	0	0	0	0	0	0	0	0	0	0	0	0	0	0	0	0	0	0	0	0	0	0	0	0	0	0	0	0	0	0	0	0	0	0	0	0	0	0	0	0	0	0	0	0	0	0	0	0	0	0.018204324	24.785347	0.19504151	434.16022	0	0	0	0
SRR1586279rbin.6	0	0	0	0	0	0	0	0	0	0	0	0	0	0	0	0	NaN	0	0	0	0	0	0	0	0	0	0	0	0	0	0	0	0	0	0	0	0	0	0	0	0	0	0	0	0	0	0	0	0	0	0	0	0	0	0	0	0	0	0	0	0	0	0	0	0	0	0	0	0	0	0	0	0	0	0	0	0	0	0	0	0	0	0	0	0	0	0	0	0	0	0	0	0	0	0	0	0	0	0	0	0	0	0	0	0	0	0	0	0	0	0	0	0	0	0	0	0	0	0	0	0	0	0	0	0	0	0	0	0.050553534	139.15233	1.2486866	2540.7595	0	0	0	0	0.039801087	17.7884	0.7419381	1635.1958	0.05196763	58.459675	0.95745033	2111.739	0	0	0	0	0.078535505	73.65908	1.0948839	2585.127	0	0	0	0	0	0	0	0	0	0	0	0	0	0	0	0	0.046856802	0.947729	0.93961227	2034.0765	0.049056012	30.747791	0.6786298	1453.5808	0	0	0	0	0	0	0	0
SRR7102015rbin.23	0	0	0	0	0	0	0	0	0.012279998	12.518924	0.1371955	306.65228	0	0	0	0	NaN	0	0	0	0	0	0	0	0	0	0	0	0	0	0	0	0	0	0	0	0	0	0	0	0	0	0	0	0	0	0	0	0	0	0	0	0	0	0	0	0	0	0	0	0	0	0	0	0	0	0	0	0	0	0	0	0	0	0	0	0	0	0	0	0	0	0	0	0	0	0	0	0	0	0	0	0	0	0	0	0	0	0	0	0	0	0	0	0	0	0	0	0	0	0	0	0	0	0	0	0	0	0	0	0	0	0	0	0	0	0	0	0	0	0	0	0	0	0	0	0	0	0	0	0	0	0	0	0	0	0	0	0	0	0	0	0	0	0	0	0	0	0	0	0	0	0	0	0	0	0	0	0	0	0	0	0	0	0	0	0	0	0	0	0	0	0	0
SRR10489825bin.2	0	0	0	0	0	0	0	0	0.12186847	471.26132	1.2144588	2714.4954	0.067130886	37.071995	0.96528554	2153.5896	NaN	0	0	0	0	0	0	0	0	0	0	0	0	0	0	0	0.14722127	74.0643	1.3616695	3250.372	0	0	0	0	0.17350785	863.97314	1.476044	3506.9304	0.09886095	1.2111537	0.7306696	2129.1948	0.1514827	296.52728	1.3578688	3216.649	0.100345604	1.6393547	0.69345397	1995.8776	0.28478715	552.9744	3.789541	6124.4424	0.028080806	11.009564	0.2533914	515.1381	0	0	0	0	0	0	0	0	0	0	0	0	0.21334733	126.03504	3.594103	7546.28	0	0	0	0	0.09723081	3.1349459	0.86009234	1733.4474	0.16150928	340.7403	2.2355082	4198.605	0.19442913	0.9758356	1.9477909	4357.4937	0	0	0	0	0	0	0	0	0	0	0	0	0.10950084	1.6158665	1.0256835	2395.271	0.22982295	376.7447	3.1910188	5850.8315	0.12502712	79.29299	1.1448289	2910.6277	0	0	0	0	0	0	0	0	0	0	0	0	0	0	0	0	0	0	0	0	0	0	0	0	0	0	0	0	0	0	0	0	0	0	0	0	0	0	0	0	0	0	0	0	0	0	0	0	0	0	0	0	0.020136226	11.868495	0.28936622	619.80334	0.17949715	525.339	1.769213	3938.2466	0.15840621	1.5718223	1.6106443	3823.6392
GCA_003167275.1_20110700_P2D_genomic	0	0	0	0	0	0	0	0	0	0	0	0	0	0	0	0	NaN	0	0	0	0	0	0	0	0	0	0	0	0	0	0	0	0	0	0	0	0	0	0	0	0	0	0	0	0	0	0	0	0	0	0	0	0	0	0	0	0	0	0	0	0	0	0	0	0	0	0	0	0	0	0	0	0	0	0	0	0	0	0	0	0	0	0	0	0	0	0	0	0	0	0	0	0	0	0	0	0	0	0	0	0	0	0	0	0	0	0	0	0	0	0	0	0	0	0	0	0	0	0	0	0	0	0	0	0	0	0	0	0	0	0	0	0	0	0	0	0	0	0	0	0	0	0	0	0	0	0	0	0	0	0	0	0	0	0	0	0	0	0	0	0	0	0	0	0	0	0	0	0	0	0	0	0	0	0	0	0	0	0	0	0	0	0	0
SRR5659263rbin.1	0	0	0	0	0	0	0	0	0.5599535	6409.6733	5.3930774	12054.327	0.3623771	249.11615	5.1001754	11378.693	NaN	0	0	0	0.39836356	1580.4032	15.650243	31394.15	0.2445593	128.235	3.696328	8525.471	0	0	0	0	0.25452814	208.70502	2.3457468	5599.4106	0.11882672	125.80866	1.0872954	3111.2793	0.32666326	3023.4478	2.83999	6747.5283	0.18446982	3.7408037	1.3460501	3922.4326	0.2206375	772.7405	1.9627036	4649.4385	0.21777599	5.982663	1.4873205	4280.7583	0.15113077	205.09633	1.9679961	3180.5642	0	0	0	0	0	0	0	0	0	0	0	0	0	0	0	0	0.0671777	29.972399	1.1349697	2383.0142	0	0	0	0	0.050323006	1.0704907	0.43249035	871.64954	0.5026024	1925.2177	6.814393	12798.405	0.40377778	4.4431524	3.987253	8920.07	0.50571245	2478.5732	9.9767	17033.492	0	0	0	0	0.4788108	0.58048135	12.747542	20172.201	0.27444822	23.295095	2.51919	5883.0454	0.4189592	1391.5618	5.707106	10464.16	0.3107017	366.75385	2.8110735	7146.9087	0	0	0	0	0	0	0	0	0.04055382	92.78859	1.0170101	2069.3564	0	0	0	0	0.050945736	20.646791	0.9324734	2055.1262	0.13466322	145.70439	2.426838	5352.5986	0	0	0	0	0	0	0	0	0	0	0	0	0	0	0	0	0.029833745	401.61096	0.8002653	1539.5994	0	0	0	0	0.019947736	0.38466334	0.4229727	915.65314	0.085794546	65.099495	1.1620657	2489.0686	0.69095266	4583.761	6.627778	14753.355	0.5182924	8.8098135	5.1677566	12268.157
SRR5674476rbin.8	0	0	0	0	0	0	0	0	0.21300934	751.0914	2.0286717	4534.381	0.10991441	55.857574	1.5317388	3417.3682	NaN	0	0	0	0	0	0	0	0	0	0	0	0	0	0	0	0.09883564	28.914232	0.88697284	2117.247	0	0	0	0	0.12958896	291.09332	1.0749052	2553.8655	0.04483295	0.39263803	0.31655475	922.45056	0.062677056	38.3348	0.5420393	1284.0344	0.064254224	0.75453454	0.43082812	1239.9956	0.16133691	165.52696	2.049835	3312.8274	0	0	0	0	0	0	0	0	0	0	0	0	0	0	0	0	0.06955287	20.497059	1.1698694	2456.2908	0	0	0	0	0.05271638	1.0053426	0.45667997	920.40186	0.6600731	1460.0443	8.650254	16246.421	0.5499634	2.9930625	5.236974	11715.878	0.48098844	1734.051	9.270688	15828.099	0	0	0	0	0.80167466	0.7980071	20.445538	32353.814	0.20556888	2.9463537	1.8216608	4254.1113	0.45597926	637.7672	5.963993	10935.167	0.3350138	199.2786	2.921296	7427.1387	0	0	0	0	0	0	0	0	0.07770597	179.90692	1.9058061	3877.8293	0	0	0	0	0.07130036	28.53615	1.2734575	2806.6387	0.093460016	93.74696	1.67556	3695.59	0	0	0	0	0.04124	34.419727	0.5846694	1380.4612	0.09961316	436.67035	3.8394303	6797.1235	0.084519446	0.5924796	1.7313008	3550.144	0.11872689	1831.762	3.0279799	5825.4126	0	0	0	0	0.08621006	1.9638942	1.6953315	3670.0598	0.065432936	48.9497	0.9015779	1931.1207	0.22048865	440.04022	2.096123	4665.9443	0.08870192	0.64840215	0.8757581	2079.0332
GCA_003131315.1_20120500_P39_genomic	0	0	0	0	0	0	0	0	0	0	0	0	0	0	0	0	NaN	0	0	0	0	0	0	0	0	0	0	0	0	0	0	0	0	0	0	0	0	0	0	0	0	0	0	0	0	0	0	0	0	0	0	0	0	0	0	0	0	0	0	0	0	0	0	0	0	0	0	0	0	0	0	0	0	0	0	0	0	0	0	0	0	0	0	0	0	0	0	0	0	0	0	0	0	0	0	0	0	0	0	0	0	0	0	0	0	0	0	0	0	0	0	0	0	0	0	0	0	0	0	0	0	0	0	0	0	0	0	0	0	0	0	0	0	0	0	0	0	0	0	0	0	0	0	0	0	0	0	0	0.023206646	26.73772	0.3456849	816.1956	0	0	0	0	0	0	0	0	0	0	0	0	0	0	0	0	0.03301493	0.90419567	0.6846447	1482.1215	0.036354035	35.13638	0.5197874	1113.3506	0	0	0	0	0	0	0	0
SRR10489834bin.34	0	0	0	0	0	0	0	0	0.005753119	5.877804	0.06364755	142.26167	0	0	0	0	NaN	0	0	0	0	0	0	0	0	0	0	0	0	0	0	0	0	0	0	0	0	0	0	0	0	0	0	0	0	0	0	0	0	0	0	0	0	0	0	0	0	0	0	0	0	0	0	0	0	0	0	0	0	0	0	0	0	0	0	0	0	0	0	0	0	0	0	0	0	0	0	0	0	0	0	0	0	0	0	0	0	0	0	0	0	0	0	0	0	0	0	0	0	0	0	0	0	0	0	0	0	0	0	0	0	0	0	0	0	0	0	0	0	0	0	0	0	0	0	0	0	0	0	0	0	0	0	0	0	0	0	0	0	0	0	0	0	0	0	0	0	0	0	0	0	0	0	0	0	0	0	0	0	0	0	0	0	0	0	0	0	0	0	0	0	0	0	0
17p_S17_bin.1	0	0	0	0	0	0	0	0	0	0	0	0	0	0	0	0	NaN	0	0	0	0	0	0	0	0	0	0	0	0	0	0	0	0	0	0	0	0	0	0	0	0	0	0	0	0	0	0	0	0	0	0	0	0	0	0	0	7.815947	14092.897	95.412346	154200.06	0.06397422	30.556868	0.529007	1075.4569	2.0939474	23582.957	37.724075	67646.93	0	0	0	0	1.7917633	6035.509	34.98343	60906.918	0.08914406	26.099575	1.4122617	2965.2239	0	0	0	0	0.13174309	2.1101375	1.070677	2157.8638	0	0	0	0	0	0	0	0	0	0	0	0	0	0	0	0	0	0	0	0	0	0	0	0	0.11828822	191.58582	1.5747881	2887.422	0	0	0	0	0	0	0	0	0	0	0	0	0	0	0	0	0	0	0	0	0	0	0	0	0	0	0	0	0	0	0	0	0	0	0	0	0	0	0	0	0	0	0	0	0	0	0	0	0	0	0	0	0	0	0	0	0	0	0	0	0	0	0	0	0	0	0	0
11p_S11_bin.20	0	0	0	0	0	0	0	0	0.22700146	190.01393	2.1457553	4796.08	0.09512955	53.11	1.3143276	2932.315	NaN	0	0	0	0	0	0	0	0	0	0	0	0	0	0	0	0.032178555	9.980469	0.29213336	697.33655	0	0	0	0	0.040385682	48.80827	0.3406304	809.3031	0.059789974	0.48962533	0.421163	1227.2826	0.034269396	12.155227	0.29984814	710.30884	0.056001112	0.6092251	0.37067136	1066.8542	0	0	0	0	0	0	0	0	0	0	0	0	0	0	0	0	0	0	0	0	0	0	0	0	0	0	0	0	0	0	0	0	0	0	0	0	0	0	0	0	0	0	0	0	0	0	0	0	0	0	0	0	0	0	0	0	0	0	0	0	0	0	0	0	0	0	0	0	0	0	0	0	0	0	0	0	0	0	0	0	0	0	0	0	0.049030174	52.27223	0.8716018	1922.3926	0	0	0	0	0	0	0	0	0	0	0	0	0	0	0	0	0	0	0	0	0	0	0	0	0	0	0	0	0	0	0	0	0.133567	157.41609	1.2731384	2833.991	0.11712757	0.83115757	1.1526104	2736.275
SRR1586270rbin.25	0	0	0	0	0	0	0	0	0.042532742	107.74883	0.467123	1044.0889	0	0	0	0	NaN	0	0	0	0	0	0	0	0	0	0	0	0	0	0	0	0.019850222	6.9971733	0.20513996	489.67905	0	0	0	0	0.013909677	29.718386	0.13022481	309.40097	0	0	0	0	0.012403808	11.727682	0.12600264	298.48703	0	0	0	0	0	0	0	0	0.2164029	2671.6682	1.9946015	4054.972	0	0	0	0	0.23667791	6654.5464	1.8117496	3682.896	0	0	0	0	0	0	0	0	0	0	0	0	0	0	0	0	0	0	0	0	0	0	0	0	0	0	0	0	0	0	0	0	0	0	0	0	0.19201896	6.127938	1.9240435	4493.205	0	0	0	0	0	0	0	0	0	0	0	0	0	0	0	0	0	0	0	0	0	0	0	0	0	0	0	0	0	0	0	0	0	0	0	0	0	0	0	0	0	0	0	0	0	0	0	0	0	0	0	0	0	0	0	0	0	0	0	0	0	0	0	0	0.032971162	58.605965	0.3665686	815.9773	0	0	0	0
GCA_003167925.1_20110700_S1D_genomic	0	0	0	0	0	0	0	0	0.011678922	28.411394	0.13143072	293.7672	0	0	0	0	NaN	0	0	0	0	0	0	0	0	0	0	0	0	0	0	0	0	0	0	0	0	0	0	0	0	0	0	0	0	0	0	0	0	0	0	0	0	0	0	0	0	0	0	0	0	0	0	0	0	0	0	0	0	0	0	0	0	0	0	0	0	0	0	0	0	0	0	0	0	0	0	0	0	0	0	0	0	0	0	0	0	0	0	0	0	0	0	0	0	0	0	0	0	0	0	0	0	0	0	0	0	0	0	0	0	0	0	0	0	0	0	0	0	0	0	0	0	0	0	0	0	0	0	0	0	0	0	0	0	0	0	0	0	0	0	0	0	0	0	0	0	0	0	0	0	0	0	0	0	0	0	0	0	0	0	0	0	0	0	0	0	0	0	0	0	0	0	0
SRR11678610bin.13	0	0	0	0	0	0	0	0	0	0	0	0	0	0	0	0	NaN	0	0	0	0	0	0	0	0	0	0	0	0	0	0	0	0	0	0	0	0	0	0	0	0	0	0	0	0	0	0	0	0	0	0	0	0	0	0	0	0	0	0	0	0	0	0	0	0	0	0	0	0	0	0	0	0	0	0	0	0	0	0	0	0	0	0	0	0	0	0	0	0	0	0	0	0	0	0	0	0	0	0	0	0	0	0	0	0	0	0	0	0.07272623	1.3979138	0.80336833	1876.1008	0	0	0	0	0	0	0	0	0	0	0	0	0	0	0	0	0	0	0	0	0	0	0	0	0	0	0	0	0	0	0	0	0	0	0	0	0	0	0	0	0	0	0	0	0	0	0	0	0	0	0	0	0	0	0	0	0	0	0	0	0	0	0	0	0	0	0	0	0	0	0	0
SRR12756230bin.2	0	0	0	0	0	0	0	0	0	0	0	0	0	0	0	0	NaN	0	0	0	0	0	0	0	0	0	0	0	0	0	0	0	0	0	0	0	0	0	0	0	0	0	0	0	0	0	0	0	0	0	0	0	0	0	0	0	0	0	0	0	0	0	0	0	0	0	0	0	0	0	0	0	0	0	0	0	0	0	0	0	0	0	0	0	0	0	0	0	0	0	0	0	0	0	0	0	0	0	0	0	0	0	0	0	0	0	0	0	0	0	0	0	0	0	0	0	0	0	0	0	0	0	0	0	0	0	0	0	0	0	0	0	0	0	0	0	0	0	0	0	0	0	0	0	0	0	0	0	0	0	0	0	0	0	0	0	0	0	0	0	0	0	0	0	0	0	0	0	0	0	0	0	0	0	0	0	0	0	0	0	0	0	0	0
SRR10360647bin.2	0	0	0	0	0	0	0	0	0	0	0	0	0	0	0	0	NaN	0	0	0	0	0	0	0	0	0	0	0	0	0	0	0	0	0	0	0	0	0	0	0	0	0	0	0	0	0	0	0	0	0	0	0	0	0	0	0	0	0	0	0	0	0	0	0	0	0	0	0	0	0	0	0	0	0	0	0	0	0	0	0	0	0	0	0	0	0	0	0	0	0	0	0	0	0	0	0	0	0	0	0	0	0	0	0	0	0	0	0	0	0	0	0	0	0	0	0	0	0	0	0	0	0	0	0	0	0	0	0	0	0	0	0	0	0	0	0	0	0	0	0	0	0	0	0	0	0	0	0	0	0	0	0	0	0	0	0	0	0	0	0	0	0	0	0	0	0	0	0	0	0	0	0	0	0	0	0	0	0	0	0	0	0	0	0
SRR3989239rbin.17	0	0	0	0	0	0	0	0	0.009958625	12.197334	0.0987453	220.71039	0	0	0	0	NaN	0	0	0	0	0	0	0	0	0	0	0	0	0	0	0	0	0	0	0	0	0	0	0	0.011394707	19.936544	0.09710904	230.72131	0	0	0	0	0.013688285	13.0392065	0.1218842	288.73108	0	0	0	0	0	0	0	0	0	0	0	0	0	0	0	0	0	0	0	0	0	0	0	0	0.050201107	14.903039	0.8154452	1712.1309	0	0	0	0	0	0	0	0	0	0	0	0	0	0	0	0	0	0	0	0	0	0	0	0	0	0	0	0	0	0	0	0	0	0	0	0	0	0	0	0	0	0	0	0	0	0	0	0	0	0	0	0	0	0	0	0	0	0	0	0	0	0	0	0	0	0	0	0	0	0	0	0	0	0	0	0	0	0	0	0	0	0	0	0	0	0	0	0	0	0	0	0	0	0	0	0	0.01201207	15.345917	0.11873028	264.29233	0	0	0	0
SRR3985188rbin.4	0	0	0	0	0	0	0	0	0	0	0	0	0	0	0	0	NaN	0	0	0	0	0	0	0	0	0	0	0	0	0	0	0	0	0	0	0	0	0	0	0	0	0	0	0	0	0	0	0	0	0	0	0	0	0	0	0	0	0	0	0	0	0	0	0	0	0	0	0	0	0	0	0	0	0	0	0	0	0	0	0	0	0	0	0	0	0	0	0	0	0	0	0	0	0	0	0	0	0	0	0	0	0	0	0	0	0	0	0	0	0	0	0	0	0	0	0	0	0	0	0	0	0	0	0	0	0	0	0	0	0	0	0	0	0	0	0	0	0	0	0	0	0	0	0	0	0	0	0	0	0	0	0	0	0	0	0	0	0	0	0	0	0	0	0	0	0	0	0	0	0	0	0	0	0	0	0	0	0	0	0	0	0	0	0
SRR1586300rbin.1	0	0	0	0	0	0	0	0	0	0	0	0	0	0	0	0	NaN	0	0	0	0	0	0	0	0	0	0	0	0	0	0	0	0	0	0	0	0	0	0	0	0	0	0	0	0	0	0	0	0	0	0	0	0	0	0	0	0	0	0	0	0	0	0	0	0	0	0	0	0	0	0	0	0	0	0	0	0	0	0	0	0	0	0	0	0	0	0	0	0	0	0	0	0	0	0	0	0	0	0	0	0	0	0	0	0	0	0	0	0	0	0	0	0	0	0	0	0	0	0	0	0	0	0	0	0	0	0	0	0	0	0	0	0	0	0	0	0	0	0	0	0	0	0	0	0	0	0	0	0	0	0	0	0	0	0	0	0	0	0	0	0	0	0	0	0	0	0	0	0	0	0	0	0	0	0	0	0	0	0	0	0	0	0	0
SRR3989258rbin.21	0	0	0	0	0	0	0	0	0.028317388	88.12285	0.3076986	687.75183	0	0	0	0	NaN	0	0	0	0	0	0	0	0	0	0	0	0	0	0	0	0.031738494	27.306759	0.31377175	748.9885	0	0	0	0	0.019694736	121.43553	0.17996065	427.5682	0	0	0	0	0.016587785	40.220036	0.16306108	386.2746	0	0	0	0	0	0	0	0	3.2245739	12558.516	27.002707	54895.785	0	0	0	0	6.371483	41003.58	44.068493	89581.734	0	0	0	0	0	0	0	0	0	0	0	0	0	0	0	0	0	0	0	0	0.14594464	1.3286862	1.4808846	3312.9568	0	0	0	0	0	0	0	0	0	0	0	0	0.32282305	12.009301	3.0188384	7049.8726	0	0	0	0	0.52475345	571.84894	4.8135424	12238.008	0	0	0	0	0	0	0	0	0	0	0	0	0	0	0	0	0	0	0	0	0	0	0	0	0	0	0	0	0	0	0	0	0	0	0	0	0	0	0	0	0	0	0	0	0	0	0	0	0	0	0	0	0	0	0	0	0.030478675	72.61196	0.32949248	733.4462	0	0	0	0
SRR7026262rbin.4	0	0	0	0	0	0	0	0	0.058374606	306.70795	0.6197529	1385.2391	0.07830149	57.369564	1.1698196	2609.9124	NaN	0	0	0	0	0	0	0	0	0	0	0	0	0	0	0	0.04592862	25.901302	0.45671684	1090.2054	0	0	0	0	0.058016233	328.99362	0.51948196	1234.2365	0.15467292	4.828041	1.2262982	3573.4714	0.06285453	162.62512	0.6028837	1428.1683	0.120434605	4.236039	0.89218724	2567.8645	0	0	0	0	0	0	0	0	0	0	0	0	0	0	0	0	0	0	0	0	0	0	0	0	0	0	0	0	0	0	0	0	0	0	0	0	0	0	0	0	0	0	0	0	0	0	0	0	0	0	0	0	0	0	0	0	0	0	0	0	0	0	0	0	0	0	0	0	0	0	0	0	0	0	0	0	0	0	0	0	0	0	0	0	0.041208994	47.52204	0.8269308	1823.8665	0	0	0	0	0.04255528	42.31194	0.64159536	1514.8689	0	0	0	0	0	0	0	0	0	0	0	0	0	0	0	0	0.01942313	0.42027318	0.415853	900.2403	0.03268891	28.149054	0.4853713	1039.6337	0.051929533	138.07843	0.5500816	1224.475	0.17047259	3.268981	1.8463055	4383.0947
SRR3984962rbin.17	0	0	0	0	0	0	0	0	0	0	0	0	0	0	0	0	NaN	0	0	0	0	0	0	0	0	0	0	0	0	0	0	0	0	0	0	0	0	0	0	0	0	0	0	0	0	0	0	0	0	0	0	0	0	0	0	0	0	0	0	0	0	0	0	0	0	0	0	0	0	0	0	0	0	0	0	0	0	0	0	0	0	0	0	0	0	0	0	0	0	0	0	0	0	0	0	0	0	0	0	0	0	0	0	0	0	0	0	0	0	0	0	0	0	0	0	0	0	0	0	0	0	0	0	0	0	0	0	0	0.11807808	387.52933	3.0350626	6175.58	0.08832255	0.48371124	2.7766743	6072.4946	0.046856817	49.55508	0.9532776	2100.9768	0.05909091	85.968376	1.1668423	2573.5708	0	0	0	0	0.05839816	126.15318	0.90952194	2147.4697	0	0	0	0	0	0	0	0	0	0	0	0	0	0	0	0	0.065644324	5.303496	1.4563912	3152.8018	0.05389478	164.24089	0.8464169	1812.97	0	0	0	0	0	0	0	0
GCA_003152275.1_20120700_P3D_genomic	0	0	0	0	0	0	0	0	0.011520316	92.190475	0.14035504	313.71423	0	0	0	0	NaN	0	0	0	0	0	0	0	0	0	0	0	0	0	0	0	0	0	0	0	0	0	0	0	0	0	0	0	0	0	0	0	0	0	0	0	0	0	0	0	0	0	0	0	0	0	0	0	0	0	0	0	0	0	0	0	0	0	0	0	0	0	0	0	0	0	0	0	0	0	0	0	0	0	0	0	0	0	0	0	0	0	0	0	0	0	0	0	0	0	0	0	0	0	0	0	0	0	0	0	0	0	0	0	0	0	0	0	0	0	0	0	0.083648324	236.42139	2.23476	4547.169	0.07466822	0.37570935	2.4219582	5296.746	0.0687022	37.50607	1.3731369	3026.3274	0.060784847	68.61111	1.2160921	2682.1953	0	0	0	0	0.10411436	158.41817	1.590904	3756.278	0	0	0	0	0.08128551	0.79947495	1.8467287	3786.8364	0.08098986	1692.1052	2.33873	4499.3926	0	0	0	0	0.087689996	3.965349	1.9105853	4136.0435	0.08302376	122.262344	1.2548182	2687.739	0	0	0	0	0	0	0	0
SRR5665647rbin.11	0	0	0	0	0	0	0	0	0.08474717	695.8243	0.83362144	1863.2672	0.13216597	143.92453	1.8167895	4053.3286	NaN	0	0	0	0	0	0	0	0	0	0	0	0	0	0	0	0.0797069	243.07515	0.72588885	1732.7317	0	0	0	0	0.06309897	1850.8037	0.5253093	1248.0815	0.09359546	8.978271	0.6770496	1972.9437	0.0865822	1326.5958	0.75516033	1788.896	0.08596189	11.610899	0.5846897	1682.8353	0	0	0	0	0	0	0	0	0	0	0	0	0	0	0	0	0	0	0	0	0	0	0	0	0	0	0	0	0	0	0	0	0	0	0	0	0	0	0	0	0	0	0	0	0	0	0	0	0	0	0	0	0	0	0	0	0	0	0	0	0	0	0	0	0	0	0	0	0	0	0	0	0	0	0	0	0	0	0	0	0	0	0	0	0	0	0	0	0	0	0	0	0	0	0	0	0	0	0	0	0	0	0	0	0	0	0	0	0	0	0	0	0	0	0	0	0	0	0	0	0.09598098	302.03915	0.9391945	2090.6357	0.07525716	1.7408775	0.76032996	1805.0089
SRR7097863rbin.20	0	0	0	0	0	0	0	0	0	0	0	0	0	0	0	0	NaN	0	0	0	0	0	0	0	0	0	0	0	0	0	0	0	0	0	0	0	0	0	0	0	0	0	0	0	0	0	0	0	0	0	0	0	0	0	0	0	0	0	0	0	0	0	0	0	0	0	0	0	0	0	0	0	0	0	0	0	0	0	0	0	0	0	0	0	0	0	0	0	0	0	0	0	0	0	0	0	0	0	0	0	0	0	0	0	0	0	0	0	0	0	0	0	0	0	0	0	0	0	0	0	0	0	0	0	0	0	0	0	0	0	0	0	0	0	0	0	0.02528099	13.4691925	0.4997918	1101.5168	0	0	0	0	0	0	0	0	0.033855528	38.618183	0.5050767	1192.5348	0	0	0	0	0	0	0	0	0	0	0	0	0	0	0	0	0.025487179	0.5850719	0.54433876	1178.3867	0	0	0	0	0	0	0	0	0	0	0	0
SRR12277200bin.7	0	0	0	0	0	0	0	0	0	0	0	0	0	0	0	0	NaN	0	0	0	0	0	0	0	0	0	0	0	0	0	0	0	0	0	0	0	0	0	0	0	0	0	0	0	0	0	0	0	0	0	0	0	0	0	0	0	0	0	0	0	0	0	0	0	0	0	0	0	0	0	0	0	0	0	0	0	0	0	0	0	0	0	0	0	0	0	0	0	0	0	0	0	0	0	0	0	0	0	0	0	0	0	0	0	0	0	0	0	0	0	0	0	0	0	0	0	0	0	0	0	0	0	0	0	0	0	0	0	0.05331255	144.24622	1.3736092	2794.9448	0	0	0	0	0.04711096	18.665964	0.8859091	1952.5002	0	0	0	0	0	0	0	0	0	0	0	0	0	0	0	0	0	0	0	0	0	0	0	0	0	0	0	0	0.020942323	0.37519252	0.4734647	1024.9584	0	0	0	0	0	0	0	0	0	0	0	0
SRR3985390rbin.10	0	0	0	0	0	0	0	0	0	0	0	0	0	0	0	0	NaN	0	0	0	0	0	0	0	0	0	0	0	0	0	0	0	0	0	0	0	0	0	0	0	0	0	0	0	0	0	0	0	0	0	0	0	0	0	0	0	0	0	0	0	0	0	0	0	0	0	0	0	0	0	0	0	0	0	0	0	0	0	0	0	0	0	0	0	0	0	0	0	0	0	0	0	0	0	0	0	0	0	0	0	0	0	0	0	0	0	0	0	0	0	0	0	0	0	0	0	0	0	0	0	0	0	0	0	0	0	0	0	0	0	0	0	0	0	0	0	0	0	0	0	0	0	0	0	0	0	0	0	0	0	0	0	0	0	0	0	0	0	0	0	0	0	0	0	0	0	0	0	0	0	0	0	0	0	0	0	0	0	0	0	0	0	0	0
SRR7448200rbin.2	0	0	0	0	0	0	0	0	0	0	0	0	0	0	0	0	NaN	0	0	0	0	0	0	0	0	0	0	0	0	0	0	0	0	0	0	0	0	0	0	0	0	0	0	0	0	0	0	0	0	0	0	0	0.037456147	0.5267917	0.29322198	843.94226	0	0	0	0	0	0	0	0	0	0	0	0	0	0	0	0	0	0	0	0	0	0	0	0	0	0	0	0	0	0	0	0	0	0	0	0	0	0	0	0	0	0	0	0	0	0	0	0	0	0	0	0	0	0	0	0	0	0	0	0	0	0	0	0	0	0	0	0	0	0	0	0	0	0	0	0	0	0	0	0	0	0	0	0	0	0	0	0	0	0	0	0	0	0	0	0	0	0	0	0	0	0	0	0	0	0	0	0	0	0	0	0	0	0	0	0	0	0	0	0	0	0	0	0	0	0	0	0
SRR5664280rbin.7	0	0	0	0	0	0	0	0	0	0	0	0	0	0	0	0	NaN	0	0	0	0	0	0	0	0	0	0	0	0	0	0	0	0	0	0	0	0	0	0	0	0	0	0	0	0	0	0	0	0	0	0	0	0	0	0	0	0	0	0	0	0	0	0	0	0	0	0	0	0	0	0	0	0	0	0	0	0	0	0	0	0	0	0	0	0	0	0	0	0.5459266	1105.4031	7.9070997	14850.672	0	0	0	0	0	0	0	0	0	0	0	0	0	0	0	0	0	0	0	0	0.05476125	67.08949	0.80332726	1472.9252	0	0	0	0	0	0	0	0	0	0	0	0	0	0	0	0	0	0	0	0	0	0	0	0	0	0	0	0	0	0	0	0	0	0	0	0	0	0	0	0	0	0	0	0	0	0	0	0	0	0	0	0	0	0	0	0	0	0	0	0	0	0	0	0	0	0	0	0
SRR9691032rbin.2	0	0	0	0	0	0	0	0	0.16944365	1629.6697	1.762995	3940.5547	0.19324921	179.43126	2.8770306	6418.7676	NaN	0	0	0	0	0	0	0	0	0	0	0	0	0	0	0	0.099826425	61.060383	1.0162873	2425.927	0	0	0	0	0.10132393	594.9451	0.9335466	2218.0117	0.102034286	2.0700984	0.8297003	2417.7727	0.093875684	239.92871	0.9244205	2189.856	0.11077302	2.9872	0.83254284	2396.1975	0.023650026	23.64067	0.3414038	551.75757	0	0	0	0	0	0	0	0	0	0	0	0	0	0	0	0	0	0	0	0	0	0	0	0	0	0	0	0	0.11342598	202.6581	1.6487836	3096.653	0	0	0	0	0	0	0	0	0	0	0	0	0	0	0	0	0	0	0	0	0.08661808	98.35524	1.2792145	2345.4795	0	0	0	0	0.095339954	0.44104594	3.8660038	7225.1436	0	0	0	0	0.09032427	289.71198	2.333873	4748.8374	0.100593664	0.5849717	3.1462975	6880.8477	0.13217765	113.95943	2.5012922	5512.7266	0.13069141	188.18988	2.5124395	5541.4004	0	0	0	0	0.06450804	75.02775	0.9603713	2267.529	0	0	0	0	0.069935545	0.56411666	1.5310687	3139.5547	0.07200014	1237.285	1.9901019	3828.6802	0	0	0	0	0.06604728	2.0515869	1.3934689	3016.5864	0.09005782	116.952995	1.3052725	2795.8086	0.17271927	834.4841	1.7871337	3978.1384	0.28802776	6.450462	3.0767174	7304.071
GCA_003132145.1_20120500_P28_genomic	0	0	0	0	0	0	0	0	0.018585127	41.600677	0.22228354	496.83667	0	0	0	0	NaN	0	0	0	0	0	0	0	0	0	0	0	0	0	0	0	0	0	0	0	0	0	0	0	0	0	0	0	0	0	0	0	0.013546764	28.65294	0.15157226	359.05875	0	0	0	0	0	0	0	0	0	0	0	0	0	0	0	0	0	0	0	0	0	0	0	0	0	0	0	0	0	0	0	0	0	0	0	0	0	0	0	0	0	0	0	0	0	0	0	0	0	0	0	0	0	0	0	0	0	0	0	0	0	0	0	0	0	0	0	0	0	0	0	0	0	0	0	0	0	0	0	0	0	0	0	0	0	0	0	0	0	0	0	0	0	0	0	0	0	0	0	0	0	0	0	0	0	0	0	0	0	0	0	0	0	0	0	0	0	0	0	0	0	0	0	0	0	0	0	0	0	0	0	0
GCA_003140815.1_20120800_E3X_genomic	0	0	0	0	0	0	0	0	0.093356706	300.55048	0.92165554	2060.0369	0.052751753	30.546696	0.7433974	1658.5483	NaN	0	0	0	0	0	0	0	0	0	0	0	0	0	0	0	0.21267453	120.21636	1.9352196	4619.4634	0	0	0	0	0.15518898	665.1767	1.3128043	3119.0896	0.076724306	0.84152466	0.55954957	1630.5452	0.24201487	604.117	2.138202	5065.1777	0.11363216	1.954062	0.7740957	2227.978	0.20192783	433.47964	2.5812204	4171.6226	0	0	0	0	0	0	0	0	0	0	0	0	0	0	0	0	0.18863983	135.15529	3.103009	6515.165	0	0	0	0	0.07483545	2.4511342	0.6412112	1292.3096	0.447006	1331.5394	6.132677	11518.044	0.2440019	1.6412567	2.4731972	5532.9043	0.3915817	1955.6079	7.94177	13559.203	0	0	0	0	0	0	0	0	0.26628244	8.1907015	2.476927	5784.3496	0.48087406	1315.5311	6.6069317	12114.018	0.12264095	85.00035	1.1340936	2883.3333	0	0	0	0	0	0	0	0	0	0	0	0	0	0	0	0	0	0	0	0	0	0	0	0	0	0	0	0	0	0	0	0	0	0	0	0	0	0	0	0	0	0	0	0	0	0	0	0	0	0	0	0	0	0	0	0	0.07792349	149.17725	0.767164	1707.6978	0	0	0	0
SRR3984963rbin.1	0	0	0	0	0	0	0	0	0.45026267	17890.422	4.7841043	10693.183	0.22245233	306.44156	3.3925846	7568.987	NaN	0	0	0	0	0	0	0	0.5141887	536.7503	8.254184	19038.033	0	0	0	0	0.64742404	2754.9512	6.40533	15289.832	0.2583307	453.2779	2.5285788	7235.4863	0.7277666	44347.203	6.6281343	15747.774	0.43692714	34.44919	3.4563973	10072.051	0.6734739	15339.921	6.4528	15286.004	0.44264066	49.980312	3.2776837	9433.722	0.11820769	685.3678	1.6954105	2740.026	0	0	0	0	0	0	0	0	0	0	0	0	0	0	0	0	0.073597275	43.341312	1.3228066	2777.4014	0	0	0	0	0.058369685	2.4940372	0.55052084	1109.5305	0.31671995	931.3425	4.718472	8861.968	0.62804306	8.642645	6.7257485	15046.491	0	0	0	0	0	0	0	0	0	0	0	0	0.37079975	22.906301	3.7249892	8698.94	0.28287724	609.49567	4.151601	7612.0903	0.4877099	912.88605	4.7985797	12199.973	0	0	0	0	0	0	0	0	0	0	0	0	0	0	0	0	0.049890656	38.51542	0.98308253	2166.6655	0.14522792	304.51093	2.8735647	6337.8906	0	0	0	0	0.05751657	130.32124	0.88804704	2096.7654	0	0	0	0	0	0	0	0	0	0	0	0	0	0	0	0	0.037286445	1.5031607	0.8098353	1753.1349	0.08888131	156.96257	1.3233715	2834.5747	0.5780178	13617.981	6.1214705	13626.32	0.3684248	13.042035	4.03726	9584.379
SRR11836514bin.4	0	0	0	0	0	0	0	0	0	0	0	0	0	0	0	0	NaN	0	0	0	0	0	0	0	0	0	0	0	0	0	0	0	0	0	0	0	0	0	0	0	0	0	0	0	0	0	0	0	0	0	0	0	0	0	0	0	0	0	0	0	0	0	0	0	0	0	0	0	0	0	0	0	0	0	0	0	0	0	0	0	0	0	0	0	0	0	0	0	0	0	0	0	0	0	0	0	0	0	0	0	0	0	0	0	0	0	0	0	0	0	0	0	0	0	0	0	0	0	0	0	0	0	0	0	0	0	0	0	0	0	0	0	0	0	0	0	0	0	0	0	0	0	0	0	0	0	0	0	0	0	0	0	0	0	0	0	0	0	0	0	0	0	0	0	0	0	0	0	0	0	0	0	0	0	0	0	0	0	0	0	0	0	0	0
SRR7102016rbin.9	0	0	0	0	0	0	0	0	0	0	0	0	0	0	0	0	NaN	0	0	0	0	0	0	0	0	0	0	0	0	0	0	0	0	0	0	0	0	0	0	0	0	0	0	0	0	0	0	0	0	0	0	0	0	0	0	0	0	0	0	0	0	0	0	0	0	0	0	0	0	0	0	0	0	0	0	0	0	0	0	0	0	0	0	0	0	0	0	0	0	0	0	0	0	0	0	0	0	0	0	0	0	0	0	0	0	0	0	0	0	0	0	0	0	0	0	0	0	0	0	0	0.09734149	0.44317898	3.9363008	7356.5215	0	0	0	0	0.10361794	299.02182	2.707058	5508.173	0	0	0	0	0.11398763	74.762886	2.1922126	4831.531	0.066528946	74.49899	1.3011837	2869.8716	0	0	0	0	0.058456358	55.83986	0.9262489	2186.9634	0	0	0	0	0.068167865	0.51958287	1.5931416	3266.8396	0.074341245	1167.0676	2.1805596	4195.0933	0	0	0	0	0.0759312	2.0430024	1.6863015	3650.512	0.054774582	42.310658	0.8419957	1803.4991	0	0	0	0	0	0	0	0
SRR10360640bin.21	0	0	0	0	0	0	0	0	0.013226707	25.189474	0.15665615	350.14978	0	0	0	0	NaN	0	0	0	0	0	0	0	0	0	0	0	0	0	0	0	0	0	0	0	0	0	0	0	0	0	0	0	0	0	0	0	0	0	0	0	0	0	0	0	0	0	0	0	0	0	0	0	0	0	0	0	0	0	0	0	0	0	0	0	0	0	0	0	0	0	0	0	0	0	0	0	0	0	0	0	0	0	0	0	0	0	0	0	0	0	0	0	0	0	0	0	0	0	0	0	0	0	0	0	0	0	0	0	0	0	0	0	0	0	0	0	0	0	0	0	0	0	0	0	0.05597355	37.74961	1.1704067	2579.5195	0	0	0	0	0	0	0	0	0.021960821	23.637085	0.37518126	885.8393	0	0	0	0	0	0	0	0	0	0	0	0	0	0	0	0	0.027826719	0.72437036	0.6615354	1432.0942	0.031826094	30.615225	0.51105326	1094.6425	0.014206806	21.893368	0.1676552	373.1985	0	0	0	0
SRR10489828bin.12	0	0	0	0	0	0	0	0	0	0	0	0	0	0	0	0	NaN	0	0	0	0	0	0	0	0	0	0	0	0	0	0	0	0	0	0	0	0	0	0	0	0	0	0	0	0	0	0	0	0	0	0	0	0	0	0	0	0	0	0	0	0	0	0	0	0	0	0	0	0	0	0	0	0	0	0	0	0	0	0	0	0	0	0	0	0	0	0	0	0	0	0	0	0	0	0	0	0	0	0	0	0	0	0	0	0	0	0	0	0	0	0	0	0	0	0	0	0	0	0	0	0	0	0	0	0	0	0	0	0	0	0	0	0	0	0	0	0	0	0	0	0	0	0	0	0	0	0	0	0.031180684	29.170464	0.53438413	1261.733	0	0	0	0	0	0	0	0	0	0	0	0	0	0	0	0	0	0	0	0	0	0	0	0	0	0	0	0	0	0	0	0
SRR1586324rbin.3	0	0	0	0	0	0	0	0	0	0	0	0	0	0	0	0	NaN	0	0	0	0	0	0	0	0	0	0	0	0	0	0	0	0	0	0	0	0	0	0	0	0	0	0	0	0	0	0	0	0	0	0	0	0	0	0	0	0	0	0	0	0	0	0	0	0	0	0	0	0	0	0	0	0	0	0	0	0	0	0	0	0	0	0	0	0	0	0	0	0	0	0	0	0	0	0	0	0	0	0	0	0	0	0	0	0	0	0	0	0	0	0	0	0	0	0	0	0	0	0	0	0	0	0	0	0	0	0	0	0.085659705	327.35507	2.3071759	4694.5146	0	0	0	0	0.083135776	74.08458	1.6754136	3692.5305	0.058527984	82.220856	1.2101911	2669.1802	0	0	0	0	0.07926907	141.10869	1.2522873	2956.7708	0	0	0	0	0.11116907	1.5041883	2.6117208	5355.5015	0.106669754	2399.2935	3.103967	5971.6025	0	0	0	0	0.10284885	5.6087933	2.2818594	4939.7783	0.111491	202.08705	1.725159	3695.1777	0	0	0	0	0	0	0	0
16p_S16_bin.1	0	0	0	0	0	0	0	0	0.18657602	238.73833	1.767377	3950.349	0	0	0	0	NaN	0	0	0	0	0	0	0	0	0	0	0	0	0	0	0	0.103306614	26.86362	0.9280069	2215.197	0	0	0	0	0.05908747	68.556816	0.49975765	1187.3735	0.032909065	0.27260995	0.23416527	682.36487	0.18856642	72.51211	1.6590686	3930.161	0	0	0	0	0	0	0	0	0	0	0	0	0	0	0	0	0	0	0	0	0	0	0	0	0	0	0	0	0	0	0	0	0	0	0	0	0	0	0	0	0	0	0	0	0	0	0	0	0	0	0	0	0	0	0	0	0	0	0	0	0	0	0	0	0	0	0	0	0	0	0	0	0	0	0	0	0	0	0	0	0	0	0	0	0	0	0	0	0	0	0	0	0	0	0	0	0	0	0	0	0	0	0	0	0	0	0	0	0	0	0	0	0	0	0	0	0	0	0	0	0	0	0	0	0.143998	174.37578	1.3660077	3040.717	0	0	0	0
SRR3985190rbin.8	0	0	0	0	0	0	0	0	0.013746913	11.658039	0.13624431	304.5263	0	0	0	0	NaN	0	0	0	0	0	0	0	0	0	0	0	0	0	0	0	0	0	0	0	0	0	0	0	0	0	0	0	0	0	0	0	0	0	0	0	0	0	0	0	0	0	0	0	0	0	0	0	0	0	0	0	0	0	0	0	0	0	0	0	0	0	0	0	0	0	0	0	0	0	0	0	0	0	0	0	0	0	0	0	0	0	0	0	0	0	0	0	0	0	0	0	0	0	0	0	0	0	0	0	0	0	0	0	0	0	0	0	0	0	0	0	0	0	0	0	0	0	0	0	0	0	0	0	0	0	0	0	0	0	0	0	0	0	0	0	0	0	0	0	0	0	0	0	0	0	0	0	0	0	0	0	0	0	0	0	0	0	0	0	0	0	0	0	0	0	0	0
GCA_003153855.1_20120700_E3M_genomic	0	0	0	0	0	0	0	0	0.02361488	92.73156	0.26492706	592.1513	0	0	0	0	NaN	0	0	0	0	0	0	0	0	0	0	0	0	0	0	0	0.02733289	12.606914	0.2802647	669.00525	0	0	0	0	0.030807704	129.63301	0.2922648	694.3914	0	0	0	0	0.031613886	60.00542	0.31429204	744.5247	0	0	0	0	0.061487116	119.1829	0.8863931	1432.5382	0	0	0	0	0	0	0	0	0	0	0	0	0	0	0	0	0.054506738	41.016777	0.9834787	2064.9395	0	0	0	0	0	0	0	0	0	0	0	0	0	0	0	0	0	0	0	0	0	0	0	0	0	0	0	0	0	0	0	0	0	0	0	0	0	0	0	0	0	0	0	0	0	0	0	0	0	0	0	0	0	0	0	0	0	0	0	0	0	0	0	0	0	0	0	0	0	0	0	0	0	0	0	0	0	0	0	0	0	0	0	0	0	0	0	0	0	0	0	0	0	0	0	0	0.034969606	106.01543	0.38731274	862.1537	0	0	0	0
SRR5153238rbin.1	0	0	0	0	0	0	0	0	0	0	0	0	0	0	0	0	NaN	0	0	0	0	0	0	0	0	0	0	0	0	0	0	0	0	0	0	0	0	0	0	0	0	0	0	0	0	0	0	0	0	0	0	0	0	0	0	0	0	0	0	0	0	0	0	0	0	0	0	0	0	0	0	0	0	0	0	0	0	0	0	0	0	0	0	0	0	0	0	0	0	0	0	0	0	0	0	0	0	0	0	0	0	0	0	0	0	0	0	0	0	0	0	0	0	0	0	0	0	0	0	0	0	0	0	0	0	0	0	0	0	0	0	0	0	0	0	0	0	0	0	0	0	0	0	0	0	0	0	0	0.037564363	87.05219	0.6083149	1436.2899	0	0	0	0	0	0	0	0	0	0	0	0	0	0	0	0	0	0	0	0	0	0	0	0	0	0	0	0	0	0	0	0
20_S46_bin.8	0	0	0	0	0	0	0	0	0	0	0	0	0	0	0	0	NaN	0	0	0	0	0	0	0	0	0	0	0	0	0	0	0	0	0	0	0	0	0	0	0	0	0	0	0	0	0	0	0	0	0	0	0	0	0	0	0	0	0	0	0	3.7134252	2893.8545	30.861814	62741.25	0	0	0	0	6.252466	8827.589	43.1967	87809.57	0	0	0	0	0	0	0	0	0	0	0	0	16.51165	1678.316	131.57365	265176.2	0	0	0	0	0.284722	1.3466074	2.8891792	6463.5176	0	0	0	0	0	0	0	0	0	0	0	0	0.44001713	8.206354	3.9860923	9308.694	0	0	0	0	0.056838185	27.315456	0.5290178	1344.9817	0	0	0	0	0	0	0	0	0	0	0	0	0	0	0	0	0	0	0	0	0	0	0	0	0	0	0	0	0	0	0	0	0	0	0	0	0	0	0	0	0	0	0	0	0	0	0	0	0	0	0	0	0	0	0	0	0	0	0	0	0	0	0	0
SRR9009773bin.334	0	0	0	0	0	0	0	0	0	0	0	0	0	0	0	0	NaN	0	0	0	0	0	0	0	0	0	0	0	0	0	0	0	0	0	0	0	0	0	0	0	0	0	0	0	0	0	0	0	0	0	0	0	0	0	0	0	0	0	0	0	0	0	0	0	0	0	0	0	0	0	0	0	0	0	0	0	0	0	0	0	0	0	0	0	0	0	0	0	0	0	0	0	0	0	0	0	0	0	0	0	0	0	0	0	0	0	0	0	0	0	0	0	0	0	0	0	0	0	0	0	0	0	0	0	0	0	0	0	0	0	0	0	0	0	0	0	0.036555525	16.381721	0.7802134	1719.5526	0	0	0	0	0	0	0	0	0.040135425	36.911835	0.6467738	1527.0961	0	0	0	0	0	0	0	0	0	0	0	0	0	0	0	0	0.044938397	0.94724816	1.0250143	2218.9553	0	0	0	0	0	0	0	0	0	0	0	0
SRR1586266rbin.16	0	0	0	0	0	0	0	0	0	0	0	0	0	0	0	0	NaN	0	0	0	0	0	0	0	0	0	0	0	0	0	0	0	0	0	0	0	0	0	0	0	0	0	0	0	0	0	0	0	0	0	0	0	0	0	0	0	0	0	0	0	0	0	0	0	0	0	0	0	0	0	0	0	0	0	0	0	0	0	0	0	0	0	0	0	0	0	0	0	0	0	0	0	0	0	0	0	0	0	0	0	0	0	0	0	0	0	0	0	0	0	0	0	0	0	0	0	0	0	0	0	0	0	0	0	0	0	0	0	0.052628692	153.68959	1.3304163	2707.0579	0	0	0	0	0.051211283	34.95392	0.95898443	2113.5554	0	0	0	0	0	0	0	0	0.07235428	82.34689	1.0250145	2420.1592	0	0	0	0	0.059294283	0.42427853	1.2451859	2553.3347	0	0	0	0	0	0	0	0	0.06402377	1.5714035	1.2776556	2765.8743	0.037782565	48.145493	0.54627776	1170.091	0	0	0	0	0	0	0	0
SRR3985370rbin.4	0	0	0	0	0	0	0	0	0	0	0	0	0	0	0	0	NaN	0	0	0	0	0	0	0	0	0	0	0	0	0	0	0	0	0	0	0	0	0	0	0	0	0	0	0	0	0	0	0	0	0	0	0	0	0	0	0	0	0	0	0	0	0	0	0	0	0	0	0	0	0	0	0	0	0	0	0	0	0	0	0	0	0	0	0	0	0	0	0	0	0	0	0	0	0	0	0	0	0	0	0	0	0	0	0	0	0	0	0	0	0	0	0	0	0	0	0	0	0	0	0	0	0	0	0	0	0	0	0	0	0	0	0	0	0	0	0	0	0	0	0	0	0	0	0	0	0	0	0	0	0	0	0	0	0	0	0	0	0	0	0	0	0	0	0	0	0	0	0	0	0	0	0	0	0	0	0	0	0	0	0	0	0	0	0
SRR10489830bin.9	0	0	0	0	0	0	0	0	0.0597064	347.74536	0.5930288	1325.5068	0.074775346	54.982925	1.1052487	2465.8528	NaN	0	0	0	0	0	0	0	0	0	0	0	0	0	0	0	0.05993027	35.57595	0.5937746	1417.3685	0	0	0	0	0.04055562	151.75581	0.38985294	926.25085	0	0	0	0	0.104500145	428.33643	0.9847144	2332.6853	0	0	0	0	0.36131212	1456.0059	4.8425994	7826.3364	0.019570325	7.1480365	0.18809193	382.3858	0	0	0	0	0	0	0	0	0	0	0	0	0.1524318	113.06888	2.7242537	5719.919	0	0	0	0	0.12979266	8.395806	1.1964871	2411.4238	0.23474194	756.5534	3.2807207	6161.664	0.14998767	1.3527502	1.5657274	3502.7622	0.15610541	603.1094	3.330868	5686.884	0	0	0	0	0	0	0	0	0.25806326	23.758663	2.388048	5576.791	0.21619482	564.94995	3.0490563	5590.5376	0.10544039	99.756966	0.98451775	2503.051	0	0	0	0	0	0	0	0	0	0	0	0	0	0	0	0	0	0	0	0	0	0	0	0	0	0	0	0	0	0	0	0	0	0	0	0	0	0	0	0	0	0	0	0	0	0	0	0	0	0	0	0	0	0	0	0	0.056720123	177.95366	0.5684813	1265.4325	0	0	0	0
GCA_003131385.1_20120500_P37_genomic	0	0	0	0	0	0	0	0	0	0	0	0	0	0	0	0	NaN	0	0	0	0	0	0	0	0	0	0	0	0	0	0	0	0	0	0	0	0	0	0	0	0	0	0	0	0	0	0	0	0	0	0	0	0	0	0	0	0	0	0	0	0	0	0	0	0	0	0	0	0	0	0	0	0	0	0	0	0	0	0	0	0	0	0	0	0	0	0	0	0	0	0	0	0	0	0	0	0	0	0	0	0	0	0	0	0	0	0	0	0	0	0	0	0	0	0	0	0	0	0	0	0	0	0	0	0	0	0	0	0	0	0	0	0	0	0	0	0.01609447	6.798923	0.32129893	708.1272	0	0	0	0	0	0	0	0	0	0	0	0	0	0	0	0	0	0	0	0	0	0	0	0	0	0	0	0	0.017956356	0.33969754	0.38552368	834.5831	0.0149783315	9.585783	0.21602574	462.71286	0	0	0	0	0	0	0	0
SRR3985396rbin.16	0	0	0	0	0	0	0	0	0.043722205	97.59735	0.41431662	926.0592	0	0	0	0	NaN	0	0	0	0	0	0	0	0	0	0	0	0	0	0	0	0	0	0	0	0	0	0	0	0.014162294	23.879267	0.11871183	282.04745	0	0	0	0	0.012393797	7.4755936	0.109328635	258.98822	0	0	0	0	0.023956534	18.38562	0.3237299	523.19403	0	0	0	0	0	0	0	0	0	0	0	0	0	0	0	0	0	0	0	0	0	0	0	0	0	0	0	0	0	0	0	0	0	0	0	0	0	0	0	0	0	0	0	0	0	0	0	0	0	0	0	0	0	0	0	0	0	0	0	0	0	0	0	0	0	0	0	0	0.05270154	129.43094	1.2323531	2507.5237	0	0	0	0	0.09559067	44.297012	1.6370827	3608.051	0	0	0	0	0	0	0	0	0	0	0	0	0	0	0	0	0	0	0	0	0	0	0	0	0	0	0	0	0.020946287	0.3663422	0.4185024	905.97546	0.02673208	18.263994	0.35840496	767.6799	0.040493853	65.113144	0.38531974	857.717	0	0	0	0
SRR10489821bin.6	0	0	0	0	0	0	0	0	0.11373425	1820.278	1.1819764	2641.8926	0.07842294	68.644516	1.1763431	2624.466	NaN	0	0	0	0	0	0	0	0	0	0	0	0	0	0	0	0.06112	47.94142	0.59804726	1427.5677	0	0	0	0	0.07581134	731.6137	0.6906047	1640.8069	0	0	0	0	0.054517116	192.41612	0.5148451	1219.6139	0.04923882	1.3211815	0.36083636	1038.5475	0.08133118	131.08496	1.1239935	1816.5352	0	0	0	0	0	0	0	0	0	0	0	0	0	0	0	0	0	0	0	0	0	0	0	0	0	0	0	0	0.14020064	473.21277	2.0230818	3799.6387	0	0	0	0	0	0	0	0	0	0	0	0	0	0	0	0	0.069755875	2.9679563	0.682173	1593.0736	0.109418325	255.65607	1.5638622	2867.3904	0.07810497	72.00654	0.74761295	1900.7408	0	0	0	0	0	0	0	0	0	0	0	0	0	0	0	0	0	0	0	0	0	0	0	0	0	0	0	0	0	0	0	0	0	0	0	0	0	0	0	0	0	0	0	0	0	0	0	0	0	0	0	0	0.018106641	16.835213	0.27116606	580.8199	0.1302207	1052.131	1.3469597	2998.3164	0.10410941	2.0299935	1.1100624	2635.267
GCA_003142835.1_20120800_E1X_genomic	0	0	0	0	0	0	0	0	0.099113025	149.01811	0.98890334	2210.3447	0.08276332	52.502556	1.1916339	2658.5813	NaN	0	0	0	0	0	0	0	0	0	0	0	0	0	0	0	0	0	0	0	0	0	0	0	0.019463805	23.542469	0.1736912	412.67252	0	0	0	0	0.054748885	27.019886	0.50567836	1197.8989	0	0	0	0	0.102383405	103.64698	1.4094846	2277.9294	0	0	0	0	0	0	0	0	0	0	0	0	0	0	0	0	0.08923461	22.65947	1.6269499	3415.9902	0	0	0	0	0.078132816	1.6626132	0.7384057	1488.1976	0.2102322	424.17697	2.924741	5493.083	0.105054155	0.44723377	1.0876702	2433.2776	0	0	0	0	0	0	0	0	0	0	0	0	0.10613975	1.1655025	1.0111749	2361.3901	0.17089921	247.63896	2.379547	4362.974	0.07569366	43.686214	0.71117634	1808.1041	0	0	0	0	0	0	0	0	0	0	0	0	0	0	0	0	0	0	0	0	0	0	0	0	0	0	0	0	0	0	0	0	0	0	0	0	0	0	0	0	0	0	0	0	0	0	0	0	0	0	0	0	0	0	0	0	0.05455528	68.33916	0.545473	1214.2163	0	0	0	0
SRR5664280rbin.10	0	0	0	0	0	0	0	0	0	0	0	0	0	0	0	0	NaN	0	0	0	0	0	0	0	0	0	0	0	0	0	0	0	0	0	0	0	0	0	0	0	0	0	0	0	0	0	0	0	0	0	0	0	0	0	0	0	0.045052543	34.350685	0.62376565	1008.09485	0	0	0	0	0	0	0	0	0	0	0	0	0	0	0	0	0	0	0	0	0	0	0	0	0	0	0	0	0	0	0	0	0	0	0	0	0	0	0	0	0	0	0	0	0	0	0	0	0	0	0	0	0	0	0	0	0	0	0	0	0	0	0	0	0	0	0	0	0	0	0	0	0	0	0	0	0	0	0	0	0	0	0	0	0	0	0	0	0	0	0	0	0	0	0	0	0	0	0	0	0	0	0	0	0	0	0	0	0	0	0	0	0	0	0	0	0	0	0	0	0	0	0	0
SRR7741809rbin.9	0	0	0	0	0	0	0	0	0	0	0	0	0	0	0	0	NaN	0	0	0	0	0	0	0	0	0	0	0	0	0	0	0	0	0	0	0	0	0	0	0	0	0	0	0	0	0	0	0	0	0	0	0	0	0	0	0	0	0	0	0	0	0	0	0	0	0	0	0	0	0	0	0	0	0	0	0	0	0	0	0	0	0	0	0	0	0	0	0	0	0	0	0	0	0	0	0	0	0	0	0	0	0	0	0	0	0	0	0	0	0	0	0	0	0	0	0	0	0	0	0	0	0	0	0	0	0	0	0	0	0	0	0	0	0	0	0	0	0	0	0	0	0	0	0	0	0	0	0	0	0	0	0	0	0	0	0	0	0	0	0	0	0	0	0	0	0	0	0	0	0	0	0	0	0	0	0	0	0	0	0	0	0	0	0
GCA_003153155.1_20120700_P3D_genomic	0	0	0	0	0	0	0	0	0.08261574	629.9463	0.8616559	1925.9286	0.09131449	69.35089	1.3311377	2969.82	NaN	0	0	0	0	0	0	0	0	0	0	0	0	0	0	0	0	0	0	0	0	0	0	0	0	0	0	0	0	0	0	0	0.007805638	18.692814	0.07670997	181.71786	0	0	0	0	0	0	0	0	0	0	0	0	0	0	0	0	0	0	0	0	0	0	0	0	0	0	0	0	0	0	0	0	0	0	0	0	0	0	0	0	0	0	0	0	0	0	0	0	0	0	0	0	0	0	0	0	0	0	0	0	0	0	0	0	0	0	0	0	0	0	0	0	0	0	0	0	0	0	0	0	0	0	0	0	0.017013224	7.206447	0.329199	725.53864	0	0	0	0	0	0	0	0	0	0	0	0	0	0	0	0	0	0	0	0	0	0	0	0	0	0	0	0	0	0	0	0	0	0	0	0	0.046266623	124.09356	0.48203453	1073.0034	0	0	0	0
SRR3985424rbin.5	0	0	0	0	0	0	0	0	0.15911126	263.055	1.5412229	3444.8608	0.1885107	100.30352	2.6421578	5894.7554	NaN	0	0	0	0	0	0	0	0	0	0	0	0	0	0	0	0.27524397	96.18256	2.4778821	5914.825	0	0	0	0	0.2277366	477.4124	1.9054523	4527.161	0.1392733	1.5150446	0.9986049	2909.9658	0.1160205	102.38151	1.016079	2406.984	0.20181979	2.8345194	1.3523965	3892.4238	0	0	0	0	0	0	0	0	0	0	0	0	0	0	0	0	0	0	0	0	0	0	0	0	0	0	0	0	0	0	0	0	0	0	0	0	0	0	0	0	0	0	0	0	0	0	0	0	0	0	0	0	0	0	0	0	0	0	0	0	0	0	0	0	0	0	0	0	0	0	0	0	0	0	0	0	0	0	0	0	0	0	0	0	0.07226795	82.0068	1.3241444	2920.5127	0	0	0	0	0	0	0	0	0	0	0	0	0	0	0	0	0	0	0	0	0	0	0	0	0	0	0	0	0.018447852	12.318621	0.27113086	580.74457	0.19503437	279.04745	1.8756615	4175.2007	0.11085931	0.82724977	1.113575	2643.6064
SRR6195952rbin.1	0	0	0	0	0	0	0	0	0	0	0	0	0	0	0	0	NaN	0	0	0	0	0	0	0	0	0	0	0	0	0	0	0	0	0	0	0	0	0	0	0	0	0	0	0	0	0	0	0	0	0	0	0	0	0	0	0	0	0	0	0	0	0	0	0	0	0	0	0	0	0	0	0	0	0	0	0	0	0	0	0	0	0	0	0	0	0	0	0	0	0	0	0	0	0	0	0	0	0	0	0	0	0	0	0	0	0	0	0	0	0	0	0	0	0	0	0	0	0	0	0	0	0	0	0	0	0	0	0	0	0	0	0	0	0	0	0	0	0	0	0	0	0	0	0	0	0	0	0	0	0	0	0	0	0	0	0	0	0	0	0	0	0	0	0	0	0	0	0	0	0	0	0	0	0	0	0	0	0	0	0	0	0	0	0
SRR1586304rbin.1	0	0	0	0	0	0	0	0	0	0	0	0	0	0	0	0	NaN	0	0	0	0	0	0	0	0	0	0	0	0	0	0	0	0	0	0	0	0	0	0	0	0	0	0	0	0	0	0	0	0	0	0	0	0	0	0	0	0	0	0	0	0	0	0	0	0	0	0	0	0	0	0	0	0	0	0	0	0	0	0	0	0	0	0	0	0	0	0	0	0	0	0	0	0	0	0	0	0	0	0	0	0	0	0	0	0	0	0	0	0	0	0	0	0	0	0	0	0	0	0	0	0	0	0	0	0	0	0	0	0.10764095	385.6064	2.901036	5902.87	0.07960304	0.43947694	0	0	0.09191337	80.64556	1.8014231	3970.2478	0.073583074	107.051636	1.4679514	3237.6924	0	0	0	0	0.09888551	188.29628	1.5065981	3557.2239	0	0	0	0	0.13648221	1.7979991	3.0271564	6207.3794	0.10978131	2486.642	3.0892456	5943.281	0	0	0	0	0.12352491	7.0999694	2.641906	5719.2095	0.120263465	245.60303	1.7822114	3817.3796	0	0	0	0	0	0	0	0
SRR5450747rbin.3	0	0	0	0	0	0	0	0	0.014996327	22.67485	0.17526007	391.7324	0	0	0	0	NaN	0	0	0	0	0	0	0	0	0	0	0	0	0	0	0	0	0	0	0	0	0	0	0	0.009493788	13.499028	0.09028527	214.5086	0	0	0	0	0.0065755905	2.7824543	0.06805962	161.2262	0	0	0	0	0	0	0	0	0	0	0	0	0	0	0	0	0	0	0	0	0	0	0	0	0	0	0	0	0	0	0	0	0	0	0	0	0	0	0	0	0	0	0	0	0	0	0	0	0	0	0	0	0	0	0	0	0	0	0	0	0	0	0	0	0	0	0	0	0	0	0	0	0	0	0	0	0.06631217	194.38055	1.8194525	3702.1213	0	0	0	0	0.07954284	47.393295	1.5854677	3494.2944	0.05976438	70.990234	1.2046704	2657.0034	0	0	0	0	0.06899915	82.924286	1.0663185	2517.6812	0	0	0	0	0.083819516	0.6928998	1.87599	3846.839	0.07987622	1405.6815	2.248194	4325.2144	0	0	0	0	0.08210619	2.4255967	1.7834873	3860.901	0.0726174	69.93916	1.081666	2316.8574	0.017360592	23.748884	0.19797665	440.69373	0	0	0	0
SRR3984963rbin.13	0	0	0	0	0	0	0	0	0.012469337	297.15387	0.14284264	319.27448	0	0	0	0	NaN	0	0	0	0	0	0	0	0	0	0	0	0	0	0	0	0	0	0	0	0	0	0	0	0	0	0	0	0	0	0	0	0	0	0	0	0	0	0	0	0.15132244	147.60022	1.9927609	3220.5872	0	0	0	0	0	0	0	0	0	0	0	0	0	0	0	0	0	0	0	0	0	0	0	0	0	0	0	0	0	0	0	0	0	0	0	0	0	0	0	0	0	0	0	0	0	0	0	0	0	0	0	0	0.070027485	138.7158	0.983796	1803.8208	0	0	0	0	0	0	0	0	0	0	0	0	0	0	0	0	0	0	0	0	0.046068188	28.624071	0.99716586	2197.7048	0	0	0	0	0	0	0	0	0.037292607	43.677986	0.64619	1525.7174	0	0	0	0	0	0	0	0	0.061381187	1079.2025	1.9064873	3667.8154	0	0	0	0	0.04091777	1.273272	0.9877748	2138.3389	0.034200013	34.599384	0.5601888	1199.8877	0	0	0	0	0	0	0	0
SRR3990169rbin.168	0	0	0	0	0	0	0	0	0.012833069	30.138544	0.14911376	333.29132	0	0	0	0	NaN	0	0	0	0	0	0	0	0	0	0	0	0	0	0	0	0	0	0	0	0	0	0	0	0	0	0	0	0	0	0	0	0	0	0	0	0	0	0	0	0	0	0	0	0	0	0	0	0	0	0	0	0	0	0	0	0	0	0	0	0	0	0	0	0	0	0	0	0	0	0	0	0	0	0	0	0	0	0	0	0	0	0	0	0	0	0	0	0	0	0	0	0	0	0	0	0	0	0	0	0	0	0	0	0	0	0	0	0	0	0	0	0	0	0	0	0	0	0	0	0.043430876	19.943354	0.8574498	1889.7778	0	0	0	0	0	0	0	0	0	0	0	0	0	0	0	0	0	0	0	0	0	0	0	0	0	0	0	0	0.022619031	0.44766918	0.5127846	1110.0782	0.018816106	12.813476	0.29633778	634.736	0	0	0	0	0	0	0	0
S262bin.2	0	0	0	0	0	0	0	0	0.012349253	126.95252	0.14039898	313.8124	0	0	0	0	NaN	0	0	0	0	0	0	0	0	0	0	0	0	0	0	0	0.04338531	42.388165	0.4280116	1021.684	0	0	0	0	0.049600497	543.872	0.4496504	1068.3239	0	0	0	0	0.030279148	157.67885	0.29368716	695.7142	0.03230089	0.72761095	0	0	0	0	0	0	0.055004075	46.68955	0.48582646	987.6726	0	0	0	0	0.07566284	126.264175	0.5487408	1115.4714	0	0	0	0	0.068155795	49.99882	1.1984788	2516.3599	0	0	0	0	0.08488052	6.0510406	0.73462045	1480.5688	0	0	0	0	0	0	0	0	0	0	0	0	0	0	0	0	0	0	0	0	0.047534827	0.99698234	0.4628919	1080.988	0	0	0	0	0.07925743	59.137028	0.755763	1921.4615	0	0	0	0	0	0	0	0	0	0	0	0	0	0	0	0	0	0	0	0	0	0	0	0	0	0	0	0	0	0	0	0	0	0	0	0	0	0	0	0	0	0	0	0	0	0	0	0	0	0	0	0	0.01930606	12.934174	0.2891975	619.44196	0.016626347	108.2073	0.18675183	415.7073	0	0	0	0
GCA_003157075.1_20120600_E3D_genomic	0	0	0	0	0	0	0	0	0.016931845	20.697842	0.18333474	409.78024	0	0	0	0	NaN	0	0	0	0	0	0	0	0	0	0	0	0	0	0	0	0	0	0	0	0	0	0	0	0	0	0	0	0	0	0	0	0.0107296845	4.593603	0.105777785	250.57652	0	0	0	0	0	0	0	0	0	0	0	0	0	0	0	0	0	0	0	0	0	0	0	0	0	0	0	0	0	0	0	0	0	0	0	0	0	0	0	0	0	0	0	0	0	0	0	0	0	0	0	0	0	0	0	0	0	0	0	0	0	0	0	0	0	0	0	0	0	0	0	0	0	0	0	0	0	0	0	0	0	0	0	0	0	0	0	0	0	0	0	0	0	0	0	0	0	0	0	0	0	0	0	0	0	0	0	0	0	0	0	0	0	0	0	0	0	0	0	0	0	0	0	0	0	0	0	0	0	0	0	0
GCA_003171255.1_20110800_E2D_genomic	0	0	0	0	0	0	0	0	0.0130365295	36.233963	0.1591214	355.6598	0	0	0	0	NaN	0	0	0	0	0	0	0	0	0	0	0	0	0	0	0	0	0	0	0	0	0	0	0	0.019642092	43.859	0.1860525	442.04193	0	0	0	0	0.01004066	6.3695693	0.1032982	244.70262	0	0	0	0	0	0	0	0	0	0	0	0	0	0	0	0	0	0	0	0	0	0	0	0	0	0	0	0	0	0	0	0	0	0	0	0	0	0	0	0	0	0	0	0	0	0	0	0	0	0	0	0	0	0	0	0	0	0	0	0	0	0	0	0	0	0	0	0	0	0	0	0	0	0	0	0	0	0	0	0	0	0	0	0	0	0	0	0	0	0	0	0	0	0	0	0	0	0	0	0	0	0	0	0	0	0	0	0	0	0	0	0	0	0	0	0	0	0	0	0	0	0	0	0	0	0	0	0	0	0	0	0
SRR11678566bin.25	0	0	0	0	0	0	0	0	0	0	0	0	0	0	0	0	NaN	0	0	0	0	0	0	0	0	0	0	0	0	0	0	0	0	0	0	0	0	0	0	0	0	0	0	0	0	0	0	0	0	0	0	0	0	0	0	0	0	0	0	0	0	0	0	0	0	0	0	0	0	0	0	0	0	0	0	0	0	0	0	0	0	0	0	0	0	0	0	0	0	0	0	0	0	0	0	0	0	0	0	0	0	0	0	0	0	0	0	0	0	0	0	0	0	0	0	0	0	0	0	0	0	0	0	0	0	0	0	0	0	0	0	0	0	0	0	0	0.046876654	18.00691	0.8850817	1950.6771	0	0	0	0	0	0	0	0	0.042744674	36.257683	0.63837796	1507.2722	0	0	0	0	0	0	0	0	0	0	0	0	0	0	0	0	0.019770825	0.33840182	0.45203292	978.5626	0	0	0	0	0	0	0	0	0	0	0	0
SRR3985421rbin.12	0	0	0	0	0	0	0	0	0.022660613	235.7223	0.27176154	607.42725	0	0	0	0	NaN	0	0	0	0	0	0	0	0	0	0	0	0	0	0	0	0	0	0	0	0	0	0	0	0.01639609	100.96704	0.16534287	392.83792	0	0	0	0	0.01140912	25.649704	0.122824706	290.95895	0	0	0	0	0	0	0	0	0	0	0	0	0	0	0	0	0	0	0	0	0	0	0	0	0	0	0	0	0	0	0	0	0	0	0	0	0	0	0	0	0	0	0	0	0	0	0	0	0	0	0	0	0	0	0	0	0	0	0	0	0	0	0	0	0	0	0	0	0	0	0	0	0	0	0	0	0	0	0	0	0	0	0	0	0	0	0	0	0	0	0	0	0	0	0	0	0	0	0	0	0	0	0	0	0	0	0	0	0	0	0	0	0	0	0	0	0	0	0	0	0	0	0	0	0.024310822	153.51245	0.28844768	642.0812	0	0	0	0
GCA_003151575.1_20120700_P3D_genomic	0	0	0	0	0	0	0	0	0	0	0	0	0	0	0	0	NaN	0	0	0	0	0	0	0	0	0	0	0	0	0	0	0	0	0	0	0	0	0	0	0	0	0	0	0	0	0	0	0	0	0	0	0	0	0	0	0	0	0	0	0	0	0	0	0	0	0	0	0	0	0	0	0	0	0	0	0	0	0	0	0	0	0	0	0	0	0	0	0	0	0	0	0	0	0	0	0	0	0	0	0	0	0	0	0	0	0	0	0	0	0	0	0	0	0	0	0	0	0	0	0	0	0	0	0	0	0	0	0	0	0	0	0	0	0	0	0	0	0	0	0	0	0	0	0	0	0	0	0	0	0	0	0	0	0	0	0	0	0	0	0	0	0	0	0	0	0	0	0	0	0	0	0	0	0	0	0	0	0	0	0	0	0	0	0
GCA_003151435.1_20120700_P3D_genomic	0	0	0	0	0	0	0	0	0	0	0	0	0	0	0	0	NaN	0	0	0	0	0	0	0	0	0	0	0	0	0	0	0	0	0	0	0	0	0	0	0	0	0	0	0	0	0	0	0	0	0	0	0	0	0	0	0	0	0	0	0	0	0	0	0	0	0	0	0	0	0	0	0	0	0	0	0	0	0	0	0	0	0	0	0	0	0	0	0	0	0	0	0	0	0	0	0	0	0	0	0	0	0	0	0	0	0	0	0	0	0	0	0	0	0	0	0	0	0	0	0	0	0	0	0	0	0	0	0	0	0	0	0	0	0	0	0	0	0	0	0	0	0	0	0	0	0	0	0	0	0	0	0	0	0	0	0	0	0	0	0	0	0	0	0	0	0	0	0	0	0	0	0	0	0	0	0	0	0	0	0	0	0	0	0
SRR3989258rbin.24	0	0	0	0	0	0	0	0	0	0	0	0	0	0	0	0	NaN	0	0	0	0	0	0	0	0	0	0	0	0	0	0	0	0	0	0	0	0	0	0	0	0	0	0	0	0	0	0	0	0	0	0	0	0	0	0	0	0	0	0	0	0	0	0	0	0	0	0	0	0	0	0	0	0	0	0	0	0	0	0	0	0	0	0	0	0	0	0	0	0	0	0	0	0	0	0	0	0	0	0	0	0	0	0	0	0	0	0	0	0	0	0	0	0	0	0	0	0	0	0	0	0	0	0	0	0	0	0	0	0	0	0	0	0	0	0	0	0	0	0	0	0	0	0	0	0	0	0	0	0	0	0	0	0	0	0	0	0	0	0	0	0	0	0	0	0	0	0	0	0	0	0	0	0	0	0	0	0	0	0	0	0	0	0	0
18_S44_bin.10	0	0	0	0	0	0	0	0	0.015823537	27.556908	0.1765518	394.6192	0	0	0	0	NaN	0	0	0	0	0	0	0	0	0	0	0	0	0	0	0	0.017172977	4.2618737	0.16872916	402.76462	0	0	0	0	0.011817967	16.866148	0.10748193	255.36621	0	0	0	0	0.008123299	3.303491	0.079586625	188.53242	0	0	0	0	0	0	0	0	3.6850915	7000.63	30.253553	61504.668	0	0	0	0	7.530458	20808.82	51.184822	104047.73	0	0	0	0	0	0	0	0	0	0	0	0	0	0	0	0	0	0	0	0	0.12358031	0.56740373	1.222565	2735.0576	0	0	0	0	0	0	0	0	0	0	0	0	0.25905946	4.205263	2.3823173	5563.41	0	0	0	0	0.5257113	359.90564	4.71989	11999.908	0	0	0	0	0	0	0	0	0	0	0	0	0	0	0	0	0	0	0	0	0	0	0	0	0	0	0	0	0	0	0	0	0	0	0	0	0	0	0	0	0	0	0	0	0	0	0	0	0	0	0	0	0	0	0	0	0.016252771	21.225502	0.18352164	408.51718	0	0	0	0
GCA_003135675.1_20111000_P3D_genomic	0	0	0	0	0	0	0	0	0.043802436	65.16503	0.45374328	1014.1834	0	0	0	0	NaN	0	0	0	0	0	0	0	0	0	0	0	0	0	0	0	0	0	0	0	0	0	0	0	0.01227444	15.918672	0.11105726	263.86066	0	0	0	0	0.012071615	5.8419056	0.11762952	278.652	0	0	0	0	0	0	0	0	0	0	0	0	0	0	0	0	0	0	0	0	0	0	0	0	0	0	0	0	0	0	0	0	0	0	0	0	0	0	0	0	0	0	0	0	0	0	0	0	0	0	0	0	0	0	0	0	0	0	0	0	0	0	0	0	0	0	0	0	0	0	0	0	0	0	0	0	0	0	0	0	0	0	0	0	0.019686855	8.575448	0.40245742	886.9966	0	0	0	0	0	0	0	0	0	0	0	0	0	0	0	0	0	0	0	0	0	0	0	0	0	0	0	0	0	0	0	0	0	0	0	0	0.026784072	33.464287	0.27762437	617.98834	0	0	0	0
SRR12659391bin.24	0	0	0	0	0	0	0	0	0.09365796	424.0243	0.99154866	2216.2578	0.1235185	91.179985	1.864345	4159.427	NaN	0	0	0	0	0	0	0	0	0	0	0	0	0	0	0	0.07796172	31.619242	0.76195556	1818.8251	0.1791047	229.81563	1.7266144	4940.6807	0.10215871	448.29004	0.9044203	2148.8105	0.2717656	6.8553686	2.1446912	6249.6987	0.103712395	188.19025	0.9878015	2339.999	0.20557114	6.0444593	1.5139834	4357.4976	0	0	0	0	0	0	0	0	0	0	0	0	0	0	0	0	0	0	0	0	0	0	0	0	0	0	0	0	0	0	0	0	0	0	0	0	0	0	0	0	0	0	0	0	0	0	0	0	0	0	0	0	0	0	0	0	0	0	0	0	0	0	0	0	0	0	0	0	0	0	0	0	0	0	0	0	0	0	0	0	0.024262741	10.01214	0.48474175	1068.3474	0.058567394	61.371635	1.1736659	2588.6204	0	0	0	0	0.044452034	41.31511	0.6916553	1633.0654	0	0	0	0	0	0	0	0	0	0	0	0	0	0	0	0	0.021081014	0.37889588	0.4709463	1019.5062	0.051806714	41.600094	0.7686612	1646.4216	0.084173456	196.7549	0.8898274	1980.745	0.26043153	4.5196347	2.825205	6706.985
SRR1586297rbin.2	0	0	0	0	0	0	0	0	0	0	0	0	0	0	0	0	NaN	0	0	0	0	0	0	0	0	0	0	0	0	0	0	0	0	0	0	0	0	0	0	0	0	0	0	0	0	0	0	0	0	0	0	0	0	0	0	0	0	0	0	0	0	0	0	0	0	0	0	0	0	0	0	0	0	0	0	0	0	0	0	0	0	0	0	0	0	0	0	0	0	0	0	0	0	0	0	0	0	0	0	0	0	0	0	0	0	0	0	0	0	0	0	0	0	0	0	0	0	0	0	0	0.1475571	0.61216384	5.70926	10669.992	0	0	0	0	0.09982128	306.00464	2.477983	5042.0635	0	0	0	0	0.045533065	22.144182	0.8764002	1931.5435	0.12584	150.85051	2.300392	5073.711	0	0	0	0	0.15101063	145.66728	2.098772	4955.4033	0	0	0	0	0	0	0	0	0	0	0	0	0	0	0	0	0.09532615	1.8611418	1.9112746	4137.5347	0.027413724	21.652765	0.39647114	849.21515	0	0	0	0	0	0	0	0
SRR10489839bin.8	0	0	0	0	0	0	0	0	0.2741195	516.1802	2.6957612	6025.425	0.22022197	120.85302	3.1239777	6969.716	NaN	0	0	0	0	0	0	0	0	0	0	0	0	0	0	0	0.07732797	21.745678	0.7128648	1701.6421	0	0	0	0	0.10151415	147.5486	0.8473123	2013.128	0.0825453	0.7226921	0.60214645	1754.6738	0.060279798	25.16045	0.53697884	1272.0468	0.084546074	0.95464045	0.5810014	1672.2198	0	0	0	0	0	0	0	0	0	0	0	0	0	0	0	0	0	0	0	0	0	0	0	0	0	0	0	0	0	0	0	0	0	0	0	0	0	0	0	0	0	0	0	0	0	0	0	0	0	0	0	0	0	0	0	0	0	0	0	0	0	0	0	0	0	0	0	0	0	0	0	0	0.048241522	134.00633	1.4756684	3002.6086	0	0	0	0	0.05211636	27.579481	1.1538825	2543.1013	0.10390695	112.73893	2.0587113	4540.6646	0	0	0	0	0.05461806	72.989586	0.9813931	2317.1636	0	0	0	0	0.06622073	0.5857361	1.7105577	3507.6091	0.06897344	1241.2408	2.2586052	4345.2417	0	0	0	0	0.06337677	2.2703726	1.5775865	3415.166	0.100048624	98.411736	1.5851101	3395.2007	0.34348044	558.6931	3.3620312	7483.8413	0.32389486	2.6923933	3.2751694	7775.1914
SRR5664280rbin.2	0	0	0	0	0	0	0	0	0	0	0	0	0	0	0	0	NaN	0	0	0	0	0	0	0	0	0	0	0	0	0	0	0	0	0	0	0	0	0	0	0	0	0	0	0	0	0	0	0	0	0	0	0	0	0	0	0	0	0	0	0	0	0	0	0	0	0	0	0	0	0	0	0	0	0	0	0	0	0	0	0	0	0	0	0	0	0	0	0	0	0	0	0	0	0	0	0	0	0	0	0	0	0	0	0	0	0	0	0	0	0	0	0	0	0	0	0	0	0	0	0	0	0	0	0	0	0	0	0	0	0	0	0	0	0	0	0	0	0	0	0	0	0	0	0	0	0	0	0	0	0	0	0	0	0	0	0	0	0	0	0	0	0	0	0	0	0	0	0	0	0	0	0	0	0	0	0	0	0	0	0	0	0	0	0
16p_S16_bin.13	0	0	0	0	0	0	0	0	0.043647524	48.717964	0.45025367	1006.38354	0	0	0	0	NaN	0	0	0	0	0	0	0	0	0	0	0	0	0	0	0	0.18707716	59.140812	1.7676662	4219.5044	0	0	0	0	0.21327037	345.0161	1.8639612	4428.582	0.2892415	2.9534292	2.145547	6252.1904	0.37202364	234.05415	3.3256543	7878.1265	0.28750166	3.6799881	1.9889151	5724.4316	0	0	0	0	0	0	0	0	0	0	0	0	0	0	0	0	0	0	0	0	0	0	0	0	0	0	0	0	0	0	0	0	0	0	0	0	0	0	0	0	0	0	0	0	0	0	0	0	0	0	0	0	0.11781199	1.6848917	1.1466169	2677.6868	0	0	0	0	0.14674704	105.998825	1.4582751	3707.5376	0	0	0	0	0	0	0	0	0	0	0	0	0	0	0	0	0	0	0	0	0	0	0	0	0	0	0	0	0	0	0	0	0	0	0	0	0	0	0	0	0	0	0	0	0	0	0	0	0	0	0	0	0	0	0	0	0.06576849	80.14388	0.661261	1471.9591	0	0	0	0
SRR10489833bin.7	0	0	0	0	0	0	0	0	0	0	0	0	0	0	0	0	NaN	0	0	0	0	0	0	0	0	0	0	0	0	0	0	0	0	0	0	0	0	0	0	0	0	0	0	0	0	0	0	0	0.025337547	944.3371	0.28116652	666.05396	0	0	0	0	0.17640655	605.6791	2.553692	4127.133	0	0	0	0	0	0	0	0	0	0	0	0	0	0	0	0	0.072950095	397.00726	1.655107	3475.1091	0	0	0	0	0.10397474	19.62091	1.0551728	2126.6167	0	0	0	0	0	0	0	0	0	0	0	0	0	0	0	0	0	0	0	0	0	0	0	0	0	0	0	0	0	0	0	0	0	0	0	0	0	0	0	0	0	0	0	0	0	0	0	0	0	0	0	0	0	0	0	0	0	0	0	0	0	0	0	0	0	0	0	0	0	0	0	0	0	0	0	0	0	0	0	0	0	0	0	0	0	0	0	0	0	0	0	0	0	0	0	0
SRR3989257rbin.5	0	0	0	0	0	0	0	0	0.058036238	439.49817	0.581927	1300.6926	0	0	0	0	NaN	0	0	0	0	0	0	0	0	0	0	0	0	0	0	0	0.018912638	18.04021	0.17754903	423.81808	0	0	0	0	0.016066581	103.67107	0.14050625	333.8286	0	0	0	0	0.015056057	85.09112	0.14250596	337.58173	0	0	0	0	0	0	0	0	0	0	0	0	0	0	0	0	0	0	0	0	0	0	0	0	0	0	0	0	0	0	0	0	0	0	0	0	0	0	0	0	0	0	0	0	0	0	0	0	0	0	0	0	0	0	0	0	0	0	0	0	0	0	0	0	0	0	0	0	0	0	0	0	0	0	0	0	0	0	0	0	0	0	0	0	0	0	0	0	0	0	0	0	0	0	0	0	0	0	0	0	0	0	0	0	0	0	0	0	0	0	0	0	0	0	0	0	0	0	0	0	0	0	0	0	0.040499337	164.2593	0.4037638	898.7734	0	0	0	0
SRR8881005rbin.27	0	0	0	0	0	0	0	0	0.032524675	162.82503	0.38559884	861.8705	0	0	0	0	NaN	0	0	0	0	0	0	0	0	0	0	0	0	0	0	0	0.03863131	21.447676	0.42362982	1011.2247	0	0	0	0	0.03906814	215.59328	0.38889074	923.96497	0	0	0	0	0.036504034	84.15119	0.38820294	919.6121	0.044184983	1.0758934	0.37175387	1069.9701	0	0	0	0	0	0	0	0	0	0	0	0	0	0	0	0	0	0	0	0	0	0	0	0	0	0	0	0	0	0	0	0	0	0	0	0	0	0	0	0	0	0	0	0	0	0	0	0	0	0	0	0	0	0	0	0	0	0	0	0	0	0	0	0	0	0	0	0	0	0	0	0	0	0	0	0	0	0	0	0	0.018199172	9.009305	0.41124994	906.3747	0	0	0	0	0	0	0	0	0	0	0	0	0	0	0	0	0	0	0	0	0	0	0	0	0	0	0	0	0	0	0	0	0.015899986	12.260596	0.27137274	581.26263	0.033113692	88.9948	0.39256737	873.8502	0	0	0	0
S213bin.1	0	0	0	0	0	0	0	0	0	0	0	0	0	0	0	0	NaN	0	0	0	0	0	0	0	0	0	0	0	0	0	0	0	0	0	0	0	0	0	0	0	0	0	0	0	0	0	0	0	0	0	0	0	0	0	0	0	0	0	0	0	0	0	0	0	0	0	0	0	0	0	0	0	0	0	0	0	0	0	0	0	0	0	0	0	0	0	0	0	0	0	0	0	0	0	0	0	0	0	0	0	0	0	0	0	0	0	0	0	0	0	0	0	0	0	0	0	0	0	0	0	0	0	0	0	0	0	0	0	0	0	0	0	0	0	0	0	0	0	0	0	0	0	0	0	0	0	0	0	0.10168145	149.3705	1.4949759	3529.7837	0	0	0	0	0	0	0	0	0	0	0	0	0	0	0	0	0	0	0	0	0.017756322	13.5203	0.26802388	574.08954	0	0	0	0	0	0	0	0
SRR6152564rbin.9	0	0	0	0	0	0	0	0	0	0	0	0	0	0	0	0	NaN	0	0	0	0	0	0	0	0	0	0	0	0	0	0	0	0	0	0	0	0	0	0	0	0	0	0	0	0	0	0	0	0	0	0	0	0	0	0	0	0	0	0	0	0	0	0	0	0	0	0	0	0	0	0	0	0	0	0	0	0	0	0	0	0	0	0	0	0	0	0	0	0	0	0	0	0	0	0	0	0	0	0	0	0	0	0	0	0	0	0	0	0	0	0	0	0	0	0	0	0	0	0	0	0	0	0	0	0	0	0	0	0	0	0	0	0	0	0	0	0	0	0	0	0	0	0	0	0	0	0	0	0	0	0	0	0	0	0	0	0	0	0	0	0	0	0	0	0	0	0	0	0	0	0	0	0	0	0	0	0	0	0	0	0	0	0	0
SRR5664280rbin.3	0	0	0	0	0	0	0	0	0.19355246	285.59445	1.8609303	4159.4546	0.11937601	64.42674	1.6463722	3673.12	NaN	0	0	0	0	0	0	0	0	0	0	0	0	0	0	0	0.026113667	8.640334	0.24491127	584.6149	0	0	0	0	0.04011298	82.333855	0.33867872	804.66626	0	0	0	0	0.024268702	14.571492	0.21604593	511.79022	0.035316586	0.38339996	0.23757365	683.7768	0	0	0	0	0	0	0	0	0	0	0	0	0	0	0	0	0	0	0	0	0	0	0	0	0	0	0	0	0	0	0	0	0	0	0	0	0	0	0	0	0	0	0	0	0	0	0	0	0	0	0	0	0	0	0	0	0	0	0	0	0	0	0	0	0	0	0	0	0	0	0	0	0	0	0	0	0	0	0	0	0.02862468	12.839355	0.6222772	1371.4685	0.047536824	51.483055	0.9480113	2090.9197	0	0	0	0	0.018217942	21.358362	0.31927225	753.83276	0	0	0	0	0	0	0	0	0	0	0	0	0	0	0	0	0.022435067	0.5810631	0.56799877	1229.6063	0.033533204	28.087206	0.5392805	1155.1031	0.22366585	311.70566	2.137443	4757.9224	0.107875206	0.781962	1.0704105	2541.1338
23_S49_bin.3	0	0	0	0	0	0	0	0	0	0	0	0	0	0	0	0	NaN	0	0	0	0	0	0	0	0	0	0	0	0	0	0	0	0	0	0	0	0	0	0	0	0	0	0	0	0.13149719	1.8477036	1.0736308	3128.5947	0	0	0	0	0.06966259	1.1979197	0.56282145	1619.8949	0	0	0	0	0	0	0	0	0	0	0	0	0.036901005	27.859247	0.27989447	568.9653	0	0	0	0	0	0	0	0	0	0	0	0	0	0	0	0	0	0	0	0	0.16617216	0.6837845	1.6782103	3754.403	0	0	0	0	0	0	0	0	0	0	0	0	1.2811005	13.10982	11.296255	26380.066	0	0	0	0	0.4692339	276.38602	4.1912236	10655.822	0	0	0	0	0	0	0	0	0	0	0	0	0	0	0	0	0	0	0	0	0	0	0	0	0	0	0	0	0	0	0	0	0	0	0	0	0	0	0	0	0	0	0	0	0	0	0	0	0	0	0	0	0	0	0	0	0	0	0	0	0	0	0	0
18_S44_bin.4	0	0	0	0	0	0	0	0	0.024553772	42.569016	0.26345533	588.86163	0	0	0	0	NaN	0	0	0	0	0	0	0	0	0	0	0	0	0	0	0	0	0	0	0	0	0	0	0	0.005882641	9.3381	0.056016974	133.0906	0	0	0	0	0.0052854195	3.7668781	0.053430956	126.572266	0	0	0	0	0.02333051	18.158686	0.31042466	501.6908	8.466351	10047.258	68.58922	139440.06	0	0	0	0	10.914239	18738.896	73.8997	150222.14	0	0	0	0	0.017907348	3.901739	0.30302745	636.24475	0	0	0	0	2.9127474	493.28476	23.099976	46556.16	0	0	0	0	0	0	0	0	0	0	0	0	0	0	0	0	0	0	0	0	0.09025351	1.6651614	0.90457714	2112.4531	0	0	0	0	0	0	0	0	0	0	0	0	0	0	0	0	0	0	0	0	0	0	0	0	0	0	0	0	0	0	0	0	0	0	0	0	0	0	0	0	0	0	0	0	0	0	0	0	0	0	0	0	0	0	0	0	0	0	0	0	0	0	0	0	0.016756149	20.91069	0.18482342	411.41467	0	0	0	0
SRR1586324rbin.20	0	0	0	0	0	0	0	0	0	0	0	0	0	0	0	0	NaN	0	0	0	0	0	0	0	0	0	0	0	0	0	0	0	0	0	0	0	0	0	0	0	0	0	0	0	0	0	0	0	0	0	0	0	0	0	0	0	0	0	0	0	0	0	0	0	0	0	0	0	0	0	0	0	0	0	0	0	0	0	0	0	0	0	0	0	0	0	0	0	0	0	0	0	0	0	0	0	0	0	0	0	0	0	0	0	0	0	0	0	0	0	0	0	0	0	0	0	0	0	0	0	0	0	0	0	0	0	0	0	0	0	0	0	0	0	0	0	0	0	0	0	0	0	0	0	0	0	0	0	0.041357987	50.479343	0.59022105	1393.569	0	0	0	0	0	0	0	0	0.1178864	2158.387	3.0505407	5868.815	0	0	0	0	0.082938746	2.0170357	1.6318814	3532.7034	0.056523833	56.495213	0.77576303	1661.6339	0	0	0	0	0	0	0	0
165_merged	0	0	0	0	0	0	0	0	0.29694822	510.88867	2.9638083	6624.549	0.0770752	56.802917	1.1291156	2519.1006	NaN	0	0	0	0	0	0	0	0	0	0	0	0	0	0	0	0.120332375	38.860836	1.1625614	2775.09	0	0	0	0	0.07426225	89.89646	0.6841896	1625.5651	0.050972186	0.50590867	0.3760745	1095.8933	0.27212894	164.42921	2.5024757	5928.1045	0.10500266	1.3316777	0.737573	2122.859	0	0	0	0	0	0	0	0	0	0	0	0	0	0	0	0	0	0	0	0	0	0	0	0	0	0	0	0	0	0	0	0	0	0	0	0	0	0	0	0	0	0	0	0	0	0	0	0	0	0	0	0	0	0	0	0	0	0	0	0	0	0	0	0	0	0	0	0	0	0	0	0	0	0	0	0	0	0	0	0	0.024824422	10.998873	0.49789312	1097.3324	0	0	0	0	0	0	0	0	0	0	0	0	0	0	0	0	0	0	0	0	0	0	0	0	0	0	0	0	0	0	0	0	0	0	0	0	0.17913239	227.68173	1.8146566	4039.4058	0.06098644	0.47758114	0.6468365	1535.5779
SRR10489834bin.32	0	0	0	0	0	0	0	0	0.12886243	224.14001	1.2095988	2703.6316	0.124864675	75.55494	1.6877022	3765.3286	NaN	0	0	0	0	0	0	0	0	0	0	0	0	0	0	0	0.018000692	4.9183235	0.16357405	390.45923	0	0	0	0	0.020452177	28.465387	0.17129712	406.98447	0.035747956	0.31709808	0.25127944	732.2361	0.022226924	8.396388	0.19219969	455.30093	0.03592635	0.37867266	0.2358237	678.74036	0	0	0	0	0	0	0	0	0	0	0	0	0	0	0	0	0	0	0	0	0	0	0	0	0	0	0	0	0	0	0	0	0	0	0	0	0	0	0	0	0	0	0	0	0	0	0	0	0	0	0	0	0	0	0	0	0	0	0	0	0	0	0	0	0	0	0	0	0	0	0	0	0	0	0	0	0	0	0	0	0	0	0	0	0.043363202	47.35974	0	0	0	0	0	0	0	0	0	0	0	0	0	0	0	0	0	0	0	0	0	0	0	0	0	0	0	0	0	0	0	0	0	0	0.08231433	108.63268	0.7726931	1720.0051	0.070324294	0.52980715	0.6838264	1623.3907
SRR12060215bin.5	0	0	0	0	0	0	0	0	0.02034251	79.224434	0.2512923	561.67523	0	0	0	0	NaN	0	0	0	0	0	0	0	0	0	0	0	0	0	0	0	0.026758004	14.766209	0.30455434	726.98584	0	0	0	0	0.026887648	148.94753	0.2788027	662.40686	0	0	0	0	0.023848847	46.870556	0.264274	626.03735	0	0	0	0	0	0	0	0	0	0	0	0	0	0	0	0	0	0	0	0	0	0	0	0	0	0	0	0	0	0	0	0	0	0	0	0	0	0	0	0	0	0	0	0	0	0	0	0	0	0	0	0	0	0	0	0	0	0	0	0	0	0	0	0	0	0	0	0	0	0	0	0	0	0	0	0	0	0	0	0	0	0	0	0	0	0	0	0	0	0	0	0	0	0	0	0	0	0	0	0	0	0	0	0	0	0	0	0	0	0	0	0	0	0	0	0	0	0	0	0	0	0	0	0	0.020707905	51.95405	0.25269136	562.48785	0	0	0	0
SRR1586320rbin.5	0	0	0	0	0	0	0	0	0.03073043	275.31415	0.33192417	741.89935	0	0	0	0	NaN	0	0	0	0	0	0	0	0	0	0	0	0	0	0	0	0	0	0	0	0	0	0	0	0	0	0	0	0	0	0	0	0	0	0	0	0	0	0	0	0	0	0	0	0	0	0	0	0	0	0	0	0	0	0	0	0	0	0	0	0	0	0	0	0	0	0	0	0	0	0	0	0	0	0	0	0	0	0	0	0	0	0	0	0	0	0	0	0	0	0	0	0	0	0	0	0	0	0	0	0	0	0	0	0	0	0	0	0	0	0	0	0	0	0	0	0	0	0	0	0	0	0	0	0	0	0	0	0	0	0	0	0	0	0	0	0	0	0	0	0	0	0	0	0	0	0	0	0	0	0	0	0	0	0	0	0	0	0	0	0.020022398	78.49645	0.21632685	481.54095	0	0	0	0
SRR8554504rbin.36	0	0	0	0	0	0	0	0	0.0072431695	36.478313	0.09125574	203.9702	0	0	0	0	NaN	0	0	0	0	0	0	0	0	0	0	0	0	0	0	0	0	0	0	0	0	0	0	0	0	0	0	0	0	0	0	0	0	0	0	0	0	0	0	0	0	0	0	0	0	0	0	0	0	0	0	0	0	0	0	0	0	0	0	0	0	0	0	0	0	0	0	0	0	0	0	0	0	0	0	0	0	0	0	0	0	0	0	0	0	0	0	0	0	0	0	0	0	0	0	0	0	0	0	0	0	0	0	0	0	0	0	0	0	0	0	0	0	0	0	0	0	0	0	0	0	0	0	0	0	0	0	0	0	0	0	0	0	0	0	0	0	0	0	0	0	0	0	0	0	0	0	0	0	0	0	0	0	0	0	0	0	0	0	0	0	0	0	0	0	0	0	0
SRR5665213rbin.38	0	0	0	0	0	0	0	0	0	0	0	0	0	0	0	0	NaN	0	0	0	0	0	0	0	0	0	0	0	0	0	0	0	0	0	0	0	0	0	0	0	0	0	0	0	0	0	0	0	0	0	0	0	0	0	0	0	0	0	0	0	0	0	0	0	0	0	0	0	0	0	0	0	0	0	0	0	0	0	0	0	0	0	0	0	0	0	0	0	0	0	0	0	0	0	0	0	0	0	0	0	0	0	0	0	0	0	0	0	0	0	0	0	0	0	0	0	0	0	0	0	0	0	0	0	0	0	0	0	0.08084419	373.98593	2.1726472	4420.7837	0	0	0	0	0.08007161	109.879105	1.5732952	3467.4653	0.059826493	101.976074	1.2020199	2651.1577	0	0	0	0	0.07916133	222.44096	1.2096775	2856.1653	0	0	0	0	0.08071869	1.203907	1.8280109	3748.455	0.06888471	1714.6266	1.9756176	3800.813	0	0	0	0	0.090298645	7.0833483	1.9387755	4197.068	0.0851703	231.36642	1.2670382	2713.913	0	0	0	0	0	0	0	0
GCA_003169655.1_20110800_P1M_genomic	0	0	0	0	0	0	0	0	0.014644984	54.62491	0.17400697	388.93124	0	0	0	0	NaN	0	0	0	0	0	0	0	0	0	0	0	0	0	0	0	0	0	0	0	0	0	0	0	0	0	0	0	0	0	0	0	0	0	0	0	0	0	0	0	0	0	0	0	0	0	0	0	0	0	0	0	0	0	0	0	0	0	0	0	0	0	0	0	0	0	0	0	0	0	0	0	0	0	0	0	0	0	0	0	0	0	0	0	0	0	0	0	0	0	0	0	0	0	0	0	0	0	0	0	0	0	0	0	0	0	0	0	0	0	0	0	0	0	0	0	0	0	0	0	0	0	0	0	0	0	0	0	0	0	0	0	0	0	0	0	0	0	0	0	0	0	0	0	0	0	0	0	0	0	0	0	0	0	0	0	0	0	0	0	0	0	0	0	0	0	0	0
SRR3989258rbin.34	0	0	0	0	0	0	0	0	0.020477545	117.24636	0.2461918	550.27484	0	0	0	0	NaN	0	0	0	0	0	0	0	0	0	0	0	0	0	0	0	0	0	0	0	0	0	0	0	0.024827367	174.29993	0.23891418	567.6358	0	0	0	0	0.021258619	81.631615	0.21283849	504.19214	0	0	0	0	0	0	0	0	0	0	0	0	0	0	0	0	0	0	0	0	0	0	0	0	0	0	0	0	0	0	0	0	0	0	0	0	0	0	0	0	0	0	0	0	0	0	0	0	0	0	0	0	0	0	0	0	0	0	0	0	0	0	0	0	0	0	0	0	0	0	0	0	0	0	0	0	0	0	0	0	0	0	0	0	0	0	0	0	0	0	0	0	0	0	0	0	0	0	0	0	0	0	0	0	0	0	0	0	0	0	0	0	0	0	0	0	0	0	0	0	0	0	0	0	0.024502004	76.7838	0.2925969	651.3174	0	0	0	0
SRR3985395rbin.20	0	0	0	0	0	0	0	0	0.19543317	352.0545	1.8735855	4187.742	0.16322422	80.97823	2.267433	5058.7305	NaN	0	0	0	0	0	0	0	0.5290939	293.11725	7.8039827	17999.656	0	0	0	0	0.34653357	119.27236	3.1223843	7453.282	0	0	0	0	0.3801055	972.65216	3.2194605	7649.1094	0.1518332	1.4675456	1.0804232	3148.388	0.34776133	345.4091	3.0147023	7141.5127	0.18955153	2.3866723	1.2669973	3646.6306	0	0	0	0	0	0	0	0	0	0	0	0	0	0	0	0	0	0	0	0	0	0	0	0	0	0	0	0	0	0	0	0	0	0	0	0	0	0	0	0	0	0	0	0	0	0	0	0	0	0	0	0	0.03347272	0.4423067	0.31323123	731.4868	0.15075636	180.65703	2.0109408	3687.1218	0	0	0	0	0	0	0	0	0	0	0	0	0	0	0	0	0	0	0	0	0	0	0	0	0.05209078	49.876987	0.9408136	2075.045	0	0	0	0	0	0	0	0	0	0	0	0	0	0	0	0	0	0	0	0	0	0	0	0	0	0	0	0	0.020593068	12.04621	0.28258094	605.2698	0.25793472	417.6086	2.4720745	5502.809	0.16469678	1.2400872	1.6350164	3881.4978
SRR10489814bin.7	0	0	0	0	0	0	0	0	0	0	0	0	0	0	0	0	NaN	0	0	0	0	0	0	0	0	0	0	0	0	0	0	0	0	0	0	0	0	0	0	0	0	0	0	0	0	0	0	0	0	0	0	0	0	0	0	0	0	0	0	0	0	0	0	0	0	0	0	0	0	0	0	0	0	0	0	0	0	0	0	0	0	0	0	0	0	0	0	0	0	0	0	0	0	0	0	0	0	0	0	0	0	0	0	0	0	0	0	0	0	0	0	0	0	0	0	0	0	0	0	0	0	0	0	0	0	0	0	0	0	0	0	0	0	0	0	0	0.026303928	14.625	0.5833534	1285.6825	0	0	0	0	0	0	0	0	0.029338168	27.660934	0.44801283	1057.8015	0	0	0	0	0	0	0	0	0	0	0	0	0	0	0	0	0.030693946	0.63227415	0.67545027	1462.2169	0	0	0	0	0	0	0	0	0	0	0	0
SRR3984963rbin.2	0	0	0	0	0	0	0	0	0.32993075	1331.962	3.2022033	7157.3994	0.23552556	131.88211	3.3144238	7394.6104	NaN	0	0	0	0	0	0	0	0	0	0	0	0	0	0	0	0.05833265	15.664064	0.5374781	1282.986	0	0	0	0	0.08330344	134.73576	0.7105185	1688.1196	0.055109654	0.4869602	0.3978112	1159.2345	0.04921793	23.039242	0.4387693	1039.3986	0.060460184	0.707198	0.41106364	1183.11	0.032613542	25.348843	0.45134822	729.4433	0	0	0	0	0	0	0	0	0	0	0	0	0	0	0	0	0	0	0	0	0	0	0	0	0	0	0	0	0	0	0	0	0	0	0	0	0	0	0	0	0	0	0	0	0	0	0	0	0	0	0	0	0	0	0	0	0	0	0	0	0	0	0	0	0	0	0	0	0	0	0	0	0	0	0	0	0.028519262	11.442245	0.5334365	1175.6681	0.07382522	74.06781	1.3467962	2970.4744	0	0	0	0	0	0	0	0	0	0	0	0	0	0	0	0	0	0	0	0	0	0	0	0	0	0	0	0	0.019637203	12.503018	0.27820447	595.89557	0.3192972	746.9054	3.0932386	6885.5146	0.12750271	0.9765018	1.2784034	3034.9055
GCA_003170915.1_20110800_E2D_genomic	0	0	0	0	0	0	0	0	0.051478095	139.5717	0.5509806	1231.5233	0	0	0	0	NaN	0	0	0	0	0	0	0	0	0	0	0	0	0	0	0	0	0	0	0	0	0	0	0	0.010181534	19.334219	0.09356014	222.28938	0	0	0	0	0.013358345	8.907569	0.12994514	307.82666	0	0	0	0	0	0	0	0	0	0	0	0	0	0	0	0	0	0	0	0	0	0	0	0	0	0	0	0	0	0	0	0	0	0	0	0	0	0	0	0	0	0	0	0	0	0	0	0	0	0	0	0	0	0	0	0	0	0	0	0	0	0	0	0	0	0	0	0	0	0	0	0	0	0	0	0	0	0	0	0	0	0	0	0	0	0	0	0	0	0	0	0	0	0	0	0	0	0	0	0	0	0	0	0	0	0	0	0	0	0	0	0	0	0	0	0	0	0	0	0	0	0	0	0	0.028359761	46.829773	0.30650005	682.2656	0	0	0	0
SRR3989258rbin.2	0	0	0	0	0	0	0	0	0	0	0	0	0	0	0	0	NaN	0	0	0	0	0	0	0	0	0	0	0	0	0	0	0	0	0	0	0	0	0	0	0	0	0	0	0	0	0	0	0	0	0	0	0	0	0	0	0	0	0	0	0	0	0	0	0	0	0	0	0	0	0	0	0	0	0	0	0	0	0	0	0	0	0	0	0	0	0	0	0	0	0	0	0	0	0	0	0	0	0	0	0	0	0	0	0	0	0	0	0	0	0	0	0	0	0	0	0	0	0	0	0	0	0	0	0	0	0	0	0	0	0	0	0	0	0	0	0	0	0	0	0	0	0	0	0	0	0	0	0	0	0	0	0	0	0	0	0	0	0	0	0	0	0	0	0	0	0	0	0	0	0	0	0	0	0	0	0	0	0	0	0	0	0	0	0
SRR12917118bin.14	0	0	0	0	0	0	0	0	0.07790632	328.72614	0.835696	1867.9045	0.10319562	69.31572	1.5674051	3496.9412	NaN	0	0	0	0	0	0	0	0	0	0	0	0	0	0	0	0.07355701	31.54935	0.730226	1743.0839	0.16954726	214.25159	1.6563792	4739.7026	0.09429343	428.47812	0.84582305	2009.59	0.25598404	6.89267	2.0365777	5934.652	0.09794151	192.4742	0.9405553	2228.0776	0.18911068	5.702327	1.4049399	4043.653	0	0	0	0	0	0	0	0	0	0	0	0	0	0	0	0	0	0	0	0	0	0	0	0	0	0	0	0	0	0	0	0	0	0	0	0	0	0	0	0	0	0	0	0	0	0	0	0	0	0	0	0	0	0	0	0	0	0	0	0	0	0	0	0	0	0	0	0	0	0	0	0	0	0	0	0	0	0	0	0	0.022609128	8.703861	0.45539194	1003.66156	0.054621153	59.091377	1.0990319	2424.0088	0	0	0	0	0.040510114	35.39705	0.6312883	1490.5327	0	0	0	0	0	0	0	0	0	0	0	0	0	0	0	0	0.020508515	0.35198915	0.44669527	967.00757	0.045159347	33.366776	0.67577	1447.4548	0.07029256	159.13037	0.7486157	1666.4099	0.21179397	3.58246	2.323456	5515.8423
SRR3985396rbin.14	0	0	0	0	0	0	0	0	0.10908997	594.74005	1.1174347	2497.6323	0.118993305	86.45418	1.710738	3816.7227	NaN	0	0	0	0	0	0	0	0	0	0	0	0	0	0	0	0	0	0	0	0	0	0	0	0	0	0	0	0	0	0	0	0.0064410083	8.428174	0.064585686	152.9967	0	0	0	0	0	0	0	0	0	0	0	0	0	0	0	0	0	0	0	0	0	0	0	0	0	0	0	0	0	0	0	0	0	0	0	0	0	0	0	0	0	0	0	0	0	0	0	0	0	0	0	0	0	0	0	0	0.03133506	0.3805984	0.29647034	692.3452	0	0	0	0	0	0	0	0	0	0	0	0	0	0	0	0	0	0	0	0	0	0	0	0	0	0	0	0	0	0	0	0	0	0	0	0	0	0	0	0	0	0	0	0	0	0	0	0	0	0	0	0	0	0	0	0	0	0	0	0	0	0	0	0	0.07631308	165.2901	0.77562386	1726.5297	0	0	0	0
SRR9691041rbin.3	0	0	0	0	0	0	0	0	0	0	0	0	0	0	0	0	NaN	0	0	0	0	0	0	0	0	0	0	0	0	0	0	0	0	0	0	0	0	0	0	0	0	0	0	0	0	0	0	0	0	0	0	0	0	0	0	0	0	0	0	0	0	0	0	0	0	0	0	0	0	0	0	0	0	0	0	0	0	0	0	0	0	0	0	0	0	0	0	0	0	0	0	0	0	0	0	0	0	0	0	0	0	0	0	0	0	0	0	0	0	0	0	0	0	0	0	0	0	0	0	0	0	0	0	0	0	0	0	0	0	0	0	0	0	0	0	0	0	0	0	0	0.062605456	88.38623	1.2367417	2727.7393	0	0	0	0	0.12654825	355.9637	1.9095198	4508.561	0	0	0	0	0	0	0	0	0	0	0	0	0	0	0	0	0	0	0	0	0.035562523	36.22007	0.53331447	1142.3245	0	0	0	0	0	0	0	0
GCA_003132125.1_20120500_P28_genomic	0	0	0	0	0	0	0	0	0.8059722	17854.625	8.019046	17923.754	0.3509081	347.9863	5.0109825	11179.694	NaN	0	0	0	0.6245283	3130.3904	25.90191	51958.848	1.1182561	955.68536	16.818972	38792.46	0	0	0	0	2.231019	5957.5977	20.388674	48668.746	0.5417738	812.5743	4.9297476	14106.3955	2.1679566	75786.13	18.32866	43547.03	0.8217921	35.189083	6.0601206	17659.383	1.6101186	20264.676	14.318665	33919.42	0.95064986	59.353863	6.552322	18858.684	0.051065654	113.44829	0.68957615	1114.4539	0	0	0	0	0	0	0	0	0	0	0	0	0	0	0	0	0.059448607	58.80154	1.0247918	2151.6814	0	0	0	0	0.060976896	9.154406	0.5326175	1073.4481	0.28881726	869.8544	4.0188046	7547.8916	0.60359704	7.0978847	6.1038017	13655.102	0.40625206	1968.9095	8.272074	14123.147	0	0	0	0	0	0	0	0	0.3726729	17.069326	3.5117123	8200.878	0.25124964	569.6252	3.5061948	6428.7163	0.55053985	773.68195	5.0699477	12889.9	0	0	0	0	0	0	0	0	0.070245616	220.21033	1.7944894	3651.3284	0.09926498	0.6103512	3.155244	6900.417	0.086492784	66.669014	1.637549	3609.0781	0.26979756	464.69324	5.0238347	11080.497	0	0	0	0	0.13167892	254.54417	1.9474158	4598.037	0.3069412	1939.5227	12.056078	21343.44	0.11682723	1.1087747	2.500048	5126.51	0.08204169	1498.4137	2.2185647	4268.2085	0	0	0	0	0.09295299	3.1244457	1.9147633	4145.0884	0.19984809	316.6243	2.8199093	6040.0615	1.1206331	14664.328	11.065301	24631.236	0.5950835	14.184412	6.145207	14588.602
SRR7102015rbin.20	0	0	0	0	0	0	0	0	0.030933082	152.71295	0.35112876	784.8247	0	0	0	0	NaN	0	0	0	0	0	0	0	0	0	0	0	0	0	0	0	0	0	0	0	0	0	0	0	0.015742788	40.433598	0.15136898	359.63727	0	0	0	0	0.009287503	8.349882	0.096485525	228.56413	0	0	0	0	0	0	0	0	0	0	0	0	0	0	0	0	0	0	0	0	0	0	0	0	0	0	0	0	0	0	0	0	0	0	0	0	0	0	0	0	0	0	0	0	0	0	0	0	0	0	0	0	0	0	0	0	0	0	0	0	0	0	0	0	0	0	0	0	0	0	0	0	0	0	0	0	0.080465354	214.97627	2.1726596	4420.8096	0	0	0	0	0.07581772	41.008	1.5351573	3383.4128	0.06247231	70.27584	1.2773074	2817.2097	0	0	0	0	0.08385489	97.65136	1.3220285	3121.4375	0	0	0	0	0.06842655	0.55171126	1.6369165	3356.6042	0.064301625	1047.0582	1.9895635	3827.6433	0	0	0	0	0.066282846	2.0726826	1.529384	3310.817	0.06381555	61.62516	1.0258898	2197.3884	0.03442613	108.02724	0.3858178	858.82605	0	0	0	0
GCA_003168085.1_20110700_P2D_genomic	0	0	0	0	0	0	0	0	0.023724832	45.074135	0.24411799	545.63965	0	0	0	0	NaN	0	0	0	0	0	0	0	0	0	0	0	0	0	0	0	0.023326391	7.4072948	0.22500107	537.0884	0	0	0	0	0.020637777	41.84076	0.18775648	446.0903	0	0	0	0	0.012798484	10.503411	0.120793186	286.1464	0	0	0	0	0	0	0	0	0	0	0	0	0	0	0	0	0	0	0	0	0	0	0	0	0	0	0	0	0	0	0	0	0	0	0	0	0	0	0	0	0	0	0	0	0	0	0	0	0	0	0	0	0	0	0	0	0	0	0	0	0	0	0	0	0	0	0	0	0	0	0	0	0	0	0	0	0	0	0	0	0	0	0	0	0	0	0	0	0	0	0	0	0	0	0	0	0	0	0	0	0	0	0	0	0	0	0	0	0	0	0	0	0	0	0	0	0	0	0	0	0	0	0	0	0.026482109	40.82281	0.2686002	597.90076	0	0	0	0
GCA_003152315.1_20120700_P3D_genomic	0	0	0	0	0	0	0	0	0	0	0	0	0	0	0	0	NaN	0	0	0	0	0	0	0	0	0	0	0	0	0	0	0	0	0	0	0	0	0	0	0	0	0	0	0	0	0	0	0	0	0	0	0	0	0	0	0	0	0	0	0	0	0	0	0	0	0	0	0	0	0	0	0	0	0	0	0	0	0	0	0	0	0	0	0	0	0	0	0	0	0	0	0	0	0	0	0	0	0	0	0	0	0	0	0	0	0	0	0	0	0	0	0	0	0	0	0	0	0	0	0	0	0	0	0	0	0	0	0	0	0	0	0	0	0	0	0	0	0	0	0	0	0	0	0	0	0	0	0	0	0	0	0	0	0	0	0	0	0	0	0	0	0	0	0	0	0	0	0	0	0	0	0	0	0	0	0	0	0	0	0	0	0	0	0
SRR5712664rbin.3	0	0	0	0	0	0	0	0	0	0	0	0	0	0	0	0	NaN	0	0	0	0	0	0	0	0	0	0	0	0	0	0	0	0	0	0	0	0	0	0	0	0	0	0	0	0	0	0	0	0	0	0	0	0	0	0	0	0	0	0	0	0	0	0	0	0	0	0	0	0	0	0	0	0	0	0	0	0	0	0	0	0	0	0	0	0	0	0	0	0	0	0	0	0	0	0	0	0	0	0	0	0	0	0	0	0	0	0	0	0	0	0	0	0	0	0	0	0	0	0	0	0	0	0	0	0	0	0	0	0	0	0	0	0	0	0	0	0.031802855	14.70665	0.64789426	1427.9272	0	0	0	0	0	0	0	0	0	0	0	0	0	0	0	0	0	0	0	0	0	0	0	0	0	0	0	0	0	0	0	0	0	0	0	0	0	0	0	0	0	0	0	0
SRR10260007bin.6	0	0	0	0	0	0	0	0	0	0	0	0	0	0	0	0	NaN	0	0	0	0	0	0	0	0	0	0	0	0	0	0	0	0	0	0	0	0	0	0	0	0	0	0	0	0	0	0	0	0	0	0	0	0	0	0	0	0	0	0	0	0	0	0	0	0	0	0	0	0	0	0	0	0	0	0	0	0	0	0	0	0	0	0	0	0	0	0	0	0	0	0	0	0	0	0	0	0	0	0	0	0	0	0	0	0	0	0	0	0	0	0	0	0	0	0	0	0	0	0	0	0	0	0	0	0	0	0	0	0	0	0	0	0	0	0	0	0	0	0	0	0.0626548	99.78822	1.251347	2759.9524	0	0	0	0	0.1247842	427.51788	1.8807722	4440.686	0	0	0	0	0	0	0	0	0	0	0	0	0	0	0	0	0	0	0	0	0.033664543	67.30847	0.5088111	1089.84	0	0	0	0	0	0	0	0
SRR5450747rbin.4	0	0	0	0	0	0	0	0	0	0	0	0	0	0	0	0	NaN	0	0	0	0	0	0	0	0	0	0	0	0	0	0	0	0	0	0	0	0	0	0	0	0	0	0	0	0.2941181	7.4015584	2.146965	6256.324	0	0	0	0	0.12685579	13.244846	0.9001055	2590.6553	0	0	0	0	0.121211335	61.98046	0.9894827	2011.5918	0	0	0	0	0.5477719	446.06897	3.7358205	7594.1157	0	0	0	0	0	0	0	0	0	0	0	0	0	0	0	0	0	0	0	0	0.20997964	1.071066	2.0871522	4669.265	0	0	0	0	0	0	0	0	0	0	0	0	0.17040248	3.4848702	1.5984578	3732.8674	0	0	0	0	0.5881433	432.11328	5.2475753	13341.504	0	0	0	0	0	0	0	0	0	0	0	0	0	0	0	0	0	0	0	0	0	0	0	0	0	0	0	0	0	0	0	0	0	0	0	0	0	0	0	0	0	0	0	0	0	0	0	0	0	0	0	0	0	0	0	0	0	0	0	0	0	0	0	0
SRR1586309rbin.15	0	0	0	0	0	0	0	0	0	0	0	0	0	0	0	0	NaN	0	0	0	0	0	0	0	0	0	0	0	0	0	0	0	0	0	0	0	0	0	0	0	0	0	0	0	0	0	0	0	0	0	0	0	0	0	0	0	0	0	0	0	0	0	0	0	0	0	0	0	0	0	0	0	0	0	0	0	0	0	0	0	0	0	0	0	0	0	0	0	0	0	0	0	0	0	0	0	0	0	0	0	0	0	0	0	0	0	0	0	0	0	0	0	0	0	0	0	0	0	0	0	0	0	0	0	0	0	0	0	0	0	0	0	0	0	0	0	0	0	0	0	0	0	0	0	0	0	0	0	0.0334362	43.653294	0.47645295	1124.9517	0	0	0	0	0	0	0	0	0	0	0	0	0	0	0	0	0.038219538	1.2217628	0.7802726	1689.1375	0	0	0	0	0	0	0	0	0	0	0	0
17_S43_bin.6	0	0	0	0	0	0	0	0	0	0	0	0	0	0	0	0	NaN	0	0	0	0	0	0	0	0	0	0	0	0	0	0	0	0	0	0	0	0	0	0	0	0	0	0	0	0	0	0	0	0	0	0	0	0	0	0	0	0	0	0	0	5.079505	6742.9814	42.661316	86729.33	0	0	0	0	13.312099	49483.344	92.84107	188725.88	0	0	0	0	0	0	0	0	0	0	0	0	0	0	0	0	0	0	0	0	0	0	0	0	0	0	0	0	0	0	0	0	0	0	0	0	0	0	0	0	0	0	0	0	0	0	0	0	0	0	0	0	0	0	0	0	0	0	0	0	0	0	0	0	0	0	0	0	0	0	0	0	0	0	0	0	0	0	0	0	0	0	0	0	0	0	0	0	0	0	0	0	0	0	0	0	0	0	0	0	0	0	0	0	0	0	0	0	0	0	0	0
SRR1586270rbin.9	0	0	0	0	0	0	0	0	0	0	0.39287657	878.1375	0	0	0	0	NaN	0	0	0	0	0	0	0	0	0	0	0	0	0	0	0	0	0	0	0	0	0	0	0	0	0	0	0	0	0	0	0	0.062329896	1794.4998	0.63171685	1496.4713	0	0	0	0	0	0	0	0	0	0	0	0	0	0	0	0	0	0	0	0	0	0	0	0	0	0	0	0	0	0	0	0	0	0	0	0	0	0	0	0	0.19344187	2.315534	2.0975523	4692.5317	0	0	0	0	0	0	0	0	0	0	0	0	0.35904282	43.381176	3.5872638	8377.313	0	0	0	0	0.33965522	757.2549	3.3390772	8489.313	0	0	0	0	0	0	0	0	0	0	0	0	0	0	0	0	0	0	0	0	0	0	0	0	0	0	0	0	0	0	0	0	0	0	0	0	0	0	0	0	0	0	0	0	0	0	0	0	0	0	0	0	0	0	0	0	0	0	0	0	0	0	0	0
11p_S11_bin.40	0	0	0	0	0	0	0	0	0.19956747	214.64969	1.9214636	4294.757	0	0	0	0	NaN	0	0	0	0	0	0	0	0	0	0	0	0	0	0	0	0.098106	36.60453	0.92506063	2208.164	0	0	0	0	0.096875	182.49771	0.85510397	2031.6406	0.1306775	3.6064541	0.97135425	2830.5566	0.1617089	95.76066	1.4461486	3425.774	0.15354823	3.8440971	1.0532873	3031.5369	0	0	0	0	0	0	0	0	0	0	0	0	0	0	0	0	0	0	0	0	0	0	0	0	0	0	0	0	0	0	0	0	0	0	0	0	0	0	0	0	0	0	0	0	0	0	0	0	0	0	0	0	0	0	0	0	0	0	0	0	0	0	0	0	0	0	0	0	0	0	0	0	0	0	0	0	0	0	0	0	0	0	0	0	0	0	0	0	0	0	0	0	0	0	0	0	0	0	0	0	0	0	0	0	0	0	0	0	0	0	0	0	0	0	0	0	0	0	0	0	0.11005121	170.68712	1.0849884	2415.172	0.065433055	1.2509751	0.71213627	1690.5983
SRR1586264rbin.5	0	0	0	0	0	0	0	0	0	0	0	0	0	0	0	0	NaN	0	0	0	0	0	0	0	0	0	0	0	0	0	0	0	0	0	0	0	0	0	0	0	0	0	0	0	0	0	0	0	0	0	0	0	0	0	0	0	0	0	0	0	0	0	0	0	0	0	0	0	0	0	0	0	0	0	0	0	0	0	0	0	0	0	0	0	0	0	0	0	0	0	0	0	0	0	0	0	0	0	0	0	0	0	0	0	0	0	0	0	0	0	0	0	0	0	0	0	0	0	0	0	0	0	0	0	0	0	0	0	0	0	0	0	0	0	0	0	0	0	0	0	0.074546225	101.23621	1.4791632	3262.42	0	0	0	0	0.047505487	62.95331	0.7538836	1779.9923	0	0	0	0	0	0	0	0	0	0	0	0	0	0	0	0	0.05537366	1.8270166	1.2462974	2697.9895	0	0	0	0	0	0	0	0	0	0	0	0
GCA_003141455.1_20120800_E3S_genomic	0	0	0	0	0	0	0	0	0.027140265	107.59164	0.28871724	645.32556	0	0	0	0	NaN	0	0	0	0	0	0	0	0	0	0	0	0	0	0	0	0	0	0	0	0	0	0	0	0.013591465	89.31072	0.12890396	306.2627	0	0	0	0	0.008737714	30.24399	0.08758289	207.4747	0	0	0	0	0	0	0	0	0	0	0	0	0	0	0	0	0	0	0	0	0	0	0	0	0	0	0	0	0	0	0	0	0	0	0	0	0	0	0	0	0	0	0	0	0	0	0	0	0	0	0	0	0	0	0	0	0	0	0	0	0	0	0	0	0	0	0	0	0	0	0	0	0	0	0	0	0	0	0	0	0	0	0	0	0	0	0	0	0	0	0	0	0	0	0	0	0	0	0	0	0	0	0	0	0	0	0	0	0	0	0	0	0	0	0	0	0	0	0	0	0	0	0	0	0.019082315	62.674477	0.20514697	456.65488	0	0	0	0
GCA_003133265.1_20120500_P28_genomic	0	0	0	0	0	0	0	0	0.08647732	129.86511	0.86216515	1927.0668	0.073644355	41.640602	1.0686536	2384.2078	NaN	0	0	0	0	0	0	0	0	0	0	0	0	0	0	0	0.13784738	52.617054	1.2685529	3028.0972	0	0	0	0	0.13427527	439.56363	1.1429825	2715.61	0.13194926	1.4471738	0.97031623	2827.5322	0.10256319	88.573456	0.91505855	2167.6775	0.1322187	1.8685182	0.9133865	2628.88	0	0	0	0	0	0	0	0	0	0	0	0	0	0	0	0	0	0	0	0	0	0	0	0	0	0	0	0	0	0	0	0	0	0	0	0	0	0	0	0	0	0	0	0	0	0	0	0	0	0	0	0	0.04311509	0.42984354	0.4089205	954.949	0	0	0	0	0.11448331	68.87637	1.0515	2673.3464	0	0	0	0	0	0	0	0	0	0	0	0	0	0	0	0	0	0	0	0	0	0	0	0	0	0	0	0	0	0	0	0	0	0	0	0	0	0	0	0	0	0	0	0	0	0	0	0	0	0	0	0	0.016579913	11.46051	0.25633913	549.06165	0.14358546	208.99373	1.4060094	3129.76	0.11481819	0.9225258	1.1777877	2796.046
16p_S16_bin.62	0	0	0	0	0	0	0	0	0	0	0	0	0	0	0	0	NaN	0	0	0	0	0	0	0	0.46954587	299.61157	7.071817	16310.941	0	0	0	0	0.049038235	14.052032	0.48118612	1148.6145	0	0	0	0	0.071788825	96.57072	0.6370124	1513.4768	0	0	0	0	0.8116006	876.3081	7.218431	17099.713	0	0	0	0	0	0	0	0	0	0	0	0	0	0	0	0	0	0	0	0	0	0	0	0	0	0	0	0	0	0	0	0	0	0	0	0	0	0	0	0	0	0	0	0	0	0	0	0	0	0	0	0	0	0	0	0	0	0	0	0	0	0	0	0	0	0	0	0	0	0	0	0	0	0	0	0	0	0	0	0	0	0	0	0	0	0	0	0	0	0	0	0	0	0	0	0	0	0	0	0	0	0	0	0	0	0	0	0	0	0	0	0	0	0	0	0	0	0	0	0	0	0	0	0	0	0	0	0	0	0	0	0
SRR3989121rbin.35	0	0	0	0	0	0	0	0	0.0797012	203.75159	0.8259057	1846.0214	0	0	0	0	NaN	0	0	0	0	0	0	0	0	0	0	0	0	0	0	0	0.03882337	15.419578	0.37399986	892.7559	0	0	0	0	0.03324136	79.75699	0.29531252	701.63226	0	0	0	0	0.030234667	28.966597	0.28424913	673.35657	0	0	0	0	0	0	0	0	0	0	0	0	0	0	0	0	0	0	0	0	0	0	0	0	0	0	0	0	0	0	0	0	0	0	0	0	0	0	0	0	0	0	0	0	0	0	0	0	0	0	0	0	0	0	0	0	0	0	0	0	0	0	0	0	0	0	0	0	0	0	0	0	0	0	0	0	0	0	0	0	0	0	0	0	0	0	0	0	0	0	0	0	0	0	0	0	0	0	0	0	0	0	0	0	0	0	0	0	0	0	0	0	0	0	0	0	0	0	0	0	0	0	0	0	0.0564616	98.8856	0.5810112	1293.3243	0	0	0	0
SRR10489834bin.10	0	0	0	0	0	0	0	0	0.07900653	362.92877	0.78915185	1763.8713	0	0	0	0	NaN	0	0	0	0	0	0	0	0	0	0	0	0	0	0	0	0.04738732	20.1404	0.45030373	1074.8966	0	0	0	0	0.051442575	140.51468	0.44783774	1064.0168	0	0	0	0	0.050968125	77.02869	0.4641713	1099.5736	0	0	0	0	0	0	0	0	0	0	0	0	0	0	0	0	0	0	0	0	0	0	0	0	0	0	0	0	0	0	0	0	0	0	0	0	0	0	0	0	0	0	0	0	0	0	0	0	0	0	0	0	0	0	0	0	0	0	0	0	0	0	0	0	0	0	0	0	0	0	0	0	0	0	0	0	0	0	0	0	0	0	0	0	0.049855668	47.791836	0.92960274	2048.7986	0	0	0	0	0	0	0	0	0	0	0	0	0	0	0	0	0	0	0	0	0	0	0	0	0	0	0	0	0	0	0	0	0	0	0	0	0.05201436	161.15288	0.522791	1163.7272	0	0	0	0
SRR3982075rbin.1	0	0	0	0	0	0	0	0	0.10965997	1649.3947	1.1301507	2526.0532	0.14790857	201.43553	2.1578805	4814.3145	NaN	0	0	0	0	0	0	0	0	0	0	0	0	0	0	0	0.0812582	105.548874	0.78025395	1862.5042	0.18333162	366.60748	1.7331179	4959.2896	0.09590289	1292.5402	0.8310212	1974.4213	0.24607447	16.004057	1.899887	5536.3296	0.108970754	879.1447	1.0148507	2404.0752	0.19448459	15.451584	1.3938	4011.59	0	0	0	0	0	0	0	0	0	0	0	0	0	0	0	0	0	0	0	0	0	0	0	0	0	0	0	0	0	0	0	0	0	0	0	0	0	0	0	0	0	0	0	0	0	0	0	0	0	0	0	0	0	0	0	0	0	0	0	0	0	0	0	0	0	0	0	0	0	0	0	0	0	0	0	0	0	0	0	0	0.028865736	28.060211	0.5583473	1230.5701	0.06593864	114.890366	1.2780839	2818.923	0	0	0	0	0.04191218	69.78434	0.63274217	1493.9653	0	0	0	0	0	0	0	0	0	0	0	0	0	0	0	0	0.024848783	1.2711521	0.5309807	1149.4691	0.060058225	122.276146	0.8639659	1850.5585	0.09591967	591.7876	0.98189956	2185.6978	0.3287712	14.587523	3.4614751	8217.476
SRR3985396rbin.6	0	0	0	0	0	0	0	0	0.025673285	594.9327	0.27348137	611.27136	0	0	0	0	NaN	0	0	0	0	0	0	0	0	0	0	0	0	0	0	0	0	0	0	0	0	0	0	0	0.05342753	2077.6665	0.49853167	1184.4607	0	0	0	0	0.043738544	572.5367	0.4351034	1030.7141	0	0	0	0	2.2950554	10386.856	31.39706	50742.14	0.25675204	124.535675	2.4091804	4897.7993	2.3543034	18884.527	47.75021	85625.82	0.38041028	411.7665	3.0330403	6165.517	1.8375776	3842.7097	40.11341	69838.35	0.26133114	108.40207	4.712832	9895.195	0	0	0	0	0.29632974	21.141684	2.848679	5741.284	1.023663	2474.118	14.9299	28040.496	0.13110998	0.8683551	1.5523568	3472.8496	0.5893361	1892.0181	13.139775	22433.904	0	0	0	0	0	0	0	0	0.12876633	2.4659834	1.3375735	3123.6265	0.40469688	513.7192	6.1030602	11190.148	0.28001437	146.91722	2.890706	7349.3657	0	0	0	0	0	0	0	0	0	0	0	0	0	0	0	0	0	0	0	0	0	0	0	0	0	0	0	0	0	0	0	0	0	0	0	0	0	0	0	0	0	0	0	0	0	0	0	0	0	0	0	0	0	0	0	0	0	0	0	0	0	0	0	0
SRR1586324rbin.22	0	0	0	0	0	0	0	0	0	0	0	0	0	0	0	0	NaN	0	0	0	0	0	0	0	0	0	0	0	0	0	0	0	0	0	0	0	0	0	0	0	0	0	0	0	0	0	0	0	0	0	0	0	0	0	0	0	0	0	0	0	0	0	0	0	0	0	0	0	0	0	0	0	0	0	0	0	0	0	0	0	0	0	0	0	0	0	0	0	0	0	0	0	0	0	0	0	0	0	0	0	0	0	0	0	0	0	0	0	0	0	0	0	0	0	0	0	0	0	0	0	0	0	0	0	0	0	0	0	0	0	0	0	0.3340558	2.021724	9.885458	21619.18	0	0	0	0	0.13462037	150.81306	2.4172938	5331.548	0	0	0	0	0.30738208	424.1889	4.2343297	9997.663	0	0	0	0	0.20068194	1.6360047	4.075231	8356.523	0	0	0	0	0	0	0	0	0	0	0	0	0.2945584	379.40964	3.9738076	8511.636	0	0	0	0	0	0	0	0
GCA_003164695.1_20120700_S1D_genomic	0	0	0	0	0	0	0	0	0.007561376	9.737043	0.091047466	203.50467	0	0	0	0	NaN	0	0	0	0	0	0	0	0	0	0	0	0	0	0	0	0	0	0	0	0	0	0	0	0	0	0	0	0	0	0	0	0	0	0	0	0	0	0	0	0	0	0	0	0	0	0	0	0	0	0	0	0	0	0	0	0	0	0	0	0	0	0	0	0	0	0	0	0	0	0	0	0	0	0	0	0	0	0	0	0	0	0	0	0	0	0	0	0	0	0	0	0	0	0	0	0	0	0	0	0	0	0	0	0	0	0	0	0	0	0	0	0	0	0	0	0	0	0	0	0	0	0	0	0	0	0	0	0	0	0	0	0	0	0	0	0	0	0	0	0	0	0	0	0	0	0	0	0	0	0	0	0	0	0	0	0	0	0	0	0	0	0	0	0	0	0	0
SRR7011028rbin.3	0	0	0	0	0	0	0	0	0	0	0	0	0	0	0	0	NaN	0	0	0	0	0	0	0	0	0	0	0	0	0	0	0	0	0	0	0	0	0	0	0	0	0	0	0	0	0	0	0	0	0	0	0	0	0	0	0	0	0	0	0	0	0	0	0	0	0	0	0	0	0	0	0	0	0	0	0	0	0	0	0	0	0	0	0	0	0	0	0	0	0	0	0	0	0	0	0	0	0	0	0	0	0	0	0	0	0	0	0	0	0	0	0	0	0	0	0	0	0	0	0	0	0	0	0	0	0	0	0	0	0	0	0	0	0	0	0	0.049144838	28.162169	1.0533315	2321.4912	0	0	0	0	0	0	0	0	0.057740718	74.302536	0.97162133	2294.0916	0	0	0	0	0.07098959	0.6161325	1.7171556	3521.1394	0.06760277	1334.7726	2.0782557	3998.274	0	0	0	0	0.06464449	2.3510232	1.528657	3309.2434	0.07629683	86.63744	1.2261589	2626.3516	0	0	0	0	0	0	0	0
15p_S15_bin.14	0	0	0	0	0	0	0	0	0.08912374	102.588554	0.8704055	1945.4854	0	0	0	0	NaN	0	0	0	0	0	0	0	0.65275407	419.45792	9.663138	22287.744	0	0	0	0	0.76971114	236.47987	6.969135	16635.66	0.3039751	427.519	2.7194047	7781.5337	1.0331458	1672.1848	8.737707	20759.904	0.36485237	3.2895646	2.6082914	7600.6436	0.8001489	600.9868	6.9751368	16523.37	0.43821105	5.1913586	2.935818	8449.776	0	0	0	0	0.14151616	95.84526	1.1839286	2406.8955	0	0	0	0	0.15299933	119.689224	1.0587989	2152.3105	0	0	0	0	0.09886467	101.29056	1.6139997	3388.799	0	0	0	0	0.37512076	76.78518	3.1223178	6292.781	0	0	0	0	2.3056388	10.476604	22.383305	50074.74	0	0	0	0	3.1800032	1.1075779	57.31522	155872	0	0	0	0	1.9978045	29.130543	17.97749	41982.71	0.086553074	115.26845	1.1855572	2173.7554	3.2477355	2273.7847	28.781004	73173.195	0	0	0	0	0	0	0	0	0	0	0	0	0	0	0	0	0	0	0	0	0	0	0	0	0	0	0	0	0	0	0	0	0	0	0	0	0	0	0	0	0	0	0	0	0	0	0	0	0	0	0	0	0	0	0	0	0.09971943	127.41797	0.97253853	2164.8596	0	0	0	0
SRR3989254rbin.5	0	0	0	0	0	0	0	0	0.009815242	16.295864	0.09890052	221.05733	0	0	0	0	NaN	0	0	0	0	0	0	0	0	0	0	0	0	0	0	0	0	0	0	0	0	0	0	0	0	0	0	0	0	0	0	0	0.009797013	21.276857	0.0902565	213.80807	0	0	0	0	0	0	0	0	0	0	0	0	0	0	0	0	0	0	0	0	0	0	0	0	0	0	0	0	0	0	0	0	0	0	0	0	0	0	0	0	0	0	0	0	0	0	0	0	0	0	0	0	0	0	0	0	0	0	0	0	0	0	0	0	0	0	0	0	0	0	0	0	0	0	0	0	0	0	0	0	0	0	0	0	0	0	0	0	0	0	0	0	0	0	0	0	0	0	0	0	0	0	0	0	0	0	0	0	0	0	0	0	0	0	0	0	0	0	0	0	0	0	0	0	0.011085233	12.5293045	0.111376	247.92168	0	0	0	0
SRR4027831rbin.1	0	0	0	0	0	0	0	0	0	0	0	0	0	0	0	0	NaN	0	0	0	0	0	0	0	0	0	0	0	0	0	0	0	0	0	0	0	0	0	0	0	0	0	0	0	0.17444155	7.756279	1.292552	3766.537	0	0	0	0	0.15932056	18.702057	1.1249045	3237.6648	0	0	0	0	0	0	0	0	0	0	0	0	0	0	0	0	0	0	0	0	0	0	0	0	0	0	0	0	0	0	0	0	0	0	0	0	0	0	0	0	0	0	0	0	0	0	0	0	0	0	0	0	0.08514872	3.0117054	0.81521714	1903.7705	0	0	0	0	0.09324094	98.21794	0.8690791	2209.5574	0	0	0	0	0	0	0	0	0	0	0	0	0	0	0	0	0	0	0	0	0	0	0	0	0	0	0	0	0	0	0	0	0	0	0	0	0	0	0	0	0	0	0	0	0	0	0	0	0	0	0	0	0	0	0	0	0	0	0	0	0	0	0	0
SRR3989258rbin.8	0	0	0	0	0	0	0	0	0	0	0	0	0	0	0	0	NaN	0	0	0	0	0	0	0	0	0	0	0	0	0	0	0	0	0	0	0	0	0	0	0	0	0	0	0	0	0	0	0	0	0	0	0	0	0	0	0	0.08495043	109.47139	1.073669	1735.2031	0	0	0	0	0	0	0	0	0	0	0	0	0	0	0	0	0.25628218	91.043076	4.090499	8588.527	0	0	0	0	0.15430735	2.8273692	1.2565817	2532.5393	0	0	0	0	0	0	0	0	0	0	0	0	0	0	0	0	0	0	0	0	0	0	0	0	0.22399114	354.96057	3.0310724	5557.5635	0	0	0	0	0	0	0	0	0	0	0	0	0	0	0	0	0	0	0	0	0	0	0	0	0	0	0	0	0	0	0	0	0	0	0	0	0	0	0	0	0	0	0	0	0	0	0	0	0	0	0	0	0	0	0	0	0	0	0	0	0	0	0	0	0	0	0	0
SRR3989239rbin.2	0	0	0	0	0	0	0	0	0.029776638	73.05864	0.32040274	716.1475	0	0	0	0	NaN	0	0	0	0	0	0	0	0	0	0	0	0	0	0	0	0	0	0	0	0	0	0	0	0	0	0	0	0	0	0	0	0	0	0	0	0	0	0	0	0	0	0	0	0	0	0	0	0	0	0	0	0	0	0	0	0	0	0	0	0	0	0	0	0	0	0	0	0	0	0	0	0	0	0	0	0	0	0	0	0	0	0	0	0	0	0	0	0	0	0	0	0	0	0	0	0	0	0	0	0	0	0	0	0	0	0	0	0	0	0	0	0	0	0	0	0	0	0	0	0	0	0	0	0	0	0	0	0	0	0	0	0	0	0	0	0	0	0	0	0	0	0	0	0	0	0	0	0	0	0	0	0	0	0	0	0	0	0	0	0.028406939	56.126877	0.30503976	679.0149	0	0	0	0
SRR10489833bin.14	0	0	0	0	0	0	0	0	0.2877807	427.63565	2.8289742	6323.175	0.4305875	311.7311	6.2302284	13899.88	NaN	0	0	0	0	0	0	0	0.49259913	360.89597	7.583997	17492.262	0	0	0	0	0.12980334	39.827015	1.258341	3003.7214	0.28583065	439.98682	2.684013	7680.2627	0.12288053	159.72087	1.1074917	2631.2878	0.24841641	2.5207489	1.8050066	5259.846	0.7877978	771.3158	7.152651	16943.883	0.2538397	3.385333	1.757929	5059.616	0	0	0	0	0	0	0	0	0	0	0	0	0	0	0	0	0	0	0	0	0	0	0	0	0	0	0	0	0.03126758	0.50172794	0.2595059	523.0134	0	0	0	0	0	0	0	0	0	0	0	0	0	0	0	0	0	0	0	0	0	0	0	0	0	0	0	0	0	0	0	0	0	0	0	0	0	0	0	0	0	0	0	0	0	0	0	0	0.018778792	7.0392723	0.35986897	793.13367	0.117297806	126.2294	2.1884422	4826.796	0	0	0	0	0	0	0	0	0	0	0	0	0	0	0	0	0	0	0	0	0	0	0	0	0.021251623	0.3788066	0.44470537	962.6999	0.025481226	14.354404	0.36194247	775.25714	0.2690513	367.077	2.6682417	5939.4756	0.16663124	1.3067647	1.7047315	4046.9998
SRR1586324rbin.8	0	0	0	0	0	0	0	0	0.006655232	5.4111857	0.06936498	155.041	0	0	0	0	NaN	0	0	0	0	0	0	0	0	0	0	0	0	0	0	0	0	0	0	0	0	0	0	0	0	0	0	0	0	0	0	0	0	0	0	0	0	0	0	0	0	0	0	0	0	0	0	0	0	0	0	0	0	0	0	0	0	0	0	0	0	0	0	0	0.5696963	4501.786	91.12661	125746.445	0	0	0	0	0	0	0	0	0	0	0	0	0	0	0	0	0	0	0	0	0	0	0	0	0	0	0	0	0	0	0	0	0	0	0	0	0.70705354	4.3191395	26.981546	50425.613	0.5060146	0.6939154	46.475792	73931.07	0.73636305	3322.5613	17.83985	36299.55	0.49297997	3.4311268	14.583107	31892.777	0.76665825	997.37665	13.585442	29941.648	0.43645844	704.1472	7.833273	17276.95	0	0	0	0	0.48514667	951.71075	6.6843677	15782.437	0.17880043	956.1969	6.809301	12054.827	0.20857742	1.5731152	4.2570934	8729.448	0.19483449	3209.1074	5.0809913	9775.12	0	0	0	0	0.41135624	15.63664	7.9898443	17296.451	0.19297265	160.19717	2.624934	5622.4365	0	0	0	0	0	0	0	0
GCA_003142575.1_20120800_E2X_genomic	0	0	0	0	0	0	0	0	0	0	0	0	0	0	0	0	NaN	0	0	0	0	0	0	0	0	0	0	0	0	0	0	0	0	0	0	0	0	0	0	0	0	0	0	0	0	0	0	0	0.0043915436	3.0976846	0.04134952	97.95272	0	0	0	0	0	0	0	0	0	0	0	0	0	0	0	0	0	0	0	0	0	0	0	0	0	0	0	0	0	0	0	0	0	0	0	0	0	0	0	0	0	0	0	0	0	0	0	0	0	0	0	0	0	0	0	0	0	0	0	0	0	0	0	0	0	0	0	0	0	0	0	0	0	0	0	0	0	0	0	0	0	0	0	0	0	0	0	0	0	0	0	0	0	0	0	0	0	0	0	0	0	0	0	0	0	0	0	0	0	0	0	0	0	0	0	0	0	0	0	0	0	0	0	0	0	0	0	0	0	0	0	0
SRR3989257rbin.35	0	0	0	0	0	0	0	0	0.070731804	69.606514	0.69043356	1543.2208	0.05366703	29.627077	0.74083567	1652.8331	NaN	0	0	0	0	0	0	0	0	0	0	0	0	0	0	0	0.037984625	9.563113	0.35030425	836.19324	0	0	0	0	0.03731678	43.60451	0.3124235	742.2865	0	0	0	0	0.031128943	10.726824	0.27537256	652.3288	0	0	0	0	0	0	0	0	0	0	0	0	0	0	0	0	0	0	0	0	0	0	0	0	0	0	0	0	0	0	0	0	0	0	0	0	0	0	0	0	0	0	0	0	0	0	0	0	0	0	0	0	0	0	0	0	0	0	0	0	0	0	0	0	0	0	0	0	0	0	0	0	0	0	0	0	0	0	0	0	0	0	0	0	0.04092031	15.269633	0.755616	1665.3406	0	0	0	0	0	0	0	0	0	0	0	0	0	0	0	0	0	0	0	0	0	0	0	0	0	0	0	0	0	0	0	0	0	0	0	0	0.050473657	56.105164	0.49133715	1093.7107	0.047228992	0.3176961	0.46404755	1101.6403
SRR8090375rbin.10	0	0	0	0	0	0	0	0	0.018667296	41.783092	0.21063451	470.7994	0	0	0	0	NaN	0	0	0	0	0	0	0	0	0	0	0	0	0	0	0	0	0	0	0	0	0	0	0	0	0	0	0	0	0	0	0	0.010592449	7.1821876	0.10916141	258.59183	0	0	0	0	0	0	0	0	0	0	0	0	0	0	0	0	0	0	0	0	0	0	0	0	0	0	0	0	0	0	0	0	0	0	0	0	0	0	0	0	0	0	0	0	0	0	0	0	0	0	0	0	0	0	0	0	0	0	0	0	0	0	0	0	0	0	0	0	0	0	0	0	0	0	0	0	0	0	0	0	0	0	0	0	0	0	0	0	0	0	0	0	0	0	0	0	0	0	0	0	0	0	0	0	0	0	0	0	0	0	0	0	0	0	0	0	0	0	0	0	0	0	0	0	0.011817453	15.702976	0.13347344	297.11047	0	0	0	0
GCA_003141715.1_20120800_E2D_genomic	0	0	0	0	0	0	0	0	0.020840907	56.7384	0.23753384	530.92346	0	0	0	0	NaN	0	0	0	0	0	0	0	0	0	0	0	0	0	0	0	0	0	0	0	0	0	0	0	0	0	0	0	0	0	0	0	0.012147954	9.245302	0.12475053	295.5209	0	0	0	0	0	0	0	0	0	0	0	0	0	0	0	0	0	0	0	0	0	0	0	0	0	0	0	0	0	0	0	0	0	0	0	0	0	0	0	0	0	0	0	0	0	0	0	0	0	0	0	0	0	0	0	0	0	0	0	0	0	0	0	0	0	0	0	0	0	0	0	0	0	0	0	0	0	0	0	0	0	0	0	0	0	0	0	0	0	0	0	0	0	0	0	0	0	0	0	0	0	0	0	0	0	0	0	0	0	0	0	0	0	0	0	0	0	0	0	0	0	0	0	0	0.012093807	16.841078	0.13862349	308.57437	0	0	0	0
GCA_003133325.1_20120500_P27_genomic	0	0	0	0	0	0	0	0	0.02761574	79.73726	0.28141654	629.00745	0	0	0	0	NaN	0	0	0	0	0	0	0	0	0	0	0	0	0	0	0	0.043558925	22.046858	0.4194626	1001.2777	0	0	0	0	0.04799619	218.74763	0.43360552	1030.2026	0	0	0	0	0.042658683	83.535835	0.39633438	938.8747	0	0	0	0	0	0	0	0	0	0	0	0	0	0	0	0	0	0	0	0	0	0	0	0	0	0	0	0	0	0	0	0	0	0	0	0	0	0	0	0	0	0	0	0	0	0	0	0	0	0	0	0	0	0	0	0	0	0	0	0	0	0	0	0	0	0	0	0	0	0	0	0	0	0	0	0	0	0	0	0	0	0	0	0	0	0	0	0	0	0	0	0	0	0	0	0	0	0	0	0	0	0	0	0	0	0	0	0	0	0	0	0	0	0	0	0	0	0	0	0	0	0	0	0	0.035585266	78.62846	0.36215556	806.15405	0	0	0	0
SRR1586257rbin.1	0	0	0	0	0	0	0	0	0.019057859	23.414865	0.19403031	433.6864	0	0	0	0	NaN	0	0	0	0	0	0	0	0	0	0	0	0	0	0	0	0	0	0	0	0	0	0	0	0	0	0	0	0.04657891	0.4891892	0.34381253	1001.8804	0.017094638	17.417845	0.16348507	387.279	0.04218966	0.5491331	0.2962064	852.532	0	0	0	0	0	0	0	0	0	0	0	0	0	0	0	0	0	0	0	0	0	0	0	0	0	0	0	0	0	0	0	0	0	0	0	0	0	0	0	0	0	0	0	0	0	0	0	0	0	0	0	0	0	0	0	0	0	0	0	0	0	0	0	0	0	0	0	0	0	0	0	0	0	0	0	0	0	0	0	0	0	0	0	0	0	0	0	0	0	0	0	0	0	0	0	0	0	0	0	0	0	0	0	0	0	0	0	0	0	0	0	0	0	0	0	0	0	0	0	0	0	0	0	0	0	0	0	0
GCA_003152165.1_20120700_P3D_genomic	0	0	0	0	0	0	0	0	0.023260375	122.81451	0.26558268	593.6166	0	0	0	0	NaN	0	0	0	0	0	0	0	0	0	0	0	0	0	0	0	0	0	0	0	0	0	0	0	0	0	0	0	0	0	0	0	0	0	0	0	0	0	0	0	0	0	0	0	0	0	0	0	0	0	0	0	0	0	0	0	0	0	0	0	0	0	0	0	0	0	0	0	0	0	0	0	0	0	0	0	0	0	0	0	0	0	0	0	0	0	0	0	0	0	0	0	0	0	0	0	0	0	0	0	0	0	0	0	0	0	0	0	0	0	0	0	0	0	0	0	0	0	0	0	0	0	0	0	0	0	0	0	0	0	0	0	0	0	0	0	0	0	0	0	0	0	0	0	0	0	0	0	0	0	0	0	0	0	0	0	0	0	0	0	0.023428192	69.91322	0.26263246	584.61664	0	0	0	0
23_S49_bin.10	0	0	0	0	0	0	0	0	0	0	0	0	0	0	0	0	NaN	0	0	0	0	0	0	0	0	0	0	0	0	0	0	0	0	0	0	0	0	0	0	0	0	0	0	0	0	0	0	0	0	0	0	0	0	0	0	0	0	0	0	0	1.6999812	1076.7813	13.916206	28291.277	0	0	0	0	2.7323606	3559.2886	18.554947	37718.215	0	0	0	0	0	0	0	0	0	0	0	0	5.786451	1159.7186	45.394527	91489.02	0	0	0	0	0.5404119	2.306828	5.2321877	11705.174	0	0	0	0	0	0	0	0	0	0	0	0	0.95063245	10.479243	8.330007	19453.01	0	0	0	0	0.13092937	73.38127	1.1576327	2943.1812	0	0	0	0	0	0	0	0	0	0	0	0	0	0	0	0	0	0	0	0	0	0	0	0	0	0	0	0	0	0	0	0	0	0	0	0	0	0	0	0	0	0	0	0	0	0	0	0	0	0	0	0	0	0	0	0	0	0	0	0	0	0	0	0
8p_S8_bin.5	0	0	0	0	0	0	0	0	0.00829058	5.9871893	0.085098684	190.20819	0	0	0	0	NaN	0	0	0	0	0	0	0	0	0	0	0	0	0	0	0	0	0	0	0	0	0	0	0	0	0	0	0	0	0	0	0	0	0	0	0	0	0	0	0	0	0	0	0	0	0	0	0	0	0	0	0	0	0	0	0	0	0	0	0	0	0	0	0	0.34032285	2457.4158	55.618206	76748.06	0	0	0	0	0	0	0	0	0	0	0	0	0	0	0	0	0	0	0	0	0	0	0	0	0	0	0	0	0	0	0	0	0	0	0	0	0.79031026	3.9872522	30.353512	56727.465	0.7138593	0.9757459	65.80165	104673.56	0.8757259	3401.004	21.21373	43164.54	0.58934325	3.4470584	17.468576	38203.22	0.81196404	850.5286	14.402441	31742.281	0.64798933	1013.2205	11.640996	25675.205	0.5343546	18620.729	265.49478	258072.53	0.986521	1455.4879	13.512185	31903.576	1.2618767	7358.866	47.256737	83660.83	1.5861082	17.543478	31.922878	65459.938	1.4207222	32527.164	36.212704	69668.2	0.5646857	3153.4917	36.485905	56111.61	1.4000164	49.801426	26.777596	57968.246	1.4258798	1872.5679	18.969936	40632.355	0	0	0	0	0	0	0	0
SRR3985390rbin.12	0	0	0	0	0	0	0	0	0.469283	1181.6357	4.5823226	10242.172	0.61690956	428.54358	8.649004	19296.258	NaN	0	0	0	0	0	0	0	0	0	0	0	0	0	0	0	0.6294293	247.20044	5.739876	13701.357	0	0	0	0	0.41299552	1054.3346	3.4944654	8302.495	0.111993484	3.35133	0.8345745	2431.9763	0.21527775	276.9492	1.9138386	4533.6846	0.20349635	5.2386374	1.399482	4027.944	0	0	0	0	0	0	0	0	0	0	0	0	0	0	0	0	0	0	0	0	0	0	0	0	0	0	0	0	0	0	0	0	0	0	0	0	0	0	0	0	0	0	0	0	0	0	0	0	0	0	0	0	0	0	0	0	0	0	0	0	0	0	0	0	0.1778369	0.8110759	6.94756	12984.24	0.3178831	0.40030125	29.485481	46903.83	0.22483324	693.9848	5.5856814	11365.436	0.19646527	1.009596	5.9977813	13116.951	0.26077366	161.82492	4.7624187	10496.144	0.3027049	417.66522	5.5424867	12224.425	0	0	0	0	0.11104876	141.80116	1.59759	3772.0657	0	0	0	0	0.20655188	1.6811513	4.325375	8869.463	0.21163474	3885.7876	5.585536	10745.795	0	0	0	0	0.18288913	4.8724275	3.6740272	7953.55	0.27273047	247.14093	3.7365603	8003.468	0.46721867	818.94666	4.546047	10119.449	0.68040603	7.0035095	6.819854	16190.207
SRR7741809rbin.26	0	0	0	0	0	0	0	0	0	0	0	0	0	0	0	0	NaN	0	0	0	0	0	0	0	0	0	0	0	0	0	0	0	0	0	0	0	0	0	0	0	0	0	0	0	0.13653885	20.598946	1.0529402	3068.3015	0	0	0	0	0.1610397	37.085438	1.1517565	3314.9492	0	0	0	0	0	0	0	0	0	0	0	0	0	0	0	0	0	0	0	0	0	0	0	0	0	0	0	0	0	0	0	0	0	0	0	0	0	0	0	0	0	0	0	0	0	0	0	0	0	0	0	0	0.07961894	7.322086	0.78078765	1823.3683	0	0	0	0	0.09021355	139.69228	0.86589116	2201.4534	0	0	0	0	0	0	0	0	0	0	0	0	0	0	0	0	0	0	0	0	0	0	0	0	0	0	0	0	0	0	0	0	0	0	0	0	0	0	0	0	0	0	0	0	0	0	0	0	0	0	0	0	0	0	0	0	0	0	0	0	0	0	0	0
SRR9694538rbin.2	0	0	0	0	0	0	0	0	0	0	0	0	0	0	0	0	NaN	0	0	0	0	0	0	0	0	0	0	0	0	0	0	0	0	0	0	0	0	0	0	0	0	0	0	0	0.06368843	0.7156655	0.5430302	1582.407	0	0	0	0	0.038152598	0.5278677	0.31053963	893.78503	0	0	0	0	0	0	0	0	0	0	0	0	0	0	0	0	0	0	0	0	0	0	0	0	0	0	0	0	0	0	0	0	0	0	0	0	0	0	0	0	0	0	0	0	0	0	0	0	0	0	0	0	0	0	0	0	0	0	0	0	0	0	0	0	0	0	0	0	0	0	0	0	0	0	0	0	0	0	0	0	0	0	0	0	0	0	0	0	0	0	0	0	0	0	0	0	0	0	0	0	0	0	0	0	0	0	0	0	0	0	0	0	0	0	0	0	0	0	0	0	0	0	0	0	0	0	0	0
4p_S4_bin.8	0	0	0	0	0	0	0	0	0.7455203	3864.996	7.0291114	15711.1045	0.90956855	567.4259	12.398391	27661.29	NaN	0	0	0	0.62120134	2272.0527	24.542152	49231.195	0.3758917	180.25749	5.529056	12752.607	0	0	0	0	0.27257603	110.85336	2.5419984	6067.875	0.2766481	279.5563	2.5124981	7189.474	0.28739458	982.9886	2.4364223	5788.693	0.2559166	3.3827975	1.8685293	5444.953	0.2508085	377.68124	2.2636728	5362.404	0.30288145	5.5690365	2.0548124	5914.094	0.120970115	87.85575	1.6104417	2602.704	0	0	0	0	0	0	0	0	0	0	0	0	0	0	0	0	0	0	0	0	0.22926262	1357.75	36.50654	50375.695	0.03269917	0.42298117	0.26010612	524.22314	0.187735	288.31918	2.5744839	4835.2505	0	0	0	0	0	0	0	0	0	0	0	0	0	0	0	0	0.040584773	0.39452812	0.41203007	962.2111	0.20194374	197.43423	2.7505438	5043.208	0	0	0	0	0.42072693	1.6843864	15.510461	28987.385	0.32421473	0.3482803	28.709427	45669.332	0.39206728	939.47504	9.27628	18874.87	0.43472564	2.0736396	12.423449	27169.682	0.80250615	336.24622	13.681331	30152.996	0.5261112	560.22723	9.2135935	20321.367	0	0	0	0	0.2736941	240.50589	3.6682112	8660.999	0.22700444	918.1272	8.563452	15160.28	0.28465608	1.9243662	5.6659775	11618.454	0.28749192	3994.374	7.233498	13916.247	0.15969948	690.46136	9.996161	15373.077	0.25987858	5.402399	4.9333572	10679.751	0.4095694	343.54178	5.383383	11530.853	0.7808363	2293.456	7.33106	16318.854	1.4083668	20.704456	13.672808	32458.977
SRR11678563bin.6	0	0	0	0	0	0	0	0	0	0	0	0	0	0	0	0	NaN	0	0	0	0	0	0	0	0	0	0	0	0	0	0	0	0	0	0	0	0	0	0	0	0	0	0	0	0	0	0	0	0	0	0	0	0	0	0	0	0	0	0	0	0	0	0	0	0	0	0	0	0	0	0	0	0	0	0	0	0	0	0	0	0	0	0	0	0	0	0	0	0	0	0	0	0	0	0	0	0	0	0	0	0	0	0	0	0	0	0	0	0	0	0	0	0	0	0	0	0	0	0	0	0	0	0	0	0	0	0	0	0	0	0	0	0.121480934	0.8007234	3.8352768	8387.63	0	0	0	0	0.089028135	126.73422	1.745727	3850.3496	0	0	0	0	0.1761847	523.9152	2.6002836	6139.521	0	0	0	0	0	0	0	0	0	0	0	0	0	0	0	0	0	0	0	0	0.055818427	60.004486	0.8102124	1735.4216	0	0	0	0	0	0	0	0
125_merged	0	0	0	0	0	0	0	0	0.028838456	530.0821	0.33453578	747.7367	0	0	0	0	NaN	0	0	0	0	0	0	0	0	0	0	0	0	0	0	0	0.8547721	337.32413	7.808463	18639.178	0	0	0	0	0.76825315	2019.0272	6.6103706	15705.568	0.11834962	2.653048	0.90766263	2644.958	0.42044976	837.9951	3.7437596	8868.575	0.10488604	3.3007429	0.7566232	2177.6882	0	0	0	0	0	0	0	0	0	0	0	0	0	0	0	0	0	0	0	0	0	0	0	0	0	0	0	0	0	0	0	0	0	0	0	0	0	0	0	0	0	0	0	0	0	0	0	0	0	0	0	0	0	0	0	0	0	0	0	0	0	0	0	0	0	0	0	0	0	0	0	0	0	0	0	0	0	0	0	0	0	0	0	0	0	0	0	0	0	0	0	0	0	0	0	0	0	0	0	0	0	0	0	0	0	0	0	0	0	0	0	0	0	0	0	0	0	0	0	0	0.06002097	325.70468	0.63834226	1420.9429	0	0	0	0
SRR1586321rbin.15	0	0	0	0	0	0	0	0	0.06694105	132.6489	0.6794975	1518.7775	0	0	0	0	NaN	0	0	0	0	0	0	0	0	0	0	0	0	0	0	0	0.027261274	7.823478	0.26028627	621.316	0	0	0	0	0.027522737	39.684143	0.2395432	569.13025	0	0	0	0	0.02611688	13.6868925	0.24126424	571.5297	0	0	0	0	0	0	0	0	0	0	0	0	0	0	0	0	0	0	0	0	0	0	0	0	0	0	0	0	0	0	0	0	0	0	0	0	0	0	0	0	0	0	0	0	0	0	0	0	0	0	0	0	0	0	0	0	0	0	0	0	0	0	0	0	0	0	0	0	0	0	0	0	0	0	0	0	0	0	0	0	0	0	0	0	0.044298865	20.816462	0.84222835	1856.2306	0	0	0	0	0	0	0	0	0	0	0	0	0	0	0	0	0	0	0	0	0	0	0	0	0	0	0	0	0	0	0	0	0	0	0	0	0.044446476	61.634136	0.44654053	993.9942	0.044163343	0.32246354	0.45227695	1073.6969
16p_S16_bin.38	0	0	0	0	0	0	0	0	2.7745295	9106.219	26.70913	59698.86	1.4583042	904.6581	20.426186	45571.613	NaN	0	0	0	2.0156116	10198.584	80.77677	162036.97	3.8158972	2573.7183	55.95869	129067.09	1.8292485	1075.4426	33.76799	97692.72	4.1301394	2171.2844	37.40338	89283.69	1.8409232	2596.2813	16.306982	46662.18	4.6866345	20150.742	39.9036	94806.9	2.819126	35.2155	20.116827	58621.07	3.9486287	7834.964	34.35922	81393.41	2.6733773	43.418617	17.913345	51557.62	0.086499885	99.56494	1.1388417	1840.5315	0	0	0	0	0	0	0	0	0	0	0	0	0	0	0	0	0.08810087	33.07636	1.483419	3114.6282	0	0	0	0	0.13576323	2.1968634	1.1229697	2263.2556	0.46962976	1102.0198	6.5084558	12223.8125	1.0593522	6.4636717	10.645912	23816.465	0.8243122	3748.5496	16.482035	28140.24	0	0	0	0	0	0	0	0	0.82416034	14.463217	7.658256	17884.28	0.35370913	520.1751	4.9236445	9027.653	0.8572399	657.4538	7.852994	19965.553	0	0	0	0	0	0	0	0	0.05824702	156.89084	1.4921021	3036.0476	0.09064402	0.47205913	2.8972175	6336.123	0.08915899	44.561535	1.685567	3714.9065	0.700121	853.74426	12.584676	27756.58	0	0	0	0	0.053696692	83.14478	0.8353637	1972.3748	0.8713716	4959.735	33.038223	58489.113	0.05195246	0.39405668	1.1543663	2367.1023	0.041690703	674.9784	1.1626942	2236.8623	0	0	0	0	0.03732283	0.95535874	0.79322225	1717.1705	0.29152927	216.62347	3.974006	8512.0625	3.4127688	8505.589	32.8024	73017.76	2.238681	20.008339	22.306187	52954.457
SRR5665213rbin.19	0	0	0	0	0	0	0	0	0.012914927	111.5357	0.1715285	383.39142	0	0	0	0	NaN	0	0	0	0	0	0	0	0	0	0	0	0	0	0	0	0	0	0	0	0	0	0	0	0.017275212	87.1164	0.19034044	452.22955	0	0	0	0	0.01636528	37.837063	0.19282264	456.77658	0	0	0	0	0	0	0	0	0	0	0	0	0	0	0	0	0	0	0	0	0	0	0	0	0	0	0	0	0	0	0	0	0	0	0	0	0	0	0	0	0	0	0	0	0	0	0	0	0	0	0	0	0	0	0	0	0	0	0	0	0	0	0	0	0	0	0	0	0	0	0	0	0	0	0	0	0	0	0	0	0	0	0	0	0	0	0	0	0	0	0	0	0	0	0	0	0	0	0	0	0	0	0	0	0	0	0	0	0	0	0	0	0	0	0	0	0	0	0	0	0	0	0	0	0.013352862	66.8198	0.17509782	389.76556	0	0	0	0
SRR1586260rbin.8	0	0	0	0	0	0	0	0	0	0	0	0	0	0	0	0	NaN	0	0	0	0	0	0	0	0	0	0	0	0	0	0	0	0	0	0	0	0	0	0	0	0	0	0	0	0	0	0	0	0	0	0	0	0	0	0	0	0	0	0	0	0	0	0	0	0	0	0	0	0	0	0	0	0	0	0	0	0	0	0	0	0	0	0	0	0	0	0	0	0	0	0	0	0	0	0	0	0	0	0	0	0	0	0	0	0	0	0	0	0	0	0	0	0	0	0	0	0	0	0	0	0.15524429	0.7371166	6.329693	11829.515	0	0	0	0	0.1780761	673.4201	4.602995	9365.925	0.13163295	0.7363438	4.1548223	9086.462	0.12150395	102.63737	2.3560731	5192.671	0.13092199	175.26857	2.523869	5566.608	0	0	0	0	0.22922441	387.94162	3.3119295	7819.7866	0	0	0	0	0.19106257	1.9267019	4.1243567	8457.261	0.121464096	2448.3093	3.3898594	6521.6177	0	0	0	0	0.23442814	10.109447	4.809822	10412.321	0.20317434	301.33374	2.9205885	6255.7095	0	0	0	0	0	0	0	0
SRR1586253rbin.4	0	0	0	0	0	0	0	0	0	0	0	0	0	0	0	0	NaN	0	0	0	0	0	0	0	0	0	0	0	0	0	0	0	0	0	0	0	0	0	0	0	0	0	0	0	0	0	0	0	0.010866238	5.893953	0.1024793	242.76291	0	0	0	0	0	0	0	0	0	0	0	0	0	0	0	0	0	0	0	0	0	0	0	0	0	0	0	0	0	0	0	0	0	0	0	0	0	0	0	0	0	0	0	0	0	0	0	0	0	0	0	0	0	0	0	0	0.06131513	0.5911423	0.5700407	1331.212	0	0	0	0	0.069299065	42.047043	0.658872	1675.1248	0	0	0	0	0	0	0	0	0	0	0	0	0	0	0	0	0	0	0	0	0	0	0	0	0	0	0	0	0	0	0	0	0	0	0	0	0	0	0	0	0	0	0	0	0	0	0	0	0	0	0	0	0	0	0	0	0	0	0	0	0	0	0	0
SRR3989239rbin.22	0	0	0	0	0	0	0	0	0.03750538	75.421104	0.39079398	873.48236	0	0	0	0	NaN	0	0	0	0	0	0	0	0	0	0	0	0	0	0	0	0.032395907	10.108325	0.31474146	751.3032	0	0	0	0	0.018398259	24.74864	0.16445813	390.73584	0	0	0	0	0.052174453	36.366074	0.49011666	1161.035	0	0	0	0	0.065432966	83.04356	0.82780784	1337.8562	0	0	0	0	0	0	0	0	0	0	0	0	0	0	0	0	0.11063147	33.258396	1.7954819	3769.845	0	0	0	0	0.039923996	0.6469844	0.33601737	677.2161	0	0	0	0	0	0	0	0	0	0	0	0	0	0	0	0	0	0	0	0	0	0	0	0	0	0	0	0	0	0	0	0	0	0	0	0	0	0	0	0	0	0	0	0	0	0	0	0	0.025546985	10.830449	0.47857344	1054.7524	0	0	0	0	0	0	0	0	0	0	0	0	0	0	0	0	0	0	0	0	0	0	0	0	0	0	0	0	0	0	0	0	0	0	0	0	0.026776712	40.02564	0.27943677	622.02325	0	0	0	0
SRR7102016rbin.16	0	0	0	0	0	0	0	0	0	0	0	0	0	0	0	0	NaN	0	0	0	0	0	0	0	0	0	0	0	0	0	0	0	0	0	0	0	0	0	0	0	0	0	0	0	0	0	0	0	0	0	0	0	0.046971902	0.57659304	0.34940955	1005.65924	0	0	0	0	0	0	0	0	0	0	0	0	0	0	0	0	0	0	0	0	0	0	0	0	0	0	0	0	0	0	0	0	0	0	0	0	0	0	0	0	0	0	0	0	0	0	0	0	0	0	0	0	0	0	0	0	0	0	0	0	0	0	0	0	0	0	0	0	0	0	0	0	0	0	0	0	0	0	0	0	0	0	0	0	0	0	0	0	0	0	0	0	0	0	0	0	0	0	0	0	0	0	0	0	0	0	0	0	0	0	0	0	0	0	0	0	0	0	0	0	0	0	0	0	0	0	0	0
SRR10489812bin.2	0	0	0	0	0	0	0	0	0.009399451	86.43527	0.12615725	281.98022	0	0	0	0	NaN	0	0	0	0	0	0	0	0	0	0	0	0	0	0	0	0	0	0	0	0	0	0	0	0	0	0	0	0	0	0	0	0	0	0	0	0	0	0	0	0	0	0	0	0	0	0	0	0	0	0	0	0	0	0	0	0	0	0	0	0	0	0	0	0	0	0	0	0	0	0	0	0	0	0	0	0	0	0	0	0	0	0	0	0	0	0	0	0	0	0	0	0	0	0	0	0	0	0	0	0	0	0	0	0	0	0	0	0	0	0	0	0	0	0	0	0	0	0	0	0	0	0	0	0	0	0	0	0	0	0	0	0	0	0	0	0	0	0	0	0	0	0	0	0	0	0	0	0	0	0	0	0	0	0	0	0	0	0	0	0	0	0	0	0	0	0	0
GCA_003142815.1_20120800_E1X_genomic	0	0	0	0	0	0	0	0	0.051795974	143.70811	0.5169927	1155.555	0.06187591	38.83123	0.8830714	1970.1666	NaN	0	0	0	0	0	0	0	0	0	0	0	0	0	0	0	0.0686469	25.266172	0.6337045	1512.6832	0	0	0	0	0.058052864	114.27446	0.49675038	1180.2284	0	0	0	0	0.040112324	32.76033	0.36018425	853.23883	0.042346876	0.56936336	0.2977656	857.01953	0	0	0	0	0	0	0	0	0	0	0	0	0	0	0	0	0	0	0	0	0	0	0	0	0	0	0	0	0	0	0	0	0	0	0	0	0	0	0	0	0	0	0	0	0	0	0	0	0	0	0	0	0	0	0	0	0	0	0	0	0	0	0	0	0	0	0	0	0	0	0	0	0	0	0	0	0	0	0	0	0	0	0	0	0	0	0	0	0	0	0	0	0	0	0	0	0	0	0	0	0	0	0	0	0	0	0	0	0	0	0	0	0	0	0	0	0.035290465	35.31424	0.49410245	1058.3348	0.05363121	98.782875	0.5296199	1178.928	0.24460693	1.9948587	2.4554777	5829.2583
126_merged	0	0	0	0	0	0	0	0	0	0	0	0	0.41667458	205.77911	5.906583	13177.818	NaN	0	0	0	0	0	0	0	0	0	0	0	2.0643206	965.0772	38.061966	110115.43	0	0	0	0	5.527629	8672.1875	48.064667	137536.31	0	0	0	0	1.185897	27.503313	8.345758	24319.803	0	0	0	0	1.0375209	37.81219	6.873338	19782.621	0	0	0	0	0	0	0	0	0	0	0	0	0	0	0	0	0	0	0	0	0	0	0	0	0	0	0	0	0	0	0	0	0	0	0	0	0	0	0	0	0	0	0	0	0	0	0	0	0	0	0	0	0.09419947	1.2283452	0.9285356	2168.4033	0	0	0	0	0	0	0	0	0	0	0	0	0	0	0	0	0	0	0	0	0	0	0	0	0	0	0	0	0	0	0	0	0	0	0	0	0	0	0	0	0	0	0	0	0	0	0	0	0	0	0	0	0	0	0	0	0	0	0	0	0.219976	143.22807	2.9022522	6216.434	0	0	0	0	1.9060644	26.215172	18.483433	43879.316
SRR7629280rbin.12	0	0	0	0	0	0	0	0	0	0	0	0	0	0	0	0	NaN	0	0	0	0	0	0	0	0	0	0	0	0	0	0	0	0	0	0	0	0	0	0	0	0	0	0	0	0	0	0	0	0	0	0	0	0	0	0	0	0	0	0	0	0	0	0	0	0	0	0	0	0	0	0	0	0	0	0	0	0	0	0	0	0	0	0	0	0	0	0	0	0	0	0	0	0	0	0	0	0	0	0	0	0	0	0	0	0	0	0	0	0	0	0	0	0	0	0	0	0	0	0	0	0	0	0	0	0	0	0	0	0	0	0	0	0	0	0	0	0	0	0	0	0	0	0	0	0	0	0	0	0	0	0	0	0	0	0	0	0	0	0	0	0	0	0	0	0	0	0	0	0	0	0	0	0	0	0	0	0	0	0	0	0	0	0	0
SRR11836440bin.55	0	0	0	0	0	0	0	0	0	0	0	0	0	0	0	0	NaN	0	0	0	0	0	0	0	0	0	0	0	0	0	0	0	0	0	0	0	0	0	0	0	0	0	0	0	0	0	0	0	0	0	0	0	0	0	0	0	0	0	0	0	0	0	0	0	0	0	0	0	0	0	0	0	0	0	0	0	0	0	0	0	0	0	0	0	0	0	0	0	0	0	0	0	0	0	0	0	0	0	0	0	0	0	0	0	0	0	0	0	0	0	0	0	0	0	0	0	0	0	0	0	0	0	0	0	0	0	0	0	0	0	0	0	0	0	0	0	0.041661173	31.745913	0.9836166	2167.8428	0	0	0	0	0	0	0	0	0.032750126	55.153072	0.60824597	1436.1276	0	0	0	0	0	0	0	0	0	0	0	0	0	0	0	0	0.04120165	1.9894494	1.0694432	2315.1348	0.026194373	29.580082	0.4720749	1011.1533	0	0	0	0	0	0	0	0
GCA_003157445.1_20120600_E2D_genomic	0	0	0	0	0	0	0	0	0.22803026	7655.0415	2.402727	5370.451	0.11233376	130.40572	1.6895537	3769.4604	NaN	0	0	0	0	0	0	0	0	0	0	0	0	0	0	0	0.34027076	1216.2871	3.300156	7877.6313	0	0	0	0	0.37572396	17401.58	3.347309	7952.867	0.23343363	14.851076	1.8129729	5283.0596	0.35324007	6741.796	3.3250213	7876.628	0.23436162	20.427427	1.7055491	4908.8564	0	0	0	0	0	0	0	0	0	0	0	0	0	0	0	0	0	0	0	0	0	0	0	0	0	0	0	0	0	0	0	0	0	0	0	0	0.39739597	4.2909493	4.1887484	9370.843	0	0	0	0	0	0	0	0	0	0	0	0	0.2201458	10.436191	2.1868756	5106.9956	0.1212915	234.10156	1.7983005	3297.2393	0.2762287	350.95837	2.6729991	6795.8657	0	0	0	0	0	0	0	0	0	0	0	0	0	0	0	0	0.023805857	14.00719	0.48242298	1063.2367	0.06982362	126.405914	1.3751625	3033.0378	0	0	0	0	0.024484228	39.978046	0.39438668	931.18506	0	0	0	0	0	0	0	0	0	0	0	0	0	0	0	0	0	0	0	0	0.039728276	58.017456	0.60085845	1286.9994	0.28316203	5235.7373	2.9653914	6600.928	0.18009655	5.3629904	1.9562507	4644.103
SRR3985424rbin.2	0	0	0	0	0	0	0	0	0.016806096	312.6939	0.17289555	386.44702	0	0	0	0	NaN	0	0	0	0	0	0	0	0	0	0	0	0	0	0	0	0	0	0	0	0	0	0	0	0	0	0	0	0	0	0	0	0	0	0	0	0	0	0	0	0	0	0	0	0	0	0	0	0	0	0	0	0	0	0	0	0	0	0	0	0	0	0	0	0	0	0	0	0	0	0	0	0	0	0	0	0	0	0	0	0	0	0	0	0	0	0	0	0	0	0	0	0	0	0	0	0	0	0	0	0	0	0	0	0	0	0	0	0	0	0	0	0	0	0	0	0	0	0	0	0	0	0	0	0	0	0	0	0	0	0	0	0	0	0	0	0	0	0	0	0	0	0	0	0	0	0	0	0	0	0	0	0	0	0	0	0	0	0	0	0	0	0	0	0	0	0	0
SRR5665647rbin.21	0	0	0	0	0	0	0	0	0	0	0	0	0	0	0	0	NaN	0	0	0	0	0	0	0	0	0	0	0	0	0	0	0	0	0	0	0	0	0	0	0	0	0	0	0	0	0	0	0	0	0	0	0	0	0	0	0	0	0	0	0	0	0	0	0	0	0	0	0	0	0	0	0	0	0	0	0	0	0	0	0	0	0	0	0	0	0	0	0	0	0	0	0	0	0	0	0	0	0	0	0	0	0	0	0	0	0	0	0	0	0	0	0	0	0	0	0	0	0	0	0	0	0	0	0	0	0	0	0	0	0	0	0	0	0	0	0	0	0	0	0	0	0	0	0	0	0	0	0	0	0	0	0	0	0	0	0	0	0	0	0	0	0	0	0	0	0	0	0	0	0	0	0	0	0	0	0	0	0	0	0	0	0	0	0
11p_S11_bin.59	0	0	0	0	0	0	0	0	0.19173968	348.57068	1.858644	4154.3447	0.08524536	57.54848	1.2472246	2782.6057	NaN	0	0	0	0	0	0	0	0	0	0	0	0	0	0	0	0.04606763	17.068756	0.45958704	1097.0565	0	0	0	0	0.06490232	173.01602	0.57422316	1364.2963	0	0	0	0	0.037895806	46.710606	0.35551718	842.18274	0.0386974	0.57390714	0.27774835	799.40656	0	0	0	0	0	0	0	0	0	0	0	0	0	0	0	0	0	0	0	0	0	0	0	0	0	0	0	0	0	0	0	0	0	0	0	0	0	0	0	0	0	0	0	0	0	0	0	0	0	0	0	0	0	0	0	0	0	0	0	0	0	0	0	0	0	0	0	0	0	0	0	0	0	0	0	0	0	0	0	0	0	0	0	0	0	0	0	0	0	0	0	0	0	0	0	0	0	0	0	0	0	0	0	0	0	0	0	0	0	0	0	0	0	0	0	0	0	0	0.3034237	649.9136	0.20046686	332.34283	1.9710337	4387.4985	0.13761474	1.329635	1.4061695	3338.2195
GCA_003168335.1_20110700_P1D_genomic	0	0	0	0	0	0	0	0	0.0035473478	7.945877	0.037619848	84.08589	0	0	0	0	NaN	0	0	0	0	0	0	0	0	0	0	0	0	0	0	0	0	0	0	0	0	0	0	0	0	0	0	0	0	0	0	0	0	0	0	0	0	0	0	0	0	0	0	0	0	0	0	0	0	0	0	0	0	0	0	0	0	0	0	0	0	0	0	0	0	0	0	0	0	0	0	0	0	0	0	0	0	0	0	0	0	0	0	0	0	0	0	0	0	0	0	0	0	0	0	0	0	0	0	0	0	0	0	0	0	0	0	0	0	0	0	0	0.11020463	347.22467	2.8765693	5853.0864	0	0	0	0	0.13586886	92.1401	2.5988686	5727.7817	0.06668759	78.808716	1.2951754	2856.62	0	0	0	0	0.041336983	39.655087	0.6252177	1476.1996	0	0	0	0	0	0	0	0	0.06682631	1134.998	1.8523648	3563.6924	0	0	0	0	0.10118046	3.1605976	2.1543992	4663.851	0.034040168	23.185545	0.5016857	1074.5779	0	0	0	0	0	0	0	0
SRR1586301rbin.2	0	0	0	0	0	0	0	0	0	0	0	0	0	0	0	0	NaN	0	0	0	0	0	0	0	0	0	0	0	0	0	0	0	0	0	0	0	0	0	0	0	0	0	0	0	0	0	0	0	0	0	0	0	0	0	0	0	0	0	0	0	0	0	0	0	0	0	0	0	0	0	0	0	0	0	0	0	0	0	0	0	0	0	0	0	0	0	0	0	0	0	0	0	0	0	0	0	0	0	0	0	0	0	0	0	0	0	0	0	0	0	0	0	0	0	0	0	0	0	0	0	0	0	0	0	0	0	0	0	0	0	0	0	0.20660928	1.1982272	6.251405	13671.624	0	0	0	0	0.1633633	209.85527	2.9895792	6593.7715	0	0	0	0	0.38895768	676.4008	5.441804	12848.626	0	0	0	0	0.07747889	0.54389024	1.6113709	3304.2212	0	0	0	0	0	0	0	0	0	0	0	0	0.12495747	95.69059	1.707306	3656.9392	0	0	0	0	0	0	0	0
SRR10489821bin.20	0	0	0	0	0	0	0	0	0.07298286	72.54008	0.7260656	1622.8636	0	0	0	0	NaN	0	0	0	0	0	0	0	0	0	0	0	0	0	0	0	0	0	0	0	0	0	0	0	0.0062123807	7.6851697	0.055984747	133.0141	0	0	0	0	0.0051748035	1.9413905	0.051212393	121.31682	0	0	0	0	0	0	0	0	0	0	0	0	0	0	0	0	0	0	0	0	0	0	0	0	0	0	0	0	0	0	0	0	0	0	0	0	0	0	0	0	0	0	0	0	0	0	0	0	0	0	0	0	0	0	0	0	0	0	0	0	0	0	0	0	0	0	0	0	0	0	0	0	0	0	0	0	0.055478614	161.65477	1.4004844	2849.63	0	0	0	0	0.077430695	32.164772	1.4312253	3154.352	0	0	0	0	0	0	0	0	0	0	0	0	0	0	0	0	0	0	0	0	0	0	0	0	0	0	0	0	0.019824335	0.34517565	0.4209077	911.1826	0	0	0	0	0.04750583	56.216713	0.471308	1049.1263	0	0	0	0
SRR10489834bin.16	0	0	0	0	0	0	0	0	0.2126037	1176.8248	2.0712972	4629.656	0.098080344	62.53943	1.4007999	3125.2397	NaN	0	0	0	0	0	0	0	0.6448788	422.71277	9.625512	22200.959	0	0	0	0	0.85025215	435.90042	7.7144494	18414.762	0.3648753	501.20016	3.2455876	9287.2	0.9354307	3762.2097	7.98426	18969.793	0.48650473	5.924304	3.4702055	10112.291	0.66467255	1260.9666	5.812324	13768.79	0.6499612	10.234637	4.351102	12523.201	0	0	0	0	0.03606319	16.63144	0.30318305	616.3632	0	0	0	0	0	0	0	0	0	0	0	0	0	0	0	0	0	0	0	0	0.023443429	0.5185567	0.1969761	396.98953	0	0	0	0	0.21690163	1.2508674	2.1664035	4846.5635	0	0	0	0	0	0	0	0	0	0	0	0	0.123774424	1.9578239	1.1422513	2667.4917	0.100414604	155.32774	1.3658346	2504.2998	0.11921591	103.4637	1.1010559	2799.3384	0	0	0	0	0	0	0	0	0	0	0	0	0	0	0	0	0	0	0	0	0.0515893	67.62266	0.9515477	2098.72	0	0	0	0	0	0	0	0	0	0	0	0	0	0	0	0	0	0	0	0	0	0	0	0	0	0	0	0	0.033295054	30.420113	0.4693884	1005.3994	0.31720522	1087.823	3.0741003	6842.912	0.22420208	2.2126205	2.2508316	5343.4307
SRR3985396rbin.13	0	0	0	0	0	0	0	0	0.09003069	184.73178	0.9135903	2042.0095	0.07786465	54.760403	1.1239896	2507.6636	NaN	0	0	0	0	0	0	0	0	0	0	0	0	0	0	0	0	0	0	0	0	0	0	0	0.007544949	11.201081	0.067990944	161.53955	0	0	0	0	0.029125582	32.975475	0.27656788	655.1605	0	0	0	0	0.2796174	308.6937	3.6937754	5969.6724	0	0	0	0	0	0	0	0	0	0	0	0	0	0	0	0	0.45980677	132.54909	7.963861	16721.146	0	0	0	0	0.30230656	5.9918222	2.6698468	5380.8633	0	0	0	0	0	0	0	0	0	0	0	0	0	0	0	0	0	0	0	0	0	0	0	0	0.08890589	110.269356	1.2776822	2342.6694	0	0	0	0	0	0	0	0	0	0	0	0	0	0	0	0	0	0	0	0	0	0	0	0	0	0	0	0	0	0	0	0	0	0	0	0	0	0	0	0	0	0	0	0	0	0	0	0	0	0	0	0	0	0	0	0	0	0	0	0	0.047620714	62.762196	0.48618963	1082.2527	0	0	0	0
SRR12756228bin.2	0	0	0	0	0	0	0	0	0.0071114823	10.11538	0.08247782	184.35011	0	0	0	0	NaN	0	0	0	0	0	0	0	0	0	0	0	0	0	0	0	0	0	0	0	0	0	0	0	0	0	0	0	0	0	0	0	0	0	0	0	0	0	0	0	0	0	0	0	0	0	0	0	0	0	0	0	0	0	0	0	0	0	0	0	0	0	0	0	0	0	0	0	0	0	0	0	0	0	0	0	0	0	0	0	0	0	0	0	0	0	0	0	0	0	0	0	0	0	0	0	0	0	0	0	0	0	0	0	0	0	0	0	0	0	0	0	0	0	0	0	0	0	0	0	0	0	0	0	0	0	0	0	0	0	0	0	0	0	0	0	0	0	0	0	0	0	0	0	0	0	0	0	0	0	0	0	0	0	0	0	0	0	0	0	0	0	0	0	0	0	0	0
S42rbin.10	0	0	0	0	0	0	0	0	0	0	0	0	0	0	0	0	NaN	0	0	0	0	0	0	0	0	0	0	0	0	0	0	0	0	0	0	0	0	0	0	0	0	0	0	0	0	0	0	0	0	0	0	0	0.05120252	0.6530009	0.38545763	1109.4116	0	0	0	0	0	0	0	0	0	0	0	0	0	0	0	0	0	0	0	0	0	0	0	0	0	0	0	0	0	0	0	0	0	0	0	0	0	0	0	0	0	0	0	0	0	0	0	0	0	0	0	0	0	0	0	0	0	0	0	0	0	0	0	0	0	0	0	0	0	0	0	0	0	0	0	0	0	0	0	0	0	0	0	0	0	0	0	0	0	0	0	0	0	0	0	0	0	0	0	0	0	0	0	0	0	0	0	0	0	0	0	0	0	0	0	0	0	0	0	0	0	0	0	0	0	0	0	0
SRR3989121rbin.37	0	0	0	0	0	0	0	0	0.030121487	92.899734	0.312397	698.2536	0	0	0	0	NaN	0	0	0	0	0	0	0	0	0	0	0	0	0	0	0	0.13622837	43.13051	1.2427126	2966.4148	0	0	0	0	0.075422175	145.58217	0.6446215	1531.5553	0	0	0	0	0.036512546	31.336044	0.33049712	782.9132	0	0	0	0	0	0	0	0	0	0	0	0	0	0	0	0	0	0	0	0	0	0	0	0	0	0	0	0	0	0	0	0	0	0	0	0	0	0	0	0	0	0	0	0	0	0	0	0	0	0	0	0	0	0	0	0	0	0	0	0	0	0	0	0	0	0	0	0	0	0	0	0	0	0	0	0	0	0	0	0	0	0	0	0	0	0	0	0	0	0	0	0	0	0	0	0	0	0	0	0	0	0	0	0	0	0	0	0	0	0	0	0	0	0	0	0	0	0	0	0	0	0	0	0	0.03187659	75.05326	0.32981053	734.1544	0	0	0	0
19_S45_bin.5	0	0	0	0	0	0	0	0	0	0	0	0	0	0	0	0	NaN	0	0	0	0	0	0	0	0	0	0	0	0	0	0	0	0	0	0	0	0	0	0	0	0	0	0	0	0	0	0	0	0	0	0	0	0	0	0	0	0	0	0	0	2.7004442	1987.3965	22.251772	45237.258	0	0	0	0	1.6260469	1483.0972	11.228977	22826.092	0	0	0	0	4.431552	3063.0842	69.03494	144947.72	0	0	0	0	11.64778	1677.4415	93.40255	188245.38	0	0	0	0	1.0128117	5.069645	9.986992	22342.37	0	0	0	0	0	0	0	0	0	0	0	0	0.6539092	10.359893	5.975816	13955.28	0	0	0	0	0.5898342	437.8989	5.3302665	13551.738	0	0	0	0	0	0	0	0	0	0	0	0	0	0	0	0	0	0	0	0	0	0	0	0	0	0	0	0	0	0	0	0	0	0	0	0	0	0	0	0	0	0	0	0	0	0	0	0	0	0	0	0	0	0	0	0	0	0	0	0	0	0	0	0
SRR10489830bin.19	0	0	0	0	0	0	0	0	0.022236777	59.8911	0.23370282	522.3604	0	0	0	0	NaN	0	0	0	0	0	0	0	0	0	0	0	0	0	0	0	0	0	0	0	0	0	0	0	0	0	0	0	0	0	0	0	0	0	0	0	0	0	0	0	0	0	0	0	0	0	0	0	0	0	0	0	0	0	0	0	0	0	0	0	0	0	0	0	0	0	0	0	0	0	0	0	0	0	0	0	0	0	0	0	0	0	0	0	0	0	0	0	0	0	0	0	0	0	0	0	0	0	0	0	0	0	0	0	0	0	0	0	0	0	0	0	0	0	0	0	0	0	0	0	0	0	0	0	0	0	0	0	0	0	0	0	0	0	0	0	0	0	0	0	0	0	0	0	0	0	0	0	0	0	0	0	0	0	0	0	0	0	0	0	0.018074624	42.87612	0.19327155	430.22034	0	0	0	0
SRR4027936rbin.10	0	0	0	0	0	0	0	0	0.03455265	149.94514	0.34968096	781.589	0	0	0	0	NaN	0	0	0	0	0	0	0	0	0	0	0	0	0	0	0	0	0	0	0	0	0	0	0	0	0	0	0	0	0	0	0	0	0	0	0	0	0	0	0	0	0	0	0	0	0	0	0	0	0	0	0	0	0	0	0	0	0	0	0	0	0	0	0	0	0	0	0	0	0	0	0	0	0	0	0	0	0	0	0	0	0	0	0	0	0	0	0	0	0	0	0	0	0	0	0	0	0	0	0	0	0	0	0	0	0	0	0	0	0	0	0	0	0	0	0	0	0	0	0	0	0	0	0	0	0	0	0	0	0	0	0	0	0	0	0	0	0	0	0	0	0	0	0	0	0	0	0	0	0	0	0	0	0	0	0	0	0	0	0	0.025747243	95.07059	0.2597467	578.1931	0	0	0	0
GCA_003159855.1_20120700_S3D_genomic	0	0	0	0	0	0	0	0	0	0	0	0	0	0	0	0	NaN	0	0	0	0	0	0	0	0	0	0	0	0	0	0	0	0	0	0	0	0	0	0	0	0	0	0	0	0	0	0	0	0	0	0	0	0	0	0	0	0	0	0	0	0	0	0	0	0	0	0	0	0	0	0	0	0	0	0	0	0	0	0	0	0	0	0	0	0	0	0	0	0	0	0	0	0	0	0	0	0	0	0	0	0	0	0	0	0	0	0	0	0.15503566	19.176529	1.5980492	3731.9136	0	0	0	0	0.14638975	346.97482	1.4823195	3768.6677	0	0	0	0	0	0	0	0	0	0	0	0	0	0	0	0	0	0	0	0	0	0	0	0	0	0	0	0	0	0	0	0	0	0	0	0	0	0	0	0	0	0	0	0	0	0	0	0	0	0	0	0	0	0	0	0	0	0	0	0	0	0	0	0
SRR10489834bin.13	0	0	0	0	0	0	0	0	0.14523177	233.68271	1.4522076	3245.8992	0	0	0	0	NaN	0	0	0	0	0	0	0	0	0	0	0	0	0	0	0	0.069258794	21.77196	0.66177225	1579.6824	0	0	0	0	0.054598335	73.36686	0.4828904	1147.2985	0	0	0	0	0.20778182	159.72821	1.9005569	4502.221	0.031876575	0.39230433	0.22369434	643.83	0.10876465	337.81845	1.4097966	2278.4333	0	0	0	0	0	0	0	0	0	0	0	0	0	0	0	0	0.13278607	45.54468	2.2130277	4646.535	0	0	0	0	0.032839324	3.75268	0.29971367	604.049	0.28295976	631.3008	3.9375007	7395.192	0.10571242	0.47443524	1.1001561	2461.2104	0.4331289	2067.9204	8.931245	15248.563	0	0	0	0	0	0	0	0	0.10895374	1.3302165	1.0347278	2416.3918	0.15784787	243.56389	2.2006054	4034.8777	0.11506925	75.86419	1.0965889	2787.9807	0	0	0	0	0	0	0	0	0	0	0	0	0	0	0	0	0	0	0	0	0	0	0	0	0	0	0	0	0	0	0	0	0	0	0	0	0	0	0	0	0	0	0	0	0	0	0	0	0	0	0	0	0	0	0	0	0.101829804	136.10849	1.0218117	2274.542	0	0	0	0
SRR3989258rbin.29	0	0	0	0	0	0	0	0	0	0	0	0	0	0	0	0	NaN	0	0	0	0	0	0	0	0	0	0	0	0	0	0	0	0	0	0	0	0	0	0	0	0	0	0	0	0	0	0	0	0	0	0	0	0	0	0	0	0.056624085	74.96134	0.7179471	1160.3057	0	0	0	0	0	0	0	0	0	0	0	0	0	0	0	0	0.07743681	23.898169	1.2440212	2611.9814	0	0	0	0	0.04558957	0.7545427	0.37766182	761.14734	0	0	0	0	0	0	0	0	0	0	0	0	0	0	0	0	0	0	0	0	0	0	0	0	0.09618196	142.37547	1.2947973	2374.051	0	0	0	0	0	0	0	0	0	0	0	0	0	0	0	0	0	0	0	0	0	0	0	0	0	0	0	0	0	0	0	0	0	0	0	0	0	0	0	0	0	0	0	0	0	0	0	0	0	0	0	0	0	0	0	0	0	0	0	0	0	0	0	0	0	0	0	0
16_S42_bin.4	0	0	0	0	0	0	0	0	0	0	0	0	1.0120109	621.1478	13.880559	30968.068	NaN	0	0	0	0	0	0	0	0	0	0	0	2.7343204	1496.4757	50.115406	144986.7	0	0	0	0	4.838857	8344.342	42.68581	122144.79	0	0	0	0	1.8115563	40.494083	12.844552	37429.434	0	0	0	0	3.37898	77.79808	22.390886	64444.723	0	0	0	0	0	0	0	0	0	0	0	0	0	0	0	0	0	0	0	0	0	0	0	0	0	0	0	0	0	0	0	0	0	0	0	0	0	0	0	0	0	0	0	0	0	0	0	0	0	0	0	0	0.12433014	1.9573362	1.1774704	2749.739	0	0	0	0	0	0	0	0	0	0	0	0	0	0	0	0	0	0	0	0	0	0	0	0	0	0	0	0	0	0	0	0	0	0	0	0	0	0	0	0	0	0	0	0	0	0	0	0	0	0	0	0	0	0	0	0	0	0	0	0	0.14377157	119.623276	1.9281765	4130.027	0	0	0	0	1.1232945	19.363338	11.117467	26392.648
11p_S11_bin.55	0	0	0	0	0	0	0	0	0.22255774	82721.9	2.4441884	5463.1216	0.2670928	645.54016	3.8789968	8654.191	NaN	0	0	0	0	0	0	0	0	0	0	0	0	0	0	0	0	0	0	0	0	0	0	0	0.022888932	40628.523	0.38489592	914.4737	0	0	0	0	0.032307077	39608.17	0.60647297	1436.6714	0	0	0	0	0	0	0	0	0	0	0	0	0	0	0	0	0	0	0	0	0	0	0	0	0	0	0	0	0	0	0	0	0	0	0	0	0	0	0	0	0	0	0	0	0	0	0	0	0	0	0	0	0	0	0	0	0	0	0	0	0	0	0	0	0	0	0	0	0	0	0	0	0	0	0	0	0	0	0	0	0	0	0	0	0	0	0	0	0	0	0	0	0	0	0	0	0	0	0	0	0	0	0	0	0	0	0	0	0	0	0	0	0	0	0	0	0	0	0	0	0	0	0	0	0.1527182	45752.28	1.831065	4075.9294	0.10329057	157.31769	1.5318944	3636.6892
SRR3985526rbin.14	0	0	0	0	0	0	0	0	0.016306022	75.239006	0.19342591	432.33563	0	0	0	0	NaN	0	0	0	0	0	0	0	0	0	0	0	0	0	0	0	0	0	0	0	0	0	0	0	0.023690498	111.75311	0.23517357	558.7486	0.062118165	1.8825922	0.53763527	1566.686	0.023101237	56.297573	0.24320018	576.11584	0.04560567	1.5056379	0.367902	1058.8837	0	0	0	0	0	0	0	0	0	0	0	0	0	0	0	0	0	0	0	0	0	0	0	0	0	0	0	0	0	0	0	0	0	0	0	0	0	0	0	0	0	0	0	0	0	0	0	0	0	0	0	0	0	0	0	0	0	0	0	0	0	0	0	0	0	0	0	0	0	0	0	0	0	0	0	0	0	0	0	0	0	0	0	0	0	0	0	0	0	0	0	0	0.015921861	12.994908	0.27393273	646.7815	0	0	0	0	0	0	0	0	0	0	0	0	0	0	0	0	0	0	0	0	0	0	0	0	0.014317042	29.401419	0.17132618	381.3701	0	0	0	0
SRR12756247bin.1	0	0	0	0	0	0	0	0	0.011418019	14.1665535	0.13017239	290.95453	0	0	0	0	NaN	0	0	0	0	0	0	0	0	0	0	0	0	0	0	0	0	0	0	0	0	0	0	0	0	0	0	0	0.039482884	0.39719728	0.3243799	945.2535	0.004548818	2.2370539	0.04851541	114.92795	0.031355046	0.38676497	0.24224544	697.2232	0	0	0	0	0	0	0	0	0	0	0	0	0	0	0	0	0	0	0	0	0	0	0	0	0	0	0	0	0	0	0	0	0	0	0	0	0	0	0	0	0	0	0	0	0	0	0	0	0	0	0	0	0	0	0	0	0	0	0	0	0	0	0	0	0	0	0	0	0	0	0	0	0	0	0	0	0	0	0	0	0	0	0	0	0	0	0	0	0	0	0	0	0.0196585	15.926257	0.30649006	723.65247	0	0	0	0	0	0	0	0	0	0	0	0	0	0	0	0	0	0	0	0	0	0	0	0	0.012466209	14.568101	0.1403345	312.38303	0	0	0	0
SRR3989254rbin.43	0	0	0	0	0	0	0	0	0.03180762	67.25865	0.32045865	716.2725	0	0	0	0	NaN	0	0	0	0	0	0	0	0	0	0	0	0	0	0	0	0.037018184	15.684094	0.34757143	829.6697	0	0	0	0	0.021968167	48.019386	0.19056515	452.76337	0	0	0	0	0.03141061	29.996103	0.2836893	672.0302	0	0	0	0	0	0	0	0	0	0	0	0	0	0	0	0	0	0	0	0	0	0	0	0	0	0	0	0	0	0	0	0	0	0	0	0	0	0	0	0	0	0	0	0	0	0	0	0	0	0	0	0	0	0	0	0	0	0	0	0	0	0	0	0	0	0	0	0	0	0	0	0	0	0	0	0	0	0	0	0	0	0	0	0	0	0	0	0	0	0	0	0	0	0	0	0	0	0	0	0	0	0	0	0	0	0	0	0	0	0	0	0	0	0	0	0	0	0	0	0	0	0	0	0	0.02984506	50.011642	0.29645517	659.9056	0	0	0	0
11p_S11_bin.30	0	0	0	0	0	0	0	0	0.2409193	373.6687	2.3525648	5258.329	0.08567714	48.04382	1.2339724	2753.0398	NaN	0	0	0	0	0	0	0	0	0	0	0	0	0	0	0	0.0579521	47.114346	0.5600006	1336.7485	0	0	0	0	0.11747041	558.84155	1.0156851	2413.1643	0.051308002	0.5636425	0.38485202	1121.4708	0.054305967	148.5934	0.50840724	1204.364	0.08309172	1.1917435	0.580474	1670.7014	0	0	0	0	0	0	0	0	0	0	0	0	0	0	0	0	0	0	0	0	0	0	0	0	0	0	0	0	0	0	0	0	0	0	0	0	0	0	0	0	0	0	0	0	0	0	0	0	0	0	0	0	0	0	0	0	0	0	0	0	0	0	0	0	0	0	0	0	0	0	0	0	0	0	0	0	0	0	0	0	0.04532116	20.502579	0.9179835	2023.1912	0.06457018	73.833824	1.3073629	2883.4995	0	0	0	0	0.026268138	27.081905	0.44519874	1051.1573	0	0	0	0	0	0	0	0	0	0	0	0	0	0	0	0	0.046977874	1.0789565	1.062079	2299.1926	0.057595752	44.629322	0.8711488	1865.9435	0.24138953	384.9885	2.3512046	5233.7544	0.1732718	1.3750818	1.7456493	4144.137
SRR3984960rbin.14	0	0	0	0	0	0	0	0	0	0	0	0	0	0	0	0	NaN	0	0	0	0	0	0	0	0	0	0	0	0	0	0	0	0	0	0	0	0	0	0	0	0	0	0	0	0	0	0	0	0	0	0	0	0	0	0	0	0	0	0	0	0	0	0	0	0	0	0	0	0	0	0	0	0	0	0	0	0	0	0	0	0	0	0	0	0	0	0	0	0	0	0	0	0	0	0	0	0	0	0	0	0	0	0	0	0	0	0	0	0	0	0	0	0.063827276	72.97313	0.9295646	1704.3851	0	0	0	0	0	0	0	0	0	0	0	0	0	0	0	0	0	0	0	0	0	0	0	0	0	0	0	0	0	0	0	0	0	0	0	0	0	0	0	0	0	0	0	0	0	0	0	0	0	0	0	0	0	0	0	0	0	0	0	0	0	0	0	0	0	0	0	0
GCA_003161635.1_20110600_P1D_genomic	0	0	0	0	0	0	0	0	0.03992127	83.98261	0.41416103	925.7113	0	0	0	0	NaN	0	0	0	0	0	0	0	0	0	0	0	0	0	0	0	0	0	0	0	0	0	0	0	0.008843275	16.929844	0.079933874	189.91473	0	0	0	0	0.009041441	7.779981	0.08789102	208.20451	0	0	0	0	0	0	0	0	0	0	0	0	0	0	0	0	0	0	0	0	0	0	0	0	0	0	0	0	0	0	0	0	0	0	0	0	0	0	0	0	0	0	0	0	0	0	0	0	0	0	0	0	0	0	0	0	0	0	0	0	0	0	0	0	0	0	0	0	0	0	0	0	0	0	0	0	0	0	0	0	0	0	0	0	0	0	0	0	0	0	0	0	0	0	0	0	0	0	0	0	0	0	0	0	0	0	0	0	0	0	0	0	0	0	0	0	0	0	0	0	0	0	0	0	0.02808774	39.18053	0.28988972	645.29114	0	0	0	0
SRR12277197bin.4	0	0	0	0	0	0	0	0	0	0	0	0	0	0	0	0	NaN	0	0	0	0	0	0	0	0	0	0	0	0	0	0	0	0	0	0	0	0	0	0	0	0	0	0	0	0	0	0	0	0	0	0	0	0	0	0	0	0	0	0	0	0	0	0	0	0	0	0	0	0	0	0	0	0	0	0	0	0	0	0	0	0	0	0	0	0	0	0	0	0	0	0	0	0	0	0	0	0	0	0	0	0	0	0	0	0	0	0	0	0	0	0	0	0	0	0	0	0	0	0	0	0	0	0	0	0	0	0	0	0	0	0	0	0	0	0	0	0.0929641	184.0853	1.7126787	3774.6604	0	0	0	0	0	0	0	0	0.054979224	150.04854	0.80824035	1908.333	0	0	0	0	0	0	0	0	0	0	0	0	0	0	0	0	0.043111894	2.4610662	0.90228623	1953.2731	0	0	0	0	0	0	0	0	0	0	0	0
GCA_003158575.1_20120600_E2D_genomic	0	0	0	0	0	0	0	0	0.0070355823	20.165155	0.08867869	198.21007	0	0	0	0	NaN	0	0	0	0	0	0	0	0	0	0	0	0	0	0	0	0	0	0	0	0	0	0	0	0	0	0	0	0	0	0	0	0	0	0	0	0	0	0	0	0	0	0	0	0	0	0	0	0	0	0	0	0	0	0	0	0	0	0	0	0	0	0	0	0	0	0	0	0	0	0	0	0	0	0	0	0	0	0	0	0	0	0	0	0	0	0	0	0	0	0	0	0	0	0	0	0	0	0	0	0	0	0	0	0	0	0	0	0	0	0	0	0	0	0	0	0	0	0	0	0	0	0	0	0	0	0	0	0	0	0	0	0	0	0	0	0	0	0	0	0	0	0	0	0	0	0	0	0	0	0	0	0	0	0	0	0	0	0	0	0	0	0	0	0	0	0	0
SRR1586279rbin.21	0	0	0	0	0	0	0	0	0	0	0	0	0	0	0	0	NaN	0	0	0	0	0	0	0	0	0	0	0	0	0	0	0	0	0	0	0	0	0	0	0	0	0	0	0	0	0	0	0	0	0	0	0	0	0	0	0	0	0	0	0	0	0	0	0	0	0	0	0	0	0	0	0	0	0	0	0	0	0	0	0	0	0	0	0	0	0	0	0	0	0	0	0	0	0	0	0	0	0	0	0	0	0	0	0	0	0	0	0	0	0	0	0	0	0	0	0	0	0	0	0	0	0	0	0	0	0	0	0	0	0	0	0	0	0	0	0	0	0	0	0	0	0	0	0	0	0	0	0	0.038324628	46.26401	0.6117553	1444.4135	0	0	0	0	0	0	0	0	0	0	0	0	0	0	0	0	0.05503346	1.2972103	1.1987365	2595.0295	0.042029426	39.736023	0.635019	1360.1691	0	0	0	0	0	0	0	0
16p_S16_bin.70	0	0	0	0	0	0	0	0	0.065681085	61.759975	0.6502181	1453.3333	0	0	0	0	NaN	0	0	0	0	0	0	0	0	0	0	0	0	0	0	0	0.12067344	36.80314	1.1588165	2766.1511	0	0	0	0	0.07046504	83.64019	0.64285946	1527.369	0.22191137	2.2097726	1.6072161	4683.478	0.36171177	182.02316	3.3354733	7901.388	0.13544674	1.6958394	0.9674436	2784.465	0	0	0	0	0	0	0	0	0	0	0	0	0	0	0	0	0	0	0	0	0	0	0	0	0	0	0	0	0	0	0	0	0	0	0	0	0	0	0	0	0	0	0	0	0	0	0	0	0	0	0	0	0	0	0	0	0	0	0	0	0	0	0	0	0	0	0	0	0	0	0	0	0	0	0	0	0	0	0	0	0	0	0	0	0	0	0	0	0	0	0	0	0	0	0	0	0	0	0	0	0	0	0	0	0	0	0	0	0	0	0	0	0	0	0	0	0	0	0	0	0.013397859	15.575845	0.13867843	308.69656	0	0	0	0
GCA_003170815.1_20110800_E2D_genomic	0	0	0	0	0	0	0	0	0.014914942	83.462685	0.1617958	361.6377	0	0	0	0	NaN	0	0	0	0	0	0	0	0	0	0	0	0	0	0	0	0	0	0	0	0	0	0	0	0	0	0	0	0	0	0	0	0	0	0	0	0	0	0	0	0	0	0	0	0	0	0	0	0	0	0	0	0	0	0	0	0	0	0	0	0	0	0	0	0	0	0	0	0	0	0	0	0	0	0	0	0	0	0	0	0	0	0	0	0	0	0	0	0	0	0	0	0	0	0	0	0	0	0	0	0	0	0	0	0	0	0	0	0	0	0	0	0	0	0	0	0	0	0	0	0	0	0	0	0	0	0	0	0	0	0	0	0	0	0	0	0	0	0	0	0	0	0	0	0	0	0	0	0	0	0	0	0	0	0	0	0	0	0	0	0	0	0	0	0	0	0	0
SRR3989258rbin.9	0	0	0	0	0	0	0	0	0.90557766	7313.634	8.767711	19597.13	0.6330099	384.77386	8.932176	19928.031	NaN	0	0	0	0.70266414	2691.707	28.06785	56303.684	0.7063931	361.12387	10.507595	24235.457	0	0	0	0	0.7947324	444.6506	7.234692	17269.56	0.4554467	493.50592	4.0454526	11576	1.0181745	6146.4707	8.655061	20563.547	0.617624	9.414012	4.4181995	12874.7705	0.70033354	1660.8875	6.1282735	14517.237	0.6718319	13.053404	4.5186367	13005.395	0.27706388	328.70264	3.5739284	5775.982	0.022645328	11.412393	0.19950058	405.57935	0	0	0	0	0.016489131	7.9070864	0.12130214	246.58116	0	0	0	0	0.11615371	65.891235	1.9563252	4107.554	0	0	0	0	0.08660112	2.0217228	0.7478516	1507.2349	1.4049815	3235.8318	18.836	35376.71	1.1116472	6.641832	10.905089	24396.281	1.4361339	5516.931	28.305338	48326.492	1.1032728	0.34557906	20.094131	54647.125	1.0612583	0.94940937	27.955366	44237.65	0.82782304	24.534185	7.507573	17532.387	1.1103144	1801.5609	14.909748	27337.488	0.8324821	567.5414	7.453287	18949.334	0	0	0	0	0	0	0	0	0.085176505	192.41348	2.077775	4227.7417	0.07335499	0.3203111	2.1900814	4789.6357	0.09466565	35.181576	1.7089554	3766.4546	0.25053728	251.75668	4.5073457	9941.335	0	0	0	0	0.021672009	23.526045	0.31888285	752.91345	0.21812119	965.5652	8.283007	14663.792	0.051307935	0.41555488	1.0616997	2177.084	0.06867667	1050.2057	1.7741481	3413.2139	0	0	0	0	0.042882863	1.1669976	0.8552375	1851.4216	0.15699781	121.25268	2.1234624	4548.3184	1.0482761	4724.9214	10.122216	22531.934	0.88508767	12.007609	8.870753	21058.998
GCA_003136795.1_20111000_P2D_genomic	0	0	0	0	0	0	0	0	0.066834725	288.08878	0.723912	1618.0505	0.06324678	35.44735	0.9537781	2127.9158	NaN	0	0	0	0	0	0	0	0	0	0	0	0	0	0	0	0.019205492	10.617761	0.1989832	474.98248	0	0	0	0	0.023292724	123.719284	0.2149396	510.6747	0	0	0	0	0.0147261685	50.059586	0.14455603	342.43808	0	0	0	0	0	0	0	0	0	0	0	0	0	0	0	0	0	0	0	0	0	0	0	0	0	0	0	0	0	0	0	0	0	0	0	0	0	0	0	0	0	0	0	0	0	0	0	0	0	0	0	0	0	0	0	0	0	0	0	0	0	0	0	0	0	0	0	0	0	0	0	0	0	0	0	0	0	0	0	0	0	0	0	0	0.04248926	24.22395	0.97189873	2142.0178	0.042176023	46.49476	0.9375898	2067.935	0	0	0	0	0.04790531	82.82691	0.86545306	2043.4178	0	0	0	0	0.05891858	0.6879693	0	0	0.06053994	1346.4497	1.9710721	3792.0693	0	0	0	0	0.054004334	2.7661302	1.364939	2954.826	0.06397889	105.587944	1.0846636	2323.2786	0.0816649	242.78294	0.8756245	1949.13	0.080383666	0.79354	0.8861466	2103.6956
SRR5665648rbin.2	0	0	0	0	0	0	0	0	0.066022485	7352.114	0.6913301	1545.2251	0	0	0	0	NaN	0	0	0	0	0	0	0	0	0	0	0	0	0	0	0	0.15941024	1718.312	1.5222864	3633.7717	0	0	0	0	0.15675941	12782.122	1.391481	3306.018	0	0	0	0	0.14714685	16735.004	1.3612379	3224.6301	0.079200394	16.702988	0.56979257	1639.9591	0.31861237	710.3883	4.056309	6555.577	0.10372021	113.7002	0.89083195	1811.0378	0	0	0	0	0.07607639	82.213585	0.54136807	1100.4841	0	0	0	0	0.62372327	764.3832	9.892184	20769.91	0	0	0	0	0.20127252	133.37794	1.7074803	3441.29	0	0	0	0	0	0	0	0	0	0	0	0	0	0	0	0	0	0	0	0	0	0	0	0	0.30880886	752.6438	4.278644	7845.0254	0	0	0	0	0	0	0	0	0	0	0	0	0	0	0	0	0	0	0	0	0	0	0	0	0	0	0	0	0	0	0	0	0	0	0	0	0	0	0	0	0	0	0	0	0	0	0	0	0	0	0	0	0	0	0	0	0	0	0	0	0	0	0	0	0	0	0	0
104_merged	0	0	0	0	0	0	0	0	0	0	0	0	0	0	0	0	NaN	0	0	0	0	0	0	0	0	0	0	0	0	0	0	0	0	0	0	0	0	0	0	0	0	0	0	0	0	0	0	0	0	0	0	0	0	0	0	0	0	0	0	0	0	0	0	0	0	0	0	0	0	0	0	0	0	0	0	0	0	0	0	0	0	0	0	0	0	0	0	0	0	0	0	0	0	0	0	0	0	0	0	0	0	0	0	0	0	0	0	0	0	0	0	0	0	0	0	0	0	0	0	0	0	0	0	0	0	0	0	0	0	0	0	0	0.6759736	3.4113488	19.521212	42692.254	0	0	0	0	0.32650098	346.14944	5.7410746	12662.432	0	0	0	0	0.5643875	504.1403	7.5862727	17911.92	0	0	0	0	0.40880868	2.772034	8.097672	16604.799	0	0	0	0	0	0	0	0	0	0	0	0	0.70059687	455.7633	9.333536	19991.822	0	0	0	0	0	0	0	0
SRR1586317rbin.10	0	0	0	0	0	0	0	0	0	0	0	0	0	0	0	0	NaN	0	0	0	0	0	0	0	0	0	0	0	0	0	0	0	0	0	0	0	0	0	0	0	0	0	0	0	0	0	0	0	0	0	0	0	0	0	0	0	0	0	0	0	0	0	0	0	0	0	0	0	0	0	0	0	0	0	0	0	0	0	0	0	0	0	0	0	0	0	0	0	0	0	0	0	0	0	0	0	0	0	0	0	0	0	0	0	0	0	0	0	0	0	0	0	0	0	0	0	0	0	0	0	0	0	0	0	0	0	0	0	0	0	0	0	0	0	0	0	0	0	0	0	0	0	0	0	0	0	0	0	0.022080423	20.422827	0.30889404	729.32886	0	0	0	0	0	0	0	0	0	0	0	0	0	0	0	0	0	0	0	0	0.36653274	1075.3185	5.001203	10712.249	0	0	0	0	0	0	0	0
GCA_003134555.1_20111000_P3M_genomic	0	0	0	0	0	0	0	0	0.004534813	5.7298174	0.056840837	127.04766	0	0	0	0	NaN	0	0	0	0	0	0	0	0	0	0	0	0	0	0	0	0	0	0	0	0	0	0	0	0	0	0	0	0	0	0	0	0	0	0	0	0	0	0	0	0	0	0	0	0	0	0	0	0	0	0	0	0	0	0	0	0	0	0	0	0	0	0	0	0	0	0	0	0	0	0	0	0	0	0	0	0	0	0	0	0	0	0	0	0	0	0	0	0	0	0	0	0	0	0	0	0	0	0	0	0	0	0	0	0.09062645	0.39170834	3.6174855	6760.691	0	0	0	0	0.118848994	346.2699	3.0222042	6149.4155	0.09079125	0.4723734	2.8566315	6247.363	0.077407986	38.423725	1.4984529	3302.5186	0.0770824	89.83666	1.4817805	3268.1934	0	0	0	0	0.06746502	68.90288	1.0134407	2392.8315	0	0	0	0	0.05471088	0.3797052	1.2209316	2503.599	0	0	0	0	0	0	0	0	0.07355338	1.6294295	1.5531933	3362.3596	0.030566517	22.130884	0.46599653	998.1339	0	0	0	0	0	0	0	0
SRR5665213rbin.13	0	0	0	0	0	0	0	0	0	0	0	0	0	0	0	0	NaN	0	0	0	0	0	0	0	0	0	0	0	0	0	0	0	0	0	0	0	0	0	0	0	0	0	0	0	0	0	0	0	0	0	0	0	0	0	0	0	0	0	0	0	0	0	0	0	0	0	0	0	0	0	0	0	0	0	0	0	0	0	0	0	0	0	0	0	0	0	0	0	0	0	0	0	0	0	0	0	0	0	0	0	0	0	0	0	0	0	0	0	0	0	0	0	0	0	0	0	0	0	0	0	0	0	0	0	0	0	0	0	0	0	0	0	0	0	0	0	0.045169085	19.731352	0.8553908	1885.2399	0	0	0	0	0	0	0	0	0.027314205	28.61582	0.41887227	988.99774	0	0	0	0	0	0	0	0	0	0	0	0	0	0	0	0	0	0	0	0	0	0	0	0	0	0	0	0	0	0	0	0
15p_S15_bin.31	0	0	0	0	0	0	0	0	0.40705487	835.72656	4.1991243	9385.663	0.49340245	318.91708	6.979222	15570.913	NaN	0	0	0	0	0	0	0	0.61839175	386.56345	10.225062	23583.805	0	0	0	0	0.55120295	206.93993	5.56759	13290.105	1.5093583	2011.5962	13.395316	38330.5	0.7269427	1599.15	8.188828	19455.824	1.7852472	27.622416	12.863376	37484.285	0.6994584	786.1194	6.500957	15400.085	1.3869394	24.610645	9.315293	26810.98	0.050647542	45.925617	1.0085157	1629.9061	0	0	0	0	0	0	0	0	0	0	0	0	0	0	0	0	0	0	0	0	0	0	0	0	0.021014864	0.30939645	0.17482707	352.3499	0	0	0	0	0	0	0	0	0	0	0	0	0	0	0	0	0	0	0	0	0.10608693	0.9693884	0.98258036	2294.6123	0.066015616	83.03033	0.9260593	1697.959	0.21443275	134.21529	2.0316653	5165.3306	0	0	0	0	0	0	0	0	0	0	0	0	0	0	0	0	0.021951452	9.211754	0.4547292	1002.201	0.14713012	172.04036	2.72791	6016.6367	0	0	0	0	0.032017007	28.19079	0.51414907	1213.9558	0.19599484	1069.967	7.6566033	13554.847	0	0	0	0	0	0	0	0	0	0	0	0	0	0	0	0	0.1188535	87.07314	1.6489011	3531.8376	0.33999527	549.4283	3.3186731	7387.3296	0.9134231	9.647687	9.221353	21891.314
SRR10489820bin.6	0	0	0	0	0	0	0	0	0.06679299	125.24723	0.67308754	1504.4503	0	0	0	0	NaN	0	0	0	0	0	0	0	0	0	0	0	0	0	0	0	0	0	0	0	0	0	0	0	0.0074361684	8.729927	0.06617764	157.23132	0	0	0	0	0.027223397	14.0933275	0.2578792	610.88873	0	0	0	0	0	0	0	0	0	0	0	0	0	0	0	0	0	0	0	0	0	0	0	0	0.02583269	7.2430377	0.46368292	973.5617	0	0	0	0	0	0	0	0	0	0	0	0	0	0	0	0	0	0	0	0	0	0	0	0	0	0	0	0	0	0	0	0	0	0	0	0	0	0	0	0	0	0	0	0	0	0	0	0	0	0	0	0	0	0	0	0	0	0	0	0	0	0	0	0	0	0	0	0	0	0	0	0	0	0	0	0	0	0	0	0	0	0	0	0	0	0	0	0	0	0	0	0	0	0	0	0	0.04242373	61.608826	0.42641097	949.18567	0	0	0	0
SRR10489818bin.7	0	0	0	0	0	0	0	0	0.03682449	136.8383	0.41300824	923.1344	0	0	0	0	NaN	0	0	0	0	0	0	0	0	0	0	0	0	0	0	0	0	0	0	0	0	0	0	0	0.01178965	20.875292	0.11562546	274.71442	0	0	0	0	0.0071957237	3.980415	0.07674553	181.80211	0	0	0	0	0	0	0	0	0	0	0	0	0	0	0	0	0	0	0	0	0	0	0	0	0	0	0	0	0	0	0	0	0	0	0	0	0	0	0	0	0	0	0	0	0	0	0	0	0	0	0	0	0	0	0	0	0	0	0	0	0	0	0	0	0	0	0	0	0	0	0	0	0	0	0	0	0	0	0	0	0	0	0	0	0.046101525	26.371334	0.9991803	2202.145	0	0	0	0	0	0	0	0	0.033984363	67.63034	0.64554685	1524.1985	0	0	0	0	0	0	0	0	0	0	0	0	0	0	0	0	0.037410494	1.9510707	0.9877136	2138.206	0.041129347	72.42402	0.7363242	1577.158	0.044661187	111.736664	0.4936126	1098.7759	0	0	0	0
5_S31_bin.4	0	0	0	0	0	0	0	0	0	0	0	0	0	0	0	0	NaN	0	0	0	0	0	0	0	0	0	0	0	0	0	0	0	0	0	0	0	0	0	0	0	0	0	0	0	0	0	0	0	0	0	0	0	0	0	0	0	0	0	0	0	0	0	0	0	0	0	0	0	0	0	0	0	0	0	0	0	0	0	0	0	0	0	0	0	0	0	0	0	0	0	0	0	0	0	0	0	0	0	0	0	0	0	0	0	0	0	0	0	0	0	0	0	0	0	0	0	0	0	0	0	0	0	0	0	0	0	0	0	0	0	0	0	0.4875573	3.1395617	14.741227	32238.592	0	0	0	0	0.46197024	583.0569	8.401829	18530.955	0	0	0	0	1.4690056	1622.0125	20.289692	47905.926	0	0	0	0	0.17699584	1.2043958	3.6658168	7516.9956	0	0	0	0	0.27563995	1451.6854	18.189775	27974.018	0	0	0	0	0.42748806	286.11908	5.768876	12356.556	0	0	0	0	0	0	0	0
SRR1586279rbin.7	0	0	0	0	0	0	0	0	0	0	0	0	0	0	0	0	NaN	0	0	0	0	0	0	0	0	0	0	0	0	0	0	0	0	0	0	0	0	0	0	0	0	0	0	0	0	0	0	0	0	0	0	0	0	0	0	0	0	0	0	0	0	0	0	0	0	0	0	0	0	0	0	0	0	0	0	0	0	0	0	0	0	0	0	0	0	0	0	0	0	0	0	0	0	0	0	0	0	0	0	0	0	0	0	0	0	0	0	0	0	0	0	0	0	0	0	0	0	0	0	0	0	0	0	0	0	0	0	0	0	0	0	0	0	0	0	0	0.023807615	11.579136	0.4934145	1087.4614	0	0	0	0	0	0	0	0	0.02906144	31.298342	0.4678016	1104.5248	0	0	0	0	0	0	0	0	0	0	0	0	0	0	0	0	0.022631144	0.5516114	0.5348275	1157.7965	0	0	0	0	0	0	0	0	0	0	0	0
11p_S11_bin.24	0	0	0	0	0	0	0	0	0.19273725	160.44717	2.195766	4907.862	0.04452457	20.669107	0.6926869	1545.4115	NaN	0	0	0	0	0	0	0	0	0	0	0	0	0	0	0	0.144375	40.28594	1.3562875	3237.5242	0	0	0	0	0.13592495	173.81021	1.1887907	2824.4463	0.047471404	0.41188973	0.3855719	1123.5685	0.059726536	25.357853	0.5764909	1365.6462	0.07003029	0.8300152	0.5223229	1503.3331	0	0	0	0	0	0	0	0	0	0	0	0	0	0	0	0	0	0	0	0	0	0	0	0	0	0	0	0	0	0	0	0	0	0	0	0	0	0	0	0	0	0	0	0	0	0	0	0	0	0	0	0	0	0	0	0	0	0	0	0	0	0	0	0	0	0	0	0	0	0	0	0	0.056981266	157.6897	1.5205662	3093.9639	0	0	0	0	0.108613245	43.986523	2.0061054	4421.3574	0.047631264	49.894882	1.5020798	3312.9646	0	0	0	0	0	0	0	0	0	0	0	0	0	0	0	0	0	0	0	0	0	0	0	0	0	0	0	0	0	0	0	0	0.10817614	132.44377	1.1068313	2463.7937	0.089698546	0.67983735	0.9669152	2295.4387
SRR3985419rbin.8	0	0	0	0	0	0	0	0	0.046163306	714.3215	0.48048124	1073.9468	0	0	0	0	NaN	0	0	0	0	0	0	0	0	0	0	0	0	0	0	0	0	0	0	0	0	0	0	0	0	0	0	0	0	0	0	0	0.04863868	481.92694	0.4500423	1066.1031	0	0	0	0	0	0	0	0	0	0	0	0	0	0	0	0	0	0	0	0	0	0	0	0	0	0	0	0	0	0	0	0	0	0	0	0	0	0	0	0	0	0	0	0	0	0	0	0	0	0	0	0	0	0	0	0	0	0	0	0	0	0	0	0	0	0	0	0	0	0	0	0	0	0	0	0	0	0	0	0	0	0	0	0	0	0	0	0	0	0	0	0	0	0	0	0	0	0	0	0	0	0	0	0	0	0	0	0	0	0	0	0	0	0	0	0	0	0	0	0	0	0	0	0	0	0	0	0	0	0	0	0
SRR12277196bin.3	0	0	0	0	0	0	0	0	0	0	0	0	0	0	0	0	NaN	0	0	0	0	0	0	0	0	0	0	0	0	0	0	0	0	0	0	0	0	0	0	0	0	0	0	0	0	0	0	0	0	0	0	0	0	0	0	0	0	0	0	0	0	0	0	0	0	0	0	0	0	0	0	0	0	0	0	0	0	0	0	0	0	0	0	0	0	0	0	0	0	0	0	0	0	0	0	0	0	0	0	0	0	0	0	0	0	0	0	0	0	0	0	0	0	0	0	0	0	0	0	0	0.2518601	1.1542871	9.613683	17966.941	0	0	0	0	0.25254273	815.0549	6.1975794	12610.491	0.2004782	1.0927314	5.9742136	13065.414	0.25419772	165.3749	4.5676556	10066.894	0.26653895	350.61462	4.8070073	10602.266	0	0	0	0	0.46854928	658.46277	6.4010167	15113.422	0	0	0	0	0.16407612	1.2318169	3.3615606	6893.097	0.137935	2409.8362	3.607561	6940.445	0	0	0	0	0.39009583	11.3774805	7.5104156	16258.581	0.08280029	68.57392	1.1470982	2457.009	0	0	0	0	0	0	0	0
SRR3989254rbin.30	0	0	0	0	0	0	0	0	0.1263902	132.26581	1.2226804	2732.8728	0.07443678	43.43858	1.0366793	2312.8716	NaN	0	0	0	0	0	0	0	0	0	0	0	0	0	0	0	0.0591042	16.09612	0.5393354	1287.4199	0	0	0	0	0.07032177	87.14967	0.597304	1419.1337	0.041261237	0.36603633	0.29401144	856.75885	0.06391991	23.285809	0.5575486	1320.7743	0.052878052	0.6076181	0.35432097	1019.7951	0	0	0	0	0	0	0	0	0	0	0	0	0	0	0	0	0	0	0	0	0	0	0	0	0	0	0	0	0	0	0	0	0	0	0	0	0	0	0	0	0	0	0	0	0	0	0	0	0	0	0	0	0.039189942	0.34096768	0.356188	831.8032	0	0	0	0	0	0	0	0	0	0	0	0	0	0	0	0	0	0	0	0	0	0	0	0	0.031159919	12.567161	0.5634634	1241.846	0	0	0	0	0	0	0	0	0	0	0	0	0	0	0	0	0	0	0	0	0	0	0	0	0	0	0	0	0.018516997	0.3198719	0.37197876	805.26117	0.030121787	19.125786	0.41567108	890.3404	0.12144547	147.89592	1.1726905	2610.3953	0.05507055	0.39551598	0.5511855	1308.504
SRR10489815bin.14	0	0	0	0	0	0	0	0	0.023475397	843.75995	0.25116375	561.3882	0	0	0	0	NaN	0	0	0	0	0	0	0	0	0	0	0	0	0	0	0	0	0	0	0	0	0	0	0	0	0	0	0	0	0	0	0	0	0	0	0	0	0	0	0	0	0	0	0	0	0	0	0	0	0	0	0	0	0	0	0	0	0	0	0	0	0	0	0	0	0	0	0	0	0	0	0	0	0	0	0	0	0	0	0	0	0	0	0	0	0	0	0	0	0	0	0	0	0	0	0	0	0	0	0	0	0	0	0	0	0	0	0	0	0	0	0	0	0	0	0	0	0	0	0	0	0	0	0	0	0	0	0	0	0	0	0	0	0	0	0	0	0	0	0	0	0	0	0	0	0	0	0	0	0	0	0	0	0	0	0	0	0	0	0	0	0	0	0	0	0	0	0
SRR3989239rbin.31	0	0	0	0	0	0	0	0	0.20944884	7828.4473	2.3543923	5262.415	0.23509297	421.1269	3.7869267	8448.78	NaN	0	0	0	0	0	0	0	0	0	0	0	0	0	0	0	0.13254203	172.97124	1.4514598	3464.705	0	0	0	0	0.080182135	1006.6428	0.82356215	1956.6998	0.09211598	5.108225	0.74955416	2184.2246	0.32209277	7959.1665	3.4875412	8261.621	0.07685253	3.2875252	0.5910526	1701.1488	0.60554117	5252.209	9.299752	15029.733	0.04801797	34.25896	0.52810436	1073.6217	0	0	0	0	0.043010794	42.657887	0.3882282	789.1839	0	0	0	0	0.84639716	6359.2114	16.709698	35084.156	0	0	0	0	0.6423059	336.39307	6.765411	13635.14	0.38702664	1981.6835	6.142421	11536.347	0.52755404	11.130087	6.3312426	14163.916	0.35025388	1778.8208	8.156433	13925.706	0	0	0	0	0.48844102	1.3538425	15.586082	24664.014	0.3323139	35.382282	3.6111598	8433.115	0.34771037	1341.3506	5.576443	10224.585	0.7195722	3727.3042	7.7453575	19691.9	0	0	0	0	0	0	0	0	0	0	0	0	0	0	0	0	0	0	0	0	0.04918265	74.32526	1.0199323	2249.548	0	0	0	0	0	0	0	0	0	0	0	0	0	0	0	0	0	0	0	0	0	0	0	0	0	0	0	0	0.018067036	16.133047	0.2869906	614.7152	0.1417489	1412.4337	1.6004133	3562.5012	0.17085063	4.515086	1.9986521	4744.7637
SRR4027936rbin.2	0	0	0	0	0	0	0	0	0	0	0	0	0	0	0	0	NaN	0	0	0	0	0	0	0	0	0	0	0	0	0	0	0	0	0	0	0	0	0	0	0	0	0	0	0	0	0	0	0	0	0	0	0	0	0	0	0	0	0	0	0	0	0	0	0	0	0	0	0	0	0	0	0	0	0	0	0	0	0	0	0	0	0	0	0	0	0	0	0	0	0	0	0	0	0	0	0	0	0	0	0	0	0	0	0	0	0	0	0	0	0	0	0	0	0	0	0	0	0	0	0	0	0	0	0	0	0	0	0	0	0	0	0	0	0	0	0	0	0	0	0	0	0	0	0	0	0	0	0	0	0	0	0	0	0	0	0	0	0	0	0	0	0	0	0	0	0	0	0	0	0	0	0	0	0	0	0	0	0	0	0	0	0	0	0
SRR1586276rbin.4	0	0	0	0	0	0	0	0	0.028514288	193.43578	0.31528586	704.71063	0	0	0	0	NaN	0	0	0	0	0	0	0	0	0	0	0	0	0	0	0	0	0	0	0	0	0	0	0	0	0	0	0	0	0	0	0	0	0	0	0	0	0	0	0	0	0	0	0	0	0	0	0	0	0	0	0	0	0	0	0	0	0	0	0	0	0	0	0	0	0	0	0	0	0	0	0	0	0	0	0	0	0	0	0	0	0	0	0	0	0	0	0	0	0	0	0	0	0	0	0	0	0	0	0	0	0	0	0	0	0	0	0	0	0	0	0	0	0	0	0	0	0	0	0	0	0	0	0	0	0	0	0	0	0	0	0	0	0	0	0	0	0	0	0	0	0	0	0	0	0	0	0	0	0	0	0	0	0	0	0	0	0	0	0	0.019599114	61.06878	0.21556713	479.84982	0	0	0	0
SRR10489828bin.20	0	0	0	0	0	0	0	0	0.031169051	27.344604	0.31600985	706.3288	0	0	0	0	NaN	0	0	0	0	0	0	0	0	0	0	0	0	0	0	0	0	0	0	0	0	0	0	0	0.021091565	24.614994	0.1874881	445.4526	0	0	0	0	0.013407711	4.754599	0.124272175	294.3876	0	0	0	0	0	0	0	0	0	0	0	0	0	0	0	0	0	0	0	0	0	0	0	0	0	0	0	0	0	0	0	0	0	0	0	0	0	0	0	0	0	0	0	0	0	0	0	0	0	0	0	0	0	0	0	0	0	0	0	0	0	0	0	0	0	0	0	0	0	0	0	0	0	0	0	0	0	0	0	0	0	0	0	0	0.023403646	13.471298	0.54247093	1195.5792	0	0	0	0	0	0	0	0	0.019916093	26.311802	0.37779528	892.0113	0	0	0	0	0	0	0	0	0	0	0	0	0	0	0	0	0.024757035	1.0936929	0.64192945	1389.6512	0.028020475	23.221811	0.46064913	986.6803	0.045146998	48.27436	0.45050052	1002.809	0.09024761	0.71698034	0.91331583	2168.1943
SRR5882724rbin.12	0	0	0	0	0	0	0	0	0.021892186	125.44168	0.25331867	566.2047	0	0	0	0	NaN	0	0	0	0	0	0	0	0	0	0	0	0	0	0	0	0.021635497	13.655276	0.23535609	561.8063	0	0	0	0	0.026963279	179.9692	0.26475325	629.0267	0.07004653	2.6589432	0.5963375	1737.7467	0.027718998	89.99142	0.28919736	685.0783	0.051404554	2.1232467	0.4125281	1187.3248	0	0	0	0	0	0	0	0	0	0	0	0	0	0	0	0	0	0	0	0	0	0	0	0	0	0	0	0	0	0	0	0	0	0	0	0	0	0	0	0	0	0	0	0	0	0	0	0	0	0	0	0	0	0	0	0	0	0	0	0	0	0	0	0	0	0	0	0	0	0	0	0	0	0	0	0	0	0	0	0	0	0	0	0	0	0	0	0	0	0	0	0	0	0	0	0	0	0	0	0	0	0	0	0	0	0	0	0	0	0	0	0	0	0	0	0	0	0	0	0	0.019114815	51.92642	0.22166671	493.4274	0	0	0	0
8p_S8_bin.7	0	0	0	0	0	0	0	0	0.006025295	14.340009	0.06239757	139.46779	0	0	0	0	NaN	0	0	0	0	0	0	0	0	0	0	0	0	0	0	0	0.018128313	4.5485272	0.16880229	402.93924	0	0	0	0	0	0	0	0	0	0	0	0	0	0	0	0	0	0	0	0	0	0	0	0	0	0	0	0	0	0	0	0	0	0	0	0	0	0	0	0	0	0	0	0	0	0	0	0	0	0	0	0	0	0	0	0	0	0	0	0	0	0	0	0	0	0	0	0	0	0	0	0	0	0	0	0	0	0	0	0	0	0	0	0	0.5958217	2.7798433	22.705584	42434.285	0.5904414	0.75643647	53.481777	85075.805	0.6882137	2132.36	16.580442	33736.973	0.44150615	2.5208838	13.012014	28456.861	0.56570333	457.13028	10.041367	22130.684	0.5167662	666.8884	9.247236	20395.572	0.4693024	14144.09	236.70581	230088.42	0.81351495	991.2522	11.097607	26202.521	1.079921	5853.5625	40.541595	71772.7	1.5442852	15.13982	31.002394	63572.414	1.4329622	28866.535	36.35363	69939.33	1.3820148	7057.447	87.26367	134202.66	1.3131353	39.697914	25.030659	54186.473	1.2461007	1427.001	16.590565	35535.9	0	0	0	0	0	0	0	0
SRR1586255rbin.3	0	0	0	0	0	0	0	0	0	0	0	0	0	0	0	0	NaN	0	0	0	0	0	0	0	0	0	0	0	0	0	0	0	0	0	0	0	0	0	0	0	0	0	0	0	0	0	0	0	0	0	0	0	0	0	0	0	0	0	0	0	0	0	0	0	0	0	0	0	0	0	0	0	0	0	0	0	0	0	0	0	0	0	0	0	0	0	0	0	0	0	0	0	0	0	0	0	0	0	0	0	0	0	0	0	0	0	0	0	0	0	0	0	0	0	0	0	0	0	0	0	0	0	0	0	0	0	0	0	0.08978136	213.23761	2.2246974	4526.6924	0.0705894	0.31546584	2.1181662	4632.359	0.05376143	19.629942	0.99433017	2191.4553	0.06269202	56.851692	1.1423765	2519.6086	0	0	0	0	0.090732545	78.30577	1.2668526	2991.1624	0	0	0	0	0.050983507	0.39198273	1.127387	2311.78	0.04118896	540.50653	1.1883702	2286.2595	0	0	0	0	0.07095766	1.8583236	1.4599699	3160.549	0.04191758	37.46477	0.6377724	1366.0664	0	0	0	0	0	0	0	0
SRR10489834bin.33	0	0	0	0	0	0	0	0	0.08481184	275.63638	0.83509237	1866.5548	0.0524892	29.59808	0.7371711	1644.6569	NaN	0	0	0	0	0	0	0	0	0	0	0	0	0	0	0	0.19568397	106.73521	1.7867779	4265.1245	0	0	0	0	0.14404275	626.09845	1.2204802	2899.738	0.06677105	0.68860275	0.4894599	1426.3015	0.23052338	615.61523	2.0353625	4821.5605	0.1066578	1.7934386	0.73057806	2102.7268	0.2373377	481.98346	3.0557733	4938.568	0.028238147	13.145889	0.24816845	504.51968	0	0	0	0	0.029195733	21.30788	0.2116905	430.3213	0	0	0	0	0.23123933	181.04999	3.8063748	7991.9697	0	0	0	0	0.09662372	3.2216074	0.83103436	1674.8835	0.53237003	1599.0482	7.321465	13750.761	0.2697318	1.8304683	2.728729	6104.5664	0.44180155	2086.543	8.8651905	15135.794	0	0	0	0	0	0	0	0	0.29213378	9.193156	2.7252812	6364.329	0.56318974	1689.2329	7.6963077	14111.421	0.14083807	98.33882	1.296773	3296.9329	0	0	0	0	0	0	0	0	0	0	0	0	0	0	0	0	0	0	0	0	0	0	0	0	0	0	0	0	0	0	0	0	0	0	0	0	0	0	0	0	0	0	0	0	0	0	0	0	0	0	0	0	0	0	0	0	0.07248536	143.33829	0.71245056	1585.9067	0	0	0	0
SRR3989258rbin.18	0	0	0	0	0	0	0	0	0.043819763	571.56586	0.47569692	1063.253	0	0	0	0	NaN	0	0	0	0	0	0	0	0	0	0	0	0	0	0	0	0.09331464	42.04231	0.88023096	2101.1533	0	0	0	0	0.09061525	503.5855	0.79701096	1893.6178	0	0	0	0	0.058791257	166.71413	0.54004955	1279.3213	0.03889826	1.0041677	0.28148916	810.173	0.11467707	190.71074	1.4720141	2378.986	0	0	0	0	0	0	0	0	0	0	0	0	0	0	0	0	0.12600397	84.41801	2.040528	4284.3496	0	0	0	0	0.039430898	0.97523475	0.3359309	677.0417	0	0	0	0	0	0	0	0	0	0	0	0	0	0	0	0	0	0	0	0	0	0	0	0	0	0	0	0	0	0	0	0	0	0	0	0	0	0	0	0	0	0	0	0	0	0	0	0	0	0	0	0	0	0	0	0	0	0	0	0	0	0	0	0	0	0	0	0	0	0	0	0	0	0	0	0	0	0	0	0	0	0	0	0	0	0	0	0	0.04945393	315.93503	0.53730077	1196.0256	0	0	0	0
SRR3985424rbin.10	0	0	0	0	0	0	0	0	0	0	0	0	0	0	0	0	NaN	0	0	0	0	0	0	0	0	0	0	0	0	0	0	0	0	0	0	0	0	0	0	0	0	0	0	0	0	0	0	0	0	0	0	0	0	0	0	0	0	0	0	0	0	0	0	0	0	0	0	0	0	0	0	0	0	0	0	0	0	0	0	0	0	0	0	0	0	0	0	0	0	0	0	0	0	0	0	0	0	0	0	0	0	0	0	0	0	0	0	0	0	0	0	0	0	0	0	0	0	0	0	0	0	0	0	0	0	0	0	0	0	0	0	0	0	0	0	0	0	0	0	0	0	0	0	0	0	0	0	0	0	0	0	0	0	0	0	0	0	0	0	0	0	0	0	0	0	0	0	0	0	0	0	0	0	0	0	0	0	0	0	0	0	0	0	0
SRR8881006rbin.67	0	0	0	0	0	0	0	0	0.015075083	68.674515	0.19414237	433.93713	0	0	0	0	NaN	0	0	0	0	0	0	0	0	0	0	0	0	0	0	0	0	0	0	0	0	0	0	0	0.020197008	103.01926	0.21378747	507.9373	0	0	0	0	0.018160244	43.767227	0.20569773	487.27643	0	0	0	0	0	0	0	0	0	0	0	0	0	0	0	0	0	0	0	0	0	0	0	0	0	0	0	0	0	0	0	0	0	0	0	0	0	0	0	0	0	0	0	0	0	0	0	0	0	0	0	0	0	0	0	0	0	0	0	0	0	0	0	0	0	0	0	0	0	0	0	0	0	0	0	0	0	0	0	0	0	0	0	0	0	0	0	0	0	0	0	0	0	0	0	0	0	0	0	0	0	0	0	0	0	0	0	0	0	0	0	0	0	0	0	0	0	0	0	0	0	0	0	0	0.015882328	40.398125	0.20336688	452.69214	0	0	0	0
SRR8090375rbin.6	0	0	0	0	0	0	0	0	0	0	0	0	0	0	0	0	NaN	0	0	0	0	0	0	0	0	0	0	0	0	0	0	0	0	0	0	0	0	0	0	0	0	0	0	0	0	0	0	0	0	0	0	0	0	0	0	0	0	0	0	0	0	0	0	0	0	0	0	0	0	0	0	0	0	0	0	0	0	0	0	0	0	0	0	0	0	0	0	0	0.19653457	362.69595	2.8151515	5287.258	0	0	0	0	0	0	0	0	0	0	0	0	0	0	0	0	0	0	0	0	0.08755483	94.78085	1.2803847	2347.6255	0	0	0	0	0	0	0	0	0	0	0	0	0	0	0	0	0	0	0	0	0	0	0	0	0	0	0	0	0	0	0	0	0	0	0	0	0	0	0	0	0	0	0	0	0	0	0	0	0	0	0	0	0	0	0	0	0	0	0	0	0	0	0	0	0	0	0	0
5_S31_bin.13	0	0	0	0	0	0	0	0	0	0	0	0	0	0	0	0	NaN	0	0	0	0	0	0	0	0	0	0	0	0	0	0	0	0	0	0	0	0.216514	286.53415	2.0280702	5803.2905	0	0	0	0	0.34280333	6.8096924	2.6475368	7715.004	0	0	0	0	0.6421988	10.676159	4.405794	12680.612	0	0	0	0	0	0	0	0	0	0	0	0	0	0	0	0	0	0	0	0	0	0	0	0	0	0	0	0	0	0	0	0	0	0	0	0	0	0	0	0	0	0	0	0	0	0	0	0	0	0	0	0	0	0	0	0	0	0	0	0	0	0	0	0	0	0	0	0	0	0	0	0	0	0	0	0	0	0	0	0	0	0	0	0	0.043920826	49.44095	0.87796956	1936.4366	0	0	0	0	1.367595	1544.4413	18.682186	44110.453	0	0	0	0	0.80889285	5.771125	16.362213	33551.773	0	0	0	0	0.25532514	1405.4661	16.711428	25700.475	0	0	0	0	0.1909926	214.18492	2.7000613	5783.354	0	0	0	0	0.27307197	4.02789	2.9075873	6902.5566
SRR12277198bin.4	0	0	0	0	0	0	0	0	0	0	0	0	0	0	0	0	NaN	0	0	0	0	0	0	0	0	0	0	0	0	0	0	0	0	0	0	0	0	0	0	0	0	0	0	0	0	0	0	0	0	0	0	0	0	0	0	0	0	0	0	0	0	0	0	0	0	0	0	0	0	0	0	0	0	0	0	0	0	0	0	0	0	0	0	0	0	0	0	0	0	0	0	0	0	0	0	0	0	0	0	0	0	0	0	0	0	0	0	0	0	0	0	0	0	0	0	0	0	0	0	0	0	0	0	0	0	0	0	0	0	0	0	0	0	0	0	0	0	0	0	0	0	0	0	0	0	0	0	0	0.03619873	95.973206	0.60264474	1422.9023	0	0	0	0	0	0	0	0	0	0	0	0	0	0	0	0	0.048186418	5.1322045	1.1045848	2391.2095	0.04256409	112.86967	0.6798848	1456.2683	0	0	0	0	0	0	0	0
SRR1586279rbin.39	0	0	0	0	0	0	0	0	0	0	0	0	0	0	0	0	NaN	0	0	0	0	0	0	0	0	0	0	0	0	0	0	0	0	0	0	0	0	0	0	0	0	0	0	0	0	0	0	0	0	0	0	0	0	0	0	0	0	0	0	0	0	0	0	0	0	0	0	0	0	0	0	0	0	0	0	0	0	0	0	0	0	0	0	0	0	0	0	0	0	0	0	0	0	0	0	0	0	0	0	0	0	0	0	0	0	0	0	0	0	0	0	0	0	0	0	0	0	0	0	0	0	0	0	0	0	0	0	0	0.08603183	232.09343	2.2650175	4608.733	0	0	0	0	0.066913866	29.792826	1.354407	2985.0469	0.054530762	61.959915	1.0950142	2415.148	0	0	0	0	0.09563345	97.83114	1.486296	3509.2888	0	0	0	0	0.07905394	0.58739847	1.8427459	3778.671	0.08839168	1571.9398	2.609094	5019.533	0	0	0	0	0.10227726	2.4343927	2.2358155	4840.104	0.06811824	60.9337	1.082546	2318.742	0	0	0	0	0	0	0	0
SRR5450757rbin.4	0	0	0	0	0	0	0	0	0.021295551	1150.2435	0.23215447	518.8998	0	0	0	0	NaN	0	0	0	0	0	0	0	0	0	0	0	0	0	0	0	0.08409883	185.59126	0.79832274	1905.6351	0	0	0	0	0.102290325	3773.108	0.89679086	2130.6838	0	0	0	0	0.044442635	801.16205	0.4232453	1002.6236	0	0	0	0	0.5182603	2968.3142	7.181071	11605.641	0.09190312	54.36918	0.83016634	1687.7059	0.732575	6545.492	14.742141	26435.654	0.097015955	107.924255	0.76241404	1549.8239	0.66426927	1703.9032	13.988908	24355.002	0.41569775	241.05098	6.7040963	14076.105	0	0	0	0	0.13432759	4.4437556	1.1923321	2403.0505	0.19597821	638.12506	3.0042658	5642.4424	0	0	0	0	0	0	0	0	0	0	0	0	0	0	0	0	0	0	0	0	0.2388146	408.34164	3.4162314	6263.7686	0	0	0	0	0	0	0	0	0	0	0	0	0	0	0	0	0	0	0	0	0	0	0	0	0	0	0	0	0	0	0	0	0	0	0	0	0	0	0	0	0	0	0	0	0	0	0	0	0	0	0	0	0	0	0	0	0	0	0	0	0	0	0	0	0	0	0	0
GCA_003139735.1_20110800_S3D_genomic	0	0	0	0	0	0	0	0	0.020669648	94.01587	0.23635888	528.2971	0	0	0	0	NaN	0	0	0	0	0	0	0	0	0	0	0	0	0	0	0	0	0	0	0	0	0	0	0	0	0	0	0	0	0	0	0	0	0	0	0	0	0	0	0	0	0	0	0	0	0	0	0	0	0	0	0	0	0	0	0	0	0	0	0	0	0	0	0	0	0	0	0	0	0	0	0	0	0	0	0	0	0	0	0	0	0	0	0	0	0	0	0	0	0	0	0	0	0	0	0	0	0	0	0	0	0	0	0	0	0	0	0	0	0	0	0	0	0	0	0	0	0	0	0	0	0	0	0	0	0	0	0	0	0	0	0	0	0	0	0	0	0	0	0	0	0	0	0	0	0	0	0	0	0	0	0	0	0	0	0	0	0	0	0	0.01329528	30.825344	0	0	0	0	0	0
SRR10489828bin.11	0	0	0	0	0	0	0	0	0.009304513	55.530003	0.09648919	215.66754	0	0	0	0	NaN	0	0	0	0	0	0	0	0	0	0	0	0	0	0	0	0	0	0	0	0	0	0	0	0	0	0	0	0	0	0	0	0	0	0	0	0	0	0	0	0	0	0	0	0	0	0	0	0	0	0	0	0	0	0	0	0	0	0	0	0	0	0	0	0	0	0	0	0	0	0	0	0	0	0	0	0	0	0	0	0	0	0	0	0	0	0	0	0	0	0	0	0	0	0	0	0	0	0	0	0	0	0	0	0.13400415	0.55665094	5.2086463	9734.401	0	0	0	0	0.17367253	510.45596	4.327369	8805.096	0.09924922	0.4893422	3.0097191	6582.1577	0.20858552	125.40814	3.7933369	8360.33	0.10841669	131.67856	2.0007782	4412.886	0	0	0	0	0.060910337	56.61843	0.8674717	2048.184	0	0	0	0	0.07490741	0.5211616	1.56914	3217.623	0.10490664	1645.803	2.732677	5257.291	0	0	0	0	0.14523871	3.862094	2.9402971	6365.167	0.05152219	34.29236	0.7246687	1552.1927	0	0	0	0	0	0	0	0
BRice_18rbin.14	0	0	0	0	0	0	0	0	0.006744637	17.173111	0.09718204	217.21628	0	0	0	0	NaN	0	0	0	0	0	0	0	0	0	0	0	0	0	0	0	0	0	0	0	0	0	0	0	0	0	0	0	0	0	0	0	0	0	0	0	0	0	0	0	0	0	0	0	0	0	0	0	0	0	0	0	0	0	0	0	0	0	0	0	0	0	0	0	0	0	0	0	0	0	0	0	0	0	0	0	0	0	0	0	0	0	0	0	0	0	0	0	0	0	0	0	0	0	0	0	0	0	0	0	0	0	0	0	0	0	0	0	0	0	0	0	0	0	0	0	0	0	0	0	0	0	0	0	0	0	0	0	0	0	0	0	0	0	0	0	0	0	0	0	0	0	0	0	0	0	0	0	0	0	0	0	0	0	0	0	0	0	0	0	0	0	0	0	0	0	0	0
SRR12277201bin.1	0	0	0	0	0	0	0	0	0	0	0	0	0	0	0	0	NaN	0	0	0	0	0	0	0	0	0	0	0	0	0	0	0	0	0	0	0	0	0	0	0	0	0	0	0	0	0	0	0	0	0	0	0	0	0	0	0	0	0	0	0	0	0	0	0	0	0	0	0	0	0	0	0	0	0	0	0	0	0	0	0	0	0	0	0	0	0	0	0	0	0	0	0	0	0	0	0	0	0	0	0	0	0	0	0	0	0	0	0	0	0	0	0	0	0	0	0	0	0	0	0	0	0	0	0	0	0	0	0	0	0	0	0	0	0	0	0	0	0	0	0	0	0	0	0	0	0	0	0	0.032049064	31.44146	0.48533332	1145.9191	0	0	0	0	0	0	0	0	0	0	0	0	0	0	0	0	0.03492817	0.8157042	0.7344962	1590.0403	0	0	0	0	0	0	0	0	0	0	0	0
SRR1586279rbin.14	0	0	0	0	0	0	0	0	0	0	0	0	0	0	0	0	NaN	0	0	0	0	0	0	0	0	0	0	0	0	0	0	0	0	0	0	0	0	0	0	0	0	0	0	0	0	0	0	0	0	0	0	0	0	0	0	0	0	0	0	0	0	0	0	0	0	0	0	0	0	0	0	0	0	0	0	0	0	0	0	0	0	0	0	0	0	0	0	0	0	0	0	0	0	0	0	0	0	0	0	0	0	0	0	0	0	0	0	0	0	0	0	0	0	0	0	0	0	0	0	0	0	0	0	0	0	0	0	0	0.06669872	182.59108	1.7396694	3539.784	0	0	0	0	0.08219197	33.74915	1.5633383	3445.5215	0.06751188	74.612114	1.2889067	2842.794	0	0	0	0	0.14587614	142.71783	2.1269414	5021.9155	0	0	0	0	0.13521072	0.936826	2.8478024	5839.605	0.09710304	1555.7483	2.6404529	5079.8647	0	0	0	0	0.14365795	3.1213815	2.9430857	6371.2036	0.12832792	89.87641	1.8047192	3865.589	0	0	0	0	0	0	0	0
11p_S11_bin.70	0	0	0	0	0	0	0	0	0.7385074	975.9542	7.1133213	15899.326	0.728873	487.59915	10.143381	22630.28	NaN	0	0	0	0	0	0	0	0	0	0	0	0	0	0	0	0.051187564	16.49168	0.47163573	1125.8171	0	0	0	0	0.0364402	43.633587	0.31557894	749.78357	0.13247643	1.1582271	0.946123	2757.0322	0.04764845	20.351042	0.4239115	1004.2021	0.1472262	1.7564418	0.9854743	2836.3608	0	0	0	0	0	0	0	0	0	0	0	0	0	0	0	0	0	0	0	0	0	0	0	0	0	0	0	0	0.02273389	0.34505007	0.18356729	369.96524	0	0	0	0	0	0	0	0	0	0	0	0	0	0	0	0	0	0	0	0	0	0	0	0	0	0	0	0	0	0	0	0	0	0	0	0	0	0	0	0	0	0	0	0	0	0	0	0	0	0	0	0	0.07800361	92.11242	1.4479204	3193.5122	0	0	0	0	0	0	0	0	0	0	0	0	0	0	0	0	0	0	0	0	0	0	0	0	0	0	0	0	0.035101287	21.826256	0.48435923	1037.4656	0.4095397	525.1109	3.9457867	8783.277	0.27948308	2.0676777	2.7990065	6644.79
SRR10954965bin.15	0	0	0	0	0	0	0	0	0	0	0	0	0	0	0	0	NaN	0	0	0	0	0	0	0	0	0	0	0	0	0	0	0	0	0	0	0	0	0	0	0	0	0	0	0	0.10635386	1.4916732	0.904972	2637.1174	0	0	0	0	0.08271359	1.3902384	0.662242	1906.0441	0	0	0	0	0	0	0	0	0	0	0	0	0	0	0	0	0	0	0	0	0	0	0	0	0	0	0	0	0	0	0	0	0	0	0	0	0	0	0	0	0	0	0	0	0	0	0	0	0	0	0	0	0.06341646	1.8710519	0.69576675	1624.8196	0	0	0	0	0	0	0	0	0	0	0	0	0	0	0	0	0	0	0	0	0	0	0	0	0	0	0	0	0	0	0	0	0	0	0	0	0	0	0	0	0	0	0	0	0	0	0	0	0	0	0	0	0	0	0	0	0	0	0	0	0	0	0	0	0	0	0	0	0	0	0	0
SRR10489831bin.1	0	0	0	0	0	0	0	0	0.006924549	8.29199	0.07647727	170.938	0	0	0	0	NaN	0	0	0	0	0	0	0	0	0	0	0	0	0	0	0	0	0	0	0	0	0	0	0	0	0	0	0	0	0	0	0	0	0	0	0	0	0	0	0	0	0	0	0	0	0	0	0	0	0	0	0	0	0	0	0	0	0	0	0	0	0	0	0	0	0	0	0	0	0	0	0	0	0	0	0	0	0	0	0	0	0	0	0	0	0	0	0	0	0	0	0	0	0	0	0	0	0	0	0	0	0	0	0	0	0	0	0	0	0	0	0	0	0	0	0	0	0	0	0	0	0	0	0	0	0	0	0	0	0	0	0	0	0	0	0	0	0	0	0	0	0	0	0	0	0	0	0	0	0	0	0	0	0	0	0	0	0	0	0	0	0	0	0	0	0	0	0
SRR1586320rbin.11	0	0	0	0	0	0	0	0	0	0	0	0	0	0	0	0	NaN	0	0	0	0	0	0	0	0	0	0	0	0	0	0	0	0	0	0	0	0	0	0	0	0	0	0	0	0	0	0	0	0	0	0	0	0	0	0	0	0	0	0	0	0	0	0	0	0	0	0	0	0	0	0	0	0	0	0	0	0.03342171	12.187277	0.5728265	1202.7227	0	0	0	0	0	0	0	0	0	0	0	0	0	0	0	0	0	0	0	0	0	0	0	0	0	0	0	0	0	0	0	0	0	0	0	0	0	0	0	0	0	0	0	0	0	0	0	0	0	0	0	0	0	0	0	0	0	0	0	0	0	0	0	0	0	0	0	0	0	0	0	0	0	0	0	0	0	0	0	0	0	0	0	0	0	0	0	0	0	0	0	0	0	0	0	0	0	0	0	0	0	0	0	0
ERR4660997rbin.2	0	0	0	0	0	0	0	0	0.074485205	2299.8408	0.78301543	1750.1556	0.1006433	234.77238	1.4966955	3339.1858	NaN	0	0	0	0	0	0	0	0	0	0	0	0	0	0	0	0.066333	180.8108	0.6479802	1546.76	0	0	0	0	0.077778004	2309.616	0.6848683	1627.1774	0.21617746	41.787094	1.667811	4860.0527	0.09353902	1924.0636	0.8778741	2079.5913	0.16609296	36.066372	1.2011	3456.9673	0	0	0	0	0	0	0	0	0	0	0	0	0	0	0	0	0	0	0	0	0	0	0	0	0	0	0	0	0	0	0	0	0	0	0	0	0	0	0	0	0	0	0	0	0	0	0	0	0	0	0	0	0	0	0	0	0	0	0	0	0	0	0	0	0	0	0	0	0	0	0	0	0	0	0	0	0	0	0	0	0.028549409	43.646503	0.5673605	1250.4352	0.05974244	142.626	1.1611004	2560.9058	0	0	0	0	0.045898244	100.830925	0.6948306	1640.5627	0	0	0	0	0	0	0	0	0	0	0	0	0	0	0	0	0.028997432	1.9353815	0.6248687	1352.7185	0.04318483	134.40062	0.63953114	1369.834	0.063921995	789.5477	0.6739091	1500.1136	0.19484755	13.007249	2.08275	4944.409
GCA_003132185.1_20120500_P28_genomic	0	0	0	0	0	0	0	0	0.11095052	414.93408	1.0914456	2439.5432	0	0	0	0	NaN	0	0	0	0	0	0	0	0	0	0	0	0	0	0	0	0.21383372	111.640434	1.970244	4703.0693	0	0	0	0	0.17029919	657.2799	1.452196	3450.2695	0.07584223	0.78781366	0.5577134	1625.1946	0.26152214	537.8762	2.3159394	5486.2197	0.107737266	1.687697	0.73569626	2117.457	0.9691354	2012.7158	12.003129	19398.78	0.11877113	58.410404	0.99402964	2020.8357	1.9807756	21734.08	36.174877	64868.906	0.13587765	98.24553	0.94920677	1929.533	1.6664624	5437.7827	32.465824	56523.715	0.9905696	655.46857	15.783126	33138.69	0	0	0	0	0.37253374	11.19803	3.079759	6207.0093	1.7151252	5012.5874	23.149025	43477.19	1.0190061	6.5969067	10.077508	22544.87	1.5355666	7579.368	30.524757	52115.766	0	0	0	0	1.0448707	1.0890659	27.499939	43516.977	0.95966494	25.458572	8.746918	20426.62	2.0939689	5397.0757	28.08093	51487.258	0.5417005	386.20654	4.900559	12459.243	0	0	0	0	0	0	0	0	0	0	0	0	0	0	0	0	0	0	0	0	0.05485516	61.629925	0.9881855	2179.527	0	0	0	0	0	0	0	0	0	0	0	0	0	0	0	0	0	0	0	0	0	0	0	0	0	0	0	0	0	0	0	0	0.10988305	228.05487	1.0755922	2394.2559	0	0	0	0
SRR1586267rbin.7	0	0	0	0	0	0	0	0	0.019972973	43.429615	0.21090825	471.4111	0	0	0	0	NaN	0	0	0	0	0	0	0	0	0	0	0	0	0	0	0	0.289131	117.18831	2.6511796	6328.493	0	0	0	0	0.1799906	422.8146	1.5628542	3713.1833	0.120533854	1.2043123	0.87522256	2550.4265	0.13068807	121.43482	1.1604224	2748.9197	0.23321357	3.8804746	1.5872736	4568.4395	0	0	0	0	0	0	0	0	0	0	0	0	0	0	0	0	0	0	0	0	0.02316487	4.813526	0.42460608	891.5146	0	0	0	0	0.047514133	50.706932	0.45608878	919.2106	0	0	0	0	1.3979716	8.000454	13.641247	30517.473	0	0	0	0	1.1923655	0.3895029	21.730597	59097.58	0	0	0	0	0.998099	20.69022	9.010183	21041.422	0	0	0	0	1.439726	1160.8843	12.827333	32612.379	0	0	0	0	0	0	0	0	0	0	0	0	0	0	0	0	0	0	0	0	0	0	0	0	0	0	0	0	0	0	0	0	0	0	0	0	0	0	0	0	0	0	0	0	0	0	0	0	0	0	0	0	0	0	0	0	0.034779985	52.130283	0.3525936	784.86926	0	0	0	0
SRR12277198bin.3	0	0	0	0	0	0	0	0	0.005067983	7.218687	0.06742281	150.69998	0	0	0	0	NaN	0	0	0	0	0	0	0	0	0	0	0	0	0	0	0	0	0	0	0	0	0	0	0	0	0	0	0	0	0	0	0	0	0	0	0	0	0	0	0	0	0	0	0	0	0	0	0	0	0	0	0	0	0	0	0	0	0	0	0	0	0	0	0	0	0	0	0	0	0	0	0	0	0	0	0	0	0	0	0	0	0	0	0	0	0	0	0	0	0	0	0	0	0	0	0	0	0	0	0	0	0	0	0	0.14021699	0.61051667	5.646512	10552.726	0	0	0	0	0.2741378	905.783	7.0010605	14245.379	0.2252242	1.2487334	6.9426446	15183.344	0.15727176	84.15222	2.938561	6476.447	0.12499949	149.13321	2.3952491	5282.926	0	0	0	0	0.09596993	106.797356	1.4153324	3341.7375	0	0	0	0	0.11854499	0.9212789	2.615115	5362.4624	0.13067575	2315.5583	3.5972006	6920.5146	0	0	0	0	0.118307754	2.9992628	2.4908335	5392.1675	0.12706244	114.67089	1.8401166	3941.4102	0	0	0	0	0	0	0	0
SRR1586270rbin.7	0	0	0	0	0	0	0	0	0	0	0	0	0	0	0	0	NaN	0	0	0	0	0	0	0	0	0	0	0	0	0	0	0	0	0	0	0	0	0	0	0	0	0	0	0	0	0	0	0	0	0	0	0	0	0	0	0	0	0	0	0	0	0	0	0	0	0	0	0	0	0	0	0	0	0	0	0	0	0	0	0	0	0	0	0	0	0	0	0	0	0	0	0	0	0	0	0	0	0	0	0	0	0	0	0	0	0	0	0	0	0	0	0	0	0	0	0	0	0	0	0	0	0	0	0	0	0	0	0	0	0	0	0	0	0	0	0	0.023062907	15.946127	0.5554037	1224.0826	0	0	0	0	0	0	0	0	0.075110056	99.763725	1.1863595	2801.109	0	0	0	0	0.117577754	1.1186032	2.7285812	5595.133	0.09671797	1780.8092	2.8508434	5484.6265	0	0	0	0	0.1013605	3.6552353	2.2558057	4883.3784	0.11688618	150.42918	1.8073725	3871.2742	0	0	0	0	0	0	0	0
GCA_003167375.1_20110700_P2D_genomic	0	0	0	0	0	0	0	0	0.16630213	822.12756	1.731254	3869.6094	0.09321864	59.216614	1.376127	3070.1924	NaN	0	0	0	0	0	0	0	0	0	0	0	0	0	0	0	0.027236624	8.063446	0.2635979	629.221	0	0	0	0	0.03530773	67.64177	0.3060033	727.033	0.06396622	0.6787198	0.49765348	1450.1781	0.04216394	30.539005	0.3940829	933.5413	0.058569815	0.80698365	0.42589158	1225.7877	0	0	0	0	0	0	0	0	0	0	0	0	0	0	0	0	0	0	0	0	0	0	0	0	0	0	0	0	0	0	0	0	0	0	0	0	0	0	0	0	0	0	0	0	0	0	0	0	0	0	0	0	0	0	0	0	0	0	0	0	0	0	0	0	0	0	0	0	0	0	0	0	0	0	0	0	0	0	0	0	0.05308402	27.173117	1.0262941	2261.9026	0.055306394	67.56059	1.0794635	2380.8494	0	0	0	0	0	0	0	0	0	0	0	0	0	0	0	0	0	0	0	0	0	0	0	0	0.022875426	0.42443004	0.49635	1074.5005	0.029136537	20.286465	0.42900842	918.9078	0.119951665	286.2716	1.2424363	2765.6487	0.056615327	0.45247182	0.6092042	1446.2391
SRR12844116bin.1	0	0	0	0	0	0	0	0	0	0	0	0	0	0	0	0	NaN	0	0	0	0	0	0	0	0	0	0	0	0	0	0	0	0	0	0	0	0	0	0	0	0	0	0	0	0	0	0	0	0	0	0	0	0	0	0	0	0	0	0	0	0	0	0	0	0	0	0	0	0	0	0	0	0	0	0	0	0	0	0	0	0	0	0	0	0	0	0	0	0	0	0	0	0	0	0	0	0	0	0	0	0	0	0	0	0	0	0	0	0	0	0	0	0	0	0	0	0	0	0	0	0	0	0	0	0	0	0	0	0	0	0	0	0	0	0	0	0	0	0	0	0	0	0	0	0	0	0	0	0.07809902	218.9334	1.2039535	2842.6514	0	0	0	0	0	0	0	0	0	0	0	0	0	0	0	0	0	0	0	0	0.025212547	41.571358	0.39605844	848.33124	0	0	0	0	0	0	0	0
SRR10489833bin.21	0	0	0	0	0	0	0	0	0.009528362	67.99994	0.10534425	235.45999	0	0	0	0	NaN	0	0	0	0	0	0	0	0	0	0	0	0	0	0	0	0	0	0	0	0	0	0	0	0	0	0	0	0	0	0	0	0	0	0	0	0	0	0	0	0	0	0	0	0	0	0	0	0	0	0	0	0	0	0	0	0	0	0	0	0	0	0	0	0	0	0	0	0	0	0	0	0	0	0	0	0	0	0	0	0	0	0	0	0	0	0	0	0	0	0	0	0	0	0	0	0	0	0	0	0	0	0	0	0	0	0	0	0	0	0	0	0	0	0	0	0	0	0	0	0	0	0	0	0	0	0	0	0	0	0	0	0	0	0	0	0	0	0	0	0	0	0	0	0	0	0	0	0	0	0	0	0	0	0	0	0	0	0	0	0	0	0	0	0	0	0	0
SRR3747750rbin.3	0	0	0	0	0	0	0	0	0	0	0	0	0	0	0	0	NaN	0	0	0	0	0	0	0	0	0	0	0	0	0	0	0	0	0	0	0	0	0	0	0	0	0	0	0	0	0	0	0	0	0	0	0	0.0428188	1.5397522	0.32751298	942.63745	0	0	0	0	0	0	0	0	0	0	0	0	0	0	0	0	0	0	0	0	0	0	0	0	0	0	0	0	0	0	0	0	0	0	0	0	0	0	0	0	0	0	0	0	0	0	0	0	0	0	0	0	0	0	0	0	0	0	0	0	0	0	0	0	0	0	0	0	0	0	0	0	0	0	0	0	0	0	0	0	0	0	0	0	0	0	0	0	0	0	0	0	0	0	0	0	0	0	0	0	0	0	0	0	0	0	0	0	0	0	0	0	0	0	0	0	0	0	0	0	0	0	0	0	0	0	0	0
GCA_003169845.1_20110800_P1D_genomic	0	0	0	0	0	0	0	0	0	0	0	0	0	0	0	0	NaN	0	0	0	0	0	0	0	0	0	0	0	0	0	0	0	0	0	0	0	0	0	0	0	0	0	0	0	0	0	0	0	0	0	0	0	0	0	0	0	0	0	0	0	0	0	0	0	0	0	0	0	0	0	0	0	0	0	0	0	0	0	0	0	0	0	0	0	0	0	0	0	0	0	0	0	0	0	0	0	0	0	0	0	0	0	0	0	0	0	0	0	0	0	0	0	0	0	0	0	0	0	0	0	0	0	0	0	0	0	0	0	0	0	0	0	0	0	0	0	0.03592415	39.54375	0.75301343	1659.6045	0	0	0	0	0	0	0	0	0.04130277	95.41907	0.6701479	1582.2839	0	0	0	0	0	0	0	0	0	0	0	0	0	0	0	0	0.057823412	4.416119	1.3058296	2826.8647	0.051964328	132.26624	0.822868	1762.5295	0	0	0	0	0	0	0	0
SRR3989121rbin.7	0	0	0	0	0	0	0	0	0.03462585	82.63118	0.38101774	851.6312	0	0	0	0	NaN	0	0	0	0	0	0	0	0	0	0	0	0	0	0	0	0	0	0	0	0	0	0	0	0	0	0	0	0	0	0	0	0	0	0	0	0	0	0	0	0	0	0	0	0	0	0	0	0	0	0	0	0	0	0	0	0	0	0	0	0	0	0	0	0	0	0	0	0	0	0	0	0	0	0	0	0	0	0	0	0	0	0	0	0	0	0	0	0	0	0	0	0	0	0	0	0	0	0	0	0	0	0	0	0	0	0	0	0	0	0	0	0	0	0	0	0	0	0	0	0	0	0	0	0	0	0	0	0	0	0	0	0	0	0	0	0	0	0	0	0	0	0	0	0	0	0	0	0	0	0	0	0	0	0	0	0.018560037	16.957447	0.3364074	720.5625	0.031126074	53.94615	0.33937967	755.45526	0	0	0	0
SRR1586257rbin.6	0	0	0	0	0	0	0	0	0.0071431026	15.135021	0.08920083	199.37695	0	0	0	0	NaN	0	0	0	0	0	0	0	0	0	0	0	0	0	0	0	0	0	0	0	0	0	0	0	0	0	0	0	0.08627329	0.91132516	0.6783098	1976.6162	0.005395733	3.8640141	0.057429	136.04329	0.06695987	0.89627165	0.48918623	1407.9602	0	0	0	0	0	0	0	0	0	0	0	0	0	0	0	0	0	0	0	0	0	0	0	0	0	0	0	0	0	0	0	0	0	0	0	0	0	0	0	0	0	0	0	0	0	0	0	0	0	0	0	0	0	0	0	0	0	0	0	0	0	0	0	0	0	0	0	0	0	0	0	0	0	0	0	0	0	0	0	0	0	0	0	0	0	0	0	0	0	0	0	0	0	0	0	0	0	0	0	0	0	0	0	0	0	0	0	0	0	0	0	0	0	0	0	0	0	0	0	0	0	0	0	0	0	0	0	0
SRR3989239rbin.3	0	0	0	0	0	0	0	0	0.025047764	49.30793	0.25615385	572.54193	0	0	0	0	NaN	0	0	0	0	0	0	0	0	0	0	0	0	0	0	0	0.08320503	28.194881	0.76066446	1815.7427	0	0	0	0	0.09951038	251.83908	0.8406568	1997.3151	0.04574504	0.4471075	0.33549708	977.649	0.049807884	42.367287	0.44501585	1054.1963	0.06977083	0.87546504	0.471756	1357.7927	0.035544753	61.88143	0.49327868	797.209	0.13273086	88.990654	1.0985209	2233.2642	0	0	0	0	0.18861851	252.37578	1.2941948	2630.8186	0	0	0	0	0.12649313	66.79075	2.0584495	4321.9775	0	0	0	0	0.17610557	9.075845	1.4297712	2881.589	0	0	0	0	0.22674029	1.0018126	2.196757	4914.4683	0	0	0	0	0	0	0	0	0	0	0	0	0.11676928	1.5962794	1.0554345	2464.749	0	0	0	0	0.22056973	129.18533	1.9458498	4947.1543	0	0	0	0	0	0	0	0	0	0	0	0	0	0	0	0	0	0	0	0	0	0	0	0	0	0	0	0	0	0	0	0	0	0	0	0	0	0	0	0	0	0	0	0	0	0	0	0	0	0	0	0	0.022742586	13.134437	0.32172117	689.1055	0.036364246	53.82879	0.36540735	813.3924	0	0	0	0
SRR10489815bin.43	0	0	0	0	0	0	0	0	0.009445087	9.217596	0.09772044	218.41963	0	0	0	0	NaN	0	0	0	0	0	0	0	0	0	0	0	0	0	0	0	0.053130105	16.338968	0.49116513	1172.435	0	0	0	0	0.021366397	28.886606	0.1835791	436.1653	0	0	0	0	0.026447145	11.312712	0.24083003	570.50134	0	0	0	0	0	0	0	0	0	0	0	0	0	0	0	0	0	0	0	0	0	0	0	0	0	0	0	0	0	0	0	0	0	0	0	0	0	0	0	0	0	0	0	0	0	0	0	0	0	0	0	0	0	0	0	0	0	0	0	0	0	0	0	0	0	0	0	0	0	0	0	0	0	0	0	0	0	0	0	0	0	0	0	0	0	0	0	0	0	0	0	0	0	0	0	0	0	0	0	0	0	0	0	0	0	0	0	0	0	0	0	0	0	0	0	0	0	0	0	0	0	0	0	0	0.013469729	16.885777	0.13553685	301.70352	0	0	0	0
SRR10489825bin.5	0	0	0	0	0	0	0	0	0	0	0	0	0	0	0	0	NaN	0	0	0	0	0	0	0	0	0	0	0	0	0	0	0	0	0	0	0	0	0	0	0	0	0	0	0	0	0	0	0	0	0	0	0	0	0	0	0	0	0	0	0	0	0	0	0	0	0	0	0	0	0	0	0	0	0	0	0	0	0	0	0	0	0	0	0	0	0	0	0	0.19817157	348.80035	2.850575	5353.788	0	0	0	0	0	0	0	0	0	0	0	0	0	0	0	0	0.033798367	0.39087236	0.35969588	839.99536	0.11831322	126.48404	1.732638	3176.8462	0	0	0	0	0	0	0	0	0	0	0	0	0	0	0	0	0	0	0	0	0	0	0	0	0	0	0	0	0	0	0	0	0	0	0	0	0	0	0	0	0	0	0	0	0	0	0	0	0	0	0	0	0	0	0	0	0	0	0	0	0	0	0	0	0	0	0	0
158_merged	0	0	0	0	0	0	0	0	0.011476428	13.379023	0.1165099	260.41678	0	0	0	0	NaN	0	0	0	0	0	0	0	0	0	0	0	0	0	0	0	0	0	0	0	0	0	0	0	0	0	0	0	0	0	0	0	0	0	0	0	0	0	0	0	0	0	0	0	0	0	0	0	0	0	0	0	0	0	0	0	0	0	0	0	0	0	0	0	0.56884724	4109.422	92.77937	128027.09	0	0	0	0	0	0	0	0	0	0	0	0	0	0	0	0	0	0	0	0	0	0	0	0	0	0	0	0	0	0	0	0	0	0	0	0	1.2144281	5.771459	46.241226	86419.9	0.8306109	1.076963	75.43147	119992.13	1.3906652	4566.845	33.428234	68017.93	0.92882955	5.1032014	27.296541	59696.656	1.4689456	903.21216	25.798658	56858.996	0.98396784	1298.0642	17.507942	38615.254	0	0	0	0	1.2667347	1669.2484	17.281328	40802.89	0.87711775	4922.959	33.115444	58625.836	1.3705924	11.830683	27.703262	56807.332	1.2762125	23662.57	32.57145	62662.945	1.6280944	8893.032	102.66079	157881.86	1.4366083	44.5477	27.566547	59676.164	1.5372771	1653.7128	20.52841	43970.51	0	0	0	0	0	0	0	0
SRR3985420rbin.1	0	0	0	0	0	0	0	0	0.10147892	768.77435	1.0434837	2332.3406	0.06397034	44.613415	0.946439	2111.5415	NaN	0	0	0	0	0	0	0	0	0	0	0	0	0	0	0	0.11092901	47.769054	1.035838	2472.5947	0	0	0	0	0.14950965	697.882	1.2835302	3049.5366	0.06683065	0.91363114	0.5038622	1468.2703	0.08008069	113.566864	0.729672	1728.5165	0.08122058	1.4961187	0.5734251	1650.4138	0.38765597	459.42795	4.9723444	8036.022	0	0	0	0	0	0	0	0	0	0	0	0	0	0	0	0	0.08611744	22.962486	1.4657276	3077.4832	0	0	0	0	0.05585055	1.0142903	0.49045578	988.4745	0.26256454	598.1927	3.6294775	6816.6797	0.18789081	0.8921443	1.8847578	4216.4795	0	0	0	0	0	0	0	0	0	0	0	0	0.1408474	2.0259326	1.3153548	3071.7388	0.2887153	414.472	3.977666	7293.174	0.10334516	65.38203	0.96212935	2446.1304	0	0	0	0	0	0	0	0	0	0	0	0	0	0	0	0	0	0	0	0	0	0	0	0	0	0	0	0	0	0	0	0	0	0	0	0	0	0	0	0	0	0	0	0	0	0	0	0	0	0	0	0	0	0	0	0	0.09730858	506.5855	1.0069832	2241.5325	0.07166095	1.0843263	0.7766266	1843.6973
GCA_003141855.1_20120800_E1X_genomic	0	0	0	0	0	0	0	0	0.035936	83.901955	0.40156248	897.55145	0	0	0	0	NaN	0	0	0	0	0	0	0	0	0	0	0	0	0	0	0	0.025997512	8.375923	0.25585267	610.73267	0	0	0	0	0.013902916	19.953165	0.12530868	297.72086	0	0	0	0	0.045456603	35.55297	0.43617907	1033.2627	0	0	0	0	0	0	0	0	0	0	0	0	0	0	0	0	0	0	0	0	0	0	0	0	0	0	0	0	0	0	0	0	0	0	0	0	0	0	0	0	0	0	0	0	0	0	0	0	0	0	0	0	0	0	0	0	0	0	0	0	0	0	0	0	0	0	0	0	0	0	0	0	0	0	0	0	0	0	0	0	0	0	0	0	0	0	0	0	0	0	0	0	0	0	0	0	0	0	0	0	0	0	0	0	0	0	0	0	0	0	0	0	0	0	0	0	0	0	0	0	0	0	0	0	0.021528129	32.189228	0.24292165	540.7407	0	0	0	0
GCA_003167255.1_20110700_P2D_genomic	0	0	0	0	0	0	0	0	0.014172676	81.97431	0.17259154	385.76767	0	0	0	0	NaN	0	0	0	0	0	0	0	0	0	0	0	0	0	0	0	0	0	0	0	0	0	0	0	0	0	0	0	0	0	0	0	0	0	0	0	0	0	0	0	0	0	0	0	0	0	0	0	0	0	0	0	0	0	0	0	0	0	0	0	0	0	0	0	0	0	0	0	0	0	0	0	0	0	0	0	0	0	0	0	0	0	0	0	0	0	0	0	0	0	0	0	0	0	0	0	0	0	0	0	0	0	0	0	0	0	0	0	0	0	0	0	0	0	0	0	0	0	0	0	0	0	0	0	0	0	0	0	0	0	0	0	0	0	0	0	0	0	0	0	0	0	0	0	0	0	0	0	0	0	0	0	0	0	0	0	0	0	0	0	0	0	0	0	0	0	0	0
SRR3985421rbin.8	0	0	0	0	0	0	0	0	0.15228426	4281.3843	1.6156911	3611.3093	0.078509904	80.24247	1.188891	2652.4617	NaN	0	0	0	0	0	0	0	0	0	0	0	0	0	0	0	0.22954547	615.0982	2.2466238	5362.8	0	0	0	0	0.25281277	9060.735	2.2622762	5374.937	0.16190323	8.013473	1.2742834	3713.302	0.23723382	3449.4744	2.2447994	5317.695	0.1593427	11.192126	1.1745521	3380.558	0	0	0	0	0	0	0	0	0	0	0	0	0	0	0	0	0	0	0	0	0	0	0	0	0	0	0	0	0	0	0	0	0	0	0	0	0.17633055	1.9816808	1.8927612	4234.3853	0	0	0	0	0	0	0	0	0	0	0	0	0.1121314	5.1686797	1.136868	2654.9202	0.08385767	161.82918	1.257839	2306.287	0.13655679	194.69514	1.3566302	3449.1147	0	0	0	0	0	0	0	0	0	0	0	0	0	0	0	0	0.023991143	14.202589	0.490541	1081.1288	0.05503135	92.62837	1.1086652	2445.2556	0	0	0	0	0.026136613	49.997475	0.42993054	1015.1075	0	0	0	0	0	0	0	0	0	0	0	0	0	0	0	0	0	0	0	0	0.032847214	45.70594	0.5083994	1088.9579	0.18907613	3142.229	1.9963742	4443.906	0.12629867	3.173967	1.3791739	3274.1333
SRR3989121rbin.25	0	0	0	0	0	0	0	0	0.062859684	52.493435	0.5999603	1340.9999	0.053752303	28.097296	0.7365726	1643.3219	NaN	0	0	0	0	0	0	0	0	0	0	0	0	0	0	0	0.019630553	5.135005	0.17725942	423.12668	0	0	0	0	0.031324375	35.283566	0.26221576	622.99805	0.03108501	0.27224097	0	0	0.030521253	9.729475	0.26295695	622.91754	0.050150752	0.5496399	0.32990098	949.51025	0	0	0	0	0	0	0	0	0	0	0	0	0	0	0	0	0	0	0	0	0	0	0	0	0	0	0	0	0	0	0	0	0	0	0	0	0	0	0	0	0	0	0	0	0	0	0	0	0	0	0	0	0	0	0	0	0	0	0	0	0	0	0	0	0	0	0	0	0	0	0	0	0.056698192	154.64209	1.3749118	2797.5957	0	0	0	0	0.0982654	45.813477	1.7469301	3850.1477	0	0	0	0	0	0	0	0	0	0	0	0	0	0	0	0	0	0	0	0	0	0	0	0	0	0	0	0	0.018886447	0.30810845	0.38470992	832.8216	0.028348725	16.675905	0.38652673	827.91504	0.054136254	59.993427	0.517872	1152.7773	0.05460111	0.38323873	0.5332895	1266.019
SRR3989239rbin.29	0	0	0	0	0	0	0	0	0.0043070037	6.99836	0.044587873	99.660484	0	0	0	0	NaN	0	0	0	0	0	0	0	0	0	0	0	0	0	0	0	0	0	0	0	0	0	0	0	0	0	0	0	0	0	0	0	0	0	0	0	0	0	0	0	0	0	0	0	0	0	0	0	0	0	0	0	0	0	0	0	0	0	0	0	0	0	0	0	0	0	0	0	0	0	0	0	0	0	0	0	0	0	0	0	0	0	0	0	0	0	0	0	0	0	0	0	0	0	0	0	0	0	0	0	0	0	0	0	0	0	0	0	0	0	0	0	0	0	0	0	0	0	0	0	0	0	0	0	0	0	0	0	0	0	0	0	0	0	0	0	0	0	0	0	0	0	0	0	0	0	0	0	0	0	0	0	0	0	0	0	0	0	0	0	0	0	0	0	0	0	0	0
SRR3984893rbin.1	0	0	0	0	0	0	0	0	0.025199905	104.3831	0.29166183	651.9074	0	0	0	0	NaN	0	0	0	0	0	0	0	0	0	0	0	0	0	0	0	0.026711833	11.263415	0.28223306	673.7041	0	0	0	0	0.034594763	144.60475	0.33286926	790.86365	0.0910291	2.2884831	0.7668365	2234.5862	0.03525397	68.848274	0.36262944	859.03125	0.06906906	2.0516336	0.5481911	1577.786	0	0	0	0	0	0	0	0	0	0	0	0	0	0	0	0	0	0	0	0	0	0	0	0	0	0	0	0	0	0	0	0	0	0	0	0	0	0	0	0	0	0	0	0	0	0	0	0	0	0	0	0	0	0	0	0	0	0	0	0	0	0	0	0	0	0	0	0	0	0	0	0	0	0	0	0	0	0	0	0	0	0	0	0	0	0	0	0	0	0	0	0	0.015206872	12.287015	0.26225922	619.21924	0	0	0	0	0	0	0	0	0	0	0	0	0	0	0	0	0	0	0	0	0.014079034	11.044849	0.23134239	495.52023	0.023086153	49.43477	0.26202634	583.2678	0.06703191	1.0200882	0.7911682	1878.2186
S25rbin.15	0	0	0	0	0	0	0	0	0.012243639	38.02152	0.16056828	358.89395	0	0	0	0	NaN	0	0	0	0	0	0	0	0	0	0	0	0	0	0	0	0	0	0	0	0	0	0	0	0.015726475	65.87936	0.17135465	407.1213	0	0	0	0	0.014378004	24.58287	0.16647024	394.35062	0	0	0	0	0	0	0	0	0	0	0	0	0	0	0	0	0	0	0	0	0	0	0	0	0	0	0	0	0	0	0	0	0	0	0	0	0	0	0	0	0	0	0	0	0	0	0	0	0	0	0	0	0	0	0	0	0	0	0	0	0	0	0	0	0	0	0	0	0	0	0	0	0	0	0	0	0	0	0	0	0	0	0	0	0	0	0	0	0	0	0	0	0	0	0	0	0	0	0	0	0	0	0	0	0	0	0	0	0	0	0	0	0	0	0	0	0	0	0	0	0	0	0	0	0.01295179	24.819092	0.16698445	371.70557	0	0	0	0
GCA_003132665.1_20120500_P19_genomic	0	0	0	0	0	0	0	0	0.03255753	46.630226	0.34234738	765.19727	0	0	0	0	NaN	0	0	0	0	0	0	0	0	0	0	0	0	0	0	0	0.033091467	8.855283	0.32130218	766.9638	0	0	0	0	0.037700046	65.16091	0.33331048	791.912	0	0	0	0	0.031460337	16.833447	0.29434386	697.2697	0	0	0	0	0.05624753	57.81118	0.7538302	1218.298	0	0	0	0	0	0	0	0	0	0	0	0	0	0	0	0	0.02281847	5.327226	0.41180563	864.6383	0	0	0	0	0	0	0	0	0.16117308	350.69254	2.2658706	4255.629	0.24190247	1.0338495	2.4156623	5404.1904	0	0	0	0	0	0	0	0	0.59955394	0.5555415	15.824999	25042.098	0.0415783	0.4501657	0.4076187	951.9093	0.1536545	216.29878	2.139962	3923.6858	0.09454228	55.115276	0.8889791	2260.1519	0	0	0	0	0	0	0	0	0	0	0	0	0	0	0	0	0	0	0	0	0	0	0	0	0	0	0	0	0	0	0	0	0	0	0	0	0	0	0	0	0	0	0	0	0	0	0	0	0	0	0	0	0	0	0	0	0.026277168	34.352127	0.2766391	615.79517	0	0	0	0
SRR3984961rbin.1	0	0	0	0	0	0	0	0	0	0	0	0	0	0	0	0	NaN	0	0	0	0	0	0	0	0	0	0	0	0	0	0	0	0	0	0	0	0	0	0	0	0	0	0	0	0	0	0	0	0	0	0	0	0	0	0	0	0	0	0	0	0	0	0	0	0	0	0	0	0	0	0	0	0	0	0	0	0	0	0	0	0	0	0	0	0	0	0	0	0	0	0	0	0	0	0	0	0	0	0	0	0	0	0	0	0	0	0	0	0	0	0	0	0	0	0	0	0	0	0	0	0.26567042	1.3489132	10.388166	19414.367	0	0	0	0	0.3164116	1160.617	7.8618402	15996.84	0.2566322	1.4966451	7.7539663	16957.672	0.48796234	434.05035	8.745285	19274.184	0.2016485	293.3114	3.746743	8263.76	0	0	0	0	0.22457998	504.73816	3.204355	7565.793	0.20100875	1316.5975	7.985448	14137.014	0.32776064	6.281202	6.9113297	14172.131	0.3078046	9818.19	8.15381	15686.797	0	0	0	0	0.28917384	23.782309	5.8212247	12601.812	0.27474114	766.36127	3.8645806	8277.678	0	0	0	0	0	0	0	0
GCA_003131705.1_20120500_P38_genomic	0	0	0	0	0	0	0	0	0	0	0	0	0	0	0	0	NaN	0	0	0	0	0	0	0	0	0	0	0	0	0	0	0	0	0	0	0	0	0	0	0	0	0	0	0	0	0	0	0	0	0	0	0	0	0	0	0	0	0	0	0	0	0	0	0	0	0	0	0	0	0	0	0	0	0	0	0	0	0	0	0	0	0	0	0	0	0	0	0	0	0	0	0	0	0	0	0	0	0	0	0	0	0	0	0	0	0	0	0	0	0	0	0	0	0	0	0	0	0	0	0	0	0	0	0	0	0	0	0	0	0	0	0	0	0	0	0	0	0	0	0	0	0	0	0	0	0	0	0	0	0	0	0	0	0	0	0	0	0	0	0	0	0	0	0	0	0	0	0	0	0	0	0	0	0	0	0	0	0	0	0	0	0	0	0
GCA_003170155.1_20110800_E3D_genomic	0	0	0	0	0	0	0	0	0.012409025	21.462337	0.14112727	315.44046	0	0	0	0	NaN	0	0	0	0	0	0	0	0	0	0	0	0	0	0	0	0	0	0	0	0	0	0	0	0.014758854	24.772587	0.13714373	325.83966	0	0	0	0	0.011269006	5.2048073	0.111152165	263.3079	0	0	0	0	0	0	0	0	0	0	0	0	0	0	0	0	0	0	0	0	0	0	0	0	0	0	0	0	0	0	0	0	0	0	0	0	0	0	0	0	0	0	0	0	0	0	0	0	0	0	0	0	0	0	0	0	0	0	0	0	0	0	0	0	0	0	0	0	0	0	0	0	0	0	0	0	0	0	0	0	0	0	0	0	0	0	0	0	0	0	0	0	0	0	0	0	0	0	0	0	0	0	0	0	0	0	0	0	0	0	0	0	0	0	0	0	0	0	0	0	0	0	0	0	0	0	0	0	0	0	0	0
SRR7468842rbin.4	0	0	0	0	0	0	0	0	0.009712364	96.99435	0.12363254	276.33694	0	0	0	0	NaN	0	0	0	0	0	0	0	0	0	0	0	0	0	0	0	0	0	0	0	0	0	0	0	0	0	0	0	0	0	0	0	0	0	0	0	0	0	0	0	0	0	0	0	0	0	0	0	0	0	0	0	0	0	0	0	0	0	0	0	0	0	0	0	0	0	0	0	0	0	0	0	0	0	0	0	0	0	0	0	0	0	0	0	0	0	0	0	0	0	0	0	0	0	0	0	0	0	0	0	0	0	0	0	0	0	0	0	0	0	0	0	0	0	0	0	0	0	0	0	0	0	0	0	0	0	0	0	0	0	0	0	0	0	0	0	0	0	0	0	0	0	0	0	0	0	0	0	0	0	0	0	0	0	0	0	0	0	0	0	0	0	0	0	0	0	0	0
SRR1586266rbin.2	0	0	0	0	0	0	0	0	0	0	0	0	0	0	0	0	NaN	0	0	0	0	0	0	0	0	0	0	0	0	0	0	0	0	0	0	0	0	0	0	0	0	0	0	0	0	0	0	0	0	0	0	0	0	0	0	0	0	0	0	0	0	0	0	0	0	0	0	0	0	0	0	0	0	0	0	0	0	0	0	0	0	0	0	0	0	0	0	0	0	0	0	0	0	0	0	0	0	0	0	0	0	0	0	0	0	0	0	0	0	0	0	0	0	0	0	0	0	0	0	0	0.09247644	0.3952259	3.7866223	7076.7896	0	0	0	0	0.086676516	253.96707	2.300671	4681.279	0	0	0	0	0.058520507	29.586683	1.1701926	2579.047	0.0817819	99.253624	1.5715686	3466.2288	0	0	0	0	0.17294087	222.70752	2.5271258	5966.7866	0	0	0	0	0.119740084	0.9419263	2.6276004	5388.0654	0.1725885	3174.0662	4.668609	8981.753	0	0	0	0	0.18413447	5.0946565	3.7754743	8173.161	0.21371073	213.42052	3.0059545	6438.5547	0	0	0	0	0	0	0	0
SRR10489823bin.6	0	0	0	0	0	0	0	0	0.0052844817	10.167755	0.05481984	122.53049	0	0	0	0	NaN	0	0	0	0	0	0	0	0	0	0	0	0	0	0	0	0	0	0	0	0	0	0	0	0	0	0	0	0	0	0	0	0	0	0	0	0	0	0	0	0	0	0	0	0	0	0	0	0	0	0	0	0	0	0	0	0	0	0	0	0	0	0	0	0	0	0	0	0	0	0	0	0	0	0	0	0	0	0	0	0	0	0	0	0	0	0	0	0	0	0	0	0	0	0	0	0	0	0	0	0	0	0	0	0	0	0	0	0	0	0	0	0	0	0	0	0	0	0	0	0	0	0	0	0	0	0	0	0	0	0	0	0	0	0	0	0	0	0	0	0	0	0	0	0	0	0	0	0	0	0	0	0	0	0	0	0	0	0	0	0	0	0	0	0	0	0	0
GCA_003142185.1_20120700_S3X_genomic	0	0	0	0	0	0	0	0	0	0	0	0	0	0	0	0	NaN	0	0	0	0	0	0	0	0	0	0	0	0	0	0	0	0	0	0	0	0	0	0	0	0	0	0	0	0	0	0	0	0	0	0	0	0	0	0	0	0	0	0	0	0	0	0	0	0	0	0	0	0	0	0	0	0	0	0	0	0	0	0	0	0	0	0	0	0	0	0	0	0	0	0	0	0	0	0	0	0	0	0	0	0	0	0	0	0	0	0	0	0	0	0	0	0	0	0	0	0	0	0	0	0	0	0	0	0	0	0	0	0	0	0	0	0	0	0	0	0	0	0	0	0	0	0	0	0	0	0	0	0	0	0	0	0	0	0	0	0	0	0	0	0	0	0	0	0	0	0	0	0	0	0	0	0	0	0	0	0	0	0	0	0	0	0	0
SRR10695402bin.4	0	0	0	0	0	0	0	0	0	0	0	0	0	0	0	0	NaN	0	0	0	0	0	0	0	0	0	0	0	0	0	0	0	0	0	0	0	0	0	0	0	0	0	0	0	0	0	0	0	0	0	0	0	0	0	0	0	0	0	0	0	0	0	0	0	0	0	0	0	0	0	0	0	0	0	0	0	0	0	0	0	0	0	0	0	0	0	0	0	0	0	0	0	0	0	0	0	0	0	0	0	0	0	0	0	0	0	0	0	0.051986128	0.9700165	0.5674715	1325.2124	0	0	0	0	0	0	0	0	0	0	0	0	0	0	0	0	0	0	0	0	0	0	0	0	0	0	0	0	0	0	0	0	0	0	0	0	0	0	0	0	0	0	0	0	0	0	0	0	0	0	0	0	0	0	0	0	0	0	0	0	0	0	0	0	0	0	0	0	0	0	0	0
SRR5450757rbin.11	0	0	0	0	0	0	0	0	0.29610977	481.2597	2.9139626	6513.136	0.3079362	224.02426	4.417098	9854.719	NaN	0	0	0	0	0	0	0	0	0	0	0	0	0	0	0	0.13196145	42.35281	1.256388	2999.0586	0	0	0	0	0.06290425	79.60277	0.56263506	1336.7638	0.039398383	0.3817534	0.2873045	837.2146	0.17542443	114.53441	1.5949249	3778.2114	0.060551185	0.754715	0.4243747	1221.4216	0.06767458	93.49422	0.8834489	1427.7803	0.030328594	12.970978	0.26101226	530.6309	0	0	0	0	0	0	0	0	0	0	0	0	0.22520024	77.2943	3.6592653	7683.0977	0	0	0	0	0.09574675	2.2764266	0.81122214	1634.9534	0.3665326	817.1184	5.013807	9416.648	0.13791364	0.61621034	1.4160905	3168.0027	0.39001766	1827.123	8.001644	13661.433	0	0	0	0	0	0	0	0	0.29770428	3.3055248	2.7337954	6384.214	0.15176502	225.15112	2.070577	3796.4658	0.19516793	129.64195	1.819256	4625.3	0	0	0	0	0	0	0	0	0	0	0	0	0	0	0	0	0.02653877	10.089631	0.48943925	1078.7003	0	0	0	0	0	0	0	0	0	0	0	0	0	0	0	0	0	0	0	0	0	0	0	0	0	0	0	0	0	0	0	0	0	0	0	0	0.15604796	198.3229	1.5505853	3451.5845	0.06938714	0.5548697	0.70730376	1679.1257
SRR10489814bin.17	0	0	0	0	0	0	0	0	0.36073905	17167.477	3.7568445	8397.103	0.53718954	1830.9404	7.9504814	17737.834	NaN	0	0	0	0	0	0	0	0	0	0	0	0	0	0	0	0.18777864	1045.7213	1.8434491	4400.4004	0	0	0	0	0.14752616	8570.604	1.3259346	3150.2861	0.2731331	56.725796	2.1002774	6120.277	0.23413695	7076.652	2.218418	5255.2007	0.23672077	57.420353	1.7247504	4964.1206	0	0	0	0	0	0	0	0	0	0	0	0	0	0	0	0	0	0	0	0	0	0	0	0	0	0	0	0	0	0	0	0	0	0	0	0	0	0	0	0	0	0	0	0	0	0	0	0	0	0	0	0	0	0	0	0	0.08765028	199.26373	1.3075556	2397.4446	0	0	0	0	0.16485885	1.8871677	6.781596	12674.072	0	0	0	0	0.1545696	1421.4656	4.122696	8388.638	0.16614075	2.4594622	5.4127235	11837.448	0.21168476	817.3702	4.1371007	9117.972	0.22224541	993.9828	4.3346324	9560.401	0	0	0	0	0.11452139	820.5757	1.7315049	4088.251	0	0	0	0	0.11994157	4.049741	2.687432	5510.7524	0.14006202	9008.029	3.903821	7510.41	0	0	0	0	0.1421227	29.970001	3.0218527	6541.7188	0.18473671	1435.0817	2.7186697	5823.2104	0.3112143	6723.5107	3.240622	7213.5874	0.59616494	63.429043	6.457528	15330.049
SRR11833507bin.12	0	0	0	0	0	0	0	0	0.00941179	13.660296	0.123649	276.37384	0	0	0	0	NaN	0	0	0	0	0	0	0	0	0	0	0	0	0	0	0	0	0	0	0	0	0	0	0	0	0	0	0	0	0	0	0	0	0	0	0	0	0	0	0	0	0	0	0	0	0	0	0	0	0	0	0	0	0	0	0	0	0	0	0	0	0	0	0	0	0	0	0	0	0	0	0	0	0	0	0	0	0	0	0	0	0	0	0	0	0	0	0	0	0	0	0	0	0	0	0	0	0	0	0	0	0	0	0	0	0	0	0	0	0	0	0	0	0	0	0	0	0	0	0	0	0	0	0	0	0	0	0	0	0	0	0	0	0	0	0	0	0	0	0	0	0	0	0	0	0	0	0	0	0	0	0	0	0	0	0	0	0	0	0	0	0	0	0	0	0	0	0
SRR10489815bin.16	0	0	0	0	0	0	0	0	0.030321289	63.917957	0.30620697	684.41815	0	0	0	0	NaN	0	0	0	0	0	0	0	0	0	0	0	0	0	0	0	0	0	0	0	0	0	0	0	0	0	0	0	0	0	0	0	0.02224803	28.37087	0.21356831	505.92102	0	0	0	0	0	0	0	0	0	0	0	0	0	0	0	0	0	0	0	0	0	0	0	0	0	0	0	0	0	0	0	0	0	0	0	0	0	0	0	0	0	0	0	0	0	0	0	0	0	0	0	0	0	0	0	0	0	0	0	0	0	0	0	0	0	0	0	0	0	0	0	0	0	0	0	0	0	0	0	0	0	0	0	0	0	0	0	0	0	0	0	0	0	0	0	0	0	0	0	0	0	0	0	0	0	0	0	0	0	0	0	0	0	0	0	0	0	0	0	0	0	0	0	0	0.018854525	26.219372	0.19223276	427.90802	0	0	0	0
SRR6185512rbin.17	0	0	0	0	0	0	0	0	0.08273517	1212.2412	0.88813233	1985.1075	0	0	0	0	NaN	0	0	0	0	0	0	0	0	0	0	0	0	0	0	0	0.1276027	235.63963	1.2777894	3050.1445	0	0	0	0	0.14265569	3086.8635	1.3158115	3126.234	0.08085014	2.7904463	0.6468453	1884.928	0.12768693	1184.9866	1.225962	2904.1758	0.07514161	3.360685	0.56766653	1633.8397	0	0	0	0	0	0	0	0	0	0	0	0	0	0	0	0	0	0	0	0	0	0	0	0	0	0	0	0	0	0	0	0	0	0	0	0	0	0	0	0	0	0	0	0	0	0	0	0	0	0	0	0	0.044281255	1.2940062	0.45565972	1064.099	0	0	0	0	0	0	0	0	0	0	0	0	0	0	0	0	0	0	0	0	0	0	0	0	0.03784316	25.286028	0.74743545	1647.3114	0.056191377	76.37037	1.1238834	2478.8208	0	0	0	0	0.06231269	109.44529	0.96613973	2281.1501	0	0	0	0	0	0	0	0	0	0	0	0	0	0	0	0	0.03259075	0.9589441	0.7068202	1530.1274	0.052339394	64.310776	0.7854879	1682.4637	0.099381104	874.80475	1.0663695	2373.7258	0.10803711	1.7855448	1.1776414	2795.6992
SRR3985395rbin.2	0	0	0	0	0	0	0	0	0.02966852	126.81356	0.3046851	681.0162	0	0	0	0	NaN	0	0	0	0	0	0	0	0	0	0	0	0	0	0	0	0	0	0	0	0	0	0	0	0	0	0	0	0	0	0	0	0	0	0	0	0	0	0	0	0	0	0	0	0	0	0	0	0	0	0	0	0	0	0	0	0	0	0	0	0	0	0	0	0	0	0	0	0	0	0	0	0	0	0	0	0	0	0	0	0	0	0	0	0	0	0	0	0	0	0	0	0	0	0	0	0	0	0	0	0	0	0	0	0	0	0	0	0	0	0	0	0.055848096	149.25671	1.3873928	2822.9907	0	0	0	0	0.07058789	28.837456	1.2848625	2831.7744	0.0476807	52.38654	0.89164	1966.5886	0	0	0	0	0.026739186	23.161112	0.38655114	912.6846	0	0	0	0	0	0	0	0	0	0	0	0	0	0	0	0	0.029351845	0.5634538	0.6032273	1305.8688	0.023494562	20.620644	0.33359185	714.53174	0.028897973	75.31047	0.294128	654.72516	0	0	0	0
132_merged	0	0	0	0	0	0	0	0	1.1254823	8044.766	10.887113	24334.31	0.7781863	512.81934	10.943404	24415.158	NaN	0	0	0	0.75095546	3001.778	30.268784	60718.723	0.86912364	464.41016	12.8741455	29693.84	0	0	0	0	0.9862482	595.56647	8.972566	21417.951	0.52299494	592.89417	4.665744	13350.955	1.3195761	29491.016	11.211547	26637.498	0.7784867	9.726005	5.5801497	16260.729	0.8395636	2446.818	7.3899527	17506.03	0.8531264	16.565914	5.760995	16581.111	0.28299093	322.22833	3.7014267	5982.036	0.023145068	10.59974	0.25185397	512.0123	0	0	0	0	0.016445145	21.176071	0.1428878	290.4602	0	0	0	0	0.11192297	26.242586	1.9391357	4071.4639	0	0	0	0	0.09160085	3.8561704	0.81560546	1643.7874	1.5582519	3430.6074	20.943878	39335.613	1.1712509	5.990332	11.501609	25730.787	1.5894128	5943.6226	31.377857	53572.28	1.2457218	0.41948637	22.386652	60881.758	1.2157853	1.1028541	31.681349	50133.797	0.8756674	18.54079	7.9576254	18583.393	1.2411658	1828.6406	16.615044	30464.201	0.9230132	559.3113	8.28568	21065.615	0.08897929	0.3871077	3.5687757	6669.658	0	0	0	0	0.10192914	253.97766	2.590048	5270.087	0.104619	0.8524746	3.295859	7207.938	0.12608258	126.682205	2.3548982	5190.079	0.3081603	324.77014	5.600177	12351.667	0	0	0	0	0.028208762	119.06548	0.49781847	1175.398	0.27015698	1322.1389	10.363434	18346.875	0.058023497	0.44125652	1.2722707	2608.8735	0.07907459	1240.2003	2.1563234	4148.4653	0	0	0	0	0.051606335	3.6879845	1.1306725	2447.6846	0.19386451	173.939	2.6657956	5709.9585	1.3052591	5333.774	12.591163	28027.783	1.1106673	14.056615	11.112124	26379.973
SRR10489831bin.5	0	0	0	0	0	0	0	0	0.20545095	2347.5667	2.0948348	4682.2656	0.23039396	259.35925	3.3362527	7443.309	NaN	0	0	0	0	0	0	0	0.40446308	311.11697	6.1106744	14094.092	0	0	0	0	0.20339645	209.42923	1.8991929	4533.4644	0.4650456	781.6237	4.290835	12278.158	0.26876777	2702.394	2.2616098	5373.3535	0.77703184	35.73497	5.852496	17054.357	0.28237554	1656.2098	2.562205	6069.594	0.6087735	34.213165	4.278479	12314.183	0.04208782	41.344383	0.5894549	952.64355	0	0	0	0	0	0	0	0	0	0	0	0	0	0	0	0	0	0	0	0	0	0	0	0	0	0	0	0	0	0	0	0	0	0	0	0	0	0	0	0	0	0	0	0	0	0	0	0	0.058442857	0.72275877	0.57446486	1341.5433	0	0	0	0	0.12104205	77.169395	1.1451163	2911.358	0	0	0	0	0	0	0	0	0	0	0	0	0	0	0	0	0.020292226	21.48311	0.4132141	910.7035	0.096777655	163.2365	1.847975	4075.8672	0	0	0	0	0.037798643	68.93244	0.5903297	1393.8256	0	0	0	0	0	0	0	0	0	0	0	0	0	0	0	0	0	0	0	0	0.07464802	144.98921	1.073524	2299.4185	0.15478559	866.0571	1.5764958	3509.2622	0.46347037	15.305317	4.8864713	11600.39
SRR10489828bin.14	0	0	0	0	0	0	0	0	0	0	0	0	0	0	0	0	NaN	0	0	0	0	0	0	0	0	0	0	0	0	0	0	0	0	0	0	0	0	0	0	0	0	0	0	0	0	0	0	0	0	0	0	0	0	0	0	0	0	0	0	0	0	0	0	0	0	0	0	0	0	0	0	0	0	0	0	0	0	0	0	0	0	0	0	0	0	0	0	0	0	0	0	0	0	0	0	0	0	0	0	0	0	0	0	0	0	0	0	0	0	0	0	0	0	0	0	0	0	0	0	0	0	0	0	0	0	0	0	0	0.06108258	174.61005	1.5559136	3165.8887	0	0	0	0	0.08864607	44.50912	1.6449853	3625.4678	0.052518215	63.55904	0.9963817	2197.605	0	0	0	0	0.043543324	42.898052	0.63529426	1499.9913	0	0	0	0	0	0	0	0	0	0	0	0	0	0	0	0	0.051267434	1.0050294	1.0648702	2305.2349	0.03164609	22.78017	0.45388588	972.19366	0	0	0	0	0	0	0	0
4p_S4_bin.5	0	0	0	0	0	0	0	0	0.006310339	30.21675	0.09581491	214.16049	0	0	0	0	NaN	0	0	0	0	0	0	0	0	0	0	0	0	0	0	0	0	0	0	0	0	0	0	0	0	0	0	0	0	0	0	0	0	0	0	0	0	0	0	0	0	0	0	0	0	0	0	0	0	0	0	0	0	0	0	0	0	0	0	0	0	0	0	0	0	0	0	0	0	0	0	0	0	0	0	0	0	0	0	0	0	0	0	0	0	0	0	0	0	0	0	0	0	0	0	0	0	0	0	0	0	0	0	0	0.5423383	2.4076493	20.887304	39036.137	0	0	0	0	0.63449323	1862.9668	15.458467	31454.033	0.43994373	2.1964452	13.131059	28717.205	0.8668862	343.3714	15.670399	34536.8	0.36828542	424.6793	6.6445465	14655.117	0	0	0	0	0	0	0	0	0	0	0	0	0	0	0	0	0	0	0	0	0	0	0	0	0	0	0	0	0	0	0	0	0	0	0	0	0	0	0	0
SRR5133179rbin.1	0	0	0	0	0	0	0	0	0	0	0	0	0	0	0	0	NaN	0	0	0	0	0	0	0	0	0	0	0	0	0	0	0	0	0	0	0	0	0	0	0	0	0	0	0	0	0	0	0	0	0	0	0	0	0	0	0	0	0	0	0	0	0	0	0	0	0	0	0	0	0	0	0	0	0	0	0	0	0	0	0	0	0	0	0	0	0	0	0	0	0	0	0	0	0	0	0	0	0	0	0	0	0	0	0	0	0	0	0	0.033422176	0.56140625	0.39134958	913.9157	0	0	0	0	0	0	0	0	0	0	0	0	0	0	0	0	0	0	0	0	0	0	0	0	0	0	0	0	0	0	0	0	0	0	0	0	0	0	0	0	0	0	0	0	0	0	0	0	0	0	0	0	0	0	0	0	0	0	0	0	0	0	0	0	0	0	0	0	0	0	0	0
SRR5450757rbin.16	0	0	0	0	0	0	0	0	0.15435483	1008.03906	1.5014877	3356.047	0.082531005	48.126507	1.1773857	2626.7937	NaN	0	0	0	0	0	0	0	0	0	0	0	0	0	0	0	0.197381	159.19849	1.7805792	4250.328	0	0	0	0	0.24464582	2635.0317	2.030768	4824.898	0.11734825	2.107278	0.83349025	2428.8171	0.19172914	629.517	1.6586069	3929.0664	0.12641034	2.8816	0.84136087	2421.578	0.47358888	1170.6658	5.9638042	9638.362	0.0946931	100.02785	0.7939886	1614.1582	0.59475267	4967.8857	0	0	0.03802802	33.74059	0.2702317	549.3227	0.5930917	1650.2317	11.886016	20693.816	0.46940774	596.9032	7.4345007	15609.689	0	0	0	0	0.18238217	7.68061	1.5275474	3078.6497	0.32322752	846.17004	4.2868214	8051.264	0.39258838	2.9570878	3.7901418	8479.103	0	0	0	0	0	0	0	0	0	0	0	0	0.17705403	3.750303	1.5989641	3734.0496	0.46272746	1022.56335	6.167354	11308.037	0.24009573	184.65468	2.1232862	5398.2695	0	0	0	0	0	0	0	0	0	0	0	0	0	0	0	0	0.032690044	20.789682	0.6238847	1375.0117	0.056890313	77.0097	1.0443445	2303.391	0	0	0	0	0.027930494	42.13383	0.42437017	1001.9789	0	0	0	0	0	0	0	0	0	0	0	0	0	0	0	0	0.030301575	1.0684485	0.66315866	1435.6086	0.04685203	47.539455	0.67174643	1438.8364	0.20923369	874.78326	2.0138938	4482.905	0.16815938	1.703248	1.6676154	3958.888
GCA_003136415.1_20111000_P1D_genomic	0	0	0	0	0	0	0	0	0	0	0	0	0	0	0	0	NaN	0	0	0	0	0	0	0	0	0	0	0	0	0	0	0	0	0	0	0	0	0	0	0	0	0	0	0	0	0	0	0	0	0	0	0	0	0	0	0	0	0	0	0	0	0	0	0	0	0	0	0	0	0	0	0	0	0	0	0	0	0	0	0	0	0	0	0	0	0	0	0	0	0	0	0	0	0	0	0	0	0	0	0	0	0	0	0	0	0	0	0	0	0	0	0	0	0	0	0	0	0	0	0	0	0	0	0	0	0	0	0	0	0	0	0	0	0	0	0	0	0	0	0	0	0	0	0	0	0	0	0	0	0	0	0	0	0	0	0	0	0	0	0	0	0	0	0	0	0	0	0	0	0	0	0	0	0	0	0	0	0	0	0	0	0	0	0
SRR12756228bin.1	0	0	0	0	0	0	0	0	0.02661797	154.45119	0.27048585	604.57605	0	0	0	0	NaN	0	0	0	0	0	0	0	0	0	0	0	0	0	0	0	0	0	0	0	0	0	0	0	0.017513366	87.703	0.17087036	405.97058	0	0	0	0	0.04495094	178.89928	0.44868284	1062.8829	0	0	0	0	0.47048205	781.43097	6.3664837	10289.149	0.024770247	8.698032	0.23745191	482.73367	0	0	0	0	0	0	0	0	0	0	0	0	0.06436196	33.935585	1.1710602	2458.7905	0	0	0	0	0.058612563	2.4238355	0.55132973	1111.1609	0	0	0	0	0	0	0	0	0	0	0	0	0	0	0	0	0	0	0	0	0	0	0	0	0	0	0	0	0	0	0	0	0	0	0	0	0	0	0	0	0	0	0	0	0	0	0	0	0	0	0	0	0	0	0	0	0	0	0	0	0	0	0	0	0	0	0	0	0	0	0	0	0	0	0	0	0	0	0	0	0	0	0	0	0	0	0	0	0.023877105	84.277954	0.24480528	544.9335	0	0	0	0
SRR10489823bin.12	0	0	0	0	0	0	0	0	0	0	0	0	0	0	0	0	NaN	0	0	0	0	0	0	0	0	0	0	0	0	0	0	0	0	0	0	0	0	0	0	0	0	0	0	0	0	0	0	0	0	0	0	0	0	0	0	0	0	0	0	0	0	0	0	0	0	0	0	0	0	0	0	0	0	0	0	0	0	0	0	0	0	0	0	0	0	0	0	0	0	0	0	0	0	0	0	0	0	0	0	0	0	0	0	0	0	0	0	0	0	0	0	0	0	0	0	0	0	0	0	0	0	0	0	0	0	0	0	0	0	0	0	0	0	0	0	0	0	0	0	0	0	0	0	0	0	0	0	0	0	0	0	0	0	0	0	0	0	0	0	0	0	0	0	0	0	0	0	0	0	0	0	0	0	0	0	0	0	0	0	0	0	0	0	0
SRR10489818bin.17	0	0	0	0	0	0	0	0	0	0	0	0	0	0	0	0	NaN	0	0	0	0	0	0	0	0	0	0	0	0	0	0	0	0	0	0	0	0	0	0	0	0	0	0	0	0	0	0	0	0	0	0	0	0	0	0	0	0	0	0	0	0	0	0	0	0	0	0	0	0	0	0	0	0	0	0	0	0	0	0	0	0	0	0	0	0	0	0	0	0	0	0	0	0	0	0	0	0	0	0	0	0	0	0	0	0	0	0	0	0	0	0	0	0	0	0	0	0	0	0	0	0	0	0	0	0	0	0	0	0	0	0	0	0	0	0	0	0.029924013	12.070768	0.56000227	1234.2175	0	0	0	0	0	0	0	0	0	0	0	0	0	0	0	0	0	0	0	0	0	0	0	0	0	0	0	0	0	0	0	0	0	0	0	0	0	0	0	0	0	0	0	0
SRR3985383rbin.3	0	0	0	0	0	0	0	0	0.016210755	10.743401	0.16054091	358.83267	0	0	0	0	NaN	0	0	0	0	0	0	0	0	0	0	0	0	0	0	0	0.03937586	8.345642	0.40867758	975.53296	0	0	0	0	0.027909545	25.06129	0.2739164	650.79767	0	0	0	0	0.032106906	10.029591	0.33552262	794.8177	0	0	0	0	0	0	0	0	0	0	0	0	0	0	0	0	0	0	0	0	0	0	0	0	0	0	0	0	0	0	0	0	0	0	0	0	0	0	0	0	0	0	0	0	0	0	0	0	0	0	0	0	0	0	0	0	0	0	0	0	0	0	0	0	0	0	0	0	0.10349969	0.39323297	3.9588323	7398.631	0	0	0	0	0.12777574	299.535	3.0839617	6275.075	0.09864436	0.42798653	2.9214134	6389.0347	0.14936797	54.70272	2.6396842	5817.737	0.101980075	95.83187	1.8353345	4047.986	0	0	0	0	0.117211714	92.80346	1.6234336	3833.0845	0	0	0	0	0.09198309	0.5727162	1.8705475	3835.6787	0.07174844	939.0501	1.8500636	3559.2666	0	0	0	0	0.116276294	2.0550368	2.256427	4884.722	0.07478933	39.35372	1.0199748	2184.7192	0.0139414575	12.924531	0.13951175	310.55148	0	0	0	0
5_S31_bin.14	0	0	0	0	0	0	0	0	0.0045932815	11.932941	0.058587108	130.9509	0	0	0	0	NaN	0	0	0	0	0	0	0	0	0	0	0	0	0	0	0	0	0	0	0	0	0	0	0	0.011918608	52.296814	0.13071454	310.56454	0	0	0	0	0.008147589	12.831529	0.091466665	216.67484	0	0	0	0	0	0	0	0	0	0	0	0	0	0	0	0	0	0	0	0	0	0	0	0	0	0	0	0	0	0	0	0	0	0	0	0	0	0	0	0	0	0	0	0	0	0	0	0	0	0	0	0	0	0	0	0	0	0	0	0	0	0	0	0	0	0	0	0	0	0	0	0	0	0	0	0	0	0	0	0	0	0	0	0	0	0	0	0	0	0	0	0	0	0	0	0	0.80266315	737.6912	10.596304	25018.9	0	0	0	0	0.2535825	1.7024195	5.0330806	10320.656	0	0	0	0	0	0	0	0	0	0	0	0	0.08193048	53.157276	1.0937734	2342.79	0	0	0	0	0	0	0	0
GCA_003162595.1_20100900_E3D_genomic	0	0	0	0	0	0	0	0	0.011962609	30.08876	0.14008029	313.1003	0	0	0	0	NaN	0	0	0	0	0	0	0	0	0	0	0	0	0	0	0	0	0	0	0	0	0	0	0	0	0	0	0	0	0	0	0	0.0067662774	5.1419644	0.073464304	174.02925	0	0	0	0	0	0	0	0	0	0	0	0	0	0	0	0	0	0	0	0	0	0	0	0	0	0	0	0	0	0	0	0	0	0	0	0	0	0	0	0	0	0	0	0	0	0	0	0	0	0	0	0	0	0	0	0	0	0	0	0	0	0	0	0	0	0	0	0	0	0	0	0	0	0	0	0	0	0	0	0	0	0	0	0	0	0	0	0	0	0	0	0	0	0	0	0	0	0	0	0	0	0	0	0	0	0	0	0	0	0	0	0	0	0	0	0	0	0	0	0	0	0	0	0	0	0	0	0	0	0	0	0
SRR10489822bin.4	0	0	0	0	0	0	0	0	0	0	0	0	0	0	0	0	NaN	0	0	0	0	0	0	0	0	0	0	0	0	0	0	0	0	0	0	0	0	0	0	0	0	0	0	0	0	0	0	0	0	0	0	0	0	0	0	0	0	0	0	0	0	0	0	0	0	0	0	0	0	0	0	0	0	0	0	0	0	0	0	0	0	0	0	0	0	0	0	0	0	0	0	0	0	0	0	0	0	0	0	0	0	0	0	0	0	0	0	0	0	0	0	0	0	0	0	0	0	0	0	0	0	0	0	0	0	0	0	0	0	0	0	0	0	0	0	0	0.051791318	27.186163	0.97689945	2153.0393	0	0	0	0	0	0	0	0	0.022538403	22.759811	0.34544238	815.6229	0	0	0	0	0	0	0	0	0	0	0	0	0	0	0	0	0.020194273	0.4363135	0.44861904	971.172	0	0	0	0	0	0	0	0	0	0	0	0
GCA_003133285.1_20120500_P28_genomic	0	0	0	0	0	0	0	0	0.10515662	171.11516	1.080515	2415.111	0	0	0	0	NaN	0	0	0	0	0	0	0	0	0	0	0	0	0	0	0	0.08944145	28.580751	0.8403788	2006.0245	0	0	0	0	0.113190174	218.91478	0.9648258	2292.328	0	0	0	0	0.070812	44.98831	0.6418936	1520.5789	0.07047557	0.83176965	0.49817166	1433.8217	0.18894969	279.71426	2.3905368	3863.4514	0.032262597	13.511407	0.2759514	561.00183	0	0	0	0	0.029224303	18.378582	0.20513609	416.99734	0	0	0	0	0.16145663	53.695705	2.5982594	5455.377	0	0	0	0	0.06301387	1.8996019	0.52944475	1067.0536	0.2167812	504.5482	2.9578836	5555.33	0.14699788	0.59871894	1.4671742	3282.2837	0	0	0	0	0	0	0	0	0	0	0	0	0.06028531	0.57450837	0.56987	1330.8134	0.18469861	273.9888	2.5543613	4683.5005	0.11105383	66.84046	1.0083005	2563.5164	0	0	0	0	0	0	0	0	0	0	0	0	0	0	0	0	0	0	0	0	0	0	0	0	0	0	0	0	0	0	0	0	0	0	0	0	0	0	0	0	0	0	0	0	0	0	0	0	0	0	0	0	0	0	0	0	0.14300114	221.75142	1.4438243	3213.9353	0	0	0	0
SRR2901746rbin.30	0	0	0	0	0	0	0	0	0.009673538	29.912493	0.120869294	270.1607	0	0	0	0	NaN	0	0	0	0	0	0	0	0	0	0	0	0	0	0	0	0	0	0	0	0	0	0	0	0.010456303	53.22238	0.112737216	267.85233	0.07611097	1.411743	0.61597663	1794.9755	0.010909137	32.2692	0.121751	288.4154	0	0	0	0	0	0	0	0	0	0	0	0	0	0	0	0	0	0	0	0	0	0	0	0	0	0	0	0	0	0	0	0	0	0	0	0	0	0	0	0	0	0	0	0	0	0	0	0	0	0	0	0	0	0	0	0	0.03384965	0.33908427	0.3486898	814.2927	0	0	0	0	0.08006616	50.759388	0.78068715	1984.8293	0	0	0	0	0	0	0	0	0	0	0	0	0	0	0	0	0	0	0	0	0	0	0	0	0	0	0	0	0.068340845	67.66652	1.0166848	2400.492	0	0	0	0	0.08112453	0.5705684	1.7087786	3503.9617	0	0	0	0	0	0	0	0	0	0	0	0	0.06595601	47.719154	0.9334481	1999.3848	0	0	0	0	0	0	0	0
SRR5665213rbin.1	0	0	0	0	0	0	0	0	0.008340574	20.195354	0.09082012	202.99643	0	0	0	0	NaN	0	0	0	0	0	0	0	0	0	0	0	0	0	0	0	0	0	0	0	0	0	0	0	0	0	0	0	0	0	0	0	0	0	0	0	0	0	0	0	0	0	0	0	0	0	0	0	0	0	0	0	0	0	0	0	0	0	0	0	0	0	0	0	0	0	0	0	0	0	0	0	0	0	0	0	0	0	0	0	0	0	0	0	0	0	0	0	0	0	0	0	0	0	0	0	0	0	0	0	0	0	0	0	0	0	0	0	0	0	0	0	0	0	0	0	0	0	0	0	0	0	0	0	0	0	0	0	0	0	0	0	0	0	0	0	0	0	0	0	0	0	0	0	0	0	0	0	0	0	0	0	0	0	0	0	0	0	0	0	0	0	0	0	0	0	0	0
16p_S16_bin.16	0	0	0	0	0	0	0	0	0	0	0	0	0	0	0	0	NaN	0	0	0	0	0	0	0	0.5094631	344.65936	7.693327	17744.434	0	0	0	0	0.07267302	163.22527	0.6855889	1636.5336	0	0	0	0	0.076660454	1870.4231	0.675326	1604.506	0.053551022	5.3181643	0.48789272	1421.7345	0.85939616	1434.5647	7.7446427	18346.25	0.047634292	7.8509364	0.45724425	1316.0261	0	0	0	0	0	0	0	0	0	0	0	0	0	0	0	0	0	0	0	0	0	0	0	0	0	0	0	0	0	0	0	0	0	0	0	0	0	0	0	0	0	0	0	0	0	0	0	0	0	0	0	0	0	0	0	0	0	0	0	0	0	0	0	0	0	0	0	0	0	0	0	0	0	0	0	0	0	0	0	0	0	0	0	0	0	0	0	0	0	0	0	0	0	0	0	0	0	0	0	0	0	0	0	0	0	0	0	0	0	0	0	0	0	0	0	0	0	0	0	0	0	0	0	0	0	0	0	0
SRR10489815bin.21	0	0	0	0	0	0	0	0	0.07837363	111.399086	0.77763087	1738.1198	0.068059325	39.07144	0.9808162	2188.2393	NaN	0	0	0	0	0	0	0	0	0	0	0	0	0	0	0	0	0	0	0	0	0	0	0	0.013430543	13.577971	0.121577546	288.85583	0	0	0	0	0.042500935	17.524769	0.3910143	926.2721	0	0	0	0	0.082936585	74.69279	1.1458385	1851.8394	0	0	0	0	0	0	0	0	0	0	0	0	0	0	0	0	0.076562904	18.489693	1.3828465	2903.4626	0	0	0	0	0.060736503	1.1209598	0.57777244	1164.4542	0.20684573	431.7284	2.8590105	5369.6313	0	0	0	0	0	0	0	0	0	0	0	0	0	0	0	0	0.08422886	0.8449562	0.79354554	1853.1608	0.14045984	180.11261	1.9572078	3588.6023	0.05627674	29.042803	0.52462417	1333.8113	0	0	0	0	0	0	0	0	0	0	0	0	0	0	0	0	0	0	0	0	0	0	0	0	0	0	0	0	0	0	0	0	0	0	0	0	0	0	0	0	0	0	0	0	0	0	0	0	0	0	0	0	0	0	0	0	0.04015854	44.181355	0.40226126	895.4291	0	0	0	0
SRR10489828bin.6	0	0	0	0	0	0	0	0	0.04499041	120.6564	0.48765403	1089.9788	0	0	0	0	NaN	0	0	0	0	0	0	0	0	0	0	0	0	0	0	0	0.049631737	21.225145	0.48591697	1159.9073	0	0	0	0	0.053613134	199.45457	0.47551945	1129.7854	0	0	0	0	0.03267237	34.982533	0.31183818	738.7121	0	0	0	0	0	0	0	0	0	0	0	0	0	0	0	0	0	0	0	0	0	0	0	0	0	0	0	0	0	0	0	0	0	0	0	0	0	0	0	0	0	0	0	0	0	0	0	0	0	0	0	0	0	0	0	0	0.033594158	0.39018372	0.3449574	805.5765	0	0	0	0	0	0	0	0	0	0	0	0	0	0	0	0	0	0	0	0	0	0	0	0	0	0	0	0	0	0	0	0	0	0	0	0	0	0	0	0	0	0	0	0	0	0	0	0	0	0	0	0	0	0	0	0	0	0	0	0	0	0	0	0	0.031092905	53.96144	0.33481595	745.2962	0	0	0	0
SRR5579863rbin.13	0	0	0	0	0	0	0	0	0.013139443	66.95202	0.16011912	357.8901	0	0	0	0	NaN	0	0	0	0	0	0	0	0	0	0	0	0	0	0	0	0	0	0	0	0	0	0	0	0.017443629	89.165535	0.17786145	422.58087	0	0	0	0	0.018207861	49.228863	0.19648772	465.4589	0	0	0	0	0	0	0	0	0	0	0	0	0	0	0	0	0	0	0	0	0	0	0	0	0	0	0	0	0	0	0	0	0	0	0	0	0	0	0	0	0	0	0	0	0	0	0	0	0	0	0	0	0	0	0	0	0	0	0	0	0	0	0	0	0	0	0	0	0	0	0	0	0	0	0	0	0	0	0	0	0	0	0	0	0	0	0	0	0	0	0	0	0	0	0	0	0	0	0	0	0	0	0	0	0	0	0	0	0	0	0	0	0	0	0	0	0	0	0	0	0	0	0	0	0	0	0	0	0	0	0	0
5_S31_bin.10	0	0	0	0	0	0	0	0	0	0	0	0	0	0	0	0	NaN	0	0	0	0	0	0	0	0	0	0	0	0	0	0	0	0	0	0	0	0	0	0	0	0	0	0	0	0	0	0	0	0	0	0	0	0	0	0	0	0	0	0	0	0	0	0	0	0	0	0	0	0	0	0	0	0	0	0	0	0	0	0	0	0	0	0	0	0	0	0	0	0	0	0	0	0	0	0	0	0	0	0	0	0	0	0	0	0	0	0	0	0	0	0	0	0	0	0	0	0	0	0	0	0	0	0	0	0	0	0	0	0	0	0	0	0	0	0	0	0	0	0	0	0	0	0	0	0	0	0	0	0.98704207	800.6125	13.292403	31384.654	0	0	0	0	0.19042473	1.2741596	3.9107206	8019.1875	0	0	0	0	0	0	0	0	0	0	0	0	0	0	0	0	0	0	0	0	0	0	0	0
SRR10489839bin.4	0	0	0	0	0	0	0	0	0	0	0	0	0	0	0	0	NaN	0	0	0	0	0	0	0	0	0	0	0	0	0	0	0	0	0	0	0	0	0	0	0	0	0	0	0	0	0	0	0	0	0	0	0	0	0	0	0	0	0	0	0	0	0	0	0	0	0	0	0	0	0	0	0	0	0	0	0	0	0	0	0	0	0	0	0	0	0	0	0	0	0	0	0	0	0	0	0	0	0	0	0	0	0	0	0	0	0	0	0	0	0	0	0	0	0	0	0	0	0	0	0	0	0	0	0	0	0	0	0	0	0	0	0	0	0	0	0	0	0	0	0	0	0	0	0	0	0	0	0	0	0	0	0	0	0	0	0	0	0	0	0	0	0	0	0	0	0	0	0	0	0	0	0	0	0	0	0	0	0	0	0	0	0	0	0
SRR3989121rbin.6	0	0	0	0	0	0	0	0	0.034423616	65.6814	0.3524967	787.88214	0	0	0	0	NaN	0	0	0	0	0	0	0	0	0	0	0	0	0	0	0	0.090940915	30.056444	0.8466592	2021.0159	0	0	0	0	0.06862675	150.87305	0.5936924	1410.5527	0	0	0	0	0.028864408	29.572912	0.26953107	638.4908	0.029811645	0.41000652	0.2120981	610.454	0	0	0	0	0	0	0	0	0	0	0	0	0	0	0	0	0	0	0	0	0	0	0	0	0	0	0	0	0	0	0	0	0	0	0	0	0	0	0	0	0	0	0	0	0	0	0	0	0	0	0	0	0	0	0	0	0	0	0	0	0	0	0	0	0	0	0	0	0	0	0	0	0	0	0	0	0	0	0	0	0	0	0	0	0	0	0	0	0	0	0	0	0	0	0	0	0	0	0	0	0	0	0	0	0	0	0	0	0	0	0	0	0	0	0	0	0	0	0	0	0.041194964	62.204918	0.41521096	924.2549	0	0	0	0
SRR10489828bin.19	0	0	0	0	0	0	0	0	0.0038972422	6.334968	0.0428267	95.72398	0	0	0	0	NaN	0	0	0	0	0	0	0	0	0	0	0	0	0	0	0	0.016896093	4.5584745	0.1817257	433.78796	0	0	0	0	0.009232427	11.472649	0.095898196	227.84444	0	0	0	0	0.011934041	5.4279532	0.12821464	303.72726	0	0	0	0	0	0	0	0	0	0	0	0	0	0	0	0	0	0	0	0	0	0	0	0	0	0	0	0	0	0	0	0	0	0	0	0	0	0	0	0	0	0	0	0	0	0	0	0	0	0	0	0	0	0	0	0	0	0	0	0	0	0	0	0	0	0	0	0	0	0	0	0	0	0	0	0	0	0	0	0	0	0	0	0	0.022067819	8.78975	0.42934942	946.265	0	0	0	0	0	0	0	0	0	0	0	0	0	0	0	0	0	0	0	0	0	0	0	0	0	0	0	0	0	0	0	0	0	0	0	0	0	0	0	0	0	0	0	0
GCA_003171215.1_20110800_E2D_genomic	0	0	0	0	0	0	0	0	0.031021617	65.04839	0.31605396	706.4274	0	0	0	0	NaN	0	0	0	0	0	0	0	0	0	0	0	0	0	0	0	0.03374423	12.683255	0.32155383	767.5646	0	0	0	0	0.029252678	72.22602	0.25929564	616.06006	0	0	0	0	0.018134028	16.240358	0.16754113	396.8873	0	0	0	0	0	0	0	0	0	0	0	0	0	0	0	0	0	0	0	0	0	0	0	0	0	0	0	0	0	0	0	0	0	0	0	0	0	0	0	0	0	0	0	0	0	0	0	0	0	0	0	0	0	0	0	0	0	0	0	0	0	0	0	0	0	0	0	0	0	0	0	0	0	0	0	0	0	0	0	0	0	0	0	0	0	0	0	0	0	0	0	0	0	0	0	0	0	0	0	0	0	0	0	0	0	0	0	0	0	0	0	0	0	0	0	0	0	0	0	0	0	0	0	0	0.034307685	52.855328	0.34514308	768.2845	0	0	0	0
SRR6474866rbin.5	0	0	0	0	0	0	0	0	0	0	0	0	0	0	0	0	NaN	0	0	0	0	0	0	0	0	0	0	0	0	0	0	0	0	0	0	0	0	0	0	0	0	0	0	0	0.036673833	0.34848255	0.30286297	882.55237	0	0	0	0	0	0	0	0	0	0	0	0	0	0	0	0	0	0	0	0	0	0	0	0	0	0	0	0	0	0	0	0	0	0	0	0	0	0	0	0	0	0	0	0	0	0	0	0	0	0	0	0	0	0	0	0	0	0	0	0	0	0	0	0	0	0	0	0	0	0	0	0	0	0	0	0	0	0	0	0	0	0	0	0	0	0	0	0	0	0	0	0	0	0	0	0	0	0	0	0	0	0	0	0	0	0	0	0	0	0	0	0	0	0	0	0	0	0	0	0	0	0	0	0	0	0	0	0	0	0	0	0	0	0	0	0
SRR3985396rbin.20	0	0	0	0	0	0	0	0	0.10580052	165.82031	1.0504138	2347.8306	0.05188505	30.114246	0.73729503	1644.9337	NaN	0	0	0	0	0	0	0	0	0	0	0	0	0	0	0	0.039895013	10.74393	0.36810103	878.6749	0	0	0	0	0.030734532	38.31956	0.2616886	621.7457	0	0	0	0	0.021692015	7.8440185	0.19798541	469.00687	0.028127313	0.3125663	0.19423893	559.0522	0	0	0	0	0	0	0	0	0	0	0	0	0	0	0	0	0	0	0	0	0	0	0	0	0	0	0	0	0	0	0	0	0	0	0	0	0	0	0	0	0	0	0	0	0	0	0	0	0	0	0	0	0	0	0	0	0	0	0	0	0	0	0	0	0	0	0	0	0	0	0	0	0	0	0	0	0	0	0	0	0.021680918	10.465156	0.42853546	944.4713	0	0	0	0	0	0	0	0	0	0	0	0	0	0	0	0	0	0	0	0	0	0	0	0	0	0	0	0	0	0	0	0	0	0	0	0	0.07493866	94.90675	0.7387932	1644.5448	0	0	0	0
SRR3985384rbin.17	0	0	0	0	0	0	0	0	0	0	0	0	0	0	0	0	NaN	0	0	0	0	0	0	0	0	0	0	0	0	0	0	0	0	0	0	0	0	0	0	0	0	0	0	0	0	0	0	0	0	0	0	0	0	0	0	0	0	0	0	0	0	0	0	0	0	0	0	0	0	0	0	0	0	0	0	0	0	0	0	0	0	0	0	0	0	0	0	0	0	0	0	0	0	0	0	0	0	0	0	0	0	0	0	0	0	0	0	0	0	0	0	0	0	0	0	0	0	0	0	0	0	0	0	0	0	0	0	0	0.089985736	304.7044	2.2667508	4612.26	0.085822456	0.45787495	2.627992	5747.332	0.09499649	73.05054	1.7557024	3869.4824	0.0738074	99.88804	1.3791021	3041.7278	0	0	0	0	0.06423202	83.135216	0.9271822	2189.1667	0	0	0	0	0	0	0	0	0	0	0	0	0	0	0	0	0.060365073	1.8425223	1.2399424	2684.2322	0.02933007	27.151125	0.43262014	926.64404	0	0	0	0	0	0	0	0
GCA_003142495.1_20120800_E2X_genomic	0	0	0	0	0	0	0	0	0	0	0	0	0	0	0	0	NaN	0	0	0	0	0	0	0	0	0	0	0	0	0	0	0	0	0	0	0	0	0	0	0	0.00594651	7.436638	0.06392472	151.87862	0	0	0	0	0.007361527	3.3969257	0.08061325	190.96448	0	0	0	0	0	0	0	0	0	0	0	0	0	0	0	0	0	0	0	0	0	0	0	0	0	0	0	0	0	0	0	0	0	0	0	0	0	0	0	0	0	0	0	0	0	0	0	0	0	0	0	0	0	0	0	0	0	0	0	0	0	0	0	0	0	0	0	0	0	0	0	0	0	0	0	0	0	0	0	0	0	0	0	0	0	0	0	0	0	0	0	0	0	0	0	0	0	0	0	0	0	0	0	0	0	0	0	0	0	0	0	0	0	0	0	0	0	0	0	0	0	0	0	0	0	0	0	0	0	0	0	0
SRR3989239rbin.23	0	0	0	0	0	0	0	0	0	0	0	0	0	0	0	0	NaN	0	0	0	0	0	0	0	0	0	0	0	0	0	0	0	0	0	0	0	0	0	0	0	0	0	0	0	0	0	0	0	0	0	0	0	0	0	0	0	0	0	0	0	0	0	0	0	0	0	0	0	0	0	0	0	0	0	0	0	0	0	0	0	0	0	0	0	0	0	0	0	0	0	0	0	0	0	0	0	0	0	0	0	0	0	0	0	0	0	0	0	0	0	0	0	0	0	0	0	0	0	0	0	0	0	0	0	0	0	0	0	0	0	0	0	0	0	0	0	0	0	0	0	0	0	0	0	0	0	0	0	0	0	0	0	0	0	0	0	0	0	0	0	0	0	0	0	0	0	0	0	0	0	0	0	0	0	0	0	0	0	0	0	0	0	0	0
SRR1586321rbin.4	0	0	0	0	0	0	0	0	0.80214906	9494.545	7.7805066	17390.582	0.34853363	246.12953	4.8963723	10923.998	NaN	0	0	0	0.5812829	2743.91	23.309017	46757.535	1.0514228	767.7917	15.429254	35587.13	0	0	0	0	2.281729	4534.1494	20.44208	48796.23	0.5475216	784.24963	4.8688097	13932.023	2.2191966	52557.99	18.439573	43810.555	0.78610253	22.862007	5.6674376	16515.09	1.6051736	13021.87	13.9522505	33051.42	0.9181072	38.496414	6.1838026	17798.023	0.038755048	54.79357	0.5102565	824.6475	0	0	0	0	0	0	0	0	0	0	0	0	0	0	0	0	0.051616944	46.898727	0.8553148	1795.8428	0	0	0	0	0.061301857	11.936242	0.51583624	1039.6267	0.2722737	664.08606	3.707815	6963.8096	0.49279103	3.7642298	4.875131	10906.386	0.4141112	2051.94	8.18339	13971.727	0	0	0	0	0	0	0	0	0.2999338	8.733795	2.7621315	6450.3857	0.2424643	394.5518	3.2942688	6040.1445	0.5156957	493.50012	4.6443787	11807.931	0.1244968	0.55829453	4.7758703	8925.589	0	0	0	0	0.14090326	424.4768	3.4621494	7044.5933	0.16969112	1.0454506	5.1249127	11208.016	0.14529277	109.92575	2.6346023	5806.535	0.32089922	450.47104	5.8314996	12861.866	0	0	0	0	0.24636047	451.6904	3.4738157	8202.017	0.34563953	1938.9526	13.180484	23334.027	0.2288012	2.0764914	4.7301917	9699.5625	0.16756052	2907.573	4.346467	8362	0	0	0	0	0.181682	5.587375	3.584483	7759.702	0.32041723	427.82272	4.3694625	9359.104	1.0995429	8469.934	10.607791	23612.82	0.60183364	9.543385	6.0880394	14452.893
15_S41_bin.5	0	0	0	0	0	0	0	0	0	0	0	0	0.23560883	126.03739	3.31015	7385.075	NaN	0	0	0	0	0	0	0	0	0	0	0	0.84874237	348.7431	16.085474	46536.19	0	0	0	0	2.0877833	3560.5078	18.509148	52963.652	0	0	0	0	2.6427574	33.649624	18.487827	53874.117	0	0	0	0	0.67385143	23.113249	4.5085053	12976.231	0	0	0	0	0	0	0	0	0	0	0	0	0	0	0	0	0	0	0	0	0	0	0	0	0	0	0	0	0	0	0	0	0	0	0	0	0	0	0	0	0	0	0	0	0	0	0	0	0	0	0	0	0.14648388	1.6213098	1.3524911	3158.4624	0	0	0	0	0.06699079	37.446022	0.61473155	1562.9015	0	0	0	0	0	0	0	0	0	0	0	0	0	0	0	0	0	0	0	0	0	0	0	0	0	0	0	0	0	0	0	0	0	0	0	0	0	0	0	0	0	0	0	0	0	0	0	0	0	0	0	0	0.05968304	35.876884	0.8071038	1728.7638	0	0	0	0	0.4652709	8.166198	4.6219096	10972.324
SRR10489815bin.17	0	0	0	0	0	0	0	0	0.047038183	715.76483	0.5201478	1162.6073	0	0	0	0	NaN	0	0	0	0	0	0	0	0	0	0	0	0	0	0	0	0	0	0	0	0	0	0	0	0	0	0	0	0	0	0	0	0	0	0	0	0	0	0	0	0	0	0	0	0	0	0	0	0	0	0	0	0	0	0	0	0	0	0	0	0	0	0	0	0	0	0	0	0	0	0	0	0	0	0	0	0	0	0	0	0	0	0	0	0	0	0	0	0	0	0	0	0	0	0	0	0	0	0	0	0	0	0	0	0	0	0	0	0	0	0	0	0	0	0	0	0	0	0	0	0.03862627	24.10005	0.75416934	1662.1522	0	0	0	0	0	0	0	0	0.04080501	46.83156	0.6020307	1421.4525	0	0	0	0	0.084029414	0.72109216	1.7869157	3664.1863	0.08974333	1750.7887	2.4020886	4621.283	0	0	0	0	0.06668865	1.8840947	1.360815	2945.8982	0.07938777	83.56696	1.1229664	2405.3203	0.032837253	199.07153	0.36609808	814.9298	0	0	0	0
SRR3989258rbin.4	0	0	0	0	0	0	0	0	0	0	0	0	0	0	0	0	NaN	0	0	0	0	0	0	0	0	0	0	0	0	0	0	0	0	0	0	0	0	0	0	0	0	0	0	0	0	0	0	0	0	0	0	0	0	0	0	0	0.07525207	99.073135	0.9870005	1595.1344	0	0	0	0	0	0	0	0	0	0	0	0	0	0	0	0	0.09366397	27.442047	1.551036	3256.5994	0	0	0	0	0.051926088	0.8819161	0.43968534	886.15063	0	0	0	0	0	0	0	0	0	0	0	0	0	0	0	0	0	0	0	0	0	0	0	0	0	0	0	0	0	0	0	0	0	0	0	0	0	0	0	0	0	0	0	0	0	0	0	0	0	0	0	0	0	0	0	0	0	0	0	0	0	0	0	0	0	0	0	0	0	0	0	0	0	0	0	0	0	0	0	0	0	0	0	0	0	0	0	0	0	0	0	0	0	0	0	0
SRR3989257rbin.52	0	0	0	0	0	0	0	0	0	0	0	0	0	0	0	0	NaN	0	0	0	0	0	0	0	0	0	0	0	0	0	0	0	0	0	0	0	0	0	0	0	0	0	0	0	0	0	0	0	0	0	0	0	0	0	0	0	0	0	0	0	0	0	0	0	0	0	0	0	0	0	0	0	0	0	0	0	0.06755707	27.62489	1.1704249	2457.4565	0	0	0	0	0.029662458	0.6880613	0.2700765	544.31744	0	0	0	0	0	0	0	0	0	0	0	0	0	0	0	0	0	0	0	0	0	0	0	0	0	0	0	0	0	0	0	0	0	0	0	0	0	0	0	0	0	0	0	0	0	0	0	0	0	0	0	0	0	0	0	0	0	0	0	0	0	0	0	0	0	0	0	0	0	0	0	0	0	0	0	0	0	0	0	0	0	0	0	0	0	0	0	0	0	0	0	0	0	0	0	0
SRR3989258rbin.1	0	0	0	0	0	0	0	0	0.20955922	642.4267	2.0111408	4495.1978	0.07816223	43.428463	1.1002257	2454.646	NaN	0	0	0	0	0	0	0	0.2773528	162.09752	4.089791	9432.984	0	0	0	0	0.40112162	232.86108	3.6267905	8657.324	0	0	0	0	0.5235585	1636.7291	4.4080844	10473.16	0.16825306	2.801002	1.1997763	3496.1858	0.42566192	1269.0455	3.6922266	8746.498	0.20661922	2.9744322	1.3833178	3981.4211	1.5251434	3024.398	19.24527	31103.115	0.40137574	450.45566	3.3683095	6847.684	1.6777674	15465.287	31.134052	55829.668	0.08289467	55.769955	0.603345	1226.47	2.0661385	5853.4624	40.975643	71339.5	1.6082095	1776.4656	25.966719	54520.445	0	0	0	0	0.4918134	31.784714	4.1316943	8327.101	2.2155554	5487.392	29.333103	55091.777	2.4808633	14.073751	23.894062	53454.535	1.8786576	8905.617	36.827343	62876.336	1.2481029	0.42296156	22.500614	61191.69	2.839927	2.9046943	73.23886	115896.01	0.88571614	14.602357	7.9321847	18523.977	2.490056	4541.364	33.10729	60703.24	1.3797426	967.4399	12.160264	30916.414	0	0	0	0	0	0	0	0	0	0	0	0	0	0	0	0	0	0	0	0	0.07441856	113.88742	1.3445332	2965.483	0	0	0	0	0	0	0	0	0	0	0	0	0	0	0	0	0	0	0	0	0	0	0	0	0	0	0	0	0.02138564	34.189617	0.3062529	655.9736	0.29429653	566.53687	2.8073068	6249.0313	0.16395925	1.4515178	1.6289818	3867.1729
SRR3989239rbin.25	0	0	0	0	0	0	0	0	0.016574569	48.40927	0.18532886	414.2375	0	0	0	0	NaN	0	0	0	0	0	0	0	0	0	0	0	0	0	0	0	0	0	0	0	0	0	0	0	0	0	0	0	0	0	0	0	0.016947698	18.12428	0.16896704	400.26535	0	0	0	0	0	0	0	0	0	0	0	0	0	0	0	0	0	0	0	0	0	0	0	0	0.03324877	13.620675	0.59640765	1252.2341	0	0	0	0	0	0	0	0	0	0	0	0	0	0	0	0	0	0	0	0	0	0	0	0	0	0	0	0	0	0	0	0	0	0	0	0	0	0	0	0	0	0	0	0	0	0	0	0	0	0	0	0	0	0	0	0	0	0	0	0	0	0	0	0	0	0	0	0	0	0	0	0	0	0	0	0	0	0	0	0	0	0	0	0	0	0	0	0	0	0	0	0	0	0	0	0	0	0	0	0	0	0	0	0
GCA_003135455.1_20111000_P3M_genomic	0	0	0	0	0	0	0	0	0.016699815	103.19177	0.17324731	387.2332	0	0	0	0	NaN	0	0	0	0	0	0	0	0	0	0	0	0	0	0	0	0.036633506	13.153041	0.39170718	935.0239	0	0	0	0	0.025088027	60.92936	0.2534935	602.2747	0	0	0	0	0.030228509	39.955082	0.324948	769.7678	0	0	0	0	0	0	0	0	0	0	0	0	0	0	0	0	0	0	0	0	0	0	0	0	0	0	0	0	0	0	0	0	0	0	0	0	0	0	0	0	0	0	0	0	0	0	0	0	0	0	0	0	0	0	0	0	0	0	0	0	0	0	0	0	0	0	0	0	0.09149635	0.3668447	3.584293	6698.659	0	0	0	0	0.111273594	291.35226	2.7736514	5643.6724	0.0900461	0.44863555	2.7430022	5998.8584	0.1303003	60.014385	2.3742478	5232.726	0.08765263	99.40126	1.615406	3562.9158	0	0	0	0	0.10463018	107.6707	1.4929947	3525.1042	0	0	0	0	0.0801885	0.5687345	1.6851285	3455.4656	0.067030475	1086.2703	1.7837383	3431.663	0	0	0	0	0.10279575	2.2957258	2.058385	4456.0005	0.06656388	53.41626	0.93765545	2008.3965	0.015509309	60.657677	0.1614584	359.40463	0	0	0	0
11p_S11_bin.50	0	0	0	0	0	0	0	0	0.1808964	177.17369	1.7428727	3895.5784	0	0	0	0	NaN	0	0	0	0	0	0	0	0	0	0	0	0	0	0	0	0.042777922	12.568211	0.41006255	978.8395	0	0	0	0	0.094277576	126.13631	0.8173401	1941.9171	0.10804484	1.0801228	0.8045486	2344.4797	0.1473119	66.002235	1.3086013	3099.939	0.13380554	1.7490882	0.92639124	2666.309	0	0	0	0	0	0	0	0	0	0	0	0	0	0	0	0	0	0	0	0	0	0	0	0	0	0	0	0	0	0	0	0	0	0	0	0	0	0	0	0	0	0	0	0	0	0	0	0	0	0	0	0	0	0	0	0	0	0	0	0	0	0	0	0	0	0	0	0	0	0	0	0	0	0	0	0	0	0	0	0	0	0	0	0	0	0	0	0	0	0	0	0	0	0	0	0	0	0	0	0	0	0	0	0	0	0	0	0	0	0	0	0	0	0	0	0	0	0	0	0	0.09725032	125.991165	0.9509496	2116.803	0.05844381	0.65837955	0.6361836	1510.2882
GCA_003158415.1_20120600_E3D_genomic	0	0	0	0	0	0	0	0	0.010712492	41.752754	0.12446253	278.1921	0	0	0	0	NaN	0	0	0	0	0	0	0	0	0	0	0	0	0	0	0	0	0	0	0	0	0	0	0	0	0	0	0	0	0	0	0	0	0	0	0	0	0	0	0	0	0	0	0	0	0	0	0	0	0	0	0	0	0	0	0	0	0	0	0	0	0	0	0	0	0	0	0	0	0	0	0	0	0	0	0	0	0	0	0	0	0	0	0	0	0	0	0	0	0	0	0	0	0	0	0	0	0	0	0	0	0	0	0	0	0	0	0	0	0	0	0	0	0	0	0	0	0	0	0	0	0	0	0	0	0	0	0	0	0	0	0	0	0	0	0	0	0	0	0	0	0	0	0	0	0	0	0	0	0	0	0	0	0	0	0	0	0	0	0	0	0	0	0	0	0	0	0
SRR8879134rbin.43	0	0	0	0	0	0	0	0	0.0076895193	7.401811	0.08947947	199.99988	0	0	0	0	NaN	0	0	0	0	0	0	0	0	0	0	0	0	0	0	0	0	0	0	0	0	0	0	0	0	0	0	0	0	0	0	0	0.008376955	3.4014726	0.08474054	200.74149	0	0	0	0	0	0	0	0	0	0	0	0	0	0	0	0	0	0	0	0	0	0	0	0	0	0	0	0	0	0	0	0	0	0	0	0	0	0	0	0	0	0	0	0	0	0	0	0	0	0	0	0	0	0	0	0	0	0	0	0	0	0	0	0	0	0	0	0	0	0	0	0	0	0	0	0	0	0	0	0	0	0	0	0	0	0	0	0	0	0	0	0	0	0	0	0	0	0	0	0	0	0	0	0	0	0	0	0	0	0	0	0	0	0	0	0	0	0	0	0	0	0	0	0	0	0	0	0	0	0	0	0
SRR6266550rbin.15	0	0	0	0	0	0	0	0	0	0	0	0	0	0	0	0	NaN	0	0	0	0	0	0	0	0	0	0	0	0	0	0	0	0	0	0	0	0	0	0	0	0	0	0	0	0	0	0	0	0	0	0	0	0	0	0	0	0	0	0	0	0	0	0	0	0	0	0	0	0	0	0	0	0	0	0	0	0	0	0	0	0	0	0	0	0	0	0	0	0	0	0	0	0	0	0	0	0	0	0	0	0	0	0	0	0	0	0	0	0	0	0	0	0	0	0	0	0	0	0	0	0	0	0	0	0	0	0	0	0	0	0	0	0	0	0	0	0.020832855	9.558983	0.4698776	1035.5874	0	0	0	0	0	0	0	0	0.061578073	65.91928	0.9459283	2233.4282	0	0	0	0	0.07330581	0.56894976	1.6660033	3416.2473	0.07011928	1134.853	1.9914591	3831.29	0	0	0	0	0.0710859	1.9629967	1.5564145	3369.3318	0.09824809	97.84407	1.4531279	3112.505	0	0	0	0	0	0	0	0
SRR10489834bin.18	0	0	0	0	0	0	0	0	0.15692365	255.66286	1.5184956	3394.0627	0.14681667	78.231155	2.0690246	4616.0747	NaN	0	0	0	0	0	0	0	0	0	0	0	0	0	0	0	0	0	0	0	0	0	0	0	0.014742596	65.16066	0.13072954	310.60007	0	0	0	0	0.011006532	11.568145	0.10302224	244.0489	0	0	0	0	0	0	0	0	0	0	0	0	0	0	0	0	0	0	0	0	0	0	0	0	0	0	0	0	0	0	0	0	0	0	0	0	0	0	0	0	0	0	0	0	0	0	0	0	0	0	0	0	0	0	0	0	0	0	0	0	0	0	0	0	0	0	0	0	0	0	0	0	0	0	0	0	0	0	0	0	0	0	0	0	0	0	0	0	0.058435388	68.09586	1.0795821	2381.1106	0	0	0	0	0	0	0	0	0	0	0	0	0	0	0	0	0	0	0	0	0	0	0	0	0	0	0	0	0	0	0	0	0.117343225	155.63075	1.1366479	2530.165	0.06782931	0.5148155	0.6795509	1613.241
SRR8090375rbin.11	0	0	0	0	0	0	0	0	0	0	0	0	0	0	0	0	NaN	0	0	0	0	0	0	0	0	0	0	0	0	0	0	0	0	0	0	0	0	0	0	0	0	0	0	0	0	0	0	0	0	0	0	0	0	0	0	0	0	0	0	0	0	0	0	0	0	0	0	0	0	0	0	0	0	0	0	0	0	0	0	0	0	0	0	0	0	0	0	0	0	0	0	0	0	0	0	0	0	0	0	0	0	0	0	0	0	0	0	0	0	0	0	0	0	0	0	0	0	0	0	0	0	0	0	0	0	0	0	0	0	0	0	0	0	0	0	0	0	0	0	0	0	0	0	0	0	0	0	0	0	0	0	0	0	0	0	0	0	0	0	0	0	0	0	0	0	0	0	0	0	0	0	0	0	0	0	0	0	0	0	0	0	0	0	0
SRR7102015rbin.17	0	0	0	0	0	0	0	0	0.038033392	161.87018	0.41809782	934.5105	0.04648117	29.401312	0.7321439	1633.4415	NaN	0	0	0	0	0	0	0	0	0	0	0	0	0	0	0	0.041268356	18.606672	0.41707295	995.57324	0	0	0	0	0.05474132	262.17538	0.4975801	1182.1998	0.14758956	3.9505248	1.1866544	3457.948	0.053755827	106.17403	0.5215494	1235.4958	0.11097058	3.4307594	0.8317931	2394.04	0	0	0	0	0	0	0	0	0	0	0	0	0	0	0	0	0	0	0	0	0	0	0	0	0	0	0	0	0	0	0	0	0	0	0	0	0	0	0	0	0	0	0	0	0	0	0	0	0	0	0	0	0	0	0	0	0	0	0	0	0	0	0	0	0	0	0	0	0	0	0	0	0	0	0	0	0	0	0	0	0	0	0	0	0	0	0	0	0	0	0	0	0.020502856	16.748629	0.33870143	799.7066	0	0	0	0	0	0	0	0	0	0	0	0	0	0	0	0	0	0	0	0	0.019582553	13.475125	0.30632278	656.1231	0.033667494	78.657455	0.3697059	822.9608	0.09608213	1.4656305	1.0828674	2570.7068
32_merged	0	0	0	0	0	0	0	0	0.96155775	2196.2866	9.214283	20595.285	1.1114078	767.5241	15.53762	34665.035	NaN	0	0	0	0.5250611	2283.855	21.366327	42860.53	1.7421294	1198.1378	25.899961	59737.504	0	0	0	0	1.1049018	437.25916	10.281164	24541.637	0.7483462	1054.3804	6.7906275	19431.277	0.7510832	1936.1094	6.560917	15588.074	0.7692452	8.2287035	5.466891	15930.691	1.9941766	3034.0945	17.699947	41929.324	0.66387445	9.047509	4.4603295	12837.577	2.995025	7359.4434	39.06109	63128.316	0.1758871	65.09593	1.6129637	3279.1128	1.93684	17665.912	36.794147	65979.39	0.10298768	53.937798	0.77164406	1568.5862	2.3598652	5585.3506	49.19356	85647.07	1.4291743	624.52234	24.388826	51207.465	0	0	0	0	1.1736475	39.861397	10.401903	20964.207	5.7158313	15114.064	76.28465	143273.52	3.5863373	21.27898	35.524776	79474.13	4.142478	20497.568	81.797386	139654.97	3.904516	1.3694203	70.53889	191834.48	3.2700791	3.392173	86.054276	136175.63	6.2189975	193.20355	55.784298	130272.67	4.146898	7990.2427	55.607292	101957.71	2.3765867	1702.4514	21.341408	54258.66	0	0	0	0	0	0	0	0	0	0	0	0	0	0	0	0	0	0	0	0	0.25168693	277.2081	4.515981	9960.381	0	0	0	0	0	0	0	0	0.24126011	1351.6035	9.201892	16290.546	0	0	0	0	0	0	0	0	0	0	0	0	0	0	0	0	0.07373628	43.219215	0.9841606	2108.0073	1.0108032	1821.3743	9.725984	21649.928	0.64115477	5.292316	6.3789387	15143.482
SRR10489828bin.2	0	0	0	0	0	0	0	0	0	0	0	0	0	0	0	0	NaN	0	0	0	0	0	0	0	0	0	0	0	0	0	0	0	0	0	0	0	0	0	0	0	0	0	0	0	0	0	0	0	0	0	0	0	0	0	0	0	0	0	0	0	0	0	0	0	0	0	0	0	0	0	0	0	0	0	0	0	0	0	0	0	0	0	0	0	0	0	0	0	0	0	0	0	0	0	0	0	0	0	0	0	0	0	0	0	0	0	0	0	0	0	0	0	0	0	0	0	0	0	0	0	0	0	0	0	0	0	0	0	0	0	0	0	0	0	0	0	0	0	0	0	0	0	0	0	0	0	0	0	0	0	0	0	0	0	0	0	0	0	0	0	0	0	0	0	0	0	0	0	0	0	0	0	0	0	0	0	0	0	0	0	0	0	0	0
146_merged	0	0	0	0	0	0	0	0	0.13394603	410.79074	1.3092222	2926.3044	0.081606135	40.707558	1.15999	2587.9822	NaN	0	0	0	0	0	0	0	0.48905444	271.20135	7.270253	16768.63	0	0	0	0	0.30428377	155.31308	2.788508	6656.3047	0.738207	901.57086	6.445201	18442.842	0.5526547	2019.015	4.645562	11037.382	0.63440126	7.5140457	4.5082207	13137.094	0.46705464	735.91437	4.2271285	10013.627	0.58447576	8.692492	3.9542384	11380.961	0	0	0	0	0	0	0	0	0	0	0	0	0	0	0	0	0	0	0	0	0	0	0	0	0	0	0	0	0	0	0	0	0	0	0	0	0	0	0	0	0	0	0	0	0	0	0	0	0	0	0	0	0	0	0.25962943	606.31085	0	0	0	0	0	0	0	0	0	0	0	0	0	0	0	0	0	0	0	0	0	0	0	0	0	0	0	0	0.06240006	64.0646	1.1483811	2532.852	0	0	0	0	0	0	0	0	0.15095529	743.88684	6.057974	10724.72	0	0	0	0	0	0	0	0	0	0	0	0	0	0	0	0	0.028712071	21.487282	0.41379803	886.3282	0.23085177	486.45386	2.2323968	4969.288	0.15148258	1.2463462	1.5271688	3625.4695
17p_S17_bin.4	0	0	0	0	0	0	0	0	0.0040525496	8.453493	0.05607504	125.336006	0	0	0	0	NaN	0	0	0	0	0	0	0	0	0	0	0	0	0	0	0	0	0	0	0	0	0	0	0	0.00917867	20.709425	0.124105275	294.86133	0	0	0	0	0.011115091	9.185632	0.14590481	345.63324	0	0	0	0	2.8864138	4763.503	37.541584	60672.59	0.26291355	90.79908	2.3819466	4842.4355	3.0429854	21236.563	58.589256	105062.43	0.48356628	267.34982	3.7105799	7542.8076	2.190031	4103.312	45.66931	79511.27	0.29178616	68.36853	5.0682464	10641.433	0	0	0	0	0.3285256	7.362573	3.096679	6241.1104	1.2311711	2215.8965	17.11919	32152.299	0.12282428	0.5134965	1.4566644	3258.7727	0.5397981	1422.3964	11.9463625	20396.36	0	0	0	0	0	0	0	0	0.10902523	1.2607746	1.1098272	2591.771	0.45052728	420.33566	6.523179	11960.45	0.19429526	78.770004	1.9868801	5051.4683	0	0	0	0	0	0	0	0	0	0	0	0	0	0	0	0	0	0	0	0	0	0	0	0	0	0	0	0	0	0	0	0	0	0	0	0	0	0	0	0	0	0	0	0	0	0	0	0	0	0	0	0	0	0	0	0	0	0	0	0	0	0	0	0
SRR10489815bin.2	0	0	0	0	0	0	0	0	0.02180595	311.60135	0.2613905	584.2465	0	0	0	0	NaN	0	0	0	0	0	0	0	0	0	0	0	0	0	0	0	0	0	0	0	0	0	0	0	0	0	0	0	0	0	0	0	0	0	0	0	0	0	0	0	0	0	0	0	0	0	0	0	0	0	0	0	0	0	0	0	0	0	0	0	0	0	0	0	0	0	0	0	0	0	0	0	0	0	0	0	0	0	0	0	0	0	0	0	0	0	0	0	0	0	0	0	0	0	0	0	0	0	0	0	0	0	0	0	0	0	0	0	0	0	0	0	0	0	0	0	0	0	0	0	0	0	0	0	0	0	0	0	0	0	0	0	0	0	0	0	0	0	0	0	0	0	0	0	0	0	0	0	0	0	0	0	0	0	0	0	0	0	0	0	0	0	0	0	0	0	0	0
SRR1586309rbin.2	0	0	0	0	0	0	0	0	0.007819162	12.987035	0.08934302	199.69495	0	0	0	0	NaN	0	0	0	0	0	0	0	0	0	0	0	0	0	0	0	0.058977854	19.670254	0.5625307	1342.7882	0	0	0	0	0.025255768	32.532387	0.2276257	540.81555	0	0	0	0	0.06059282	46.606426	0.5818003	1378.2236	0	0	0	0	0	0	0	0	0	0	0	0	0	0	0	0	0	0	0	0	0	0	0	0	0	0	0	0	0	0	0	0	0	0	0	0	0	0	0	0	0	0	0	0	0	0	0	0	0	0	0	0	0	0	0	0	0	0	0	0	0	0	0	0	0	0	0	0	0	0	0	0	0	0	0	0	0	0	0	0	0	0	0	0	0	0	0	0	0	0	0	0	0	0	0	0	0	0	0	0	0	0	0	0	0	0	0	0	0	0	0	0	0	0	0	0	0	0	0	0	0	0	0	0	0	0	0	0	0	0	0	0
SRR3984962rbin.21	0	0	0	0	0	0	0	0	0.006874077	27.525593	0.07615606	170.22011	0	0	0	0	NaN	0	0	0	0	0	0	0	0	0	0	0	0	0	0	0	0	0	0	0	0	0	0	0	0	0	0	0	0	0	0	0	0	0	0	0	0	0	0	0	0	0	0	0	0	0	0	0	0	0	0	0	0	0	0	0	0	0	0	0	0	0	0	0	0	0	0	0	0	0	0	0	0	0	0	0	0	0	0	0	0	0	0	0	0	0	0	0	0	0	0	0	0	0	0	0	0	0	0	0	0	0	0	0	0	0	0	0	0	0	0	0	0	0	0	0	0	0	0	0	0.049382493	35.88547	0.95353484	2101.544	0	0	0	0	0	0	0	0	0.028854383	35.984356	0.44982338	1062.0764	0	0	0	0	0	0	0	0	0	0	0	0	0	0	0	0	0.04295864	1.4275074	0.9288392	2010.7545	0.04018552	47.113335	0.6008012	1286.8767	0	0	0	0	0	0	0	0
20_S46_bin.7	0	0	0	0	0	0	0	0	0	0	0	0	0	0	0	0	NaN	0	0	0	0	0	0	0	0	0	0	0	0	0	0	0	0	0	0	0	0	0	0	0	0.015724627	124.88047	0.16097209	382.45325	0	0	0	0	0.014875942	54.71565	0.16137326	382.2764	0	0	0	0	0	0	0	0	0	0	0	0	0	0	0	0	0	0	0	0	0	0	0	0	0.22257656	80.744194	3.5040152	7357.129	0	0	0	0	1.1340245	38.211384	8.966356	18070.975	0	0	0	0	0	0	0	0	0	0	0	0	0	0	0	0	0	0	0	0	0	0	0	0	0	0	0	0	0	0	0	0	0	0	0	0	0	0	0	0	0	0	0	0	0	0	0	0	0	0	0	0	0	0	0	0	0	0	0	0	0	0	0	0	0	0	0	0	0	0	0	0	0	0	0	0	0	0	0	0	0	0	0	0	0	0	0	0	0	0	0	0	0	0	0	0
SRR7011942rbin.1	0	0	0	0	0	0	0	0	0	0	0	0	0	0	0	0	NaN	0	0	0	0	0	0	0	0	0	0	0	0	0	0	0	0	0	0	0	0	0	0	0	0	0	0	0	0.13054973	3.7487826	1.0844321	3160.0684	0	0	0	0	0.11109158	3.497443	0.86667144	2494.426	0	0	0	0	0	0	0	0	0	0	0	0	0	0	0	0	0	0	0	0	0	0	0	0	0	0	0	0	0	0	0	0	0	0	0	0	0	0	0	0	0	0	0	0	0	0	0	0	0	0	0	0	0	0	0	0	0	0	0	0	0	0	0	0	0	0	0	0	0	0	0	0	0	0	0	0	0	0	0	0	0	0	0	0	0	0	0	0	0	0	0	0	0.107663065	376.952	1.6534541	3903.9653	0	0	0	0	0	0	0	0	0	0	0	0	0	0	0	0	0	0	0	0	0.045637794	70.40875	0.6982159	1495.5326	0	0	0	0	0.09754601	1.8253263	1.1133863	2643.1577
GCA_003141245.1_20120800_E3X_genomic	0	0	0	0	0	0	0	0	0.021993758	104.45101	0.25553432	571.15704	0	0	0	0	NaN	0	0	0	0	0	0	0	0	0	0	0	0	0	0	0	0	0	0	0	0	0	0	0	0.024171155	77.276215	0.22515441	534.944	0	0	0	0	0.011978537	12.083075	0.121836506	288.61792	0	0	0	0	0	0	0	0	0	0	0	0	0	0	0	0	0	0	0	0	0	0	0	0	0	0	0	0	0	0	0	0	0	0	0	0	0	0	0	0	0	0	0	0	0	0	0	0	0	0	0	0	0	0	0	0	0	0	0	0	0	0	0	0	0	0	0	0	0	0	0	0	0	0	0	0	0	0	0	0	0	0	0	0	0	0	0	0	0	0	0	0	0	0	0	0	0	0	0	0	0	0	0	0	0	0	0	0	0	0	0	0	0	0	0	0	0.03670636	1.1740294	0.8367239	1811.3436	0.03857387	35.850185	0.6034305	1292.5087	0.017730558	50.73766	0.20657584	459.83545	0	0	0	0
GCA_003132585.1_20120500_P19_genomic	0	0	0	0	0	0	0	0	0.03743782	462.47073	0.41180784	920.4514	0	0	0	0	NaN	0	0	0	0	0	0	0	0	0	0	0	0	0	0	0	0	0	0	0	0	0	0	0	0.020753186	237.50854	0.1986957	472.08075	0	0	0	0	0	0	0	0	0	0	0	0	0	0	0	0	0	0	0	0	0	0	0	0	0	0	0	0	0	0	0	0	0	0	0	0	0	0	0	0	0	0	0	0	0	0	0	0	0	0	0	0	0	0	0	0	0	0	0	0	0	0	0	0	0	0	0	0	0	0	0	0	0	0	0	0	0	0	0	0	0	0	0	0	0	0	0	0	0	0	0	0	0	0	0	0	0	0	0	0	0	0	0	0	0	0	0	0	0	0	0	0	0	0	0	0	0	0	0	0	0	0	0	0	0	0	0	0	0	0	0	0	0.04151518	253.51704	0.4516797	1005.43384	0	0	0	0
SRR1586285rbin.2	0	0	0	0	0	0	0	0	0	0	0	0	0	0	0	0	NaN	0	0	0	0	0	0	0	0	0	0	0	0	0	0	0	0	0	0	0	0	0	0	0	0	0	0	0	0	0	0	0	0	0	0	0	0	0	0	0	0	0	0	0	0	0	0	0	0	0	0	0	0	0	0	0	0	0	0	0	0	0	0	0	0	0	0	0	0	0	0	0	0	0	0	0	0	0	0	0	0	0	0	0	0	0	0	0	0	0	0	0	0	0	0	0	0	0	0	0	0	0	0	0	0	0	0	0	0	0	0	0	0.069289476	244.26604	1.7991923	3660.8977	0	0	0	0	0.057000354	47.2803	1.1366355	2505.0894	0	0	0	0	0	0	0	0	0.04577993	47.642136	0.67061055	1583.377	0	0	0	0	0	0	0	0	0	0	0	0	0	0	0	0	0.06830953	2.0746796	1.4437586	3125.4543	0.031353597	26.389433	0.46160382	988.7252	0	0	0	0	0	0	0	0
SRR11836410bin.36	0	0	0	0	0	0	0	0	0	0	0	0	0	0	0	0	NaN	0	0	0	0	0	0	0	0	0	0	0	0	0	0	0	0	0	0	0	0	0	0	0	0	0	0	0	0	0	0	0	0	0	0	0	0	0	0	0	0	0	0	0	0	0	0	0	0	0	0	0	0	0	0	0	0	0	0	0	0	0	0	0	0	0	0	0	0	0	0	0	0	0	0	0	0	0	0	0	0	0	0	0	0	0	0	0	0	0	0	0	0	0	0	0	0	0	0	0	0	0	0	0	0	0	0	0	0	0	0	0	0	0	0	0	0	0	0	0	0.02035556	7.960107	0.41891405	923.266	0	0	0	0	0	0	0	0	0.028643513	24.689856	0.4522346	1067.7698	0	0	0	0	0	0	0	0	0	0	0	0	0	0	0	0	0.025236947	0.4785189	0.5689969	1231.767	0.02000233	12.56352	0.31401885	672.6079	0	0	0	0	0	0	0	0
SRR5659263rbin.7	0	0	0	0	0	0	0	0	0.08417965	235.11542	0.8322201	1860.1344	0	0	0	0	NaN	0	0	0	0	0	0	0	0	0	0	0	0	0	0	0	0.1953957	102.44506	1.8035576	4305.179	0	0	0	0	0.15022191	605.1367	1.2858506	3055.0498	0.06668352	0.662375	0.48820692	1422.6499	0.22635093	502.32782	2.0110412	4763.947	0.09354634	1.4643977	0.6446789	1855.4943	1.096693	2189.3906	13.548728	21896.686	0.14246778	67.00435	1.1870095	2413.1584	2.7716289	30197.965	50.07927	89802.29	0.16633241	121.18559	1.1503049	2338.3215	2.1724956	7526.9644	42.174145	73426.125	0.9738104	587.4528	15.47114	32483.64	0	0	0	0	0.43875143	12.446527	3.5879188	7231.1616	1.580884	4651.654	21.305775	40015.305	0.735752	4.8053365	7.2988114	16328.514	1.4202288	6906.895	28.212002	48167.145	0	0	0	0	0.7717409	0.78471565	20.339436	32185.908	0.90891296	22.821028	8.273398	19320.814	2.3088264	5680.633	30.785131	56445.496	0.4281177	295.66022	3.8895197	9888.767	0	0	0	0	0	0	0	0	0	0	0	0	0	0	0	0	0	0	0	0	0.047239702	49.25696	0.8644039	1906.5167	0	0	0	0	0	0	0	0	0	0	0	0	0	0	0	0	0	0	0	0	0	0	0	0	0	0	0	0	0	0	0	0	0.07694271	131.38715	0.7635458	1699.6439	0	0	0	0
SRR1586288rbin.2	0	0	0	0	0	0	0	0	0	0	0	0	0	0	0	0	NaN	0	0	0	0	0	0	0	0	0	0	0	0	0	0	0	0	0	0	0	0	0	0	0	0	0	0	0	0	0	0	0	0	0	0	0	0	0	0	0	0	0	0	0	0	0	0	0	0	0	0	0	0	0	0	0	0	0	0	0	0	0	0	0	0	0	0	0	0	0	0	0	0	0	0	0	0	0	0	0	0	0	0	0	0	0	0	0	0	0	0	0	0	0	0	0	0	0	0	0	0	0	0	0	0	0	0	0	0	0	0	0	0	0	0	0	0	0	0	0	0	0	0	0	0	0	0	0	0	0	0	0	0	0	0	0	0	0	0	0	0	0	0	0	0	0	0	0	0	0	0	0	0	0	0	0	0	0	0	0	0	0	0	0	0	0	0	0
20_S46_bin.5	0	0	0	0	0	0	0	0	0.035570092	383.5391	0.37614152	840.7318	0	0	0	0	NaN	0	0	0	0	0	0	0	0	0	0	0	0	0	0	0	0.1447243	119.78346	1.3439512	3208.0771	0	0	0	0	0.17319854	1330.6594	1.4750404	3504.5466	0.08305868	1.3643616	0.6258118	1823.6351	0.096078254	401.07922	0.8769395	2077.3774	0.11732874	2.192896	0.8139573	2342.7063	0.036643777	68.59042	0.55323595	894.1086	0.7426378	365.11963	6.044137	12287.57	0	0	0	0	1.1242607	825.4013	7.654307	15559.557	0	0	0	0	0.5479883	213.61395	8.619836	18098.45	0	0	0	0	1.2138134	43.32677	9.583351	19314.477	0	0	0	0	0.63148177	2.838845	6.1606956	13782.381	0	0	0	0	0	0	0	0	0	0	0	0	0.43793082	5.1017003	3.94382	9209.976	0.1028688	164.9093	1.4865788	2725.689	0.6555256	394.05115	5.8099046	14771.179	0	0	0	0	0	0	0	0	0	0	0	0	0	0	0	0	0	0	0	0	0	0	0	0	0	0	0	0	0	0	0	0	0	0	0	0	0	0	0	0	0	0	0	0	0	0	0	0	0	0	0	0	0.02424933	16.880825	0.3678232	787.8532	0.05337173	283.55908	0.5510612	1226.6559	0	0	0	0
SRR1586301rbin.12	0	0	0	0	0	0	0	0	0.010178139	60.803642	0.11527858	257.66476	0	0	0	0	NaN	0	0	0	0	0	0	0	0	0	0	0	0	0	0	0	0	0	0	0	0	0	0	0	0.026042733	222.22827	0.24298057	577.29724	0	0	0	0	0.021362914	97.79206	0.2162383	512.24603	0	0	0	0	0	0	0	0	0	0	0	0	0	0	0	0	0	0	0	0	0	0	0	0	0	0	0	0	0	0	0	0	0	0	0	0	0	0	0	0	0	0	0	0	0	0	0	0	0	0	0	0	0	0	0	0	0	0	0	0	0	0	0	0	0	0	0	0	0	0	0	0	0	0	0	0	0	0	0	0	0.09623421	0.4818984	2.9079173	6359.5215	0	0	0	0	0	0	0	0	0	0	0	0	0.45837098	742.35187	6.3165846	14914.065	0	0	0	0	0.31135577	2.4003012	6.296622	12911.634	0	0	0	0	0	0	0	0	0	0	0	0	0.07127848	47.872143	0.97389895	2086.027	0	0	0	0	0	0	0	0
SRR3985395rbin.18	0	0	0	0	0	0	0	0	0.01751842	481.24637	0.18274854	408.47003	0	0	0	0	NaN	0	0	0	0	0	0	0	0	0	0	0	0	0	0	0	0	0	0	0	0	0	0	0	0.0289882	923.48444	0.25943187	616.38385	0	0	0	0	0.023824884	818.2382	0.22351515	529.48395	0	0	0	0	0.057413053	162.6855	0.7663508	1238.5331	0	0	0	0	0	0	0	0	0	0	0	0	0	0	0	0	0	0	0	0	0	0	0	0	0	0	0	0	0	0	0	0	0	0	0	0	0	0	0	0	0	0	0	0	0	0	0	0	0	0	0	0	0	0	0	0	0	0	0	0	0	0	0	0	0	0	0	0	0	0	0	0	0	0	0	0	0	0	0	0	0	0	0	0	0	0	0	0	0	0	0	0	0	0	0	0	0	0	0	0	0	0	0	0	0	0	0	0	0	0	0	0	0	0	0	0	0	0	0	0	0	0	0	0
191_merged	0	0	0	0	0	0	0	0	0.12739544	307.04944	1.2331034	2756.1687	0.08751198	41.985622	1.2309028	2746.192	NaN	0	0	0	0	0	0	0	0.4315817	233.62965	6.2903647	14508.539	0	0	0	0	0.29666895	115.77142	2.690277	6421.82	0.26436302	317.3147	2.3565016	6743.0933	0.52065265	1424.7461	4.355602	10348.469	0.58492255	6.344466	4.137116	12055.683	0.4254001	464.1426	3.690602	8742.649	0.53749657	7.6504264	3.5674322	10267.667	0	0	0	0	0	0	0	0	0	0	0	0	0	0	0	0	0	0	0	0	0	0	0	0	0	0	0	0	0	0	0	0	0	0	0	0	0	0	0	0	0	0	0	0	0	0	0	0	0	0	0	0	0	0	0	0	0	0	0	0	0	0	0	0	0	0	0	0	0	0	0	0	0	0	0	0	0	0	0	0	0	0	0	0	0.060069945	63.0225	1.089441	2402.8555	0	0	0	0	0.014403674	12.540831	0.22062254	520.9113	0.13584913	695.97107	5.169922	9152.555	0	0	0	0	0	0	0	0	0	0	0	0	0	0	0	0	0.030958861	17.786427	0.43164697	924.5595	0.21959676	372.5889	2.10744	4691.1357	0.14075242	1.11615	1.4082798	3343.2295
SRR5450757rbin.10	0	0	0	0	0	0	0	0	0.049849536	814.86975	0.5373493	1201.0549	0	0	0	0	NaN	0	0	0	0	0	0	0	0	0	0	0	0	0	0	0	0	0	0	0	0	0	0	0	0	0	0	0	0	0	0	0	0	0	0	0	0	0	0	0	0	0	0	0	0	0	0	0	0	0	0	0	0	0	0	0	0	0	0	0	0	0	0	0	0	0	0	0	0	0	0	0	0	0	0	0	0	0	0	0	0	0	0	0	0	0	0	0	0	0	0	0	0	0	0	0	0	0	0	0	0	0	0	0	0	0	0	0	0	0	0	0	0.0772472	267.33026	1.9762999	4021.2673	0	0	0	0	0.061241735	52.912815	1.1832219	2607.764	0.07920424	122.47831	1.5199326	3352.3413	0	0	0	0	0.07143369	101.34027	1.0357248	2445.4456	0	0	0	0	0.1267587	1.011548	2.639557	5412.5825	0.14058916	2634.1006	3.6857045	7090.784	0	0	0	0	0.10907678	3.1307278	2.1910093	4743.1055	0.12761003	146.15631	1.7717032	3794.873	0	0	0	0	0	0	0	0
SRR10489830bin.14	0	0	0	0	0	0	0	0	0.010818035	11.86041	0.10789657	241.1647	0	0	0	0	NaN	0	0	0	0	0	0	0	0	0	0	0	0	0	0	0	0.01819798	4.9914575	0.17355074	414.27405	0	0	0	0	0.0052826647	5.716291	0.04895935	116.322395	0	0	0	0	0	0	0	0	0	0	0	0	0	0	0	0	0	0	0	0	0	0	0	0	0	0	0	0	0	0	0	0	0	0	0	0	0	0	0	0	0	0	0	0	0	0	0	0	0	0	0	0	0	0	0	0	0	0	0	0	0	0	0	0	0	0	0	0	0	0	0	0	0	0	0	0	0	0	0	0	0	0	0	0	0	0	0	0	0	0	0	0	0	0	0	0	0	0	0	0	0	0	0	0	0	0	0	0	0	0	0	0	0	0	0	0	0	0	0	0	0	0	0	0	0	0	0	0	0	0	0	0	0	0	0	0	0	0	0	0
SRR5680860rbin.8	0	0	0	0	0	0	0	0	0.6143295	14644.501	6.1539316	13754.944	0.26306885	258.37012	3.777888	8428.612	NaN	0	0	0	0.5164343	2639.174	21.368015	42863.914	0.7981638	627.1657	12.047984	27788.322	0	0	0	0	1.6354423	4539.914	14.991843	35786.258	0.41638213	614.44135	3.8020363	10879.469	1.6278443	58673.273	13.775185	32728.441	0.6365887	32.327988	4.7269287	13774.418	1.2249541	16393.342	10.944719	25926.895	0.71832794	50.344685	4.980235	14333.951	0	0	0	0	0	0	0	0	0	0	0	0	0	0	0	0	0	0	0	0	0.035997383	40.633602	0.64414304	1352.4606	0	0	0	0	0.03933299	2.290992	0.35284698	711.13477	0.2070273	664.59906	2.9512858	5542.9385	0.38122153	6.4933953	3.9192238	8767.878	0	0	0	0	0	0	0	0	0	0	0	0	0.2335182	18.057894	2.239196	5229.179	0.18505377	518.12036	2.6324408	4826.6626	0.3737307	691.0125	3.4690993	8819.883	0	0	0	0	0	0	0	0	0.06376884	195.50217	1.6467795	3350.7766	0	0	0	0	0.06874426	47.251373	1.3219657	2913.548	0.20959948	347.6145	3.946202	8703.6875	0	0	0	0	0.12754467	237.97957	1.8957384	4476.0225	0.24204682	1434.9321	9.500418	16819.031	0.112568855	0.96888673	2.4380965	4999.475	0.080559194	1335.6464	2.1707237	4176.17	0	0	0	0	0.092195205	2.9490685	1.9052261	4124.4414	0.17503108	256.63812	2.4900632	5333.552	0.83153665	11544.193	8.270022	18408.977	0.43069074	10.152796	4.494277	10669.331
8_S34_bin.12	0	0	0	0	0	0	0	0	0.0037566836	20.05039	0.05614078	125.483	0	0	0	0	NaN	0	0	0	0	0	0	0	0	0	0	0	0	0	0	0	0	0	0	0	0.21269593	284.59985	1.9890358	5691.5957	0	0	0	0	0.6812847	12.955987	5.04183	14692.047	0	0	0	0	0.406868	10.090153	2.8705041	8261.794	0	0	0	0	0	0	0	0	0	0	0	0	0	0	0	0	0	0	0	0	0	0	0	0	0	0	0	0	0	0	0	0	0	0	0	0	0	0	0	0	0	0	0	0	0	0	0	0	0	0	0	0	0.045746982	1.0083288	0.49569756	1157.5988	0	0	0	0	0	0	0	0	0	0	0	0	0	0	0	0	0	0	0	0	0.21444705	1.1069958	6.467874	14145.025	0	0	0	0	0.09195418	113.34834	1.7334951	3823.371	0	0	0	0	1.1179727	2816.8828	15.406671	36376.64	0	0	0	0	0.40905184	5.4187894	8.437206	17301.04	0	0	0	0	0	0	0	0	0	0	0	0	0.8627099	612.9867	11.399532	24417.057	0	0	0	0	0.2488317	4.520479	2.6739957	6348.014
GCA_003167355.1_20110700_P2D_genomic	0	0	0	0	0	0	0	0	0.036625437	119.13834	0.38047653	850.4215	0	0	0	0	NaN	0	0	0	0	0	0	0	0	0	0	0	0	0	0	0	0	0	0	0	0	0	0	0	0.008657119	23.990488	0.07807173	185.49059	0	0	0	0	0.009988718	9.834197	0.09588223	227.135	0	0	0	0	0	0	0	0	0	0	0	0	0	0	0	0	0	0	0	0	0	0	0	0	0	0	0	0	0	0	0	0	0	0	0	0	0	0	0	0	0	0	0	0	0	0	0	0	0	0	0	0	0	0	0	0	0	0	0	0	0	0	0	0	0	0	0	0	0	0	0	0	0	0	0	0	0	0	0	0	0	0	0	0	0	0	0	0	0	0	0	0	0	0	0	0	0	0	0	0	0	0	0	0	0	0	0	0	0	0	0	0	0	0	0	0	0	0	0	0	0	0	0	0	0.023608478	44.50688	0.24470618	544.7132	0	0	0	0
SRR11674063bin.29	0	0	0	0	0	0	0	0	0.045953725	221.53831	0.52700406	1177.9323	0	0	0	0	NaN	0	0	0	0	0	0	0	0	0	0	0	0	0	0	0	0.020129096	6.6280575	0.2125934	507.47073	0	0	0	0	0.022180578	57.05523	0.21277286	505.5268	0	0	0	0	0.013050458	9.038752	0.1350253	319.8608	0	0	0	0	0	0	0	0	0	0	0	0	0	0	0	0	0	0	0	0	0	0	0	0	0	0	0	0	0	0	0	0	0	0	0	0	0	0	0	0	0	0	0	0	0	0	0	0	0	0	0	0	0	0	0	0	0	0	0	0	0	0	0	0	0	0	0	0	0	0	0	0	0	0	0	0	0.056249302	153.15274	1.7067184	3472.737	0	0	0	0	0.06538155	42.032825	1.4536066	3203.6775	0.05141127	60.52975	1.1623298	2563.618	0	0	0	0	0.0689488	102.33016	1.2056139	2846.5715	0	0	0	0	0.071981	0.6633741	1.838879	3770.7405	0.069477156	1364.6234	2.3121526	4448.2603	0	0	0	0	0.06963123	2.828501	1.7284614	3741.7798	0.069999054	90.488045	1.2008734	2572.1917	0.0506425	156.00385	0.5755499	1281.1674	0	0	0	0
SRR3984963rbin.15	0	0	0	0	0	0	0	0	0	0	0	0	0	0	0	0	NaN	0	0	0	0	0	0	0	0	0	0	0	0	0	0	0	0	0	0	0	0	0	0	0	0	0	0	0	0	0	0	0	0	0	0	0	0	0	0	0	0	0	0	0	0	0	0	0	0	0	0	0	0	0	0	0	0	0	0	0	0	0	0	0	0	0	0	0	0	0	0	0	0	0	0	0	0	0	0	0	0	0	0	0	0	0	0	0	0	0	0	0	0	0	0	0	0.16602169	247.19962	2.2362075	4100.156	0	0	0	0	0	0	0	0	0	0	0	0	0	0	0	0	0	0	0	0	0	0	0	0	0	0	0	0	0	0	0	0	0	0	0	0	0	0	0	0	0	0	0	0	0	0	0	0	0	0	0	0	0	0	0	0	0	0	0	0	0	0	0	0	0	0	0	0
SRR1586279rbin.2	0	0	0	0	0	0	0	0	0	0	0	0	0	0	0	0	NaN	0	0	0	0	0	0	0	0	0	0	0	0	0	0	0	0	0	0	0	0	0	0	0	0	0	0	0	0	0	0	0	0	0	0	0	0	0	0	0	0	0	0	0	0	0	0	0	0	0	0	0	0	0	0	0	0	0	0	0	0	0	0	0	0	0	0	0	0	0	0	0	0	0	0	0	0	0	0	0	0	0	0	0	0	0	0	0	0	0	0	0	0	0	0	0	0	0	0	0	0	0	0	0	0.15408206	0.6948374	6.135769	11467.096	0	0	0	0	0.19572228	637.0433	4.961138	10094.648	0.10711135	0.5512789	3.3148007	7249.363	0.1430758	82.22603	2.6525652	5846.124	0.13769947	178.1101	2.5859423	5703.517	0	0	0	0	0.3069346	449.10483	4.3576064	10288.732	0.27155545	1615.6906	10.728349	18992.9	0.32498494	3.06363	6.85489	14056.393	0.35811472	7579.632	9.475794	18230.111	0	0	0	0	0.45625338	19.500925	9.160427	19830.53	0.2332651	256.54834	3.270472	7005.1367	0	0	0	0	0	0	0	0
11p_S11_bin.32	0	0	0	0	0	0	0	0	0.2174844	234.35837	2.0535257	4589.934	0	0	0	0	NaN	0	0	0	0	0	0	0	0	0	0	0	0	0	0	0	0.09742559	24.977982	0.8834575	2108.8562	0	0	0	0	0.057668988	66.74196	0.48916677	1162.2104	0.030366234	0.2560038	0.21471795	625.69476	0.14879423	72.045586	1.2997996	3079.0903	0	0	0	0	0	0	0	0	0	0	0	0	0	0	0	0	0	0	0	0	0	0	0	0	0	0	0	0	0	0	0	0	0	0	0	0	0	0	0	0	0	0	0	0	0	0	0	0	0	0	0	0	0	0	0	0	0	0	0	0	0	0	0	0	0	0	0	0	0	0	0	0	0	0	0	0	0	0	0	0	0	0	0	0	0	0	0	0	0	0	0	0	0	0	0	0	0	0	0	0	0	0	0	0	0	0	0	0	0	0	0	0	0	0	0	0	0	0	0	0	0	0	0	0	0.14120002	161.60425	1.3508781	3007.039	0	0	0	0
SRR5581483rbin.38	0	0	0	0	0	0	0	0	0.019167567	69.86068	0.2430729	543.30383	0	0	0	0	NaN	0	0	0	0	0	0	0	0	0	0	0	0	0	0	0	0.025227932	13.509061	0.2946656	703.3812	0	0	0	0	0.025843682	135.20734	0.26889807	638.87445	0	0	0	0	0.023214828	46.6134	0.2592651	614.172	0	0	0	0	0	0	0	0	0	0	0	0	0	0	0	0	0	0	0	0	0	0	0	0	0	0	0	0	0	0	0	0	0	0	0	0	0	0	0	0	0	0	0	0	0	0	0	0	0	0	0	0	0	0	0	0	0	0	0	0	0	0	0	0	0	0	0	0	0	0	0	0	0	0	0	0	0	0	0	0	0	0	0	0	0	0	0	0	0	0	0	0	0	0	0	0	0	0	0	0	0	0	0	0	0	0	0	0	0	0	0	0	0	0	0	0	0	0	0	0	0	0	0	0	0.019758457	45.05096	0.2496906	555.80853	0	0	0	0
SRR1586267rbin.9	0	0	0	0	0	0	0	0	0.011826098	76.26757	0.13946213	311.7185	0	0	0	0	NaN	0	0	0	0	0	0	0	0	0	0	0	0	0	0	0	0	0	0	0	0	0	0	0	0	0	0	0	0	0	0	0	0	0	0	0	0	0	0	0	0	0	0	0	0	0	0	0	0	0	0	0	0	0	0	0	0	0	0	0	0	0	0	0	0	0	0	0	0	0	0	0	0	0	0	0	0.1286391	0.97153413	1.3445313	3007.9138	0	0	0	0	0	0	0	0	0	0	0	0	0.1122813	6.505766	1.1177772	2610.3367	0	0	0	0	0.19566014	411.57724	1.8720556	4759.5376	0	0	0	0	0	0	0	0	0	0	0	0	0	0	0	0	0	0	0	0	0	0	0	0	0	0	0	0	0	0	0	0	0	0	0	0	0	0	0	0	0	0	0	0	0	0	0	0	0	0	0	0	0	0	0	0	0	0	0	0	0	0	0	0
GCA_003162235.1_20100900_E1D_genomic	0	0	0	0	0	0	0	0	0.019333163	374.82373	0.21374996	477.76282	0	0	0	0	NaN	0	0	0	0	0	0	0	0	0	0	0	0	0	0	0	0	0	0	0	0	0	0	0	0.0234097	580.4971	0.2175988	516.9926	0	0	0	0	0.021398576	303.22806	0.20732866	491.1399	0	0	0	0	0	0	0	0	0	0	0	0	0	0	0	0	0	0	0	0	0	0	0	0	0	0	0	0	0	0	0	0	0	0	0	0	0	0	0	0	0	0	0	0	0	0	0	0	0	0	0	0	0	0	0	0	0	0	0	0	0	0	0	0	0	0	0	0	0	0	0	0	0	0	0	0	0	0	0	0	0	0	0	0	0	0	0	0	0	0	0	0	0	0	0	0	0	0	0	0	0	0	0	0	0	0	0	0	0	0	0	0	0	0	0	0	0	0	0	0	0	0	0	0	0.015552493	231.65266	0.17355543	386.33243	0	0	0	0
SRR11835640bin.36	0	0	0	0	0	0	0	0	0	0	0	0	0	0	0	0	NaN	0	0	0	0	0	0	0	0	0	0	0	0	0	0	0	0	0	0	0	0	0	0	0	0	0	0	0	0	0	0	0	0	0	0	0	0	0	0	0	0	0	0	0	0	0	0	0	0	0	0	0	0	0	0	0	0	0	0	0	0	0	0	0	0	0	0	0	0	0	0	0	0	0	0	0	0	0	0	0	0	0	0	0	0	0	0	0	0	0	0	0	0	0	0	0	0	0	0	0	0	0	0	0	0	0	0	0	0	0	0	0	0	0	0	0	0	0	0	0	0.030536655	12.051762	0.64021415	1411.0007	0	0	0	0	0	0	0	0	0.0352318	32.768627	0.5679922	1341.0848	0	0	0	0	0	0	0	0	0	0	0	0	0	0	0	0	0.019773668	0.39742756	0.5016442	1085.9612	0	0	0	0	0	0	0	0	0	0	0	0
20_S46_bin.3	0	0	0	0	0	0	0	0	0.025422914	64.289474	0.2758153	616.48785	0	0	0	0	NaN	0	0	0	0	0	0	0	0	0	0	0	0	0	0	0	0	0	0	0	0	0	0	0	0.0070922724	16.307896	0.067987315	161.53091	0	0	0	0	0.006453188	5.2049727	0.06724629	159.29938	0	0	0	0	0	0	0	0	7.06949	30002.543	58.71169	119359.3	0	0	0	0	8.404963	59721.906	58.29728	118505.79	0	0	0	0	0	0	0	0	0	0	0	0	8.635703	1886.8177	68.85866	138779.13	0	0	0	0	0	0	0	0	0	0	0	0	0	0	0	0	0	0	0	0	0.11683496	5.7612705	1.1871866	2772.4277	0	0	0	0	0	0	0	0	0	0	0	0	0	0	0	0	0	0	0	0	0	0	0	0	0	0	0	0	0	0	0	0	0	0	0	0	0	0	0	0	0	0	0	0	0	0	0	0	0	0	0	0	0	0	0	0	0	0	0	0	0	0	0	0	0.017303115	28.156708	0.19052082	424.09726	0	0	0	0
SRR3985383rbin.4	0	0	0	0	0	0	0	0	0	0	0	0	0	0	0	0	NaN	0	0	0	0	0	0	0	0	0	0	0	0	0	0	0	0	0	0	0	0	0	0	0	0	0	0	0	0	0	0	0	0	0	0	0	0	0	0	0	0	0	0	0	0	0	0	0	0	0	0	0	0	0	0	0	0	0	0	0	0	0	0	0	0	0	0	0	0	0	0	0	0	0	0	0	0	0	0	0	0	0	0	0	0	0	0	0	0	0	0	0	0	0	0	0	0	0	0	0	0	0	0	0	0	0	0	0	0	0	0	0	0.120345004	389.5272	3.1198313	6348.063	0.08083205	0.43236446	2.5673397	5614.688	0.07459819	60.34523	1.4617927	3221.7207	0.06644825	83.857544	1.3083739	2885.7307	0	0	0	0	0.0865495	150.71814	1.3014889	3072.9417	0	0	0	0	0.08750963	1.1994269	1.9735188	4046.8281	0.07557727	1693.9755	2.153148	4142.3574	0	0	0	0	0.09516814	5.386008	2.0363815	4408.3667	0.08088493	181.25716	1.2162137	2605.0508	0	0	0	0	0	0	0	0
GCA_003152015.1_20120700_P3D_genomic	0	0	0	0	0	0	0	0	0.13435738	255.37701	1.2960877	2896.9478	0.11349298	54.329765	1.588777	3544.623	NaN	0	0	0	0	0	0	0	0.36500636	200.0434	5.43093	12526.283	0	0	0	0	0.22223803	77.960754	2.0278802	4840.6484	0	0	0	0	0.24789292	695.4314	2.1319702	5065.344	0.1056988	0.98862517	0.75681955	2205.3965	0.22255933	245.2238	1.9470657	4612.3936	0.12857766	1.6422844	0.86395663	2486.6128	0	0	0	0	0	0	0	0	0	0	0	0	0	0	0	0	0	0	0	0	0	0	0	0	0	0	0	0	0	0	0	0	0	0	0	0	0	0	0	0	0	0	0	0	0	0	0	0	0	0	0	0	0	0	0	0	0.08620932	92.79664	1.154164	2116.1953	0	0	0	0	0	0	0	0	0	0	0	0	0	0	0	0	0	0	0	0	0	0	0	0	0.037299342	35.12735	0.6769442	1493.058	0	0	0	0	0	0	0	0	0	0	0	0	0	0	0	0	0	0	0	0	0	0	0	0	0	0	0	0	0.013069899	6.3406796	0.18220276	390.2664	0.1811673	282.153	1.7443907	3882.9934	0.11705771	0.8640155	1.1714797	2781.071
130_merged	0	0	0	0	0	0	0	0	0.15087807	332.06482	1.4757317	3298.4788	0.057152722	32.250965	0.8503915	1897.2565	NaN	0	0	0	0	0	0	0	0	0	0	0	0	0	0	0	0.20019892	79.42349	1.8615873	4443.698	0	0	0	0	0.25920522	658.1624	3.3313851	7915.0347	0.0818598	0.97425675	0.72180456	2103.3618	0.12569095	203.4287	1.1320305	2681.662	0.08378472	1.2355185	0.5861278	1686.9745	0	0	0	0	0	0	0	0	0	0	0	0	0	0	0	0	0	0	0	0	0	0	0	0	0	0	0	0	0	0	0	0	0	0	0	0	0	0	0	0	0	0	0	0	0	0	0	0	0	0	0	0	0	0	0	0	0	0	0	0	0	0	0	0	0	0	0	0	0	0	0	0	0	0	0	0	0	0	0	0	0.037384614	16.777143	0.79870605	1760.3096	0	0	0	0	0	0	0	0	0.035825644	36.77753	0.608374	1436.4303	0	0	0	0	0.061997317	0.4470091	1.4213414	2914.5525	0.06645295	1151.9557	1.8839418	3624.4426	0	0	0	0	0.057253636	1.387052	1.2806188	2772.2888	0.060510494	44.489784	0.91010225	1949.38	0.20821196	373.22195	2.050227	4563.7817	0.13587147	1.1075727	1.3937047	3308.628
SRR5664280rbin.6	0	0	0	0	0	0	0	0	0.0082113985	24.534922	0.088305965	197.37689	0	0	0	0	NaN	0	0	0	0	0	0	0	0	0	0	0	0	0	0	0	0	0	0	0	0	0	0	0	0	0	0	0	0	0	0	0	0	0	0	0	0	0	0	0	0	0	0	0	0	0	0	0	0	0	0	0	0	0	0	0	0	0	0	0	0	0	0	0	0	0	0	0	0	0	0	0	0	0	0	0	0	0	0	0	0	0	0	0	0	0	0	0	0	0	0	0	0	0	0	0	0	0	0	0	0	0	0	0	0	0	0	0	0	0	0	0	0	0	0	0	0	0	0	0	0	0	0	0	0	0	0	0	0	0	0	0	0	0	0	0	0	0	0	0	0	0	0	0	0	0	0	0	0	0	0	0	0	0	0	0	0	0	0	0	0	0	0	0	0	0	0	0
SRR5916035rbin.5	0	0	0	0	0	0	0	0	0.007597375	61.501232	0.10215322	228.32755	0	0	0	0	NaN	0	0	0	0	0	0	0	0	0	0	0	0	0	0	0	0	0	0	0	0	0	0	0	0	0	0	0	0	0	0	0	0	0	0	0	0	0	0	0	0	0	0	0	0	0	0	0	0	0	0	0	0	0	0	0	0	0	0	0	0	0	0	0	0	0	0	0	0	0	0	0	0	0	0	0	0	0	0	0	0	0	0	0	0	0	0	0	0	0	0	0	0	0	0	0	0	0	0	0	0	0	0	0	0	0	0	0	0	0	0	0	0	0	0	0	0	0	0	0	0	0	0	0	0	0	0	0	0	0	0	0	0	0	0	0	0	0	0	0	0	0	0	0	0	0	0	0	0	0	0	0	0	0	0	0	0	0	0	0	0	0	0	0	0	0	0	0
SRR1586323rbin.7	0	0	0	0	0	0	0	0	0	0	0	0	0	0	0	0	NaN	0	0	0	0	0	0	0	0	0	0	0	0	0	0	0	0	0	0	0	0	0	0	0	0	0	0	0	0	0	0	0	0	0	0	0	0	0	0	0	0	0	0	0	0	0	0	0	0	0	0	0	0	0	0	0	0	0	0	0	0	0	0	0	0	0	0	0	0	0	0	0	0	0	0	0	0	0	0	0	0	0	0	0	0	0	0	0	0	0	0	0	0	0	0	0	0	0	0	0	0	0	0	0	0	0	0	0	0	0	0	0	0.08360437	190.99643	2.0871904	4246.9	0.07067077	0.31673524	2.173968	4754.3975	0.05213748	19.593155	0.9733913	2145.3071	0.057669222	50.328182	1.0804789	2383.088	0	0	0	0	0.088095576	78.90281	1.2448916	2939.3103	0	0	0	0	0	0	0	0	0.040413905	564.7494	1.153107	2218.418	0	0	0	0	0.06750289	1.6303937	1.3939662	3017.664	0.03862039	37.13095	0.59286636	1269.8807	0	0	0	0	0	0	0	0
SRR5665647rbin.8	0	0	0	0	0	0	0	0	0.09975527	824.1289	0.97988695	2190.1921	0	0	0	0	NaN	0	0	0	0	0	0	0	0	0	0	0	0	0	0	0	0.14632878	104.88985	1.3435462	3207.1106	0	0	0	0	0.2112698	1594.2461	1.7869202	4245.5415	0.091195524	1.8194485	0.66005397	1923.4177	0.13533098	458.4459	1.1958088	2832.745	0.12873496	3.0037913	0.87311757	2512.9795	0	0	0	0	0	0	0	0	0	0	0	0	0.038483717	28.493181	0.26941305	547.65875	0	0	0	0	0.1417332	97.96767	2.2378993	4698.7563	0	0	0	0	0	0	0	0	0	0	0	0	0	0	0	0	0	0	0	0	0	0	0	0	0	0	0	0	0	0	0	0	0	0	0	0	0	0	0	0	0	0	0	0	0	0	0	0	0	0	0	0	0	0	0	0	0	0	0	0	0	0	0	0	0	0	0	0	0.022002995	37.906548	0.35242048	832.09875	0	0	0	0	0	0	0	0	0	0	0	0	0	0	0	0	0	0	0	0	0	0	0	0	0.09140491	610.9035	0.90368664	2011.5957	0.06618573	0.87589926	0.6791242	1612.2281
SRR5512140rbin.3	0	0	0	0	0	0	0	0	0.01263749	25.43792	0.1436018	320.97128	0	0	0	0	NaN	0	0	0	0	0	0	0	0	0	0	0	0	0	0	0	0	0	0	0	0	0	0	0	0.01961533	43.84287	0.17658378	419.5451	0	0	0	0	0.01587955	13.138886	0.15268707	361.69965	0	0	0	0	0	0	0	0	0	0	0	0	0	0	0	0	0	0	0	0	0	0	0	0	0	0	0	0	0	0	0	0	0	0	0	0	0	0	0	0	0	0	0	0	0	0	0	0	0	0	0	0	0	0	0	0	0	0	0	0	0	0	0	0	0	0	0	0	0	0	0	0	0	0	0	0	0	0	0	0	0	0	0	0	0	0	0	0	0	0	0	0	0	0	0	0	0	0	0	0	0	0	0	0	0	0	0	0	0	0	0	0	0	0	0	0	0	0	0	0	0	0	0	0	0	0	0	0	0	0	0	0
S262bin.17	0	0	0	0	0	0	0	0	0.012541743	48.773643	0.1351086	301.98764	0	0	0	0	NaN	0	0	0	0	0	0	0	0	0	0	0	0	0	0	0	0.056162216	18.815603	0.52123356	1244.2097	0	0	0	0	0.04553641	74.63275	0.3919454	931.22235	0	0	0	0	0.034314364	20.141087	0.30934575	732.8079	0.039928615	0.5105107	0.28345674	815.83606	0	0	0	0	0	0	0	0	0	0	0	0	0	0	0	0	0	0	0	0	0	0	0	0	0	0	0	0	0	0	0	0	0	0	0	0	0	0	0	0	0	0	0	0	0	0	0	0	0	0	0	0	0	0	0	0	0	0	0	0	0	0	0	0	0	0	0	0	0	0	0	0	0	0	0	0	0	0	0	0	0	0	0	0	0	0	0	0	0	0	0	0	0	0	0	0	0	0	0	0	0	0	0	0	0	0	0	0	0	0	0	0	0	0	0	0	0	0	0	0	0	0	0	0	0	0	0	0
SRR3989258rbin.6	0	0	0	0	0	0	0	0	0	0	0	0	0	0	0	0	NaN	0	0	0	0	0	0	0	0	0	0	0	0	0	0	0	0	0	0	0	0	0	0	0	0	0	0	0	0	0	0	0	0	0	0	0	0	0	0	0	0.09572745	135.0226	1.2691131	2051.0693	0	0	0	0	0	0	0	0	0	0	0	0	0	0	0	0	0	0	0	0	0	0	0	0	0	0	0	0	0	0	0	0	0	0	0	0	0	0	0	0	0	0	0	0	0	0	0	0	0	0	0	0	0	0	0	0	0	0	0	0	0	0	0	0	0	0	0	0	0	0	0	0	0	0	0	0	0	0	0	0	0	0	0	0	0	0	0	0	0	0	0	0	0	0	0	0	0	0	0	0	0	0	0	0	0	0	0	0	0	0	0	0	0	0	0	0	0	0	0	0	0	0	0	0
SRR10489831bin.10	0	0	0	0	0	0	0	0	0.01661129	77.18714	0.17801315	397.88574	0	0	0	0	NaN	0	0	0	0	0	0	0	0	0	0	0	0	0	0	0	0	0	0	0	0	0	0	0	0	0	0	0	0	0	0	0	0	0	0	0	0	0	0	0	0	0	0	0	0	0	0	0	0	0	0	0	0	0	0	0	0	0	0	0	0	0	0	0	0	0	0	0	0	0	0	0	0	0	0	0	0	0	0	0	0	0	0	0	0	0	0	0	0	0	0	0	0	0	0	0	0	0	0	0	0	0	0	0	0	0	0	0	0	0	0	0	0	0	0	0	0	0	0	0	0	0	0	0	0	0	0	0	0	0	0	0	0	0	0	0	0	0	0	0	0	0	0	0	0	0	0	0	0	0	0	0	0	0	0	0	0	0	0	0	0.015880745	41.61142	0.16874287	375.61972	0	0	0	0
SRR12347921bin.3	0	0	0	0	0	0	0	0	0	0	0	0	0	0	0	0	NaN	0	0	0	0	0	0	0	0	0	0	0	0	0	0	0	0	0	0	0	0	0	0	0	0	0	0	0	0	0	0	0	0	0	0	0	0	0	0	0	0	0	0	0	0	0	0	0	0	0	0	0	0	0	0	0	0	0	0	0	0	0	0	0	0	0	0	0	0	0	0	0	0	0	0	0	0	0	0	0	0	0	0	0	0	0	0	0	0	0	0	0	0	0	0	0	0	0	0	0	0	0	0	0	0	0	0	0	0	0	0	0	0	0	0	0	0	0	0	0	0	0	0	0	0	0	0	0	0	0	0	0	0	0	0	0	0	0	0	0	0	0	0	0	0	0	0	0	0	0	0	0	0	0	0	0	0	0	0	0	0	0	0	0	0	0	0	0
SRR1586292rbin.6	0	0	0	0	0	0	0	0	0	0	0	0	0	0	0	0	NaN	0	0	0	0	0	0	0	0	0	0	0	0	0	0	0	0	0	0	0	0	0	0	0	0	0	0	0	0	0	0	0	0	0	0	0	0	0	0	0	0	0	0	0	0	0	0	0	0	0	0	0	0	0	0	0	0	0	0	0	0	0	0	0	0	0	0	0	0	0	0	0	0	0	0	0	0	0	0	0	0	0	0	0	0	0	0	0	0	0	0	0	0	0	0	0	0	0	0	0	0	0	0	0	0	0	0	0	0	0	0	0	0.08438604	179.64948	2.0971384	4267.142	0.06768435	0.3046373	0	0	0.052183747	20.273335	0.96909285	2135.834	0.055932473	49.231342	1.0357107	2284.3481	0	0	0	0	0.08747799	77.92024	1.2312299	2907.0532	0	0	0	0	0	0	0	0	0.041364804	562.7057	1.1984385	2305.6284	0	0	0	0	0.07023605	1.8861488	1.4426316	3123.0142	0.040705025	40.872433	0.616045	1319.528	0	0	0	0	0	0	0	0
SRR3985394rbin.13	0	0	0	0	0	0	0	0	0	0	0	0	0	0	0	0	NaN	0	0	0	0	0	0	0	0	0	0	0	0	0	0	0	0	0	0	0	0	0	0	0	0	0	0	0	0	0	0	0	0	0	0	0	0	0	0	0	0	0	0	0	0	0	0	0	0	0	0	0	0	0	0	0	0	0	0	0	0	0	0	0	0	0	0	0	0	0	0	0	0	0	0	0	0	0	0	0	0	0	0	0	0	0	0	0	0	0	0	0	0	0	0	0	0	0	0	0	0	0	0	0	0	0	0	0	0	0	0	0	0	0	0	0	0	0	0	0	0.04870746	19.784452	0.93985295	2071.39	0	0	0	0	0	0	0	0	0.060806796	53.966957	0.893173	2108.868	0	0	0	0	0	0	0	0	0.06373492	1057.8676	1.7512485	3369.1582	0	0	0	0	0.05650763	1.0958645	1.1802243	2554.9546	0.036844384	24.629305	0.5368203	1149.8337	0	0	0	0	0	0	0	0
SRR10260007bin.10	0	0	0	0	0	0	0	0	0	0	0	0	0	0	0	0	NaN	0	0	0	0	0	0	0	0	0	0	0	0	0	0	0	0	0	0	0	0	0	0	0	0	0	0	0	0	0	0	0	0	0	0	0	0	0	0	0	0	0	0	0	0	0	0	0	0	0	0	0	0	0	0	0	0	0	0	0	0	0	0	0	0	0	0	0	0	0	0	0	0	0	0	0	0	0	0	0	0	0	0	0	0	0	0	0	0	0	0	0	0	0	0	0	0	0	0	0	0	0	0	0	0	0	0	0	0	0	0	0	0	0	0	0	0	0	0	0	0	0	0	0	0	0	0	0	0	0	0	0	0	0	0	0	0	0	0	0	0	0	0	0	0	0	0	0	0	0	0	0	0	0	0	0	0.02934651	25.383	0.42430067	908.8243	0	0	0	0	0	0	0	0
11p_S11_bin.46	0	0	0	0	0	0	0	0	0.15439203	132.72519	1.58511	3542.9565	0	0	0	0	NaN	0	0	0	0	0	0	0	0	0	0	0	0	0	0	0	0.13390133	39.17337	1.2144616	2898.9775	0	0	0	0	0.107806645	149.54755	0.90378565	2147.3027	0.05286719	0.44678167	0.37391916	1089.6124	0.11297997	49.26058	0.98793274	2340.309	0.06788081	0.76806223	0.45391575	1306.446	0	0	0	0	0	0	0	0	0	0	0	0	0	0	0	0	0	0	0	0	0	0	0	0	0	0	0	0	0	0	0	0	0	0	0	0	0	0	0	0	0	0	0	0	0	0	0	0	0	0	0	0	0	0	0	0	0	0	0	0	0	0	0	0	0	0	0	0	0	0	0	0	0	0	0	0	0	0	0	0	0	0	0	0	0	0	0	0	0	0	0	0	0	0	0	0	0	0	0	0	0	0	0	0	0	0	0	0	0	0	0	0	0	0	0	0	0	0	0	0	0.12669384	147.21587	1.2115047	2696.7947	0	0	0	0
SRR1586317rbin.11	0	0	0	0	0	0	0	0	0	0	0	0	0	0	0	0	NaN	0	0	0	0	0	0	0	0	0	0	0	0	0	0	0	0	0	0	0	0	0	0	0	0	0	0	0	0.05871126	1.1683493	0.52267414	1523.089	0	0	0	0	0.05058353	1.3087809	0.42512253	1223.5739	0	0	0	0	0	0	0	0	0	0	0	0	0	0	0	0	0	0	0	0	0	0	0	0	0	0	0	0	0	0	0	0	0	0	0	0	0	0	0	0	0	0	0	0	0	0	0	0	0	0	0	0	0	0	0	0	0	0	0	0	0	0	0	0	0	0	0	0	0	0	0	0	0	0	0	0	0	0	0	0	0	0	0	0	0	0	0	0	0	0	0	0	0.04064676	121.4032	0.6673929	1575.7793	0	0	0	0	0	0	0	0	0	0	0	0	0	0	0	0	0	0	0	0	0	0	0	0	0	0	0	0	0	0	0	0
SRR3989257rbin.36	0	0	0	0	0	0	0	0	0	0	0	0	0	0	0	0	NaN	0	0	0	0	0	0	0	0	0	0	0	0	0	0	0	0	0	0	0	0	0	0	0	0	0	0	0	0	0	0	0	0.010080459	10.959434	0.095584586	226.42995	0	0	0	0	0.078726955	97.06899	1.0015017	1618.5698	0	0	0	0	0	0	0	0	0	0	0	0	0	0	0	0	0.1268934	37.826885	2.0670903	4340.1206	0	0	0	0	0.056852363	0.9730106	0.47658464	960.5182	0	0	0	0	0	0	0	0	0	0	0	0	0	0	0	0	0	0	0	0	0.039720565	0.39790732	0.37782928	882.342	0.082994156	124.15857	1.129101	2070.2417	0	0	0	0	0	0	0	0	0	0	0	0	0	0	0	0	0	0	0	0	0	0	0	0	0	0	0	0	0	0	0	0	0	0	0	0	0	0	0	0	0	0	0	0	0	0	0	0	0	0	0	0	0	0	0	0	0	0	0	0	0	0	0	0	0	0	0	0
SRR3985419rbin.2	0	0	0	0	0	0	0	0	0.07553118	157.40099	0.7231708	1616.3933	0.07212103	41.548077	0.9936548	2216.8826	NaN	0	0	0	0	0	0	0	0	0	0	0	0	0	0	0	0	0	0	0	0	0	0	0	0.015087081	19.057158	0.12910874	306.7494	0	0	0	0	0.014787489	5.404687	0.13074721	309.72656	0.02766135	0.31934518	0.18471204	531.6323	0	0	0	0	0	0	0	0	0	0	0	0	0	0	0	0	0	0	0	0	0	0	0	0	0	0	0	0	0	0	0	0	0	0	0	0	0	0	0	0	0	0	0	0	0	0	0	0	0	0	0	0	0	0	0	0	0	0	0	0	0	0	0	0	0	0	0	0	0	0	0	0	0	0	0	0	0	0	0	0	0	0	0	0	0	0	0	0	0	0	0	0	0	0	0	0	0	0	0	0	0	0	0	0	0	0	0	0	0	0	0	0	0	0	0	0	0	0	0	0	0.04892328	63.85196	0.46973985	1045.6354	0.04307832	0.31975564	0	0
SRR6185369rbin.15	0	0	0	0	0	0	0	0	0	0	0	0	0	0	0	0	NaN	0	0	0	0	0	0	0	0	0	0	0	0	0	0	0	0	0	0	0	0	0	0	0	0	0	0	0	0	0	0	0	0	0	0	0	0	0	0	0	0	0	0	0	0	0	0	0	0	0	0	0	0	0	0	0	0	0	0	0	0	0	0	0	0	0	0	0	0	0	0	0	0	0	0	0	0	0	0	0	0	0	0	0	0	0	0	0	0	0	0	0	0	0	0	0	0	0	0	0	0	0	0	0	0	0	0	0	0	0	0	0	0	0	0	0	0	0	0	0	0.023584187	12.588746	0.5613075	1237.0946	0	0	0	0	0	0	0	0	0.029342053	34.36916	0.52695775	1244.1984	0	0	0	0	0	0	0	0	0	0	0	0	0	0	0	0	0.043493293	1.4921373	1.0780932	2333.86	0.042006865	45.2212	0.7138607	1529.043	0	0	0	0	0	0	0	0
SRR3985394rbin.9	0	0	0	0	0	0	0	0	0.012102495	59.501255	0.1296247	289.7304	0	0	0	0	NaN	0	0	0	0	0	0	0	0	0	0	0	0	0	0	0	0	0	0	0	0	0	0	0	0	0	0	0	0	0	0	0	0	0	0	0	0	0	0	0	0	0	0	0	0	0	0	0	0	0	0	0	0	0	0	0	0	0	0	0	0	0	0	0	0	0	0	0	0	0	0	0	0	0	0	0	0	0	0	0	0	0	0	0	0	0	0	0	0	0	0	0	0	0	0	0	0	0	0	0	0	0	0	0	0	0	0	0	0	0	0	0	0	0	0	0	0	0	0	0	0.022723317	9.198195	0.43846402	966.3535	0	0	0	0	0	0	0	0	0	0	0	0	0	0	0	0	0	0	0	0	0	0	0	0	0	0	0	0	0	0	0	0	0	0	0	0	0	0	0	0	0	0	0	0
SRR3985396rbin.15	0	0	0	0	0	0	0	0	0.11431096	239.81221	1.0836577	2422.1355	0.044582456	25.07535	0	0	NaN	0	0	0	0	0	0	0	0	0	0	0	0	0	0	0	0.19765326	94.984695	1.7765809	4240.7847	0	0	0	0	0.15742631	515.1356	1.3102452	3113.0095	0.077629104	0.83263665	0.5497627	1602.0259	0.2609183	496.94788	2.2371635	5299.606	0.106320076	1.7545803	0.70697856	2034.8031	0.8655194	1677.432	10.41784	16836.725	0.10380608	45.548836	0.8493024	1726.6086	1.5035667	14226.884	26.858004	48161.848	0.115685135	74.84219	0.7853517	1596.4507	1.3082553	4080.2415	25.12138	43736.883	0.98184663	586.5246	15.283739	32090.164	0	0	0	0	0.37136146	10.6827	2.9986284	6043.495	1.7064553	4371.0527	22.322172	41924.234	1.168477	6.9884644	11.190365	25034.486	1.4026297	6341.698	27.154556	46361.73	0	0	0	0	1.1880231	1.1970956	30.126045	47672.613	0.96296674	22.373955	8.489491	19825.451	2.0030649	4910.159	26.032904	47732.14	0.55332863	372.45627	4.866696	12373.153	0	0	0	0	0	0	0	0	0	0	0	0	0	0	0	0	0	0	0	0	0.049457893	48.819363	0.87268686	1924.7856	0	0	0	0	0	0	0	0	0	0	0	0	0	0	0	0	0	0	0	0	0	0	0	0	0	0	0	0	0	0	0	0	0.11892132	182.14572	1.1281074	2511.1538	0	0	0	0
GCA_003134505.1_20111000_P3M_genomic	0	0	0	0	0	0	0	0	0	0	0	0	0	0	0	0	NaN	0	0	0	0	0	0	0	0	0	0	0	0	0	0	0	0	0	0	0	0	0	0	0	0	0	0	0	0	0	0	0	0	0	0	0	0	0	0	0	0	0	0	0	0	0	0	0	0	0	0	0	0	0	0	0	0	0	0	0	0	0	0	0	0	0	0	0	0	0	0	0	0	0	0	0	0	0	0	0	0	0	0	0	0	0	0	0	0	0	0	0	0	0	0	0	0	0	0	0	0	0	0	0	0	0	0	0	0	0	0	0	0	0	0	0	0	0	0	0	0.024028389	12.3408	0.59699243	1315.7424	0	0	0	0	0	0	0	0	0.03408859	43.233242	0.64342046	1519.1781	0	0	0	0	0	0	0	0	0	0	0	0	0	0	0	0	0.034483097	1.1859512	0.93059313	2014.5513	0.032595772	36.021713	0.60287833	1291.3259	0	0	0	0	0	0	0	0
GCA_003141435.1_20120800_E3S_genomic	0	0	0	0	0	0	0	0	0.071146555	149.17871	0.7479051	1671.6785	0	0	0	0	NaN	0	0	0	0	0	0	0	0	0	0	0	0	0	0	0	0	0	0	0	0	0	0	0	0	0	0	0	0	0	0	0	0.029390737	14.682997	0.27903336	661.00085	0	0	0	0	0	0	0	0	0	0	0	0	0	0	0	0	0	0	0	0	0	0	0	0	0	0	0	0	0	0	0	0	0	0	0	0	0	0	0	0	0	0	0	0	0	0	0	0	0	0	0	0	0	0	0	0	0	0	0	0	0	0	0	0	0	0	0	0	0	0	0	0	0	0	0	0	0	0	0	0	0	0	0	0	0	0	0	0	0	0	0	0	0	0	0	0	0	0	0	0	0	0	0	0	0	0	0	0	0	0	0	0	0	0	0	0	0	0	0	0	0	0	0	0	0.041032005	56.075245	0.4297488	956.61615	0	0	0	0
9_S35_bin.3	0	0	0	0	0	0	0	0	1.1819409	9359.411	11.030027	24653.744	0.8359604	527.2609	11.371284	25369.777	NaN	0	0	0	0.5579362	2112.1038	21.904732	43940.57	0.6226063	405.6953	11.192911	25816.121	0	0	0	0	0.56756765	694.9602	5.11855	12218.225	0.3419862	447.1642	3.0019944	8590.157	0.71905917	11901.127	6.027301	14320.253	0.43033072	10.274535	3.0331006	8838.55	0.53683263	3332.3252	4.63866	10988.503	0.47937092	17.24988	3.1668622	9114.76	0.21774611	243.44603	2.7798095	4492.571	0.019569075	6.720548	0.1788096	363.51532	0	0	0	0	0.017206013	8.879364	0.12749363	259.16708	0	0	0	0	0.10514768	33.585266	1.7934932	3765.668	0	0	0	0	0.0921591	1.8393785	0.7724347	1556.7802	1.0111039	2788.4548	13.134632	24668.725	0.8418473	8.576602	8.071113	18056.262	1.1594971	4968.105	22.109304	37747.83	0	0	0	0	0.9119005	0.8832587	23.367283	36977.293	0.57218224	26.06502	5.088498	11883.139	0.8075047	1808.6344	10.626535	19484.08	0.63979673	748.28784	5.603598	14246.655	0.11080688	0.4516687	4.1764293	7805.295	0	0	0	0	0.12339569	321.82874	4.8143463	9795.969	0.12630798	0.5849474	3.7695925	8243.979	0.15622441	69.30163	2.7452888	6050.482	0.3225843	355.3466	5.6174874	12389.85	0	0	0	0	0.03892093	55.887005	0.5809405	1371.6569	0.1660511	978.18	6.3061724	11164.112	0.07413979	0.5734171	1.5419102	3161.7866	0.066806845	1025.533	1.7967151	3456.6292	0	0	0	0	0.0641856	1.6313151	1.2910969	2794.9714	0.22822466	175.41835	2.992811	6410.4053	1.3900634	6578.637	12.946271	28818.248	1.631839	15.84394	16.15922	38361.67
SRR3985424rbin.12	0	0	0	0	0	0	0	0	0.6003446	5123.181	5.949857	13298.81	0.6467008	677.70715	9.151703	20417.807	NaN	0	0	0	0.7945044	4195.009	32.175896	64544.363	1.264641	889.57587	18.586992	42870.355	0	0	0	0	1.3772458	942.92566	12.445062	29706.969	1.287944	1912.5559	11.464912	32806.67	1.3111489	7766.67	10.863817	25811.326	1.3691086	34.901478	9.872588	28769.033	1.1616774	3370.4897	10.187566	24133.277	1.4667739	45.13527	9.89127	28468.738	0	0	0	0	0	0	0	0	0	0	0	0	0	0	0	0	0	0	0	0	0	0	0	0	0	0	0	0	0.033140052	0.51636994	0.2759536	556.1624	0	0	0	0	0.12638092	0.5346682	1.2428454	2780.428	0	0	0	0	0	0	0	0	0	0	0	0	0.10899953	1.1478549	1.0082552	2354.5718	0.1307065	191.68129	1.7923104	3286.2566	0.26417378	174.54195	2.365471	6014.0034	0	0	0	0	0	0	0	0	0.05306041	208.25154	1.4093312	2867.6296	0	0	0	0	0.089021005	107.35964	1.7242657	3800.1968	0.27543482	434.8413	5.0884447	11222.996	0	0	0	0	0.04681673	106.91037	0.72883475	1720.8494	0.33561316	1941.9465	12.957789	22939.785	0.0682919	0.879793	1.5145575	3105.6987	0.060877502	1444.0846	1.7223991	3313.6567	0	0	0	0	0.05584792	3.8746629	1.211509	2622.6797	0.15116873	258.0841	2.13173	4566.0264	0.64455456	2736.6074	6.3440657	14121.814	0.79469246	19.931063	8.173556	19403.861
SRR1586279rbin.19	0	0	0	0	0	0	0	0	0	0	0	0	0	0	0	0	NaN	0	0	0	0	0	0	0	0	0	0	0	0	0	0	0	0	0	0	0	0	0	0	0	0	0	0	0	0	0	0	0	0	0	0	0	0	0	0	0	0	0	0	0	0	0	0	0	0	0	0	0	0	0	0	0	0	0	0	0	0	0	0	0	0	0	0	0	0	0	0	0	0	0	0	0	0	0	0	0	0	0	0	0	0	0	0	0	0	0	0	0	0	0	0	0	0	0	0	0	0	0	0	0	0	0	0	0	0	0	0	0	0	0	0	0	0	0	0	0	0.05168336	26.557383	1.019676	2247.3162	0	0	0	0	0	0	0	0	0.096942745	109.049866	1.4337515	3385.2266	0	0	0	0	0.0852626	0.7062087	1.8857853	3866.9258	0.060590457	1434.1453	1.7236259	3316.0166	0	0	0	0	0.10088105	2.9115703	2.1392477	4631.0513	0.11901464	131.52367	1.7109537	3664.7507	0	0	0	0	0	0	0	0
SRR1586270rbin.18	0	0	0	0	0	0	0	0	0.014138248	38.012043	0.15348683	343.06567	0	0	0	0	NaN	0	0	0	0	0	0	0	0	0	0	0	0	0	0	0	0	0	0	0	0	0	0	0	0	0	0	0	0	0	0	0	0.025446018	86.526436	0.2554565	605.1497	0	0	0	0	0	0	0	0	0	0	0	0	0	0	0	0	0	0	0	0	0	0	0	0	0	0	0	0	0	0	0	0	0	0	0	0	0	0	0	0	0	0	0	0	0	0	0	0	0	0	0	0	0	0	0	0	0	0	0	0	0	0	0	0	0	0	0	0	0	0	0	0	0	0	0	0	0	0	0	0	0	0	0	0	0	0	0	0	0	0	0	0	0	0	0	0	0	0	0	0	0	0	0	0	0	0	0	0	0	0	0	0	0	0	0	0	0	0	0	0	0	0	0	0	0	0	0	0	0	0	0	0
SRR1586276rbin.1	0	0	0	0	0	0	0	0	0.0064268215	86.84949	0.0717762	160.43047	0	0	0	0	NaN	0	0	0	0	0	0	0	0	0	0	0	0	0	0	0	0	0	0	0	0	0	0	0	0	0	0	0	0	0	0	0	0	0	0	0	0	0	0	0	0	0	0	0	0	0	0	0	0	0	0	0	0	0	0	0	0	0	0	0	0	0	0	0	0	0	0	0	0	0	0	0	0	0	0	0	0	0	0	0	0	0	0	0	0	0	0	0	0	0	0	0	0	0	0	0	0	0	0	0	0	0	0	0	0.37090513	1.7478815	14.246108	26624.443	0	0	0	0	0.41026732	1369.283	10.015349	20378.686	0.28881842	1.5953206	8.583446	18771.715	0.43419835	310.54752	7.7461934	17072.232	0.30461106	401.73105	5.514965	12163.727	0	0	0	0	0.5176907	778.44183	7.1780834	16948.148	0.27795807	1554.2697	10.763027	19054.293	0.36163583	3.0283868	7.435554	15247.088	0.40751144	7477.0044	10.565042	20325.67	0.29583558	1669.7561	19.134731	29427.266	0.4650373	15.597247	9.126161	19756.35	0.38768342	373.2634	5.2798276	11309.045	0	0	0	0	0	0	0	0
SRR3989257rbin.17	0	0	0	0	0	0	0	0	0.046539243	46.86675	0.4757728	1063.4224	0	0	0	0	NaN	0	0	0	0	0	0	0	0	0	0	0	0	0	0	0	0.046652135	12.76923	0.44598398	1064.5852	0	0	0	0	0.04822673	85.40791	0.42020836	998.3723	0	0	0	0	0.03884863	21.893673	0.36001822	852.84546	0.027186934	0.30380422	0.19742543	568.22345	0.101937585	107.75488	1.3199608	2133.2466	0	0	0	0	0	0	0	0	0	0	0	0	0	0	0	0	0.036455065	9.978103	0.6353736	1334.048	0	0	0	0	0	0	0	0	0.15665998	327.85675	2.2608647	4246.228	0.14769916	0.63252544	1.5036143	3363.8064	0	0	0	0	0	0	0	0	0	0	0	0	0.04377972	0.4647997	0.43013027	1004.4803	0.12935759	176.04608	1.8256683	3347.42	0.085092835	53.237564	0.81126285	2062.565	0	0	0	0	0	0	0	0	0	0	0	0	0	0	0	0	0	0	0	0	0	0	0	0	0	0	0	0	0	0	0	0	0	0	0	0	0	0	0	0	0	0	0	0	0	0	0	0	0	0	0	0	0	0	0	0	0.031851806	37.351887	0.33039692	735.45996	0	0	0	0
GCA_003132205.1_20120500_P27_genomic	0	0	0	0	0	0	0	0	0.030623358	33.532303	0.30248246	676.0929	0	0	0	0	NaN	0	0	0	0	0	0	0	0	0	0	0	0	0	0	0	0	0	0	0	0	0	0	0	0	0	0	0	0	0	0	0	0	0	0	0	0	0	0	0	0	0	0	0	0	0	0	0	0	0	0	0	0	0	0	0	0	0	0	0	0	0	0	0	0	0	0	0	0	0	0	0	0	0	0	0	0	0	0	0	0	0	0	0	0	0	0	0	0	0	0	0	0	0	0	0	0	0	0	0	0	0	0	0	0	0	0	0	0	0	0	0	0	0	0	0	0	0	0	0	0	0	0	0	0	0	0	0	0	0	0	0	0	0	0	0	0	0	0	0	0	0	0	0	0	0	0	0	0	0	0	0	0	0	0	0	0	0	0	0	0.014018707	17.243752	0.14115122	314.20108	0	0	0	0
SRR3984960rbin.5	0	0	0	0	0	0	0	0	0	0	0	0	0	0	0	0	NaN	0	0	0	0	0	0	0	0	0	0	0	0	0	0	0	0	0	0	0	0	0	0	0	0	0	0	0	0	0	0	0	0	0	0	0	0	0	0	0	0	0	0	0	0	0	0	0	0	0	0	0	0	0	0	0	0	0	0	0	0	0	0	0	0	0	0	0	0	0	0	0	0	0	0	0	0	0	0	0	0	0	0	0	0	0	0	0	0	0	0	0	0	0	0	0	0	0	0	0	0	0	0	0	0	0	0	0	0	0	0	0	0	0	0	0	0	0	0	0	0	0	0	0	0	0	0	0	0	0	0	0	0	0	0	0	0	0	0	0	0	0	0	0	0	0	0	0	0	0	0	0	0	0	0	0	0	0	0	0	0	0	0	0	0	0	0	0
SRR12170510bin.26	0	0	0	0	0	0	0	0	0.013583756	48.604794	0.17518583	391.5662	0	0	0	0	NaN	0	0	0	0	0	0	0	0	0	0	0	0	0	0	0	0	0	0	0	0	0	0	0	0.019365225	103.08102	0.20480181	486.58826	0	0	0	0	0.017689364	36.670017	0.20000847	473.7992	0	0	0	0	0	0	0	0	0	0	0	0	0	0	0	0	0	0	0	0	0	0	0	0	0	0	0	0	0	0	0	0	0	0	0	0	0	0	0	0	0	0	0	0	0	0	0	0	0	0	0	0	0	0	0	0	0	0	0	0	0	0	0	0	0	0	0	0	0	0	0	0	0	0	0	0	0	0	0	0	0	0	0	0	0	0	0	0	0	0	0	0	0	0	0	0	0	0	0	0	0	0	0	0	0	0	0	0	0	0	0	0	0	0	0	0	0	0	0	0	0	0	0	0	0.013978944	31.08384	0.17854989	397.44998	0	0	0	0
SRR10489815bin.10	0	0	0	0	0	0	0	0	0.1761812	434.32672	1.7404968	3890.2678	0	0	0	0	NaN	0	0	0	0	0	0	0	0	0	0	0	0	0	0	0	0.06480435	20.348726	0.61041147	1457.0818	0	0	0	0	0.048982613	72.87671	0.4246812	1008.9994	0	0	0	0	0.13438614	108.64922	1.2112744	2869.3818	0	0	0	0	0	0	0	0	0	0	0	0	0	0	0	0	0	0	0	0	0	0	0	0	0	0	0	0	0	0	0	0	0	0	0	0	0	0	0	0	0	0	0	0	0	0	0	0	0	0	0	0	0	0	0	0	0	0	0	0	0	0	0	0	0	0	0	0	0	0	0	0	0	0	0	0	0	0	0	0	0	0	0	0	0	0	0	0	0	0	0	0	0	0	0	0	0	0	0	0	0	0	0	0	0	0	0	0	0	0	0	0	0	0	0	0	0	0	0	0	0	0	0	0	0.12479966	197.67523	1.2368722	2753.2632	0	0	0	0
SRR11833744bin.13	0	0	0	0	0	0	0	0	0.05012547	265.8053	0.5739961	1282.9658	0.053101227	35.81595	0.8741434	1950.2474	NaN	0	0	0	0	0	0	0	0	0	0	0	0	0	0	0	0.05305569	32.28497	0.56332374	1344.681	0	0	0	0	0.052921884	307.99133	0.5088975	1209.0887	0.055628933	1.0204049	0.48056373	1400.3782	0.049716484	111.60816	0.512984	1215.2057	0.06175536	1.5558351	0.49284598	1418.4935	0	0	0	0	0	0	0	0	0	0	0	0	0	0	0	0	0	0	0	0	0	0	0	0	0	0	0	0	0	0	0	0	0	0	0	0	0	0	0	0	0	0	0	0	0	0	0	0	0	0	0	0	0	0	0	0	0	0	0	0	0	0	0	0	0	0	0	0	0	0	0	0	0	0	0	0	0	0	0	0	0.029519964	20.358908	0.6360468	1401.8159	0	0	0	0	0	0	0	0	0.016892716	18.399065	0.29647556	700.0075	0	0	0	0	0	0	0	0	0	0	0	0	0	0	0	0	0	0	0	0	0.024732001	24.060396	0.40539402	868.3275	0.050337154	144.63446	0.5729739	1275.4327	0.07638127	1.0939698	0.8950813	2124.9065
SRR11833234bin.10	0	0	0	0	0	0	0	0	0.011155813	11.804959	0.13168494	294.33536	0	0	0	0	NaN	0	0	0	0	0	0	0	0	0	0	0	0	0	0	0	0	0	0	0	0	0	0	0	0	0	0	0	0	0	0	0	0	0	0	0	0	0	0	0	0	0	0	0	0	0	0	0	0	0	0	0	0	0	0	0	0	0	0	0	0	0	0	0	0	0	0	0	0	0	0	0	0	0	0	0	0	0	0	0	0	0	0	0	0	0	0	0	0	0	0	0	0	0	0	0	0	0	0	0	0	0	0	0	0	0	0	0	0	0	0	0	0	0	0	0	0	0	0	0	0.030910488	12.92981	0.6758907	1489.6304	0	0	0	0	0	0	0	0	0.021450635	20.914833	0.39644668	936.0491	0	0	0	0	0	0	0	0	0	0	0	0	0	0	0	0	0	0	0	0	0	0	0	0	0	0	0	0	0	0	0	0
GCA_003153335.1_20120700_P3D_genomic	0	0	0	0	0	0	0	0	0.03306253	57.11259	0.339671	759.2149	0	0	0	0	NaN	0	0	0	0	0	0	0	0	0	0	0	0	0	0	0	0.021223994	8.307833	0.20350131	485.76758	0	0	0	0	0.014110352	25.839216	0.12532054	297.7487	0	0	0	0	0.012900818	7.8855557	0.1213569	287.48203	0	0	0	0	0	0	0	0	0	0	0	0	0	0	0	0	0	0	0	0	0	0	0	0	0	0	0	0	0	0	0	0	0	0	0	0	0	0	0	0	0	0	0	0	0	0	0	0	0	0	0	0	0	0	0	0	0	0	0	0	0	0	0	0	0	0	0	0	0	0	0	0	0	0	0	0	0	0	0	0	0	0	0	0	0.053556062	28.086075	1.006374	2217.9993	0.057766918	72.4979	1.0932456	2411.2458	0	0	0	0	0.04211135	43.40982	0.6206957	1465.5228	0	0	0	0	0.060174245	0.45355156	1.2911506	2647.588	0	0	0	0	0	0	0	0	0.04417061	1.0209123	0.91395605	1978.5361	0.047426026	36.012623	0.675659	1447.2173	0.031000534	47.146908	0.31610557	703.6472	0	0	0	0
166_merged	0	0	0	0	0	0	0	0	0.86065745	5924.5103	8.518558	19040.238	0.40176475	285.07513	5.756702	12843.426	NaN	0	0	0	0.5947032	2983.2327	24.508581	49163.85	1.0119033	711.6006	15.208722	35078.477	0	0	0	0	1.3870234	1162.1033	12.887494	30763.07	0.5247957	769.6191	4.800036	13735.2295	1.7747833	13759.152	15.356309	36485.03	0.91588473	15.992946	6.7126665	19560.922	1.5967435	5203.183	14.201177	33641.105	0.89472526	20.522778	6.1622434	17735.965	0.044067968	52.434517	0.60504454	977.83875	0	0	0	0	0	0	0	0	0	0	0	0	0	0	0	0	0.049373955	18.151037	0.85448843	1794.1078	0	0	0	0	0.05678691	1.1510416	0.48855665	984.6471	0.48257983	1137.7686	6.644683	12479.667	1.5732847	9.05215	15.547852	34782.832	0.5055223	2295.5938	10.42768	17803.465	0	0	0	0	0.698627	0.6845925	18.56938	29384.912	0.8278609	14.123025	7.641055	17844.105	0.46061048	691.9361	6.3174753	11583.288	1.2139846	871.5	10.95874	27861.643	0	0	0	0	0	0	0	0	0	0	0	0	0	0	0	0	0.054653127	27.49743	1.0618732	2340.317	0.2575169	316.06082	4.7580056	10494.187	0	0	0	0	0.038707625	54.47566	0.6284888	1483.9226	0.20988093	1206.3125	8.292224	14680.113	0	0	0	0	0	0	0	0	0	0	0	0	0.025357068	0.5871949	0.56579834	1224.8423	0.09688314	78.43591	1.387798	2972.5715	1.2329285	4659.1597	12.092607	26918.004	0.611098	7.537034	6.2953687	14945.09
SRR10489834bin.29	0	0	0	0	0	0	0	0	0.25774395	6429.6577	2.740101	6124.53	0.12451169	125.83037	1.8957317	4229.4517	NaN	0	0	0	0	0	0	0	0.33060202	300.9471	5.2331767	12070.173	0	0	0	0	0.41146776	1179.928	4.027249	9613.237	0	0	0	0	0.46691653	18007.887	4.1998687	9978.46	0.30187842	14.816582	2.3394725	6817.297	0.41382924	5826.125	3.9097435	9261.771	0.2922851	20.771338	2.1244824	6114.6177	0.075561	262.89276	1.0951835	1769.9738	0	0	0	0	0	0	0	0	0	0	0	0	0	0	0	0	0.06221101	40.190063	1.1166322	2344.5122	0	0	0	0	0.038379103	1.7700597	0.359856	725.26086	0.1438142	361.2948	2.1421454	4023.2566	0.27594534	3.2467222	2.9867513	6681.8022	0	0	0	0	0	0	0	0	0	0	0	0	0.17123677	7.7411156	1.7283202	4036.1345	0.13692294	248.68703	2.046206	3751.7813	0.21012986	280.3907	2.0880682	5308.7314	0	0	0	0	0	0	0	0	0	0	0	0	0	0	0	0	0.043979533	27.900526	0.8827103	1945.4502	0.09530071	160.05559	1.9016721	4194.299	0	0	0	0	0.048409425	84.73805	0.778074	1837.1084	0	0	0	0	0	0	0	0	0	0	0	0	0	0	0	0	0.02849922	0.8686061	0.64336723	1392.7638	0.060452886	78.70365	0.9137301	1957.1497	0.3235534	4777.8086	3.4113183	7593.5547	0.22197732	5.2835674	2.430564	5770.113
SRR3989239rbin.10	0	0	0	0	0	0	0	0	0.047233682	37.30709	0.45426852	1015.3573	0.061512433	35.884926	0.86198866	1923.1298	NaN	0	0	0	0	0	0	0	0	0	0	0	0	0	0	0	0.018413523	5.223859	0.17805026	425.01453	0	0	0	0	0.014289172	17.625074	0.1296827	308.11304	0	0	0	0	0.012015622	4.820833	0.112082206	265.511	0	0	0	0	0.95391816	1204.4641	12.148917	19634.396	0.029169701	9.910176	0.26599893	540.7686	0.9105826	9009.894	17.11505	30690.758	0.02181709	11.488146	0.16582705	337.09048	0.765493	1970.0039	15.623198	27200.334	0.1396782	35.817604	2.3538404	4942.1885	0	0	0	0	0.11831976	2.245761	1.0303179	2076.5237	0	0	0	0	0	0	0	0	0	0	0	0	0	0	0	0	0	0	0	0	0	0	0	0	0.2113204	270.27524	2.9081068	5332.1045	0	0	0	0	0	0	0	0	0	0	0	0	0	0	0	0	0	0	0	0	0	0	0	0	0	0	0	0	0	0	0	0	0	0	0	0	0	0	0	0	0	0	0	0	0	0	0	0	0	0	0	0	0	0	0	0	0	0	0	0	0.057831693	63.973835	0.5567525	1239.3247	0	0	0	0
GCA_003139575.1_20110800_P2D_genomic	0	0	0	0	0	0	0	0	0.0097075	47.47064	0.11739099	262.38617	0	0	0	0	NaN	0	0	0	0	0	0	0	0	0	0	0	0	0	0	0	0	0	0	0	0	0	0	0	0	0	0	0	0	0	0	0	0	0	0	0	0	0	0	0	0	0	0	0	0	0	0	0	0	0	0	0	0	0	0	0	0	0	0	0	0	0	0	0	0	0	0	0	0	0	0	0	0	0	0	0	0	0	0	0	0	0	0	0	0	0	0	0	0	0	0	0	0	0	0	0	0	0	0	0	0	0	0	0	0	0	0	0	0	0	0	0	0.07400089	199.85612	1.9763535	4021.375	0	0	0	0	0.059388097	31.688728	1.1931084	2629.5532	0.054620195	58.699177	1.1071255	2441.8604	0	0	0	0	0.08809894	118.547295	1.3590004	3208.732	0	0	0	0	0.07143102	0.6623489	1.6198169	3321.5396	0.0743356	1658.4506	2.146821	4130.184	0	0	0	0	0.07781643	3.043276	1.6994001	3678.868	0.07358976	92.56244	1.118826	2396.4524	0	0	0	0	0	0	0	0
16p_S16_bin.21	0	0	0	0	0	0	0	0	0.13147789	270.55847	1.259668	2815.5447	0.20296988	100.411545	2.7845945	6212.5376	NaN	0	0	0	0	0	0	0	0	0	0	0	0	0	0	0	0.25575778	104.89782	2.2829125	5449.421	0	0	0	0	0.22415406	685.39905	1.8595365	4418.07	0.16066292	2.5577908	1.1464006	3340.6477	0.18542774	194.08725	1.597013	3783.1582	0.17693076	2.7557797	1.1736733	3378.0283	0	0	0	0	0	0	0	0	0	0	0	0	0	0	0	0	0	0	0	0	0	0	0	0	0	0	0	0	0	0	0	0	0	0	0	0	0	0	0	0	0	0	0	0	0	0	0	0	0	0	0	0	0	0	0	0	0	0	0	0	0	0	0	0	0	0	0	0	0	0	0	0	0	0	0	0	0	0	0	0	0	0	0	0	0.04647075	52.528263	0.847585	1869.4213	0	0	0	0	0	0	0	0	0	0	0	0	0	0	0	0	0	0	0	0	0	0	0	0	0	0	0	0	0.021617142	14.988304	0.306556	656.6229	0.15951376	240.10631	1.5174345	3377.7915	0.12476369	1.2016397	1.2511675	2970.2478
GCA_003140945.1_20120800_E3X_genomic	0	0	0	0	0	0	0	0	0.1114654	291.8531	1.101168	2461.2737	0.05816458	32.36946	0.8213531	1832.4707	NaN	0	0	0	0	0	0	0	0	0	0	0	0	0	0	0	0.23266438	116.767654	2.141062	5110.818	0	0	0	0	0.1904398	767.0511	1.6262645	3863.8386	0.081296064	0.85519916	0.59502023	1733.9078	0.27924165	590.02356	2.4830484	5882.0835	0.12597561	2.1083586	0.86698395	2495.3252	0.65407777	1376.7135	8.215982	13278.203	0.081767984	37.794117	0.6929043	1408.6559	1.3298129	13676.744	24.505423	43943.195	0.08397721	58.5131	0.5956492	1210.8264	1.0829589	3594.151	21.441523	37330.16	0.6551467	439.6192	10.585155	22224.88	0	0	0	0	0.25569892	7.85633	2.1417804	4316.5874	1.4159245	4274.15	19.28035	36211.258	0.8570797	5.2785015	8.520544	19061.715	1.1785369	5359.6816	23.73317	40520.305	0	0	0	0	0.796905	0.81542414	21.192644	33536.055	0.8156014	21.959253	7.5050635	17526.525	1.5687478	4046.2803	21.268473	38996.406	0.40754172	292.43317	3.7196143	9456.796	0	0	0	0	0	0	0	0	0	0	0	0	0	0	0	0	0	0	0	0	0.04636543	48.616932	0.8516373	1878.3593	0	0	0	0	0	0	0	0	0	0	0	0	0	0	0	0	0	0	0	0	0	0	0	0	0	0	0	0	0	0	0	0	0.10634451	184.85878	1.0500512	2337.4016	0	0	0	0
SRR8879134rbin.12	0	0	0	0	0	0	0	0	0.015746057	64.05567	0.20715445	463.021	0	0	0	0	NaN	0	0	0	0	0	0	0	0	0	0	0	0	0	0	0	0	0	0	0	0	0	0	0	0.008160821	19.680693	0.09237718	219.4787	0	0	0	0	0	0	0	0	0	0	0	0	0	0	0	0	0	0	0	0	0	0	0	0	0	0	0	0	0	0	0	0	0	0	0	0	0	0	0	0	0	0	0	0	0	0	0	0	0	0	0	0	0	0	0	0	0	0	0	0	0	0	0	0	0	0	0	0	0	0	0	0	0	0	0	0	0	0	0	0	0	0	0	0	0	0	0	0	0	0	0	0	0.036101706	23.564388	0.88808596	1957.298	0	0	0	0	0	0	0	0	0.047085673	76.64353	0.89357847	2109.8257	0	0	0	0	0	0	0	0	0.046910655	918.59534	1.6569011	3187.647	0	0	0	0	0.049119808	2.270427	1.3129127	2842.1987	0.04587347	65.00184	0.8523207	1825.6146	0.017417796	45.181213	0.23022228	512.47205	0	0	0	0
GCA_003133645.1_20120500_P19_genomic	0	0	0	0	0	0	0	0	0	0	0	0	0	0	0	0	NaN	0	0	0	0	0	0	0	0	0	0	0	0	0	0	0	0	0	0	0	0	0	0	0	0	0	0	0	0	0	0	0	0	0	0	0	0	0	0	0	0.03734642	25.086563	0.51991445	840.2561	0	0	0	0	0	0	0	0	0	0	0	0	0	0	0	0	0	0	0	0	0	0	0	0	0	0	0	0	0	0	0	0	0	0	0	0	0	0	0	0	0	0	0	0	0	0	0	0	0	0	0	0	0	0	0	0	0	0	0	0	0	0	0	0	0	0	0	0	0	0	0	0	0	0	0	0	0	0	0	0	0	0	0	0	0	0	0	0	0	0	0	0	0	0	0	0	0	0	0	0	0	0	0	0	0	0	0	0	0	0	0	0	0	0	0	0	0	0	0	0	0	0	0	0
SRR1586309rbin.1	0	0	0	0	0	0	0	0	0.014702047	31.843645	0.17088959	381.96335	0	0	0	0	NaN	0	0	0	0	0	0	0	0	0	0	0	0	0	0	0	0	0	0	0	0	0	0	0	0.009813055	31.020819	0.09500301	225.71738	0	0	0	0	0	0	0	0	0	0	0	0	0	0	0	0	0	0	0	0	0	0	0	0	0	0	0	0	0	0	0	0	0	0	0	0	0	0	0	0	0	0	0	0	0	0	0	0	0	0	0	0	0	0	0	0	0	0	0	0	0	0	0	0	0	0	0	0	0	0	0	0	0	0	0	0	0.21930149	0.94987434	8.514115	15911.971	0	0	0	0	0.25282964	746.8109	6.242472	12701.836	0.24993677	1.3259443	7.4992666	16400.646	0.18064842	89.86294	3.3341188	7348.238	0.20063679	232.04053	3.6900208	8138.6577	0	0	0	0	0.24047911	263.44897	3.385854	7994.3286	0.21475916	1117.0347	8.2963705	14687.459	0.32515827	2.6513035	6.7672176	13876.615	0.29121718	5109.955	7.599647	14620.664	0.24058631	1220.7899	15.907717	24464.447	0.28897613	8.506036	5.763989	12477.905	0.299753	288.90268	4.126085	8837.804	0	0	0	0	0	0	0	0
SRR11742949bin.18	0	0	0	0	0	0	0	0	0.010580031	20.494595	0.13546439	302.783	0	0	0	0	NaN	0	0	0	0	0	0	0	0	0	0	0	0	0	0	0	0	0	0	0	0	0	0	0	0	0	0	0	0	0	0	0	0	0	0	0	0	0	0	0	0	0	0	0	0	0	0	0	0	0	0	0	0	0	0	0	0	0	0	0	0	0	0	0	0	0	0	0	0	0	0	0	0	0	0	0	0	0	0	0	0	0	0	0	0	0	0	0	0	0	0	0	0	0	0	0	0	0	0	0	0	0	0	0	0	0	0	0	0	0	0	0	0	0	0	0	0	0	0	0	0.04673204	31.353354	1.0534351	2321.7192	0	0	0	0	0	0	0	0	0.04070379	57.326843	0.7165031	1691.7329	0	0	0	0	0.06402676	0.6607591	1.6328988	3348.365	0.05285271	926.76276	1.7112349	3292.1792	0	0	0	0	0.06125039	2.7856393	1.491174	3228.0994	0.05519841	75.122246	0.94079185	2015.1143	0	0	0	0	0	0	0	0
SRR7968382rbin.1	0	0	0	0	0	0	0	0	0.04640424	440.11255	0.5140904	1149.0686	0.06601271	66.16191	1.0428996	2326.7498	NaN	0	0	0	0	0	0	0	0	0	0	0	0	0	0	0	0.04080427	32.96543	0.42099366	1004.932	0	0	0	0	0.050185185	481.305	0.46617314	1107.5801	0.12504761	5.3860435	1.0252687	2987.6655	0.054294944	256.8214	0.54160774	1283.0123	0.0978422	5.303245	0.7455779	2145.8982	0	0	0	0	0	0	0	0	0	0	0	0	0	0	0	0	0	0	0	0	0	0	0	0	0	0	0	0	0	0	0	0	0	0	0	0	0	0	0	0	0	0	0	0	0	0	0	0	0	0	0	0	0	0	0	0	0	0	0	0	0	0	0	0	0	0	0	0	0	0	0	0	0	0	0	0	0	0	0	0	0	0	0	0	0	0	0	0	0	0	0	0	0.025523711	40.860973	0.41398984	977.47	0	0	0	0	0	0	0	0	0	0	0	0	0	0	0	0	0	0	0	0	0.028294178	40.458878	0.4405507	943.63086	0.04164094	175.99295	0.45751175	1018.4155	0.13213961	3.493454	1.4804298	3514.512
SRR3989121rbin.13	0	0	0	0	0	0	0	0	0.100868516	150.33784	0.9931485	2219.834	0.06554504	40.132004	0.928647	2071.8474	NaN	0	0	0	0	0	0	0	0	0	0	0	0	0	0	0	0.19490619	58.619022	1.7707855	4226.951	0	0	0	0	0.122690156	179.53806	1.0313554	2450.395	0.05623433	0.49313408	0.40594548	1182.9379	0.11510675	63.85851	1.0175458	2410.4595	0.0698012	0.7911462	0.469056	1350.0219	0	0	0	0	0	0	0	0	0	0	0	0	0	0	0	0	0	0	0	0	0	0	0	0	0	0	0	0	0	0	0	0	0	0	0	0	0	0	0	0	0	0	0	0	0	0	0	0	0	0	0	0	0	0	0	0	0	0	0	0	0	0	0	0	0	0	0	0	0	0	0	0	0	0	0	0	0	0	0	0	0	0	0	0	0	0	0	0	0	0	0	0	0	0	0	0	0	0	0	0	0	0	0	0	0	0	0	0	0	0	0	0	0	0	0	0	0	0	0	0	0.104505174	142.31903	1.0196345	2269.6946	0	0	0	0
SRR10489811bin.7	0	0	0	0	0	0	0	0	0.0531316	308.47308	0.50938207	1138.5444	0	0	0	0	NaN	0	0	0	0	0	0	0	0	0	0	0	0	0	0	0	0.061905585	69.78652	0.5620412	1341.6195	0	0	0	0	0.06262674	701.6511	0.5446214	1293.9652	0	0	0	0	0.05839978	271.49252	0.51120585	1210.9934	0	0	0	0	0	0	0	0	0	0	0	0	0	0	0	0	0	0	0	0	0	0	0	0	0	0	0	0	0	0	0	0	0	0	0	0	0	0	0	0	0	0	0	0	0	0	0	0	0	0	0	0	0	0	0	0	0	0	0	0	0	0	0	0	0	0	0	0	0	0	0	0	0	0	0	0	0	0	0	0	0	0	0	0	0	0	0	0	0	0	0	0	0	0	0	0	0	0	0	0	0	0	0	0	0	0	0	0	0	0	0	0	0	0	0	0	0	0	0	0	0	0	0	0	0.06772635	266.96432	0.6462924	1438.6389	0	0	0	0
SRR11271806bin.7	0	0	0	0	0	0	0	0	0.014522901	54.589985	0.16517255	369.18527	0	0	0	0	NaN	0	0	0	0	0	0	0	0	0	0	0	0	0	0	0	0	0	0	0	0	0	0	0	0.02028748	85.0554	0.1938746	460.62637	0.053600784	1.3499448	0	0	0.019385753	35.507618	0.19543502	462.96515	0	0	0	0	0	0	0	0	0	0	0	0	0	0	0	0	0	0	0	0	0	0	0	0	0	0	0	0	0	0	0	0	0	0	0	0	0	0	0	0	0	0	0	0	0	0	0	0	0	0	0	0	0	0	0	0	0	0	0	0	0	0	0	0	0	0	0	0	0	0	0	0	0	0	0	0	0	0	0	0	0	0	0	0	0	0	0	0	0	0	0	0	0	0	0	0	0	0	0	0	0	0	0	0	0	0	0	0	0	0	0	0	0	0	0	0	0	0	0	0	0	0	0	0	0.012712217	23.696692	0.1462054	325.45142	0	0	0	0
SRR10489819bin.2	0	0	0	0	0	0	0	0	0	0	0	0	0	0	0	0	NaN	0	0	0	0	0	0	0	0	0	0	0	0	0	0	0	0	0	0	0	0	0	0	0	0	0	0	0	0	0	0	0	0	0	0	0	0	0	0	0	0	0	0	0	0	0	0	0	0	0	0	0	0	0	0	0	0	0	0	0	0	0	0	0	0	0	0	0	0	0	0	0	0	0	0	0	0	0	0	0	0	0	0	0	0	0	0	0	0	0	0	0	0	0	0	0	0	0	0	0	0	0	0	0	0	0	0	0	0	0	0	0	0	0	0	0	0	0	0	0	0	0	0	0	0	0	0	0	0	0	0	0	0	0	0	0	0	0	0	0	0	0	0	0	0	0	0	0	0	0	0	0	0	0	0	0	0	0	0	0	0	0	0	0	0	0	0	0
SRR3989257rbin.48	0	0	0	0	0	0	0	0	0	0	0	0	0	0	0	0	NaN	0	0	0	0	0	0	0	0	0	0	0	0	0	0	0	0	0	0	0	0	0	0	0	0	0	0	0	0	0	0	0	0	0	0	0	0	0	0	0	0	0	0	0	0	0	0	0	0	0	0	0	0	0	0	0	0	0	0	0	0	0	0	0	0	0	0	0	0	0	0	0	0	0	0	0	0	0	0	0	0	0	0	0	0	0	0	0	0	0	0	0	0	0	0	0	0	0	0	0	0	0	0	0	0	0	0	0	0	0	0	0	0	0	0	0	0	0	0	0	0	0	0	0	0	0	0	0	0	0	0	0	0	0	0	0	0	0	0	0	0	0	0	0	0	0	0	0	0	0	0	0	0	0	0	0	0	0	0	0	0	0	0	0	0	0	0	0
SRR3984963rbin.18	0	0	0	0	0	0	0	0	0.82449836	6434.5063	7.9485955	17766.285	1.0101165	873.5182	14.111374	31483.023	NaN	0	0	0	1.008702	4410.904	40.29459	80830.33	0.41131595	267.47083	6.2263336	14360.858	0	0	0	0	0.30221474	200.52533	2.8677006	6845.3403	0.32143742	472.38312	2.972353	8505.343	0.3205797	1843.2544	2.780959	6607.277	0.3022892	18.043821	2.2586627	6581.8125	0.2765117	1175.7574	2.550982	6043.0083	0.34007123	15.938328	2.3604252	6793.702	0.14757763	117.36057	2.0022466	3235.9175	0	0	0	0	0	0	0	0	0	0	0	0	0	0	0	0	0	0	0	0	0.32810023	1991.6563	52.613194	72601.4	0.036652543	0.52989626	0.30012244	604.87274	0.2012771	305.96616	2.8333163	5321.373	0	0	0	0	0	0	0	0	0	0	0	0	0	0	0	0	0.044983402	0.5224068	0.46815118	1093.27	0.22032875	228.14775	3.0635662	5617.1436	0.041973867	20.013504	0.4098743	1042.0695	0.3922272	1.7103897	15.003722	28040.344	0.30824712	0.36031467	28.134523	44754.816	0.39155316	1131.762	9.473296	19275.742	0.39836842	2.2044473	11.731839	25657.158	0.54897904	398.78497	9.739283	21464.904	0.5509177	689.23346	9.870937	21771.195	0	0	0	0	0.2796576	360.52158	3.851868	9094.632	0.28530663	1340.7866	10.965052	19411.945	0.31171307	2.5887463	6.344295	13009.389	0.3269088	5710.042	8.414215	16187.783	0.22879334	1014.4081	14.643554	22520.291	0.2837759	11.568111	5.514692	11938.224	0.4620611	674.4105	6.199994	13279.977	0.8581634	3259.8867	8.242339	18347.352	1.62991	35.31889	16.18104	38413.477
SRR8554503rbin.30	0	0	0	0	0	0	0	0	0.032578908	93.87619	0.34253973	765.6272	0	0	0	0	NaN	0	0	0	0	0	0	0	0	0	0	0	0	0	0	0	0.021838851	7.914763	0.21005933	501.42175	0	0	0	0	0.015316677	29.05327	0.13389158	318.11285	0	0	0	0	0.013702743	9.209136	0.13021085	308.4558	0	0	0	0	0	0	0	0	0	0	0	0	0	0	0	0	0	0	0	0	0	0	0	0	0	0	0	0	0	0	0	0	0	0	0	0	0	0	0	0	0	0	0	0	0	0	0	0	0	0	0	0	0	0	0	0	0	0	0	0	0	0	0	0	0	0	0	0	0	0	0	0	0	0	0	0	0	0	0	0	0	0	0	0	0	0	0	0	0	0	0	0	0	0	0	0	0	0	0	0	0	0	0	0	0	0	0	0	0	0	0	0	0	0	0	0	0	0	0	0	0	0	0	0	0.048027683	79.72591	0.48921433	1088.9855	0	0	0	0
SRR3989121rbin.10	0	0	0	0	0	0	0	0	0.26818565	381.40402	2.5995727	5810.429	0.15909807	91.0907	2.2409835	4999.721	NaN	0	0	0	0	0	0	0	0	0	0	0	0	0	0	0	0.1506928	46.75454	1.3828897	3301.0244	0	0	0	0	0.15286121	248.78186	1.3086785	3109.2874	0.08614312	0.822287	0.6233839	1816.5602	0.11640262	69.05581	1.029108	2437.85	0.0895655	1.0832503	0.60571027	1743.3357	0.26268235	291.15616	3.3885195	5476.3345	0	0	0	0	0	0	0	0	0	0	0	0	0	0	0	0	0.06282893	22.191984	1.0867256	2281.7192	0	0	0	0	0.07410913	1.3556722	0.6511733	1312.3877	0	0	0	0	0	0	0	0	0	0	0	0	0	0	0	0	0	0	0	0	0	0	0	0	0.13477653	176.85948	1.8791265	3445.436	0	0	0	0	0	0	0	0	0	0	0	0	0	0	0	0	0	0	0	0	0	0	0	0	0	0	0	0	0	0	0	0	0	0	0	0	0	0	0	0	0	0	0	0	0	0	0	0	0	0	0	0	0	0	0	0	0.017198928	11.655744	0.25864428	553.99896	0.30966973	426.19308	2.9906807	6657.2188	0.13540745	1.062365	1.3704326	3253.3818
11p_S11_bin.8	0	0	0	0	0	0	0	0	0.19403589	193.87418	1.8500513	4135.138	0.24405642	129.23822	3.372929	7525.136	NaN	0	0	0	0	0	0	0	0	0	0	0	0	0	0	0	0.528244	196.47565	4.730478	11291.882	0	0	0	0	0.48729518	1250.05	4.0326896	9581.259	0.27170634	2.615902	1.9382108	5648.009	0.3823792	364.65112	3.316571	7856.6084	0.29266974	3.5962894	1.9533299	5622.0127	0	0	0	0	0	0	0	0	0	0	0	0	0	0	0	0	0	0	0	0	0	0	0	0	0	0	0	0	0.017300492	0.25181127	0.14089295	283.9583	0	0	0	0	0	0	0	0	0	0	0	0	0	0	0	0	0	0	0	0	0	0	0	0	0	0	0	0	0	0	0	0	0	0	0	0	0	0	0	0	0	0	0	0	0	0	0	0	0	0	0	0	0.07699119	78.504166	1.4182097	3127.9832	0	0	0	0	0	0	0	0	0	0	0	0	0	0	0	0	0	0	0	0	0	0	0	0	0	0	0	0	0.029305723	18.023336	0.41504318	888.9952	0.22056535	264.83533	2.100263	4675.16	0.20353322	1.4460768	2.0117416	4775.838
GCA_003170395.1_20110800_P1D_genomic	0	0	0	0	0	0	0	0	0	0	0	0	0	0	0	0	NaN	0	0	0	0	0	0	0	0	0	0	0	0	0	0	0	0	0	0	0	0	0	0	0	0	0	0	0	0	0	0	0	0	0	0	0	0	0	0	0	0	0	0	0	0	0	0	0	0	0	0	0	0	0	0	0	0	0	0	0	0	0	0	0	0	0	0	0	0	0	0	0	0	0	0	0	0	0	0	0	0	0	0	0	0	0	0	0	0	0	0	0	0	0	0	0	0	0	0	0	0	0	0	0	0	0	0	0	0	0	0	0	0	0	0	0	0	0	0	0	0	0	0	0	0	0	0	0	0	0	0	0	0	0	0	0	0	0	0	0	0	0	0	0	0	0	0	0	0	0	0	0	0	0	0	0	0	0	0	0	0	0	0	0	0	0	0	0
SRR10489814bin.10	0	0	0	0	0	0	0	0	0	0	0	0	0	0	0	0	NaN	0	0	0	0	0	0	0	0	0	0	0	0	0	0	0	0	0	0	0	0	0	0	0	0	0	0	0	0	0	0	0	0	0	0	0	0	0	0	0	0	0	0	0	0	0	0	0	0	0	0	0	0	0	0	0	0	0	0	0	0	0	0	0	0	0	0	0	0	0	0	0	0	0	0	0	0	0	0	0	0	0	0	0	0	0	0	0	0	0	0	0	0	0	0	0	0	0	0	0	0	0	0	0	0	0	0	0	0	0	0	0	0	0	0	0	0	0	0	0	0.02410086	9.968527	0.47265154	1041.7008	0	0	0	0	0	0	0	0	0	0	0	0	0	0	0	0	0	0	0	0	0	0	0	0	0	0	0	0	0	0	0	0	0	0	0	0	0	0	0	0	0	0	0	0
SRR5664279rbin.18	0	0	0	0	0	0	0	0	0.026416171	153.97137	0.28820544	644.1819	0	0	0	0	NaN	0	0	0	0	0	0	0	0	0	0	0	0	0	0	0	0	0	0	0	0	0	0	0	0.0106712	23.46288	0.104786895	248.96298	0	0	0	0	0	0	0	0	0	0	0	0	0.040764283	30.200022	0.5720342	924.4894	0	0	0	0	0	0	0	0	0	0	0	0	0	0	0	0	0	0	0	0	0	0	0	0	0	0	0	0	0	0	0	0	0	0	0	0	0	0	0	0	0	0	0	0	0	0	0	0	0	0	0	0	0.076321855	90.51275	1.0658908	1954.3434	0	0	0	0	0	0	0	0	0	0	0	0	0	0	0	0	0	0	0	0	0	0	0	0	0	0	0	0	0	0	0	0	0	0	0	0	0	0	0	0	0	0	0	0	0	0	0	0	0	0	0	0	0	0	0	0	0	0	0	0	0.02383446	65.560356	0.2593368	577.2807	0	0	0	0
23_S49_bin.8	0	0	0	0	0	0	0	0	0	0	0	0	0	0	0	0	NaN	0	0	0	0	0	0	0	0	0	0	0	0	0	0	0	0	0	0	0	0	0	0	0	0	0	0	0	0.116994426	5.096237	0.888587	2589.371	0	0	0	0	0	0	0	0	0	0	0	0	0	0	0	0	0	0	0	0	0	0	0	0	0	0	0	0	0	0	0	0	0	0	0	0	0	0	0	0	0	0	0	0	1.7683257	8.707003	17.094326	38242.52	0	0	0	0	2.5805185	0.92849827	46.26964	125832.9	0	0	0	0	1.7889553	21.09178	15.862235	37042.97	0	0	0	0	1.970545	1440.7698	17.38568	44201.57	0	0	0	0	0	0	0	0	0	0	0	0	0	0	0	0	0	0	0	0	0	0	0	0	0	0	0	0	0	0	0	0	0	0	0	0	0	0	0	0	0	0	0	0	0	0	0	0	0	0	0	0	0	0	0	0	0	0	0	0	0	0	0	0
SRR1586266rbin.5	0	0	0	0	0	0	0	0	0.012948129	62.07976	0.15075709	336.9645	0	0	0	0	NaN	0	0	0	0	0	0	0	0	0	0	0	0	0	0	0	0	0	0	0	0	0	0	0	0	0	0	0	0	0	0	0	0	0	0	0	0	0	0	0	0	0	0	0	0	0	0	0	0	0	0	0	0	0	0	0	0	0	0	0	0	0	0	0	0	0	0	0	0	0	0	0	0	0	0	0	0	0	0	0	0	0	0	0	0	0	0	0	0	0	0	0	0	0	0	0	0	0	0	0	0	0	0	0	0.1537272	0.7006134	6.019748	11250.262	0	0	0	0	0.17072377	500.92917	4.290544	8730.16	0.1694518	0.90535104	5.1166854	11190.03	0.12326132	69.439766	2.313272	5098.339	0.13477375	158.09373	2.501537	5517.352	0	0	0	0	0.16966134	215.68437	2.4140453	5699.7954	0.15463614	814.6503	6.002433	10626.388	0.21277514	1.9875531	4.4879413	9202.815	0.19782515	3746.2524	5.256486	10112.749	0	0	0	0	0.20510443	7.7676954	4.147648	8978.846	0.19439264	229.45923	2.727249	5841.588	0	0	0	0	0	0	0	0
SRR8554483rbin.107	0	0	0	0	0	0	0	0	0.0192405	60.177578	0.23024155	514.6241	0	0	0	0	NaN	0	0	0	0	0	0	0	0	0	0	0	0	0	0	0	0	0	0	0	0	0	0	0	0.007964823	14.909452	0.08306857	197.3626	0	0	0	0	0	0	0	0	0	0	0	0	0	0	0	0	0	0	0	0	0	0	0	0	0	0	0	0	0	0	0	0	0	0	0	0	0	0	0	0	0	0	0	0	0	0	0	0	0	0	0	0	0	0	0	0	0	0	0	0	0	0	0	0	0	0	0	0	0	0	0	0	0	0	0	0	0	0	0	0	0	0	0	0	0	0	0	0	0	0	0	0	0.022953104	12.160761	0.57083994	1258.1036	0	0	0	0	0	0	0	0	0.03004651	46.906727	0.5723633	1351.4053	0	0	0	0	0	0	0	0	0	0	0	0	0	0	0	0	0.033226803	1.4931469	0.88615155	1918.3442	0.03555938	49.676823	0.6409024	1372.7712	0.023386385	49.886414	0.27948937	622.14014	0	0	0	0
SRR6202162rbin.6	0	0	0	0	0	0	0	0	0	0	0	0	0	0	0	0	NaN	0	0	0	0	0	0	0	0	0	0	0	0	0	0	0	0	0	0	0	0	0	0	0	0	0	0	0	0	0	0	0	0	0	0	0	0	0	0	0	0	0	0	0	0	0	0	0	0	0	0	0	0	0	0	0	0	0	0	0	0	0	0	0	0	0	0	0	0	0	0	0	0	0	0	0	0	0	0	0	0	0	0	0	0	0	0	0	0	0	0	0	0	0	0	0	0	0	0	0	0	0	0	0	0.19138737	0.8757689	7.5636606	14135.666	0	0	0	0	0.16004457	491.71637	4.0777106	8297.101	0.11610366	0.5993518	3.6172433	7910.7935	0.10797266	56.93879	2.0355632	4486.283	0.18434107	243.5437	3.4802184	7675.9204	0	0	0	0	0.21783467	3781.137	3.1329246	7397.139	0.22580098	1279.0138	8.890944	15740.056	0.3313181	13.867105	7.0006533	14355.293	0.36174226	7434.7515	9.600861	18470.723	0	0	0	0	0.26421696	8.891257	5.3499594	11581.614	0.30481395	4878.495	4.2794976	9166.404	0	0	0	0	0	0	0	0
SRR3989258rbin.23	0	0	0	0	0	0	0	0	0.0077009974	22.59535	0.0850721	190.1487	0	0	0	0	NaN	0	0	0	0	0	0	0	0	0	0	0	0	0	0	0	0	0	0	0	0	0	0	0	0	0	0	0	0	0	0	0	0	0	0	0	0	0	0	0	0	0	0	0	0	0	0	0	0	0	0	0	0	0	0	0	0	0	0	0	0.025831655	8.812187	0.48422703	1016.6965	0	0	0	0	0	0	0	0	0	0	0	0	0	0	0	0	0	0	0	0	0	0	0	0	0	0	0	0	0	0	0	0	0	0	0	0	0	0	0	0	0	0	0	0	0	0	0	0	0	0	0	0	0	0	0	0	0	0	0	0	0	0	0	0	0	0	0	0	0	0	0	0	0	0	0	0	0	0	0	0	0	0	0	0	0	0	0	0	0	0	0	0	0	0	0	0	0	0	0	0	0	0	0	0
GCA_003158855.1_20120600_E1D_genomic	0	0	0	0	0	0	0	0	0	0	0	0	0	0	0	0	NaN	0	0	0	0	0	0	0	0	0	0	0	0	0	0	0	0	0	0	0	0	0	0	0	0	0	0	0	0	0	0	0	0	0	0	0	0	0	0	0	0	0	0	0	0	0	0	0	0	0	0	0	0	0	0	0	0	0	0	0	0	0	0	0	0	0	0	0	0	0	0	0	0	0	0	0	0	0	0	0	0	0	0	0	0	0	0	0	0	0	0	0	0	0	0	0	0	0	0	0	0	0	0	0	0	0	0	0	0	0	0	0	0	0	0	0	0	0	0	0	0	0	0	0	0	0	0	0	0	0	0	0	0	0	0	0	0	0	0	0	0	0	0	0	0	0	0	0	0	0	0	0	0	0	0	0	0	0	0	0	0	0	0	0	0	0	0	0
GCA_003134915.1_20111000_P3D_genomic	0	0	0	0	0	0	0	0	0	0	0	0	0	0	0	0	NaN	0	0	0	0	0	0	0	0	0	0	0	0	0	0	0	0	0	0	0	0	0	0	0	0	0	0	0	0	0	0	0	0	0	0	0	0	0	0	0	0	0	0	0	0	0	0	0	0	0	0	0	0	0	0	0	0	0	0	0	0	0	0	0	0	0	0	0	0	0	0	0	0	0	0	0	0	0	0	0	0	0	0	0	0	0	0	0	0	0	0	0	0	0	0	0	0	0	0	0	0	0	0	0	0	0	0	0	0	0	0	0	0.047150668	129.8888	1.2333528	2509.5583	0	0	0	0	0.049059767	26.129305	0.93360436	2057.619	0	0	0	0	0	0	0	0	0.036400657	36.741123	0.5404799	1276.1251	0	0	0	0	0	0	0	0	0	0	0	0	0	0	0	0	0.029179031	0.7665982	0.62057203	1343.4165	0.016747246	14.971375	0.25372007	543.4518	0	0	0	0	0	0	0	0
SRR10489817bin.7	0	0	0	0	0	0	0	0	0.27719712	482.81702	2.6925712	6018.295	0.19428311	104.375244	2.7284167	6087.2046	NaN	0	0	0	0	0	0	0	0	0	0	0	0	0	0	0	0	0	0	0	0	0	0	0	0.019454286	32.4199	0.1740585	413.54517	0	0	0	0	0.012201911	6.7902155	0.11495567	272.31802	0	0	0	0	0	0	0	0	0	0	0	0	0	0	0	0	0	0	0	0	0	0	0	0	0	0	0	0	0	0	0	0	0	0	0	0	0	0	0	0	0	0	0	0	0	0	0	0	0	0	0	0	0	0	0	0	0	0	0	0	0	0	0	0	0	0	0	0	0	0	0	0	0	0	0	0	0	0	0	0	0	0	0	0	0.03824644	17.816193	0.79500765	1752.158	0.061034232	67.775	1.1725051	2586.0605	0	0	0	0	0	0	0	0	0	0	0	0	0	0	0	0	0	0	0	0	0	0	0	0	0	0	0	0	0.03587636	31.06444	0.5749916	1231.5944	0.23605046	362.9882	2.2968774	5112.822	0.16252844	1.1851479	1.6292847	3867.8901
SRR1586279rbin.4	0	0	0	0	0	0	0	0	0	0	0	0	0	0	0	0	NaN	0	0	0	0	0	0	0	0	0	0	0	0	0	0	0	0	0	0	0	0	0	0	0	0	0	0	0	0	0	0	0	0	0	0	0	0	0	0	0	0	0	0	0	0	0	0	0	0	0	0	0	0	0	0	0	0	0	0	0	0	0	0	0	0	0	0	0	0	0	0	0	0	0	0	0	0	0	0	0	0	0	0	0	0	0	0	0	0	0	0	0	0	0	0	0	0	0	0	0	0	0	0	0	0	0	0	0	0	0	0	0	0	0	0	0	0	0	0	0	0	0	0	0	0	0	0	0	0	0	0	0	0	0	0	0	0	0	0	0	0	0	0	0	0	0	0	0	0	0	0	0	0	0	0	0	0	0	0	0	0	0	0	0	0	0	0	0
SRR5665213rbin.30	0	0	0	0	0	0	0	0	0.03495413	296.1794	0.41876423	936	0	0	0	0	NaN	0	0	0	0	0	0	0	0	0	0	0	0	0	0	0	0.03999317	27.934515	0.4395087	1049.1284	0	0	0	0	0.03846229	211.43863	0.38778794	921.34454	0	0	0	0	0.037170585	114.94582	0.39856046	944.148	0.045477726	1.2910513	0.373705	1075.5857	0	0	0	0	0	0	0	0	0	0	0	0	0	0	0	0	0	0	0	0	0	0	0	0	0	0	0	0	0	0	0	0	0	0	0	0	0	0	0	0	0	0	0	0	0	0	0	0	0	0	0	0	0	0	0	0	0	0	0	0	0	0	0	0	0	0	0	0	0	0	0	0	0	0	0	0	0	0	0	0	0.021238877	16.019125	0.47934753	1056.4587	0	0	0	0	0	0	0	0	0	0	0	0	0	0	0	0	0	0	0	0	0	0	0	0	0	0	0	0	0	0	0	0	0.017195072	17.47757	0.29398182	629.6899	0.035601668	138.01593	0.42446622	944.85693	0	0	0	0
SRR3984960rbin.6	0	0	0	0	0	0	0	0	0.04583188	83.05509	0.45296606	1012.44635	0	0	0	0	NaN	0	0	0	0	0	0	0	0	0	0	0	0	0	0	0	0	0	0	0	0	0	0	0	0.010857007	30.737633	0.09701668	230.50183	0	0	0	0	0.009905044	9.864137	0.09234202	218.74858	0	0	0	0	0	0	0	0	0	0	0	0	0	0	0	0	0	0	0	0	0	0	0	0	0	0	0	0	0	0	0	0	0	0	0	0	0	0	0	0	0	0	0	0	0	0	0	0	0	0	0	0	0	0	0	0	0	0	0	0	0	0	0	0	0	0	0	0	0	0	0	0	0	0	0	0	0	0	0	0	0	0	0	0	0	0	0	0	0	0	0	0	0	0	0	0	0	0	0	0	0	0	0	0	0	0	0	0	0	0	0	0	0	0	0	0	0	0	0	0	0	0	0	0	0.03915933	54.1209	0.3852786	857.6258	0	0	0	0
9_S35_bin.2	0	0	0	0	0	0	0	0	1.0155114	5045.159	9.653069	21576.033	1.2811754	907.53265	17.578558	39218.445	NaN	0	0	0	0.6875164	2752.7695	27.711306	55588.465	0.47745952	238.71838	7.7280974	17824.63	0	0	0	0	0.3626511	172.38618	3.3896992	8091.375	0.39862737	471.92935	3.6315596	10391.652	0.37332875	1413.6663	3.1893666	7577.6104	0.36077607	5.5156116	2.652873	7730.555	0.34688488	631.7035	3.1430123	7445.468	0.4056952	8.309714	2.7785256	7997.062	0.16816017	131.86905	2.2616785	3655.1958	0	0	0	0	0	0	0	0	0	0	0	0	0	0	0	0	0	0	0	0	0.27583784	1676.7405	44.31294	61147.81	0.046693757	0.6612453	0.3785243	762.88525	0.21471673	320.2773	2.9845052	5605.3306	0	0	0	0	0	0	0	0	0	0	0	0	0	0	0	0	0.052452173	0.52987903	0.5361677	1252.1088	0.2539003	271.9902	3.4829628	6386.1226	0.04238515	18.991846	0.41491154	1054.8761	0.44150552	1.8599107	16.63188	31083.197	0.34515202	0.39272976	31.158295	49564.867	0.41877103	1089.9562	10.552414	21471.473	0.4450744	2.3266158	12.899776	28211.398	0.61582613	364.4012	10.769697	23735.89	0.6416468	767.06976	11.315584	24957.488	0	0	0	0	0.29956767	292.53287	4.0707927	9611.537	0.3053056	1394.1028	11.494584	20349.404	0.3220098	2.2333188	6.5907326	13514.724	0.33778375	4769.719	8.615772	16575.545	0.18953303	824.4365	12.112334	18627.537	0.30348822	7.265406	5.8490596	12662.069	0.5169534	453.52487	6.8484855	14669.009	1.0520567	2829.246	10.012376	22287.43	2.308315	27.064821	22.639011	53744.582
SRR10489834bin.21	0	0	0	0	0	0	0	0	0.008309707	28.931541	0.091776006	205.13284	0	0	0	0	NaN	0	0	0	0	0	0	0	0	0	0	0	0	0	0	0	0.122044206	37.08652	1.1203203	2674.2595	0	0	0	0	0.054095082	70.26153	0.46130604	1096.016	0	0	0	0	0.0064937845	4.457786	0.06239673	147.81126	0	0	0	0	0	0	0	0	0	0	0	0	0	0	0	0	0	0	0	0	0	0	0	0	0	0	0	0	0	0	0	0	0	0	0	0	0	0	0	0	0	0	0	0	0	0	0	0	0	0	0	0	0	0	0	0	0	0	0	0	0	0	0	0	0	0	0	0	0	0	0	0	0	0	0	0	0	0	0	0	0	0	0	0	0	0	0	0	0	0	0	0	0	0	0	0	0	0	0	0	0	0	0	0	0	0	0	0	0	0	0	0	0	0	0	0	0	0	0	0	0	0	0	0	0	0	0	0	0	0	0	0
SRR4021130rbin.1	0	0	0	0	0	0	0	0	0	0	0	0	0	0	0	0	NaN	0	0	0	0	0	0	0	0	0	0	0	0	0	0	0	0	0	0	0	0	0	0	0	0	0	0	0	0	0	0	0	0	0	0	0	0	0	0	0	0	0	0	0	0	0	0	0	0	0	0	0	0	0	0	0	0	0	0	0	0	0	0	0	0	0	0	0	0	0	0	0	0	0	0	0	0	0	0	0	0	0	0	0	0	0	0	0	0	0	0	0	0	0	0	0	0	0	0	0	0	0	0	0	0	0	0	0	0	0	0	0	0	0	0	0	0	0	0	0	0.04329604	25.650187	0.9114976	2008.8964	0	0	0	0	0	0	0	0	0.041072607	50.062225	0.6781619	1601.2057	0	0	0	0	0	0	0	0	0	0	0	0	0	0	0	0	0.03537076	1.0539287	0.84896815	1837.8496	0.020584127	18.608194	0.35611612	762.7772	0	0	0	0	0	0	0	0
SRR3985383rbin.2	0	0	0	0	0	0	0	0	0.0077541573	286.43268	0.086180076	192.62529	0	0	0	0	NaN	0	0	0	0	0	0	0	0	0	0	0	0	0	0	0	0	0	0	0	0	0	0	0	0	0	0	0	0	0	0	0	0	0	0	0	0	0	0	0	0	0	0	0	0	0	0	0	0	0	0	0	0	0	0	0	0	0	0	0	0	0	0	0	0	0	0	0	0	0	0	0	0	0	0	0	0	0	0	0	0	0	0	0	0	0	0	0	0	0	0	0	0	0	0	0	0	0	0	0	0	0	0	0	0.30816054	1.4641747	11.945599	22325.041	0	0	0	0	0.39482963	1308.6898	9.702643	19742.406	0.287357	1.6029601	8.60978	18829.314	0.30695882	221.9787	5.5504932	12233.015	0.27133158	381.34494	4.969238	10960.078	0	0	0	0	0.41980502	649.8088	5.8336115	13773.723	0.49800062	2972.5745	18.906054	33470.273	0.8947832	9.54402	18.143692	37204.81	0.7385794	15737.575	18.851812	36268.27	0.55163157	3211.8254	35.34183	54352.14	0.6233028	25.116014	12.128054	26254.857	0.70050365	1014.58844	9.4585	20259.484	0	0	0	0	0	0	0	0
SRR10489814bin.9	0	0	0	0	0	0	0	0	0.014645768	79.31161	0.1550925	346.65475	0	0	0	0	NaN	0	0	0	0	0	0	0	0	0	0	0	0	0	0	0	0	0	0	0	0	0	0	0	0	0	0	0	0	0	0	0	0	0	0	0	0	0	0	0	0	0	0	0	0	0	0	0	0	0	0	0	0	0	0	0	0	0	0	0	0	0	0	0	0	0	0	0	0	0	0	0	0	0	0	0	0	0	0	0	0	0	0	0	0	0	0	0	0	0	0	0	0	0	0	0	0	0	0	0	0	0	0	0	0	0	0	0	0	0	0	0	0	0	0	0	0	0	0	0	0.022242859	8.440177	0.4226168	931.42664	0	0	0	0	0	0	0	0	0.020870624	16.257902	0.30784544	726.85315	0	0	0	0	0	0	0	0	0	0	0	0	0	0	0	0	0.033678405	0.64414823	0.6784431	1468.696	0	0	0	0	0	0	0	0	0	0	0	0
SRR9650533rbin.8	0	0	0	0	0	0	0	0	0	0	0	0	0	0	0	0	NaN	0	0	0	0	0	0	0	0	0	0	0	0	0	0	0	0	0	0	0	0	0	0	0	0	0	0	0	0	0	0	0	0	0	0	0	0.036002263	0.44536373	0.2853074	821.1627	0	0	0	0	0	0	0	0	0	0	0	0	0	0	0	0	0	0	0	0	0	0	0	0	0	0	0	0	0	0	0	0	0	0	0	0	0	0	0	0	0	0	0	0	0	0	0	0	0	0	0	0	0	0	0	0	0	0	0	0	0	0	0	0	0	0	0	0	0	0	0	0	0	0	0	0	0	0	0	0	0	0	0	0	0	0	0	0	0	0	0	0	0	0	0	0	0	0	0	0	0	0	0	0	0	0	0	0	0	0	0	0	0	0	0	0	0	0	0	0	0	0	0	0	0	0	0	0
SRR11842108bin.17	0	0	0	0	0	0	0	0	0.008308644	10.401915	0.10133356	226.49538	0	0	0	0	NaN	0	0	0	0	0	0	0	0	0	0	0	0	0	0	0	0	0	0	0	0	0	0	0	0	0	0	0	0	0	0	0	0	0	0	0	0	0	0	0	0	0	0	0	0	0	0	0	0	0	0	0	0	0	0	0	0	0	0	0	0	0	0	0	0	0	0	0	0	0	0	0	0	0	0	0	0	0	0	0	0	0	0	0	0	0	0	0	0	0	0	0	0	0	0	0	0	0	0	0	0	0	0	0	0	0	0	0	0	0	0	0	0	0	0	0	0	0	0	0	0	0	0	0	0	0	0	0	0	0	0	0	0	0	0	0	0	0	0	0	0	0	0	0	0	0	0	0	0	0	0	0	0	0	0	0	0	0	0	0	0	0	0	0	0	0	0	0
139_merged	0	0	0	0	0	0	0	0	0.4991263	854.36945	4.7754025	10673.732	0.34548587	172.14061	4.760396	10620.628	NaN	0	0	0	0	0	0	0	0	0	0	0	0	0	0	0	0.07556964	17.914936	0.6907305	1648.8069	0	0	0	0	0.11202477	135.15936	0.9363908	2224.7698	0.078051254	0.6777974	0.55699015	1623.0873	0.06844867	26.58732	0.60300183	1428.4482	0.083467625	0.9007097	0.56127495	1615.4432	0.038810793	27.455866	0.5355802	865.5743	0	0	0	0	0	0	0	0	0	0	0	0	0	0	0	0	0	0	0	0	0	0	0	0	0	0	0	0	0	0	0	0	0	0	0	0	0	0	0	0	0	0	0	0	0	0	0	0	0	0	0	0	0.047165405	48.026154	0.663288	1216.1586	0	0	0	0	0	0	0	0	0	0	0	0	0	0	0	0	0	0	0	0	0.032298718	13.4910555	0.61142457	1347.5502	0.11332437	108.788574	2.1130316	4660.472	0	0	0	0	0	0	0	0	0	0	0	0	0	0	0	0	0	0	0	0	0	0	0	0	0	0	0	0	0.029865757	27.464615	0.4250235	910.3726	0.5301735	670.9186	5.1020236	11357.049	0.19128747	1.3790028	1.8863688	4478.2046
SRR10489828bin.23	0	0	0	0	0	0	0	0	0	0	0	0	0	0	0	0	NaN	0	0	0	0	0	0	0	0	0	0	0	0	0	0	0	0	0	0	0	0	0	0	0	0	0	0	0	0	0	0	0	0	0	0	0	0	0	0	0	0	0	0	0	0	0	0	0	0	0	0	0	0	0	0	0	0	0	0	0	0	0	0	0	0	0	0	0	0	0	0	0	0	0	0	0	0	0	0	0	0	0	0	0	0	0	0	0	0	0	0	0	0	0	0	0	0	0	0	0	0	0	0	0	0	0	0	0	0	0	0	0	0	0	0	0	0	0	0	0	0.04336082	21.349064	0.84960586	1872.4901	0	0	0	0	0	0	0	0	0.025643826	25.68675	0.41661233	983.662	0	0	0	0	0	0	0	0	0	0	0	0	0	0	0	0	0.033053614	0.71621007	0.7325829	1585.8983	0	0	0	0	0	0	0	0	0	0	0	0
SRR10489815bin.15	0	0	0	0	0	0	0	0	0.05418853	51.49338	0.52917963	1182.7952	0	0	0	0	NaN	0	0	0	0	0	0	0	0	0	0	0	0	0	0	0	0	0	0	0	0	0	0	0	0.0136364475	36.15602	0.12587795	299.07315	0	0	0	0	0.008903519	6.7361994	0.08541845	202.34738	0	0	0	0	0	0	0	0	0	0	0	0	0	0	0	0	0	0	0	0	0	0	0	0	0	0	0	0	0	0	0	0	0	0	0	0	0	0	0	0	0	0	0	0	0	0	0	0	0	0	0	0	0	0	0	0	0	0	0	0	0	0	0	0	0	0	0	0	0	0	0	0	0	0	0	0	0	0	0	0	0	0	0	0	0	0	0	0	0	0	0	0	0	0	0	0	0	0	0	0	0	0	0	0	0	0	0	0	0	0	0	0	0	0	0	0	0	0	0	0	0	0	0	0	0.0449055	56.900085	0.44115746	982.0114	0	0	0	0
SRR10489821bin.15	0	0	0	0	0	0	0	0	0.017142994	62.17305	0.19357584	432.67056	0	0	0	0	NaN	0	0	0	0	0	0	0	0	0	0	0	0	0	0	0	0	0	0	0	0	0	0	0	0	0	0	0	0	0	0	0	0	0	0	0	0	0	0	0	0	0	0	0	0	0	0	0	0	0	0	0	0	0	0	0	0	0	0	0	0	0	0	0	0	0	0	0	0	0	0	0	0	0	0	0	0	0	0	0	0	0	0	0	0	0	0	0	0	0	0	0	0	0	0	0	0	0	0	0	0	0	0	0	0	0	0	0	0	0	0	0	0	0	0	0	0	0	0	0	0	0	0	0	0	0	0	0	0	0	0	0	0	0	0	0	0	0	0	0	0	0	0	0	0	0	0	0	0	0	0	0	0	0	0	0	0	0	0	0	0	0	0	0	0	0	0	0
SRR12277191bin.8	0	0	0	0	0	0	0	0	0	0	0	0	0	0	0	0	NaN	0	0	0	0	0	0	0	0	0	0	0	0	0	0	0	0	0	0	0	0	0	0	0	0	0	0	0	0	0	0	0	0	0	0	0	0	0	0	0	0	0	0	0	0	0	0	0	0	0	0	0	0	0	0	0	0	0	0	0	0	0	0	0	0	0	0	0	0	0	0	0	0	0	0	0	0	0	0	0	0	0	0	0	0	0	0	0	0	0	0	0	0	0	0	0	0	0	0	0	0	0	0	0	0.16504276	0.70087564	6.2008834	11588.786	0	0	0	0	0.19040526	552.48553	4.572854	9304.594	0.2015407	1.0305896	5.894389	12890.841	0.21471174	104.022644	3.7863503	8344.933	0.16041043	190.42197	2.881365	6355.095	0	0	0	0	0.21181417	213.10475	2.8876886	6818.113	0	0	0	0	0.11595837	0.814496	2.361905	4843.239	0.13402894	2210.6206	3.4346406	6607.7715	0	0	0	0	0.1552177	3.1805625	3.0056422	6506.6274	0.10241814	75.08243	1.3772632	2950.0068	0	0	0	0	0	0	0	0
23_S49_bin.14	0	0	0	0	0	0	0	0	0	0	0	0	0	0	0	0	NaN	0	0	0	0	0	0	0	0	0	0	0	0	0	0	0	0	0	0	0	0	0	0	0	0	0	0	0	0	0	0	0	0	0	0	0	0	0	0	0	0	0	0	0	0	0	0	0	0	0	0	0	0	0	0	0	0	0	0	0	0	0	0	0	0	0	0	0	0	0	0	0	0	0	0	0	0.15526503	0.66830844	1.5807362	3536.3386	0	0	0	0	0	0	0	0	0	0	0	0	1.1141866	10.09941	9.886164	23087.09	0	0	0	0	0.3042184	201.24745	2.818729	7166.374	0	0	0	0	0	0	0	0	0	0	0	0	0	0	0	0	0	0	0	0	0	0	0	0	0	0	0	0	0	0	0	0	0	0	0	0	0	0	0	0	0	0	0	0	0	0	0	0	0	0	0	0	0	0	0	0	0	0	0	0	0	0	0	0
SRR1586270rbin.6	0	0	0	0	0	0	0	0	0.017057795	99.15482	0.20876764	466.62668	0	0	0	0	NaN	0	0	0	0	0	0	0	0	0	0	0	0	0	0	0	0	0	0	0	0	0	0	0	0	0	0	0	0	0	0	0	0	0	0	0	0	0	0	0	0	0	0	0	0	0	0	0	0	0	0	0	0	0	0	0	0	0	0	0	0	0	0	0	0	0	0	0	0	0	0	0	0	0	0	0	0	0	0	0	0	0	0	0	0	0	0	0	0	0	0	0	0	0	0	0	0	0	0	0	0	0	0	0	0	0	0	0	0	0	0	0	0.059090797	172.96448	1.6715624	3401.2026	0	0	0	0	0.052924693	31.702745	1.1225274	2473.9958	0	0	0	0	0	0	0	0	0.0825937	129.54625	1.3114568	3096.476	0	0	0	0	0.08491575	0.94119555	2.0075762	4116.6646	0.07883655	2304.4229	2.3997502	4616.7856	0	0	0	0	0.069726326	3.694457	1.635257	3540.01	0.08745758	142.52892	1.3742111	2943.4705	0.020308265	75.357346	0.24474356	544.79626	0	0	0	0
162_merged	0	0	0	0	0	0	0	0	0.44591042	9132.135	4.6053653	10293.674	0.22383553	230.45451	3.311923	7389.031	NaN	0	0	0	0	0	0	0	0.826358	624.7925	12.617172	29101.137	0	0	0	0	1.3051636	1694.7144	12.133068	28962.219	0.50917536	702.4555	4.6472907	13298.15	1.4137092	19546.217	12.259569	29127.488	1.0313147	22.010742	7.5017834	21860.434	1.2574257	8488.105	11.25197	26654.74	1.0129495	29.416695	6.9202724	19917.705	0.054532677	63.954994	0.7497508	1211.705	0	0	0	0	0	0	0	0	0	0	0	0	0	0	0	0	0.06071303	32.880375	1.0625808	2231.0237	0	0	0	0	0.04659698	7.78197	0.42081428	848.1177	0.3067301	703.27374	4.349603	8169.1787	0.53539926	3.875285	5.554595	12426.444	0.39049816	1727.6688	8.0452585	13735.897	0	0	0	0	0	0	0	0	0.42133212	10.281256	4.0281434	9406.896	0.26891208	391.02414	3.8090234	6983.9614	0.3863245	348.5051	3.6769667	9348.367	0	0	0	0	0	0	0	0	0	0	0	0	0	0	0	0	0.061063185	41.610985	1.204288	2654.1924	0.1539801	237.09361	2.9860272	6585.9375	0	0	0	0	0.052077662	105.94159	0.8363859	1974.7885	0.19304961	1071.2521	7.769799	13755.239	0	0	0	0	0	0	0	0	0	0	0	0	0.032609615	1.2628764	0.7422413	1606.8066	0.08569813	108.97124	1.2670039	2713.8394	0.55683464	6393.25	5.721551	12736.108	0.406907	8.209618	4.3125277	10237.86
SRR6202521rbin.9	0	0	0	0	0	0	0	0	0	0	0	0	0	0	0	0	NaN	0	0	0	0	0	0	0	0	0	0	0	0	0	0	0	0	0	0	0	0	0	0	0	0	0	0	0	0	0	0	0	0	0	0	0	0	0	0	0	0	0	0	0	0	0	0	0	0	0	0	0	0	0	0	0	0	0	0	0	0	0	0	0	0	0	0	0	0	0	0	0	0	0	0	0	0	0	0	0	0	0	0	0	0	0	0	0	0	0	0	0	0	0	0	0	0	0	0	0	0	0	0	0	0	0	0	0	0	0	0	0	0	0	0	0	0	0	0	0	0	0	0	0	0	0	0	0	0	0	0	0	0	0	0	0	0	0	0	0	0	0	0	0	0	0	0	0	0	0	0	0	0	0	0	0	0	0	0	0	0	0	0	0	0	0	0	0
8_S34_bin.14	0	0	0	0	0	0	0	0	0	0	0	0	0	0	0	0	NaN	0	0	0	0	0	0	0	0	0	0	0	0	0	0	0	0	0	0	0	0	0	0	0	0	0	0	0	0	0	0	0	0	0	0	0	0	0	0	0	0	0	0	0	0	0	0	0	0	0	0	0	0	0	0	0	0	0	0	0	0	0	0	0	0	0	0	0	0	0	0	0	0	0	0	0	0	0	0	0	0	0	0	0	0	0	0	0	0	0	0	0	0	0	0	0	0	0	0	0	0	0	0	0	0	0	0	0	0	0	0	0	0	0	0	0	0	0	0	0	0	0	0	0	0	0	0	0	0	0	0	0	0.033958957	31.335804	0.4743388	1119.9596	0	0	0	0	0	0	0	0	0	0	0	0	0	0	0	0	0	0	0	0	1.243729	1978.62	16.664719	35694.73	0	0	0	0	0	0	0	0
