SRR11834726bin.19.gz	42
SRR11834726bin.1.gz	52
SRR11834726bin.20.gz	104
SRR11834726bin.22.gz	28
SRR11834726bin.25.gz	144
SRR11834726bin.26.gz	55
SRR11834726bin.27.gz	71
SRR11834726bin.28.gz	54
SRR11834726bin.29.gz	80
SRR11834726bin.2.gz	57
SRR11834726bin.32.gz	38
SRR11834726bin.34.gz	47
SRR11834726bin.3.gz	26
SRR11834726bin.4.gz	76
SRR11834726bin.6.gz	47
SRR11834726bin.8.gz	62
SRR11834726bin.9.gz	42
SRR11834729bin.11.gz	147
SRR11834729bin.13.gz	139
SRR11834729bin.14.gz	98
SRR11834729bin.15.gz	32
SRR11834729bin.17.gz	39
SRR11834729bin.18.gz	80
SRR11834729bin.19.gz	81
SRR11834729bin.20.gz	52
SRR11834729bin.21.gz	44
SRR11834729bin.22.gz	166
SRR11834729bin.24.gz	73
SRR11834729bin.26.gz	84
SRR11834729bin.27.gz	151
SRR11834729bin.32.gz	111
SRR11834729bin.33.gz	98
SRR11834729bin.36.gz	120
SRR11834729bin.37.gz	134
SRR11834729bin.38.gz	186
SRR11834729bin.39.gz	59
SRR11834729bin.3.gz	7
SRR11834729bin.42.gz	81
SRR11834729bin.4.gz	116
SRR11834729bin.5.gz	79
SRR11834729bin.7.gz	81
SRR11834729bin.8.gz	59
SRR11835076bin.11.gz	77
SRR11835076bin.12.gz	66
SRR11835076bin.13.gz	100
SRR11835076bin.17.gz	29
SRR11835076bin.18.gz	46
SRR11835076bin.19.gz	55
SRR11835076bin.1.gz	55
SRR11835076bin.20.gz	69
SRR11835076bin.22.gz	95
SRR11835076bin.23.gz	108
SRR11835076bin.3.gz	31
SRR11835076bin.9.gz	58
SRR11835574bin.10.gz	120
SRR11835574bin.11.gz	58
SRR11835574bin.13.gz	101
SRR11835574bin.14.gz	190
SRR11835574bin.15.gz	232
SRR11835574bin.16.gz	77
SRR11835574bin.17.gz	55
SRR11835574bin.18.gz	48
SRR11835574bin.1.gz	57
SRR11835574bin.20.gz	139
SRR11835574bin.21.gz	57
SRR11835574bin.22.gz	95
SRR11835574bin.23.gz	55
SRR11835574bin.24.gz	116
SRR11835574bin.25.gz	61
SRR11835574bin.26.gz	186
SRR11835574bin.28.gz	34
SRR11835574bin.29.gz	59
SRR11835574bin.2.gz	58
SRR11835574bin.32.gz	69
SRR11835574bin.33.gz	122
SRR11835574bin.35.gz	68
SRR11835574bin.3.gz	43
SRR11835574bin.4.gz	131
SRR11835574bin.5.gz	34
SRR11835574bin.7.gz	107
SRR11835574bin.9.gz	136
SRR11835592bin.10.gz	31
SRR11835592bin.11.gz	62
SRR11835592bin.15.gz	124
SRR11835592bin.18.gz	147
SRR11835592bin.19.gz	66
SRR11835592bin.20.gz	75
SRR11835592bin.25.gz	124
SRR11835592bin.2.gz	92
SRR11835592bin.3.gz	31
SRR11835592bin.5.gz	69
SRR11835592bin.6.gz	99
SRR11835592bin.7.gz	43
SRR11835592bin.9.gz	64
SRR11835595bin.11.gz	297
SRR11835595bin.13.gz	78
SRR11835595bin.14.gz	132
SRR11835595bin.15.gz	102
SRR11835595bin.16.gz	86
SRR11835595bin.17.gz	67
SRR11835595bin.18.gz	77
SRR11835595bin.19.gz	51
SRR11835595bin.1.gz	33
SRR11835595bin.20.gz	92
SRR11835595bin.21.gz	203
SRR11835595bin.22.gz	76
SRR11835595bin.23.gz	130
SRR11835595bin.24.gz	84
SRR11835595bin.25.gz	57
SRR11835595bin.26.gz	109
SRR11835595bin.28.gz	117
SRR11835595bin.29.gz	100
SRR11835595bin.2.gz	60
SRR11835595bin.30.gz	78
SRR11835595bin.31.gz	15
SRR11835595bin.32.gz	117
SRR11835595bin.33.gz	71
SRR11835595bin.34.gz	109
SRR11835595bin.4.gz	47
SRR11835595bin.5.gz	77
SRR11835595bin.6.gz	124
SRR11835595bin.7.gz	58
SRR11835595bin.8.gz	142
SRR11835595bin.9.gz	240
SRR1183559bin.10.gz	135
SRR1183559bin.11.gz	55
SRR1183559bin.12.gz	70
SRR1183559bin.14.gz	47
SRR1183559bin.15.gz	83
SRR1183559bin.17.gz	96
SRR1183559bin.18.gz	49
SRR1183559bin.1.gz	84
SRR1183559bin.20.gz	70
SRR1183559bin.21.gz	93
SRR1183559bin.22.gz	90
SRR1183559bin.23.gz	90
SRR1183559bin.24.gz	72
SRR1183559bin.25.gz	98
SRR1183559bin.26.gz	82
SRR1183559bin.27.gz	54
SRR1183559bin.29.gz	111
SRR1183559bin.2.gz	97
SRR1183559bin.30.gz	46
SRR1183559bin.32.gz	112
SRR1183559bin.33.gz	51
SRR1183559bin.3.gz	43
SRR1183559bin.5.gz	50
SRR1183559bin.6.gz	71
SRR1183559bin.7.gz	88
SRR1183559bin.8.gz	110
SRR1183559bin.9.gz	92
SRR11835640bin.10.gz	145
SRR11835640bin.11.gz	34
SRR11835640bin.12.gz	301
SRR11835640bin.13.gz	102
SRR11835640bin.14.gz	59
SRR11835640bin.15.gz	69
SRR11835640bin.17.gz	98
SRR11835640bin.18.gz	72
SRR11835640bin.20.gz	59
SRR11835640bin.21.gz	177
SRR11835640bin.22.gz	61
SRR11835640bin.24.gz	91
SRR11835640bin.25.gz	316
SRR11835640bin.26.gz	86
SRR11835640bin.27.gz	51
SRR11835640bin.2.gz	148
SRR11835640bin.30.gz	54
SRR11835640bin.32.gz	62
SRR11835640bin.33.gz	82
SRR11835640bin.35.gz	130
SRR11835640bin.36.gz	56
SRR11835640bin.3.gz	36
SRR11835640bin.4.gz	119
SRR11835640bin.5.gz	87
SRR11835640bin.6.gz	126
SRR11835640bin.7.gz	89
SRR11835640bin.8.gz	72
SRR11835640bin.9.gz	76
SRR11835809bin.12.gz	110
SRR11835809bin.13.gz	78
SRR11835809bin.15.gz	92
SRR11835809bin.16.gz	72
SRR11835809bin.17.gz	149
SRR11835809bin.18.gz	150
SRR11835809bin.20.gz	30
SRR11835809bin.21.gz	115
SRR11835809bin.22.gz	92
SRR11835809bin.23.gz	141
SRR11835809bin.24.gz	47
SRR11835809bin.25.gz	76
SRR11835809bin.26.gz	39
SRR11835809bin.27.gz	37
SRR11835809bin.28.gz	50
SRR11835809bin.29.gz	91
SRR11835809bin.30.gz	53
SRR11835809bin.31.gz	73
SRR11835809bin.32.gz	55
SRR11835809bin.33.gz	86
SRR11835809bin.34.gz	65
SRR11835809bin.35.gz	83
SRR11835809bin.36.gz	49
SRR11835809bin.37.gz	54
SRR11835809bin.38.gz	204
SRR11835809bin.39.gz	57
SRR11835809bin.3.gz	82
SRR11835809bin.40.gz	91
SRR11835809bin.42.gz	168
SRR11835809bin.43.gz	84
SRR11835809bin.44.gz	79
SRR11835809bin.46.gz	36
SRR11835809bin.47.gz	44
SRR11835809bin.48.gz	86
SRR11835809bin.49.gz	51
SRR11835809bin.4.gz	82
SRR11835809bin.51.gz	123
SRR11835809bin.52.gz	92
SRR11835809bin.54.gz	31
SRR11835809bin.55.gz	189
SRR11835809bin.56.gz	46
SRR11835809bin.57.gz	58
SRR11835809bin.58.gz	89
SRR11835809bin.59.gz	41
SRR11835809bin.5.gz	65
SRR11835809bin.61.gz	156
SRR11835809bin.6.gz	230
SRR11835809bin.7.gz	71
SRR11835809bin.8.gz	68
SRR11835809bin.9.gz	81
SRR11835973bin.1.gz	72
SRR11835973bin.2.gz	86
SRR11835973bin.4.gz	88
SRR11835973bin.5.gz	86
SRR11835973bin.7.gz	72
SRR11836023bin.14.gz	49
SRR11836023bin.15.gz	110
SRR11836023bin.17.gz	56
SRR11836023bin.21.gz	77
SRR11836023bin.2.gz	33
SRR11836023bin.4.gz	128
SRR11836023bin.5.gz	115
SRR11836023bin.7.gz	67
SRR11836023bin.8.gz	56
SRR11836023bin.9.gz	80
SRR11836025bin.10.gz	26
SRR11836025bin.15.gz	75
SRR11836025bin.1.gz	120
SRR11836025bin.3.gz	205
SRR11836025bin.4.gz	50
SRR11836025bin.5.gz	108
SRR11836025bin.8.gz	48
SRR11836025bin.9.gz	29
SRR11836028bin.10.gz	73
SRR11836028bin.12.gz	57
SRR11836028bin.13.gz	19
SRR11836028bin.15.gz	80
SRR11836028bin.19.gz	116
SRR11836028bin.20.gz	78
SRR11836028bin.21.gz	100
SRR11836028bin.23.gz	51
SRR11836028bin.24.gz	104
SRR11836028bin.25.gz	44
SRR11836028bin.2.gz	42
SRR11836028bin.3.gz	27
SRR11836028bin.4.gz	112
SRR11836028bin.5.gz	85
SRR11836028bin.6.gz	179
SRR11836028bin.7.gz	152
SRR11836028bin.8.gz	141
SRR11836028bin.9.gz	56
SRR11836029bin.12.gz	64
SRR11836029bin.13.gz	72
SRR11836029bin.14.gz	70
SRR11836029bin.15.gz	132
SRR11836029bin.16.gz	82
SRR11836029bin.17.gz	59
SRR11836029bin.18.gz	57
SRR11836029bin.19.gz	60
SRR11836029bin.1.gz	85
SRR11836029bin.20.gz	32
SRR11836029bin.21.gz	76
SRR11836029bin.22.gz	89
SRR11836029bin.23.gz	83
SRR11836029bin.24.gz	117
SRR11836029bin.25.gz	92
SRR11836029bin.26.gz	61
SRR11836029bin.27.gz	58
SRR11836029bin.28.gz	62
SRR11836029bin.29.gz	148
SRR11836029bin.2.gz	64
SRR11836029bin.30.gz	82
SRR11836029bin.32.gz	77
SRR11836029bin.33.gz	71
SRR11836029bin.34.gz	124
SRR11836029bin.35.gz	79
SRR11836029bin.36.gz	85
SRR11836029bin.37.gz	48
SRR11836029bin.38.gz	99
SRR11836029bin.39.gz	99
SRR11836029bin.3.gz	83
SRR11836029bin.40.gz	63
SRR11836029bin.41.gz	29
SRR11836029bin.42.gz	82
SRR11836029bin.43.gz	63
SRR11836029bin.44.gz	67
SRR11836029bin.45.gz	114
SRR11836029bin.5.gz	48
SRR11836029bin.6.gz	191
SRR11836029bin.9.gz	153
SRR11836037bin.13.gz	88
SRR11836037bin.14.gz	107
SRR11836037bin.15.gz	44
SRR11836037bin.17.gz	62
SRR11836037bin.20.gz	61
SRR11836037bin.21.gz	192
SRR11836037bin.23.gz	53
SRR11836037bin.26.gz	184
SRR11836037bin.30.gz	370
SRR11836037bin.31.gz	108
SRR11836037bin.32.gz	93
SRR11836037bin.34.gz	60
SRR11836037bin.36.gz	88
SRR11836037bin.37.gz	147
SRR11836037bin.38.gz	130
SRR11836037bin.39.gz	42
SRR11836037bin.40.gz	117
SRR11836037bin.41.gz	68
SRR11836037bin.42.gz	269
SRR11836037bin.45.gz	62
SRR11836037bin.46.gz	56
SRR11836037bin.47.gz	41
SRR11836037bin.4.gz	175
SRR11836037bin.5.gz	159
SRR11836037bin.6.gz	116
SRR11836037bin.7.gz	53
SRR11836037bin.9.gz	23
SRR11836410bin.10.gz	77
SRR11836410bin.11.gz	38
SRR11836410bin.12.gz	77
SRR11836410bin.13.gz	56
SRR11836410bin.14.gz	193
SRR11836410bin.15.gz	53
SRR11836410bin.16.gz	55
SRR11836410bin.18.gz	104
SRR11836410bin.19.gz	236
SRR11836410bin.1.gz	92
SRR11836410bin.20.gz	45
SRR11836410bin.23.gz	85
SRR11836410bin.24.gz	187
SRR11836410bin.25.gz	146
SRR11836410bin.26.gz	279
SRR11836410bin.27.gz	113
SRR11836410bin.28.gz	257
SRR11836410bin.2.gz	151
SRR11836410bin.30.gz	89
SRR11836410bin.31.gz	82
SRR11836410bin.32.gz	201
SRR11836410bin.33.gz	45
SRR11836410bin.34.gz	25
SRR11836410bin.35.gz	64
SRR11836410bin.36.gz	144
SRR11836410bin.38.gz	66
SRR11836410bin.39.gz	61
SRR11836410bin.3.gz	108
SRR11836410bin.40.gz	101
SRR11836410bin.41.gz	71
SRR11836410bin.42.gz	45
SRR11836410bin.43.gz	88
SRR11836410bin.44.gz	60
SRR11836410bin.45.gz	247
SRR11836410bin.46.gz	106
SRR11836410bin.47.gz	207
SRR11836410bin.48.gz	79
SRR11836410bin.49.gz	120
SRR11836410bin.4.gz	75
SRR11836410bin.50.gz	59
SRR11836410bin.53.gz	83
SRR11836410bin.55.gz	180
SRR11836410bin.57.gz	168
SRR11836410bin.58.gz	126
SRR11836410bin.5.gz	54
SRR11836410bin.61.gz	98
SRR11836410bin.63.gz	36
SRR11836410bin.64.gz	50
SRR11836410bin.65.gz	83
SRR11836410bin.66.gz	80
SRR11836410bin.67.gz	82
SRR11836410bin.68.gz	85
SRR11836410bin.69.gz	70
SRR11836410bin.6.gz	99
SRR11836410bin.72.gz	85
SRR11836410bin.74.gz	94
SRR11836410bin.76.gz	166
SRR11836410bin.77.gz	223
SRR11836410bin.78.gz	44
SRR11836410bin.79.gz	51
SRR11836410bin.7.gz	85
SRR11836410bin.80.gz	162
SRR11836410bin.81.gz	76
SRR11836410bin.82.gz	79
SRR11836410bin.8.gz	62
SRR11836410bin.9.gz	144
SRR11836411bin.10.gz	84
SRR11836411bin.11.gz	51
SRR11836411bin.12.gz	42
SRR11836411bin.13.gz	151
SRR11836411bin.14.gz	51
SRR11836411bin.15.gz	78
SRR11836411bin.16.gz	135
SRR11836411bin.17.gz	81
SRR11836411bin.18.gz	179
SRR11836411bin.19.gz	82
SRR11836411bin.1.gz	223
SRR11836411bin.20.gz	128
SRR11836411bin.21.gz	69
SRR11836411bin.23.gz	232
SRR11836411bin.24.gz	77
SRR11836411bin.25.gz	230
SRR11836411bin.27.gz	130
SRR11836411bin.28.gz	50
SRR11836411bin.2.gz	163
SRR11836411bin.32.gz	187
SRR11836411bin.33.gz	112
SRR11836411bin.36.gz	75
SRR11836411bin.37.gz	194
SRR11836411bin.39.gz	97
SRR11836411bin.40.gz	107
SRR11836411bin.41.gz	91
SRR11836411bin.42.gz	114
SRR11836411bin.43.gz	73
SRR11836411bin.44.gz	67
SRR11836411bin.45.gz	31
SRR11836411bin.46.gz	67
SRR11836411bin.47.gz	33
SRR11836411bin.48.gz	133
SRR11836411bin.49.gz	82
SRR11836411bin.4.gz	68
SRR11836411bin.50.gz	166
SRR11836411bin.51.gz	15
SRR11836411bin.52.gz	262
SRR11836411bin.53.gz	91
SRR11836411bin.54.gz	85
SRR11836411bin.55.gz	97
SRR11836411bin.56.gz	172
SRR11836411bin.57.gz	208
SRR11836411bin.58.gz	118
SRR11836411bin.5.gz	65
SRR11836411bin.60.gz	152
SRR11836411bin.61.gz	121
SRR11836411bin.62.gz	39
SRR11836411bin.63.gz	21
SRR11836411bin.64.gz	23
SRR11836411bin.66.gz	220
SRR11836411bin.67.gz	156
SRR11836411bin.6.gz	54
SRR11836411bin.7.gz	179
SRR11836411bin.8.gz	78
SRR11836411bin.9.gz	212
SRR11836412bin.10.gz	71
SRR11836412bin.12.gz	126
SRR11836412bin.13.gz	58
SRR11836412bin.14.gz	47
SRR11836412bin.15.gz	68
SRR11836412bin.16.gz	171
SRR11836412bin.17.gz	84
SRR11836412bin.18.gz	39
SRR11836412bin.1.gz	219
SRR11836412bin.2.gz	56
SRR11836412bin.4.gz	83
SRR11836412bin.5.gz	159
SRR11836412bin.6.gz	253
SRR11836412bin.7.gz	86
SRR11836412bin.8.gz	33
SRR11836412bin.9.gz	72
SRR11836438bin.13.gz	130
SRR11836438bin.2.gz	88
SRR11836438bin.3.gz	54
SRR11836438bin.4.gz	33
SRR11836438bin.5.gz	43
SRR11836438bin.6.gz	47
SRR11836439bin.10.gz	28
SRR11836439bin.12.gz	89
SRR11836439bin.13.gz	70
SRR11836439bin.16.gz	186
SRR11836439bin.1.gz	99
SRR11836439bin.3.gz	57
SRR11836439bin.6.gz	81
SRR11836440bin.10.gz	50
SRR11836440bin.11.gz	169
SRR11836440bin.12.gz	185
SRR11836440bin.13.gz	104
SRR11836440bin.14.gz	191
SRR11836440bin.15.gz	116
SRR11836440bin.17.gz	129
SRR11836440bin.18.gz	88
SRR11836440bin.19.gz	33
SRR11836440bin.1.gz	98
SRR11836440bin.20.gz	84
SRR11836440bin.21.gz	119
SRR11836440bin.22.gz	155
SRR11836440bin.24.gz	64
SRR11836440bin.25.gz	113
SRR11836440bin.28.gz	103
SRR11836440bin.29.gz	97
SRR11836440bin.30.gz	60
SRR11836440bin.31.gz	147
SRR11836440bin.32.gz	106
SRR11836440bin.33.gz	108
SRR11836440bin.34.gz	89
SRR11836440bin.36.gz	79
SRR11836440bin.37.gz	78
SRR11836440bin.38.gz	43
SRR11836440bin.39.gz	96
SRR11836440bin.40.gz	113
SRR11836440bin.41.gz	131
SRR11836440bin.42.gz	109
SRR11836440bin.43.gz	83
SRR11836440bin.44.gz	85
SRR11836440bin.46.gz	71
SRR11836440bin.47.gz	59
SRR11836440bin.48.gz	35
SRR11836440bin.49.gz	170
SRR11836440bin.4.gz	42
SRR11836440bin.50.gz	84
SRR11836440bin.53.gz	39
SRR11836440bin.55.gz	134
SRR11836440bin.56.gz	70
SRR11836440bin.57.gz	52
SRR11836440bin.58.gz	34
SRR11836440bin.59.gz	47
SRR11836440bin.60.gz	129
SRR11836440bin.61.gz	68
SRR11836440bin.62.gz	107
SRR11836440bin.63.gz	226
SRR11836440bin.64.gz	74
SRR11836440bin.65.gz	71
SRR11836440bin.67.gz	116
SRR11836440bin.68.gz	171
SRR11836440bin.69.gz	135
SRR11836440bin.6.gz	44
SRR11836440bin.70.gz	96
SRR11836440bin.71.gz	112
SRR11836440bin.72.gz	52
SRR11836440bin.74.gz	109
SRR11836440bin.75.gz	111
SRR11836440bin.76.gz	55
SRR11836440bin.7.gz	93
SRR11836440bin.8.gz	99
SRR11836440bin.9.gz	81
SRR11836447bin.12.gz	53
SRR11836447bin.13.gz	120
SRR11836447bin.14.gz	91
SRR11836447bin.16.gz	87
SRR11836447bin.17.gz	79
SRR11836447bin.1.gz	54
SRR11836447bin.4.gz	68
SRR11836447bin.5.gz	89
SRR11836447bin.6.gz	37
SRR11836447bin.7.gz	67
SRR11836514bin.10.gz	114
SRR11836514bin.2.gz	78
SRR11836514bin.3.gz	77
SRR11836514bin.4.gz	96
SRR11836514bin.8.gz	120
SRR11836514bin.9.gz	126
SRR11836545bin.10.gz	55
SRR11836545bin.11.gz	106
SRR11836545bin.13.gz	70
SRR11836545bin.14.gz	90
SRR11836545bin.15.gz	100
SRR11836545bin.16.gz	70
SRR11836545bin.17.gz	43
SRR11836545bin.18.gz	99
SRR11836545bin.19.gz	48
SRR11836545bin.2.gz	48
SRR11836545bin.6.gz	78
SRR11836545bin.7.gz	33
SRR11836545bin.9.gz	55
SRR11836565bin.10.gz	70
SRR11836565bin.11.gz	40
SRR11836565bin.12.gz	47
SRR11836565bin.13.gz	50
SRR11836565bin.14.gz	45
SRR11836565bin.15.gz	60
SRR11836565bin.16.gz	106
SRR11836565bin.17.gz	87
SRR11836565bin.18.gz	27
SRR11836565bin.19.gz	89
SRR11836565bin.2.gz	72
SRR11836565bin.4.gz	209
SRR11836565bin.5.gz	117
SRR11836565bin.7.gz	48
SRR11836565bin.8.gz	118
SRR11836565bin.9.gz	21
SRR11842108bin.11.gz	93
SRR11842108bin.12.gz	52
SRR11842108bin.17.gz	82
SRR11842108bin.18.gz	100
SRR11842108bin.1.gz	67
SRR11842108bin.2.gz	100
SRR11842108bin.3.gz	49
SRR11842108bin.6.gz	94
SRR11842108bin.7.gz	17
SRR11842108bin.9.gz	47
SRR11842679bin.11.gz	94
SRR11842679bin.12.gz	100
SRR11842679bin.13.gz	96
SRR11842679bin.14.gz	69
SRR11842679bin.15.gz	55
SRR11842679bin.16.gz	84
SRR11842679bin.17.gz	196
SRR11842679bin.1.gz	150
SRR11842679bin.20.gz	136
SRR11842679bin.22.gz	48
SRR11842679bin.23.gz	48
SRR11842679bin.24.gz	90
SRR11842679bin.26.gz	101
SRR11842679bin.27.gz	62
SRR11842679bin.28.gz	58
SRR11842679bin.29.gz	207
SRR11842679bin.2.gz	100
SRR11842679bin.30.gz	58
SRR11842679bin.32.gz	69
SRR11842679bin.33.gz	60
SRR11842679bin.4.gz	71
SRR11842679bin.5.gz	101
SRR11842679bin.6.gz	247
SRR11842679bin.7.gz	73
SRR11842679bin.8.gz	43
SRR11842679bin.9.gz	48
SRR11842680bin.10.gz	60
SRR11842680bin.11.gz	156
SRR11842680bin.12.gz	154
SRR11842680bin.13.gz	104
SRR11842680bin.14.gz	141
SRR11842680bin.15.gz	116
SRR11842680bin.16.gz	206
SRR11842680bin.17.gz	48
SRR11842680bin.18.gz	157
SRR11842680bin.19.gz	59
SRR11842680bin.1.gz	24
SRR11842680bin.20.gz	61
SRR11842680bin.21.gz	111
SRR11842680bin.22.gz	56
SRR11842680bin.23.gz	123
SRR11842680bin.24.gz	134
SRR11842680bin.25.gz	297
SRR11842680bin.26.gz	133
SRR11842680bin.27.gz	215
SRR11842680bin.28.gz	91
SRR11842680bin.29.gz	50
SRR11842680bin.2.gz	80
SRR11842680bin.30.gz	40
SRR11842680bin.31.gz	102
SRR11842680bin.32.gz	86
SRR11842680bin.33.gz	125
SRR11842680bin.34.gz	63
SRR11842680bin.35.gz	188
SRR11842680bin.36.gz	148
SRR11842680bin.37.gz	72
SRR11842680bin.38.gz	46
SRR11842680bin.39.gz	47
SRR11842680bin.3.gz	133
SRR11842680bin.40.gz	59
SRR11842680bin.41.gz	72
SRR11842680bin.42.gz	86
SRR11842680bin.43.gz	34
SRR11842680bin.44.gz	159
SRR11842680bin.45.gz	127
SRR11842680bin.46.gz	82
SRR11842680bin.47.gz	92
SRR11842680bin.48.gz	116
SRR11842680bin.49.gz	55
SRR11842680bin.4.gz	58
SRR11842680bin.50.gz	105
SRR11842680bin.51.gz	140
SRR11842680bin.52.gz	81
SRR11842680bin.53.gz	241
SRR11842680bin.54.gz	76
SRR11842680bin.55.gz	117
SRR11842680bin.56.gz	112
SRR11842680bin.57.gz	44
SRR11842680bin.58.gz	42
SRR11842680bin.59.gz	100
SRR11842680bin.5.gz	44
SRR11842680bin.61.gz	71
SRR11842680bin.63.gz	76
SRR11842680bin.64.gz	84
SRR11842680bin.65.gz	53
SRR11842680bin.66.gz	186
SRR11842680bin.68.gz	135
SRR11842680bin.69.gz	34
SRR11842680bin.6.gz	185
SRR11842680bin.71.gz	75
SRR11842680bin.72.gz	78
SRR11842680bin.73.gz	79
SRR11842680bin.74.gz	213
SRR11842680bin.75.gz	84
SRR11842680bin.76.gz	94
SRR11842680bin.77.gz	71
SRR11842680bin.78.gz	117
SRR11842680bin.79.gz	69
SRR11842680bin.7.gz	110
SRR11842680bin.80.gz	213
SRR11842680bin.81.gz	113
SRR11842680bin.82.gz	237
SRR11842680bin.83.gz	86
SRR11842680bin.84.gz	51
SRR11842680bin.85.gz	114
SRR11842680bin.86.gz	35
SRR11842680bin.87.gz	107
SRR11842680bin.89.gz	88
SRR11842680bin.8.gz	61
SRR11842680bin.90.gz	69
SRR11842680bin.91.gz	84
SRR11842680bin.9.gz	254
SRR1185960rbin.1.gz	53
SRR1185960rbin.3.gz	70
SRR1185960rbin.4.gz	103
SRR1185960rbin.5.gz	60
SRR12060211bin.7.gz	56
SRR12060215bin.5.gz	55
SRR12060217bin.7.gz	211
SRR12060217bin.9.gz	80
SRR12060218bin.12.gz	40
SRR12060218bin.13.gz	21
SRR12060219bin.10.gz	75
SRR12060219bin.12.gz	199
SRR12060219bin.1.gz	220
SRR12060219bin.7.gz	132
SRR12060221bin.2.gz	78
SRR12060221bin.5.gz	38
SRR12060224bin.2.gz	134
SRR12060225bin.8.gz	35
SRR12060227bin.2.gz	25
SRR12060228bin.2.gz	32
SRR12087328bin.2.gz	75
SRR12087328bin.6.gz	58
SRR12087329bin.1.gz	47
SRR12087330bin.5.gz	81
SRR12087333bin.1.gz	106
SRR12095477bin.1.gz	79
SRR12095477bin.2.gz	16
SRR12095477bin.3.gz	103
SRR12095477bin.4.gz	37
SRR12095477bin.5.gz	137
SRR12095478bin.1.gz	39
SRR12095478bin.2.gz	61
SRR12102597bin.1.gz	106
SRR12102597bin.2.gz	23
SRR12102597bin.3.gz	51
SRR12102597bin.4.gz	59
SRR12102597bin.5.gz	96
SRR12102600bin.1.gz	52
SRR12102602bin.1.gz	19
SRR12102607bin.1.gz	28
SRR12149476bin.16.gz	42
SRR12149476bin.17.gz	135
SRR12149476bin.19.gz	55
SRR12149476bin.1.gz	70
SRR12149476bin.21.gz	32
SRR12149476bin.22.gz	117
SRR12149476bin.23.gz	41
SRR12149476bin.26.gz	99
SRR12149476bin.27.gz	37
SRR12149476bin.28.gz	40
SRR12149476bin.29.gz	47
SRR12149476bin.31.gz	86
SRR12149476bin.33.gz	9
SRR12149476bin.4.gz	28
SRR12149476bin.8.gz	83
SRR12170508bin.10.gz	162
SRR12170508bin.11.gz	289
SRR12170508bin.12.gz	20
SRR12170508bin.16.gz	179
SRR12170508bin.17.gz	112
SRR12170508bin.18.gz	235
SRR12170508bin.19.gz	312
SRR12170508bin.1.gz	117
SRR12170508bin.26.gz	39
SRR12170508bin.28.gz	19
SRR12170508bin.29.gz	112
SRR12170508bin.2.gz	73
SRR12170508bin.30.gz	38
SRR12170508bin.32.gz	199
SRR12170508bin.33.gz	120
SRR12170508bin.37.gz	16
SRR12170508bin.38.gz	120
SRR12170508bin.39.gz	102
SRR12170508bin.40.gz	247
SRR12170508bin.42.gz	7
SRR12170508bin.43.gz	102
SRR12170508bin.45.gz	235
SRR12170508bin.49.gz	55
SRR12170508bin.5.gz	206
SRR12170509bin.10.gz	66
SRR12170509bin.11.gz	100
SRR12170509bin.13.gz	52
SRR12170509bin.14.gz	112
SRR12170509bin.16.gz	88
SRR12170509bin.17.gz	77
SRR12170509bin.19.gz	86
SRR12170509bin.1.gz	299
SRR12170509bin.20.gz	16
SRR12170509bin.21.gz	142
SRR12170509bin.22.gz	57
SRR12170509bin.23.gz	51
SRR12170509bin.24.gz	47
SRR12170509bin.25.gz	42
SRR12170509bin.28.gz	51
SRR12170509bin.29.gz	59
SRR12170509bin.4.gz	348
SRR12170509bin.5.gz	52
SRR12170509bin.6.gz	116
SRR12170509bin.7.gz	181
SRR12170509bin.8.gz	31
SRR12170509bin.9.gz	57
SRR12170510bin.12.gz	231
SRR12170510bin.16.gz	61
SRR12170510bin.19.gz	58
SRR12170510bin.21.gz	48
SRR12170510bin.23.gz	49
SRR12170510bin.26.gz	76
SRR12170510bin.27.gz	105
SRR12170510bin.2.gz	59
SRR12170510bin.30.gz	51
SRR12170510bin.31.gz	7
SRR12170510bin.33.gz	40
SRR12170510bin.34.gz	86
SRR12170510bin.35.gz	111
SRR12170510bin.3.gz	87
SRR12170510bin.40.gz	49
SRR12170510bin.42.gz	18
SRR12170510bin.43.gz	108
SRR12170510bin.44.gz	149
SRR12170510bin.45.gz	45
SRR12170510bin.47.gz	14
SRR12170510bin.48.gz	74
SRR12170510bin.49.gz	203
SRR12170510bin.4.gz	30
SRR12170510bin.50.gz	125
SRR12170510bin.51.gz	57
SRR12170510bin.52.gz	256
SRR12170510bin.53.gz	118
SRR12170510bin.54.gz	169
SRR12170510bin.57.gz	128
SRR12170510bin.59.gz	86
SRR12170510bin.5.gz	117
SRR12170510bin.9.gz	38
SRR12170511bin.10.gz	25
SRR12170511bin.11.gz	149
SRR12170511bin.12.gz	55
SRR12170511bin.13.gz	223
SRR12170511bin.14.gz	92
SRR12170511bin.16.gz	79
SRR12170511bin.17.gz	48
SRR12170511bin.18.gz	63
SRR12170511bin.19.gz	111
SRR12170511bin.22.gz	99
SRR12170511bin.23.gz	37
SRR12170511bin.24.gz	69
SRR12170511bin.25.gz	17
SRR12170511bin.28.gz	46
SRR12170511bin.29.gz	67
SRR12170511bin.2.gz	77
SRR12170511bin.30.gz	57
SRR12170511bin.31.gz	59
SRR12170511bin.33.gz	105
SRR12170511bin.34.gz	81
SRR12170511bin.36.gz	44
SRR12170511bin.38.gz	7
SRR12170511bin.39.gz	260
SRR12170511bin.40.gz	39
SRR12170511bin.42.gz	15
SRR12170511bin.43.gz	37
SRR12170511bin.46.gz	114
SRR12170511bin.47.gz	18
SRR12170511bin.49.gz	101
SRR12170511bin.50.gz	191
SRR12170511bin.51.gz	70
SRR12170511bin.52.gz	21
SRR12170511bin.53.gz	14
SRR12170511bin.54.gz	24
SRR12170511bin.56.gz	291
SRR12170511bin.58.gz	107
SRR12170511bin.5.gz	134
SRR12170511bin.61.gz	67
SRR12170511bin.62.gz	15
SRR12170511bin.63.gz	20
SRR12170511bin.6.gz	99
SRR12170511bin.7.gz	79
SRR12170511bin.8.gz	42
SRR12170511bin.9.gz	17
SRR12170512bin.11.gz	102
SRR12170512bin.13.gz	78
SRR12170512bin.14.gz	89
SRR12170512bin.15.gz	105
SRR12170512bin.16.gz	20
SRR12170512bin.17.gz	102
SRR12170512bin.20.gz	281
SRR12170512bin.25.gz	174
SRR12170512bin.28.gz	145
SRR12170512bin.30.gz	17
SRR12170512bin.31.gz	194
SRR12170512bin.32.gz	76
SRR12170512bin.34.gz	92
SRR12170512bin.35.gz	153
SRR12170512bin.36.gz	139
SRR12170512bin.38.gz	83
SRR12170512bin.3.gz	71
SRR12170512bin.41.gz	70
SRR12170512bin.43.gz	67
SRR12170512bin.4.gz	221
SRR12170512bin.50.gz	21
SRR12170512bin.51.gz	19
SRR12170512bin.52.gz	139
SRR12170512bin.5.gz	54
SRR12170512bin.7.gz	98
SRR12170512bin.9.gz	60
SRR12170513bin.10.gz	67
SRR12170513bin.11.gz	98
SRR12170513bin.12.gz	72
SRR12170513bin.13.gz	79
SRR12170513bin.14.gz	92
SRR12170513bin.15.gz	42
SRR12170513bin.16.gz	96
SRR12170513bin.17.gz	172
SRR12170513bin.18.gz	56
SRR12170513bin.19.gz	32
SRR12170513bin.21.gz	100
SRR12170513bin.22.gz	143
SRR12170513bin.23.gz	104
SRR12170513bin.25.gz	174
SRR12170513bin.26.gz	102
SRR12170513bin.27.gz	92
SRR12170513bin.2.gz	112
SRR12170513bin.30.gz	172
SRR12170513bin.33.gz	102
SRR12170513bin.35.gz	60
SRR12170513bin.36.gz	200
SRR12170513bin.4.gz	123
SRR12170513bin.5.gz	179
SRR12170513bin.7.gz	145
SRR12170513bin.8.gz	38
SRR12170514bin.10.gz	158
SRR12170514bin.12.gz	55
SRR12170514bin.14.gz	77
SRR12170514bin.15.gz	229
SRR12170514bin.17.gz	116
SRR12170514bin.18.gz	10
SRR12170514bin.20.gz	13
SRR12170514bin.23.gz	73
SRR12170514bin.25.gz	114
SRR12170514bin.26.gz	79
SRR12170514bin.27.gz	111
SRR12170514bin.28.gz	239
SRR12170514bin.33.gz	76
SRR12170514bin.34.gz	91
SRR12170514bin.35.gz	25
SRR12170514bin.36.gz	125
SRR12170514bin.38.gz	91
SRR12170514bin.42.gz	44
SRR12170514bin.44.gz	50
SRR12170514bin.45.gz	149
SRR12170514bin.46.gz	204
SRR12170514bin.47.gz	95
SRR12170514bin.4.gz	14
SRR12170514bin.50.gz	66
SRR12170514bin.51.gz	64
SRR12170514bin.5.gz	60
SRR12170514bin.7.gz	26
SRR12170514bin.9.gz	155
SRR12170515bin.10.gz	262
SRR12170515bin.19.gz	59
SRR12170515bin.1.gz	95
SRR12170515bin.21.gz	105
SRR12170515bin.22.gz	116
SRR12170515bin.25.gz	95
SRR12170515bin.7.gz	39
SRR12170516bin.11.gz	77
SRR12170516bin.12.gz	58
SRR12170516bin.14.gz	16
SRR12170516bin.16.gz	16
SRR12170516bin.19.gz	303
SRR12170516bin.20.gz	137
SRR12170516bin.22.gz	95
SRR12170516bin.23.gz	62
SRR12170516bin.24.gz	7
SRR12170516bin.26.gz	62
SRR12170516bin.27.gz	63
SRR12170516bin.2.gz	63
SRR12170516bin.30.gz	73
SRR12170516bin.31.gz	155
SRR12170516bin.32.gz	17
SRR12170516bin.33.gz	70
SRR12170516bin.34.gz	134
SRR12170516bin.36.gz	16
SRR12170516bin.37.gz	261
SRR12170516bin.3.gz	128
SRR12170516bin.40.gz	243
SRR12170516bin.42.gz	252
SRR12170516bin.46.gz	123
SRR12170516bin.48.gz	219
SRR12170516bin.49.gz	236
SRR12170516bin.4.gz	71
SRR12170516bin.52.gz	118
SRR12170516bin.53.gz	16
SRR12170516bin.54.gz	259
SRR12170516bin.55.gz	206
SRR12170516bin.56.gz	211
SRR12170516bin.57.gz	333
SRR12170516bin.58.gz	163
SRR12170516bin.59.gz	273
SRR12170516bin.6.gz	225
SRR12170516bin.7.gz	238
SRR12170518bin.13.gz	91
SRR12170518bin.14.gz	158
SRR12170518bin.18.gz	39
SRR12170518bin.19.gz	67
SRR12170518bin.23.gz	80
SRR12170518bin.24.gz	91
SRR12170518bin.4.gz	19
SRR12170518bin.5.gz	52
SRR12170518bin.8.gz	44
SRR5916035rbin.5.gz	55
SRR5916035rbin.6.gz	61
SRR5916035rbin.7.gz	11
SRR5916047rbin.2.gz	66
SRR5916093rbin.3.gz	90
SRR5916120rbin.10.gz	28
SRR5916120rbin.11.gz	31
SRR5916120rbin.12.gz	48
SRR5916120rbin.13.gz	78
SRR5916120rbin.14.gz	59
SRR5916120rbin.15.gz	56
SRR5916120rbin.16.gz	89
SRR5916120rbin.17.gz	39
SRR5916120rbin.1.gz	27
SRR5916120rbin.2.gz	73
SRR5916120rbin.3.gz	78
SRR5916120rbin.4.gz	36
SRR5916120rbin.5.gz	35
SRR5916120rbin.6.gz	22
SRR5916120rbin.7.gz	26
SRR5916120rbin.8.gz	25
SRR5916140rbin.3.gz	29
SRR5916164rbin.1.gz	86
SRR5916175rbin.3.gz	47
SRR5916217rbin.1.gz	19
SRR5916275rbin.1.gz	44
SRR5916285rbin.1.gz	128
SRR5916285rbin.3.gz	33
SRR5916294rbin.1.gz	56
SRR5916294rbin.2.gz	30
SRR5916294rbin.3.gz	27
SRR5916310rbin.1.gz	99
SRR5916354rbin.1.gz	88
SRR5916354rbin.3.gz	85
SRR5916354rbin.4.gz	37
SRR5916354rbin.5.gz	125
SRR5918911rbin.2.gz	5
SRR5918912rbin.5.gz	26
SRR5918914rbin.1.gz	50
SRR5918914rbin.4.gz	21
SRR5918914rbin.5.gz	86
SRR5918914rbin.6.gz	2
SRR5918914rbin.7.gz	43
SRR5918914rbin.8.gz	30
SRR5918914rbin.9.gz	33
SRR5918916rbin.2.gz	44
SRR5918921rbin.1.gz	32
SRR5918944rbin.1.gz	49
SRR5918954rbin.1.gz	64
SRR5918955rbin.1.gz	72
SRR5918958rbin.1.gz	47
SRR5918958rbin.2.gz	48
SRR5918960rbin.1.gz	14
SRR5918960rbin.2.gz	70
SRR5918960rbin.3.gz	70
SRR5918960rbin.5.gz	188
SRR5918960rbin.6.gz	104
SRR5918970rbin.1.gz	10
SRR5918970rbin.2.gz	31
SRR5918970rbin.3.gz	47
SRR5918970rbin.4.gz	12
SRR5918970rbin.5.gz	53
SRR5918978rbin.1.gz	35
SRR5918978rbin.2.gz	36
SRR5918978rbin.4.gz	9
SRR5918986rbin.1.gz	44
SRR5918986rbin.2.gz	81
SRR5918986rbin.3.gz	58
SRR5918986rbin.4.gz	66
SRR5918988rbin.1.gz	129
SRR5918988rbin.2.gz	25
SRR5918988rbin.3.gz	68
SRR5918989rbin.2.gz	30
SRR5918992rbin.1.gz	10
SRR5918992rbin.3.gz	27
SRR5918992rbin.4.gz	21
SRR5918992rbin.6.gz	198
SRR5918992rbin.7.gz	40
SRR5918992rbin.8.gz	38
SRR5918993rbin.10.gz	18
SRR5918993rbin.11.gz	116
SRR5918993rbin.12.gz	95
SRR5918993rbin.13.gz	5
SRR5918993rbin.17.gz	18
SRR5918993rbin.18.gz	62
SRR5918993rbin.20.gz	52
SRR5918993rbin.22.gz	60
SRR5918993rbin.2.gz	59
SRR5918993rbin.3.gz	38
SRR5918993rbin.4.gz	47
SRR5918993rbin.5.gz	125
SRR5918993rbin.6.gz	98
SRR5918993rbin.8.gz	26
SRR5918993rbin.9.gz	20
SRR5918994rbin.10.gz	99
SRR5918994rbin.11.gz	41
SRR5918994rbin.13.gz	53
SRR5918994rbin.19.gz	80
SRR5918994rbin.21.gz	66
SRR5918994rbin.6.gz	45
SRR5918994rbin.7.gz	10
SRR5918995rbin.11.gz	27
SRR5918995rbin.13.gz	93
SRR5918995rbin.15.gz	69
SRR5918995rbin.16.gz	73
SRR5918995rbin.17.gz	114
SRR5918995rbin.1.gz	50
SRR5918995rbin.21.gz	96
SRR5918995rbin.2.gz	27
SRR5918995rbin.4.gz	136
SRR5918995rbin.9.gz	41
SRR5918996rbin.10.gz	73
SRR5918996rbin.12.gz	15
SRR5918996rbin.14.gz	51
SRR5918996rbin.15.gz	89
SRR5918996rbin.16.gz	12
SRR5918996rbin.17.gz	33
SRR5918996rbin.19.gz	71
SRR5918996rbin.20.gz	51
SRR5918996rbin.21.gz	36
SRR5918996rbin.22.gz	24
SRR5918996rbin.2.gz	31
SRR5918996rbin.3.gz	29
SRR5918996rbin.4.gz	85
SRR5918996rbin.5.gz	22
SRR5918996rbin.6.gz	12
SRR5918996rbin.7.gz	38
SRR5918996rbin.8.gz	12
SRR5918996rbin.9.gz	57
SRR5918997rbin.1.gz	9
SRR5918997rbin.4.gz	5
SRR5918997rbin.8.gz	58
SRR5918998rbin.11.gz	8
SRR5918998rbin.1.gz	69
SRR5918998rbin.2.gz	18
SRR5918998rbin.4.gz	48
SRR5918998rbin.8.gz	102
SRR5918998rbin.9.gz	20
SRR5919096rbin.10.gz	83
SRR5919096rbin.11.gz	135
SRR5919096rbin.12.gz	30
SRR5919096rbin.1.gz	46
SRR5919096rbin.2.gz	88
SRR5919096rbin.3.gz	103
SRR5919096rbin.4.gz	88
SRR5919096rbin.5.gz	145
SRR5919096rbin.6.gz	84
SRR5919096rbin.7.gz	115
SRR5919096rbin.8.gz	67
SRR5919096rbin.9.gz	99
SRR5919098rbin.1.gz	18
SRR5919098rbin.2.gz	94
SRR5919101rbin.1.gz	12
SRR5919101rbin.3.gz	34
SRR5919105rbin.1.gz	56
SRR5919106rbin.1.gz	33
SRR5919106rbin.4.gz	37
SRR5919107rbin.1.gz	3
SRR5919108rbin.1.gz	107
SRR5919109rbin.10.gz	138
SRR5919109rbin.11.gz	24
SRR5919109rbin.13.gz	8
SRR5919109rbin.1.gz	85
SRR5919109rbin.2.gz	29
SRR5919109rbin.5.gz	47
SRR5919109rbin.6.gz	71
SRR5919109rbin.7.gz	14
SRR5919109rbin.8.gz	52
SRR5919109rbin.9.gz	19
SRR5919112rbin.2.gz	68
SRR5919112rbin.3.gz	29
SRR5919159rbin.1.gz	5
SRR5919159rbin.2.gz	42
SRR5919159rbin.4.gz	65
SRR5919159rbin.6.gz	59
SRR5919168rbin.1.gz	17
SRR5919168rbin.2.gz	94
SRR5919197rbin.10.gz	25
SRR5919197rbin.1.gz	37
SRR5919197rbin.2.gz	14
SRR5919197rbin.4.gz	39
SRR5919197rbin.7.gz	123
SRR5919197rbin.8.gz	48
SRR5919198rbin.11.gz	37
SRR5919198rbin.12.gz	73
SRR5919198rbin.14.gz	58
SRR5919198rbin.16.gz	36
SRR5919198rbin.17.gz	56
SRR5919198rbin.2.gz	50
SRR5919198rbin.5.gz	60
SRR5919198rbin.6.gz	21
SRR5919198rbin.7.gz	36
SRR5919198rbin.8.gz	51
SRR5919198rbin.9.gz	56
SRR5919199rbin.2.gz	84
SRR5919199rbin.4.gz	157
SRR5919201rbin.1.gz	30
SRR5919201rbin.2.gz	3
SRR5919201rbin.5.gz	58
SRR5919201rbin.6.gz	26
SRR5919201rbin.7.gz	11
SRR5919201rbin.8.gz	36
SRR5919201rbin.9.gz	97
SRR5919202rbin.1.gz	88
SRR5919202rbin.4.gz	91
SRR5919204rbin.10.gz	23
SRR5919204rbin.3.gz	46
SRR5919204rbin.4.gz	47
SRR5919204rbin.5.gz	66
SRR5919212rbin.1.gz	29
SRR5919221rbin.1.gz	33
SRR5919227rbin.1.gz	42
SRR5919245rbin.1.gz	24
SRR5919246rbin.1.gz	9
SRR5919246rbin.2.gz	88
SRR5919246rbin.4.gz	30
SRR5919249rbin.1.gz	21
SRR5919288rbin.1.gz	145
SRR5919342rbin.1.gz	74
SRR5919342rbin.2.gz	46
SRR5919342rbin.3.gz	80
SRR5923059rbin.1.gz	47
SRR5923059rbin.2.gz	66
SRR5923059rbin.3.gz	16
SRR5923059rbin.4.gz	49
SRR5923059rbin.5.gz	105
SRR5923187rbin.1.gz	57
SRR5923187rbin.2.gz	69
SRR5923187rbin.3.gz	59
SRR5923187rbin.4.gz	38
SRR5923187rbin.5.gz	39
SRR5923187rbin.6.gz	34
SRR5947207rbin.6.gz	37
SRR5947207rbin.7.gz	93
SRR5947207rbin.8.gz	38
SRR5947209rbin.10.gz	125
SRR5947209rbin.11.gz	86
SRR5947209rbin.14.gz	53
SRR5947209rbin.2.gz	83
SRR5947209rbin.3.gz	83
SRR5947209rbin.5.gz	44
SRR5947209rbin.6.gz	106
SRR5947209rbin.7.gz	115
SRR5947209rbin.8.gz	31
SRR6048907rbin.1.gz	179
SRR6048907rbin.2.gz	60
SRR6048907rbin.3.gz	61
SRR6048907rbin.4.gz	160
SRR6048907rbin.5.gz	132
SRR6048907rbin.6.gz	62
SRR6048907rbin.7.gz	47
SRR6048907rbin.8.gz	55
SRR6048907rbin.9.gz	36
SRR6048908rbin.1.gz	106
SRR6049602rbin.1.gz	103
SRR6049602rbin.2.gz	65
SRR6049602rbin.3.gz	113
SRR6049603rbin.1.gz	128
SRR6049603rbin.2.gz	110
SRR6049603rbin.3.gz	77
SRR6056278rbin.2.gz	25
SRR6056298rbin.12.gz	64
SRR6056298rbin.14.gz	170
SRR6056298rbin.3.gz	140
SRR6056298rbin.4.gz	13
SRR6056298rbin.5.gz	60
SRR6056298rbin.6.gz	127
SRR6056298rbin.7.gz	62
SRR6056298rbin.8.gz	63
SRR6056298rbin.9.gz	178
SRR6076972rbin.1.gz	103
SRR6076972rbin.2.gz	57
SRR6076972rbin.3.gz	66
SRR6076972rbin.4.gz	69
SRR6076972rbin.5.gz	79
SRR6076972rbin.6.gz	64
SRR6152564rbin.15.gz	41
SRR6152564rbin.16.gz	76
SRR6152564rbin.19.gz	25
SRR6152564rbin.1.gz	35
SRR6152564rbin.20.gz	174
SRR6152564rbin.22.gz	7
SRR6152564rbin.23.gz	148
SRR6152564rbin.27.gz	406
SRR6152564rbin.3.gz	94
SRR6152564rbin.9.gz	118
SRR6181342rbin.14.gz	31
SRR6181342rbin.15.gz	57
SRR6181342rbin.17.gz	52
SRR6181342rbin.1.gz	134
SRR6181342rbin.2.gz	103
SRR6181342rbin.3.gz	180
SRR6181342rbin.4.gz	75
SRR6181342rbin.5.gz	16
SRR6181342rbin.6.gz	56
SRR6181342rbin.9.gz	100
SRR6181350rbin.2.gz	63
SRR6181350rbin.4.gz	49
SRR6184671rbin.10.gz	11
SRR6184671rbin.11.gz	69
SRR6184671rbin.12.gz	60
SRR6184671rbin.13.gz	66
SRR6184671rbin.15.gz	59
SRR6184671rbin.20.gz	61
SRR6184671rbin.21.gz	67
SRR6184671rbin.22.gz	117
SRR6184671rbin.23.gz	22
SRR6184671rbin.25.gz	5
SRR6184671rbin.26.gz	59
SRR6184671rbin.29.gz	72
SRR6184671rbin.2.gz	103
SRR6184671rbin.30.gz	64
SRR6184671rbin.33.gz	97
SRR6184671rbin.34.gz	14
SRR6184671rbin.36.gz	174
SRR6184671rbin.37.gz	34
SRR6184671rbin.39.gz	160
SRR6184671rbin.40.gz	94
SRR6184671rbin.42.gz	59
SRR6184671rbin.43.gz	86
SRR6184671rbin.47.gz	71
SRR6184671rbin.4.gz	100
SRR6184671rbin.50.gz	11
SRR6184671rbin.5.gz	137
SRR6184671rbin.6.gz	53
SRR6185295rbin.10.gz	35
SRR6185295rbin.11.gz	67
SRR6185295rbin.17.gz	123
SRR6185295rbin.18.gz	78
SRR6185295rbin.20.gz	80
SRR6185295rbin.22.gz	63
SRR6185295rbin.24.gz	14
SRR6185295rbin.25.gz	79
SRR6185295rbin.26.gz	19
SRR6185295rbin.27.gz	49
SRR6185295rbin.29.gz	65
SRR6185295rbin.30.gz	56
SRR6185295rbin.5.gz	66
SRR6185295rbin.7.gz	40
SRR6185295rbin.8.gz	45
SRR6185295rbin.9.gz	93
SRR6185312rbin.100.gz	71
SRR6185312rbin.101.gz	84
SRR6185312rbin.102.gz	83
SRR6185312rbin.103.gz	114
SRR6185312rbin.104.gz	57
SRR6185312rbin.106.gz	175
SRR6185312rbin.107.gz	7
SRR6185312rbin.109.gz	14
SRR6185312rbin.10.gz	44
SRR6185312rbin.13.gz	50
SRR6185312rbin.14.gz	76
SRR6185312rbin.16.gz	8
SRR6185312rbin.19.gz	147
SRR6185312rbin.1.gz	23
SRR6185312rbin.20.gz	29
SRR6185312rbin.23.gz	52
SRR6185312rbin.24.gz	60
SRR6185312rbin.25.gz	31
SRR6185312rbin.28.gz	68
SRR6185312rbin.29.gz	138
SRR6185312rbin.2.gz	69
SRR6185312rbin.30.gz	65
SRR6185312rbin.32.gz	48
SRR6185312rbin.34.gz	89
SRR6185312rbin.35.gz	213
SRR6185312rbin.37.gz	171
SRR6185312rbin.38.gz	66
SRR6185312rbin.3.gz	60
SRR6185312rbin.41.gz	77
SRR6185312rbin.42.gz	57
SRR6185312rbin.43.gz	237
SRR6185312rbin.44.gz	185
SRR6185312rbin.45.gz	86
SRR6185312rbin.46.gz	55
SRR6185312rbin.47.gz	59
SRR6185312rbin.48.gz	242
SRR6185312rbin.50.gz	58
SRR6185312rbin.53.gz	74
SRR6185312rbin.55.gz	257
SRR6185312rbin.58.gz	257
SRR6185312rbin.60.gz	58
SRR6185312rbin.61.gz	45
SRR6185312rbin.62.gz	45
SRR6185312rbin.63.gz	77
SRR6185312rbin.64.gz	29
SRR6185312rbin.65.gz	42
SRR6185312rbin.66.gz	28
SRR6185312rbin.68.gz	51
SRR6185312rbin.69.gz	71
SRR6185312rbin.71.gz	152
SRR6185312rbin.72.gz	104
SRR6185312rbin.73.gz	116
SRR6185312rbin.75.gz	54
SRR6185312rbin.76.gz	67
SRR6185312rbin.78.gz	105
SRR6185312rbin.79.gz	80
SRR6185312rbin.7.gz	59
SRR6185312rbin.84.gz	244
SRR6185312rbin.87.gz	104
SRR6185312rbin.88.gz	195
SRR6185312rbin.90.gz	121
SRR6185312rbin.92.gz	69
SRR6185312rbin.93.gz	26
SRR6185312rbin.98.gz	91
SRR6185312rbin.99.gz	65
SRR6185369rbin.11.gz	37
SRR6185369rbin.12.gz	105
SRR6185369rbin.14.gz	49
SRR6185369rbin.15.gz	60
SRR6185369rbin.16.gz	71
SRR6185369rbin.17.gz	68
SRR6185369rbin.18.gz	104
SRR6185369rbin.1.gz	70
SRR6185369rbin.20.gz	137
SRR6185369rbin.21.gz	67
SRR6185369rbin.22.gz	74
SRR6185369rbin.23.gz	48
SRR6185369rbin.24.gz	91
SRR6185369rbin.25.gz	40
SRR6185369rbin.26.gz	28
SRR6185369rbin.27.gz	72
SRR6185369rbin.28.gz	158
SRR6185369rbin.2.gz	89
SRR6185369rbin.31.gz	251
SRR6185369rbin.32.gz	108
SRR6185369rbin.33.gz	87
SRR6185369rbin.34.gz	71
SRR6185369rbin.36.gz	29
SRR6185369rbin.37.gz	153
SRR6185369rbin.3.gz	131
SRR6185369rbin.40.gz	35
SRR6185369rbin.41.gz	23
SRR6185369rbin.4.gz	32
SRR6185369rbin.5.gz	60
SRR6185369rbin.7.gz	62
SRR6185369rbin.9.gz	93
SRR6185436rbin.11.gz	135
SRR6185436rbin.13.gz	28
SRR6185436rbin.14.gz	67
SRR6185436rbin.15.gz	110
SRR6185436rbin.18.gz	20
SRR6185436rbin.1.gz	54
SRR6185436rbin.23.gz	52
SRR6185436rbin.26.gz	87
SRR6185436rbin.29.gz	92
SRR6185436rbin.2.gz	54
SRR6185436rbin.4.gz	51
SRR6185436rbin.9.gz	115
SRR6185437rbin.100.gz	76
SRR6185437rbin.104.gz	27
SRR6185437rbin.105.gz	175
SRR6185437rbin.106.gz	65
SRR6185437rbin.107.gz	42
SRR6185437rbin.109.gz	21
SRR6185437rbin.110.gz	38
SRR6185437rbin.11.gz	195
SRR6185437rbin.15.gz	77
SRR6185437rbin.17.gz	124
SRR6185437rbin.19.gz	64
SRR6185437rbin.20.gz	80
SRR6185437rbin.21.gz	40
SRR6185437rbin.22.gz	19
SRR6185437rbin.26.gz	119
SRR6185437rbin.28.gz	97
SRR6185437rbin.29.gz	99
SRR6185437rbin.30.gz	84
SRR6185437rbin.31.gz	60
SRR6185437rbin.32.gz	90
SRR6185437rbin.35.gz	244
SRR6185437rbin.37.gz	37
SRR6185437rbin.38.gz	105
SRR6185437rbin.39.gz	37
SRR6185437rbin.40.gz	58
SRR6185437rbin.41.gz	64
SRR6185437rbin.42.gz	77
SRR6185437rbin.44.gz	118
SRR6185437rbin.45.gz	87
SRR6185437rbin.46.gz	29
SRR6185437rbin.48.gz	23
SRR6185437rbin.49.gz	61
SRR6185437rbin.50.gz	89
SRR6185437rbin.51.gz	82
SRR6185437rbin.52.gz	82
SRR6185437rbin.54.gz	96
SRR6185437rbin.56.gz	105
SRR6185437rbin.57.gz	132
SRR6185437rbin.61.gz	41
SRR6185437rbin.62.gz	87
SRR6185437rbin.63.gz	95
SRR6185437rbin.64.gz	288
SRR6185437rbin.66.gz	54
SRR6185437rbin.67.gz	90
SRR6185437rbin.68.gz	86
SRR6185437rbin.6.gz	112
SRR6185437rbin.70.gz	93
SRR6185437rbin.72.gz	41
SRR6185437rbin.73.gz	68
SRR6185437rbin.74.gz	121
SRR6185437rbin.76.gz	98
SRR6185437rbin.7.gz	35
SRR6185437rbin.80.gz	55
SRR6185437rbin.81.gz	100
SRR6185437rbin.82.gz	99
SRR6185437rbin.84.gz	42
SRR6185437rbin.86.gz	45
SRR6185437rbin.87.gz	47
SRR6185437rbin.88.gz	73
SRR6185437rbin.89.gz	45
SRR6185437rbin.8.gz	137
SRR6185437rbin.90.gz	136
SRR6185437rbin.92.gz	50
SRR6185437rbin.93.gz	64
SRR6185437rbin.94.gz	114
SRR6185437rbin.98.gz	57
SRR6185437rbin.99.gz	165
SRR6185503rbin.10.gz	135
SRR6185503rbin.12.gz	81
SRR6185503rbin.17.gz	240
SRR6185503rbin.18.gz	148
SRR6185503rbin.19.gz	90
SRR6185503rbin.20.gz	260
SRR6185503rbin.21.gz	14
SRR6185503rbin.23.gz	71
SRR6185503rbin.26.gz	80
SRR6185503rbin.28.gz	119
SRR6185503rbin.30.gz	44
SRR6185503rbin.32.gz	67
SRR6185503rbin.33.gz	70
SRR6185503rbin.35.gz	73
SRR6185503rbin.36.gz	193
SRR6185503rbin.37.gz	18
SRR6185503rbin.38.gz	15
SRR6185503rbin.4.gz	189
SRR6185503rbin.6.gz	149
SRR6185503rbin.7.gz	33
SRR6185503rbin.8.gz	83
SRR6185503rbin.9.gz	162
SRR6185512rbin.10.gz	36
SRR6185512rbin.12.gz	94
SRR6185512rbin.13.gz	20
SRR6185512rbin.14.gz	175
SRR6185512rbin.17.gz	40
SRR6185512rbin.18.gz	276
SRR6185512rbin.19.gz	368
SRR6185512rbin.1.gz	80
SRR6185512rbin.22.gz	34
SRR6185512rbin.23.gz	228
SRR6185512rbin.24.gz	43
SRR6185512rbin.25.gz	39
SRR6185512rbin.28.gz	140
SRR6185512rbin.29.gz	56
SRR6185512rbin.2.gz	96
SRR6185512rbin.34.gz	66
SRR6185512rbin.35.gz	94
SRR6185512rbin.36.gz	101
SRR6185512rbin.3.gz	116
SRR6185512rbin.40.gz	54
SRR6185512rbin.41.gz	86
SRR6185512rbin.45.gz	35
SRR6185512rbin.48.gz	98
SRR6185512rbin.51.gz	52
SRR6185512rbin.53.gz	130
SRR6185512rbin.55.gz	106
SRR6185512rbin.56.gz	238
SRR6185512rbin.58.gz	256
SRR6185512rbin.61.gz	57
SRR6185512rbin.64.gz	97
SRR6185512rbin.65.gz	56
SRR6185512rbin.67.gz	44
SRR6185512rbin.68.gz	26
SRR6185512rbin.69.gz	90
SRR6185512rbin.70.gz	130
SRR6185512rbin.72.gz	75
SRR6185512rbin.74.gz	82
SRR6185512rbin.76.gz	348
SRR6185512rbin.77.gz	71
SRR6185512rbin.78.gz	85
SRR6185512rbin.7.gz	114
SRR6185512rbin.85.gz	14
SRR6185512rbin.87.gz	76
SRR6185512rbin.92.gz	182
SRR6185512rbin.93.gz	39
SRR6185512rbin.94.gz	22
SRR6185512rbin.9.gz	66
SRR6186997rbin.2.gz	33
SRR6187048rbin.1.gz	63
SRR6187048rbin.4.gz	87
SRR6187400rbin.1.gz	50
SRR6187402rbin.1.gz	225
SRR6187402rbin.3.gz	74
SRR6187402rbin.4.gz	45
SRR6187402rbin.5.gz	36
SRR6187549rbin.4.gz	61
SRR6187551rbin.4.gz	50
SRR6187551rbin.5.gz	38
SRR6188470rbin.1.gz	39
SRR6188470rbin.2.gz	66
SRR6188472rbin.2.gz	56
SRR6188472rbin.3.gz	79
SRR6188472rbin.4.gz	51
SRR6188472rbin.6.gz	62
SRR6188473rbin.1.gz	18
SRR6188473rbin.3.gz	26
SRR6188474rbin.1.gz	64
SRR6193119rbin.10.gz	72
SRR6193119rbin.17.gz	35
SRR6193119rbin.18.gz	41
SRR6193119rbin.19.gz	67
SRR6193119rbin.21.gz	36
SRR6193119rbin.26.gz	41
SRR6193119rbin.29.gz	387
SRR6193119rbin.32.gz	147
SRR6193119rbin.33.gz	106
SRR6193119rbin.34.gz	93
SRR6193119rbin.37.gz	142
SRR6193119rbin.39.gz	31
SRR6193119rbin.3.gz	27
SRR6193119rbin.41.gz	69
SRR6193119rbin.43.gz	110
SRR6193119rbin.46.gz	74
SRR6193119rbin.6.gz	244
SRR6193119rbin.9.gz	74
SRR6195952rbin.1.gz	56
SRR6195974rbin.10.gz	87
SRR6195974rbin.11.gz	32
SRR6195974rbin.12.gz	50
SRR6195974rbin.13.gz	43
SRR6195974rbin.14.gz	24
SRR6195974rbin.15.gz	156
SRR6195974rbin.16.gz	94
SRR6195974rbin.19.gz	33
SRR6195974rbin.1.gz	102
SRR6195974rbin.20.gz	33
SRR6195974rbin.21.gz	57
SRR6195974rbin.22.gz	16
SRR6195974rbin.23.gz	48
SRR6195974rbin.25.gz	20
SRR6195974rbin.26.gz	34
SRR6195974rbin.29.gz	60
SRR6195974rbin.2.gz	56
SRR6195974rbin.30.gz	77
SRR6195974rbin.31.gz	66
SRR6195974rbin.32.gz	39
SRR6195974rbin.33.gz	46
SRR6195974rbin.34.gz	39
SRR6195974rbin.35.gz	21
SRR6195974rbin.36.gz	97
SRR6195974rbin.37.gz	149
SRR6195974rbin.38.gz	53
SRR6195974rbin.3.gz	39
SRR6195974rbin.41.gz	18
SRR6195974rbin.43.gz	11
SRR6195974rbin.44.gz	65
SRR6195974rbin.45.gz	56
SRR6195974rbin.48.gz	3
SRR6195974rbin.49.gz	98
SRR6195974rbin.50.gz	50
SRR6195974rbin.52.gz	101
SRR6195974rbin.55.gz	46
SRR6195974rbin.58.gz	20
SRR6195974rbin.60.gz	60
SRR6195974rbin.61.gz	99
SRR6195974rbin.62.gz	107
SRR6195974rbin.63.gz	94
SRR6195974rbin.64.gz	48
SRR6195974rbin.65.gz	111
SRR6195974rbin.66.gz	28
SRR6195974rbin.67.gz	69
SRR6195974rbin.68.gz	47
SRR6195974rbin.69.gz	78
SRR6195974rbin.6.gz	211
SRR6195974rbin.70.gz	35
SRR6195974rbin.71.gz	85
SRR6195974rbin.74.gz	64
SRR6195974rbin.76.gz	125
SRR6195974rbin.7.gz	42
SRR6195974rbin.8.gz	54
SRR6195974rbin.9.gz	54
SRR6195975rbin.16.gz	40
SRR6195975rbin.9.gz	74
SRR6201746rbin.1.gz	65
SRR6201804rbin.1.gz	33
SRR6201865rbin.2.gz	49
SRR6201865rbin.3.gz	71
SRR6201908rbin.2.gz	56
SRR6201925rbin.1.gz	12
SRR6201985rbin.1.gz	66
SRR6201988rbin.1.gz	212
SRR6201988rbin.2.gz	68
SRR6201988rbin.3.gz	45
SRR6201988rbin.4.gz	164
SRR6201989rbin.1.gz	96
SRR6201991rbin.2.gz	79
SRR6201991rbin.3.gz	122
SRR6201991rbin.4.gz	107
SRR6201991rbin.5.gz	105
SRR6201993rbin.1.gz	68
SRR6201994rbin.1.gz	51
SRR6201996rbin.1.gz	97
SRR6201996rbin.2.gz	134
SRR6201996rbin.3.gz	164
SRR6201997rbin.1.gz	52
SRR6201998rbin.1.gz	241
SRR6201998rbin.2.gz	60
SRR6201999rbin.1.gz	95
SRR6202000rbin.1.gz	68
SRR6202008rbin.1.gz	33
SRR6202011rbin.2.gz	104
SRR6202020rbin.1.gz	28
SRR6202020rbin.2.gz	176
SRR6202021rbin.1.gz	83
SRR6202021rbin.2.gz	72
SRR6202022rbin.1.gz	83
SRR6202022rbin.3.gz	51
SRR6202022rbin.5.gz	51
SRR6202022rbin.6.gz	26
SRR6202022rbin.7.gz	47
SRR6202023rbin.1.gz	103
SRR6202023rbin.2.gz	82
SRR6202023rbin.4.gz	28
SRR6202030rbin.2.gz	29
SRR6202030rbin.3.gz	84
SRR6202034rbin.1.gz	41
SRR6202034rbin.2.gz	74
SRR6202034rbin.4.gz	86
SRR6202034rbin.5.gz	34
SRR6202034rbin.6.gz	74
SRR6202035rbin.1.gz	71
SRR6202035rbin.2.gz	101
SRR6202040rbin.1.gz	60
SRR6202040rbin.3.gz	73
SRR6202041rbin.2.gz	34
SRR6202041rbin.3.gz	36
SRR6202041rbin.4.gz	38
SRR6202042rbin.3.gz	31
SRR6202042rbin.4.gz	59
SRR6202042rbin.5.gz	86
SRR6202043rbin.3.gz	28
SRR6202045rbin.2.gz	25
SRR6202045rbin.3.gz	93
SRR6202046rbin.2.gz	85
SRR6202046rbin.3.gz	53
SRR6202046rbin.4.gz	187
SRR6202046rbin.6.gz	52
SRR6202046rbin.7.gz	52
SRR6202046rbin.8.gz	51
SRR6202046rbin.9.gz	0
SRR6202047rbin.1.gz	50
SRR6202047rbin.3.gz	37
SRR6202048rbin.2.gz	65
SRR6202048rbin.3.gz	42
SRR6202049rbin.2.gz	15
SRR6202049rbin.3.gz	64
SRR6202049rbin.4.gz	36
SRR6202049rbin.5.gz	42
SRR6202049rbin.6.gz	39
SRR6202049rbin.8.gz	33
SRR6202050rbin.10.gz	36
SRR6202050rbin.11.gz	75
SRR6202050rbin.1.gz	111
SRR6202050rbin.2.gz	120
SRR6202050rbin.3.gz	118
SRR6202050rbin.5.gz	93
SRR6202050rbin.6.gz	90
SRR6202050rbin.9.gz	54
SRR6202140rbin.2.gz	44
SRR6202142rbin.1.gz	210
SRR6202142rbin.2.gz	30
SRR6202142rbin.3.gz	32
SRR6202142rbin.4.gz	81
SRR6202142rbin.5.gz	57
SRR6202158rbin.10.gz	15
SRR6202158rbin.11.gz	69
SRR6202158rbin.12.gz	6
SRR6202158rbin.1.gz	161
SRR6202158rbin.2.gz	70
SRR6202158rbin.3.gz	24
SRR6202158rbin.4.gz	37
SRR6202158rbin.6.gz	128
SRR6202158rbin.7.gz	60
SRR6202158rbin.8.gz	112
SRR6202161rbin.1.gz	38
SRR6202162rbin.1.gz	43
SRR6202162rbin.2.gz	47
SRR6202162rbin.3.gz	101
SRR6202162rbin.4.gz	102
SRR6202162rbin.5.gz	58
SRR6202162rbin.6.gz	75
SRR6202162rbin.7.gz	41
SRR6202162rbin.9.gz	78
SRR6202163rbin.1.gz	109
SRR6202163rbin.2.gz	62
SRR6202165rbin.10.gz	46
SRR6202165rbin.13.gz	34
SRR6202165rbin.1.gz	46
SRR6202165rbin.2.gz	71
SRR6202165rbin.3.gz	60
SRR6202165rbin.4.gz	34
SRR6202165rbin.7.gz	62
SRR6202165rbin.8.gz	19
SRR6202165rbin.9.gz	64
SRR6202166rbin.1.gz	34
SRR6202166rbin.2.gz	56
SRR6202166rbin.3.gz	13
SRR6202166rbin.4.gz	73
SRR6202166rbin.5.gz	106
SRR6202167rbin.10.gz	31
SRR6202167rbin.2.gz	217
SRR6202167rbin.6.gz	203
SRR6202171rbin.1.gz	163
SRR6202171rbin.2.gz	108
SRR6202171rbin.4.gz	50
SRR6202171rbin.6.gz	47
SRR6202171rbin.7.gz	20
SRR6202451rbin.1.gz	160
SRR6202451rbin.2.gz	43
SRR6202451rbin.3.gz	30
SRR6202451rbin.4.gz	93
SRR6202451rbin.6.gz	160
SRR6202453rbin.1.gz	83
SRR6202453rbin.3.gz	110
SRR6202453rbin.4.gz	231
SRR6202453rbin.5.gz	115
SRR6202453rbin.6.gz	40
SRR6202453rbin.7.gz	160
SRR6202453rbin.8.gz	61
SRR6202453rbin.9.gz	47
SRR6202521rbin.2.gz	40
SRR6202521rbin.3.gz	42
SRR6202521rbin.4.gz	119
SRR6202521rbin.5.gz	47
SRR6202521rbin.6.gz	24
SRR6202521rbin.7.gz	69
SRR6202521rbin.8.gz	31
SRR6202521rbin.9.gz	121
SRR6202522rbin.2.gz	95
SRR6202522rbin.3.gz	41
SRR6202522rbin.6.gz	92
SRR6202522rbin.7.gz	26
SRR6202789rbin.3.gz	28
SRR6202790rbin.1.gz	45
SRR6202790rbin.2.gz	52
SRR6202790rbin.3.gz	30
SRR6202790rbin.6.gz	64
SRR6241674rbin.1.gz	166
SRR6266403rbin.12.gz	36
SRR6266403rbin.13.gz	137
SRR6266403rbin.14.gz	157
SRR6266403rbin.2.gz	47
SRR6266403rbin.6.gz	24
SRR6266404rbin.11.gz	31
SRR6266404rbin.12.gz	95
SRR6266404rbin.8.gz	133
SRR6266436rbin.1.gz	39
SRR6266436rbin.3.gz	64
SRR6266446rbin.11.gz	53
SRR6266446rbin.12.gz	144
SRR6266446rbin.13.gz	62
SRR6266446rbin.2.gz	31
SRR6266446rbin.9.gz	82
SRR6266478rbin.11.gz	77
SRR6266478rbin.13.gz	74
SRR6266478rbin.2.gz	28
SRR6266478rbin.3.gz	71
SRR6266478rbin.4.gz	99
SRR6266478rbin.5.gz	128
SRR6266478rbin.8.gz	69
SRR6266480rbin.12.gz	58
SRR6266480rbin.14.gz	90
SRR6266480rbin.15.gz	78
SRR6266480rbin.16.gz	57
SRR6266480rbin.5.gz	25
SRR6266487rbin.12.gz	21
SRR6266487rbin.2.gz	213
SRR6266487rbin.3.gz	44
SRR6266487rbin.4.gz	30
SRR6266487rbin.8.gz	83
SRR6266487rbin.9.gz	115
SRR6266496rbin.16.gz	68
SRR6266496rbin.17.gz	10
SRR6266496rbin.1.gz	50
SRR6266496rbin.9.gz	114
SRR6266498rbin.14.gz	28
SRR6266498rbin.4.gz	159
SRR6266498rbin.5.gz	12
SRR6266498rbin.6.gz	44
SRR6266498rbin.8.gz	31
SRR6266498rbin.9.gz	142
SRR6266508rbin.12.gz	40
SRR6266508rbin.13.gz	13
SRR6266508rbin.15.gz	89
SRR6266508rbin.20.gz	88
SRR6266508rbin.24.gz	132
SRR6266508rbin.39.gz	22
SRR6266508rbin.42.gz	38
SRR6266508rbin.43.gz	306
SRR6266508rbin.45.gz	41
SRR6266508rbin.6.gz	42
SRR6266511rbin.10.gz	69
SRR6266511rbin.11.gz	73
SRR6266511rbin.20.gz	276
SRR6266511rbin.30.gz	77
SRR6266511rbin.33.gz	75
SRR6266511rbin.6.gz	172
SRR6266513rbin.4.gz	55
SRR6266513rbin.6.gz	29
SRR6266513rbin.7.gz	14
SRR6266513rbin.9.gz	47
SRR6266516rbin.11.gz	23
SRR6266516rbin.22.gz	49
SRR6266516rbin.24.gz	52
SRR6266516rbin.2.gz	65
SRR6266516rbin.4.gz	72
SRR6266516rbin.6.gz	101
SRR6266516rbin.8.gz	42
SRR6266536rbin.12.gz	81
SRR6266536rbin.15.gz	110
SRR6266536rbin.18.gz	38
SRR6266536rbin.20.gz	93
SRR6266536rbin.23.gz	42
SRR6266536rbin.27.gz	151
SRR6266536rbin.28.gz	162
SRR6266536rbin.2.gz	68
SRR6266536rbin.38.gz	211
SRR6266536rbin.7.gz	65
SRR6266540rbin.13.gz	76
SRR6266540rbin.19.gz	76
SRR6266540rbin.21.gz	117
SRR6266540rbin.5.gz	27
SRR6266542rbin.10.gz	132
SRR6266542rbin.13.gz	63
SRR6266542rbin.18.gz	95
SRR6266542rbin.1.gz	77
SRR6266542rbin.21.gz	91
SRR6266542rbin.27.gz	108
SRR6266542rbin.30.gz	63
SRR6266542rbin.31.gz	43
SRR6266542rbin.42.gz	77
SRR6266542rbin.44.gz	51
SRR6266542rbin.4.gz	24
SRR6266542rbin.8.gz	113
SRR6266542rbin.9.gz	74
SRR6266545rbin.11.gz	67
SRR6266545rbin.13.gz	235
SRR6266545rbin.16.gz	84
SRR6266545rbin.1.gz	123
SRR6266545rbin.24.gz	175
SRR6266545rbin.28.gz	79
SRR6266545rbin.31.gz	56
SRR6266545rbin.34.gz	32
SRR6266545rbin.36.gz	67
SRR6266545rbin.37.gz	67
SRR6266545rbin.38.gz	199
SRR6266545rbin.42.gz	109
SRR6266545rbin.52.gz	134
SRR6266545rbin.61.gz	43
SRR6266545rbin.62.gz	124
SRR6266545rbin.7.gz	45
SRR6266545rbin.8.gz	29
SRR6266550rbin.10.gz	29
SRR6266550rbin.15.gz	52
SRR6266550rbin.16.gz	42
SRR6266550rbin.17.gz	34
SRR6266550rbin.18.gz	37
SRR6266550rbin.20.gz	42
SRR6266550rbin.22.gz	57
SRR6266550rbin.2.gz	41
SRR6266550rbin.6.gz	45
SRR6266550rbin.7.gz	123
SRR6266550rbin.9.gz	81
SRR6266566rbin.10.gz	85
SRR6266566rbin.11.gz	47
SRR6266566rbin.19.gz	69
SRR6266566rbin.1.gz	87
SRR6266566rbin.20.gz	40
SRR6266566rbin.21.gz	79
SRR6266566rbin.2.gz	49
SRR6266566rbin.6.gz	129
SRR6266567rbin.16.gz	32
SRR6266567rbin.19.gz	66
SRR6266567rbin.22.gz	31
SRR6266567rbin.24.gz	55
SRR6266567rbin.6.gz	38
SRR6266567rbin.7.gz	13
SRR6266567rbin.8.gz	42
SRR6266567rbin.9.gz	50
SRR6266568rbin.15.gz	48
SRR6266568rbin.17.gz	136
SRR6266568rbin.18.gz	56
SRR6266568rbin.20.gz	135
SRR6266568rbin.21.gz	76
SRR6266568rbin.22.gz	26
SRR6266568rbin.24.gz	144
SRR6266568rbin.26.gz	113
SRR6266568rbin.29.gz	64
SRR6266568rbin.36.gz	75
SRR6266568rbin.39.gz	56
SRR6266568rbin.43.gz	39
SRR6266571rbin.10.gz	113
SRR6266571rbin.12.gz	27
SRR6266571rbin.16.gz	24
SRR6266571rbin.1.gz	25
SRR6266571rbin.26.gz	73
SRR6266571rbin.28.gz	36
SRR6266571rbin.2.gz	39
SRR6266571rbin.31.gz	52
SRR6266571rbin.33.gz	54
SRR6266571rbin.6.gz	14
SRR6266571rbin.7.gz	40
SRR6266576rbin.12.gz	15
SRR6266576rbin.13.gz	172
SRR6266576rbin.14.gz	19
SRR6266576rbin.15.gz	0
SRR6266576rbin.17.gz	33
SRR6266576rbin.1.gz	97
SRR6266576rbin.5.gz	57
SRR6266576rbin.7.gz	64
SRR6266576rbin.8.gz	40
SRR6266699rbin.11.gz	71
SRR6266699rbin.12.gz	196
SRR6266699rbin.1.gz	46
SRR6266699rbin.2.gz	60
SRR6266699rbin.5.gz	29
SRR12170519bin.13.gz	238
SRR12170519bin.20.gz	61
SRR12170519bin.21.gz	20
SRR12170519bin.23.gz	99
SRR12170519bin.25.gz	105
SRR12170519bin.28.gz	72
SRR12170519bin.30.gz	45
SRR12170519bin.31.gz	30
SRR12170519bin.32.gz	92
SRR12170519bin.33.gz	64
SRR12170519bin.34.gz	55
SRR12170519bin.37.gz	138
SRR12170519bin.38.gz	61
SRR12170519bin.3.gz	399
SRR12170519bin.41.gz	242
SRR12170519bin.42.gz	67
SRR12170519bin.44.gz	24
SRR12170519bin.47.gz	20
SRR12170519bin.48.gz	218
SRR12170519bin.49.gz	236
SRR12170519bin.4.gz	73
SRR12170519bin.50.gz	162
SRR12170519bin.51.gz	77
SRR12170519bin.53.gz	22
SRR12170519bin.55.gz	118
SRR12170519bin.56.gz	26
SRR12170519bin.58.gz	60
SRR12170519bin.5.gz	76
SRR12170519bin.6.gz	263
SRR12277191bin.10.gz	25
SRR12277191bin.13.gz	55
SRR12277191bin.1.gz	35
SRR12277191bin.5.gz	43
SRR12277191bin.6.gz	98
SRR12277191bin.7.gz	25
SRR12277191bin.8.gz	36
SRR12277191bin.9.gz	111
SRR12277192bin.1.gz	128
SRR12277192bin.2.gz	104
SRR12277192bin.3.gz	68
SRR12277194bin.1.gz	126
SRR12277194bin.2.gz	51
SRR12277194bin.3.gz	82
SRR12277196bin.1.gz	29
SRR12277196bin.2.gz	49
SRR12277196bin.3.gz	65
SRR12277196bin.5.gz	101
SRR12277197bin.2.gz	18
SRR12277197bin.4.gz	40
SRR12277197bin.8.gz	65
SRR12277198bin.2.gz	59
SRR12277198bin.3.gz	28
SRR12277198bin.4.gz	96
SRR12277199bin.12.gz	23
SRR12277199bin.2.gz	40
SRR12277199bin.3.gz	100
SRR12277199bin.7.gz	43
SRR12277200bin.11.gz	82
SRR12277200bin.12.gz	22
SRR12277200bin.13.gz	110
SRR12277200bin.14.gz	59
SRR12277200bin.3.gz	0
SRR12277200bin.6.gz	49
SRR12277200bin.7.gz	86
SRR12277200bin.8.gz	50
SRR12277200bin.9.gz	28
SRR12277201bin.1.gz	61
SRR12277201bin.2.gz	20
SRR12284406bin.10.gz	70
SRR12284406bin.11.gz	54
SRR12284406bin.12.gz	54
SRR12284406bin.13.gz	56
SRR12284406bin.14.gz	28
SRR12284406bin.15.gz	126
SRR12284406bin.16.gz	80
SRR12284406bin.17.gz	30
SRR12284406bin.1.gz	66
SRR12284406bin.2.gz	45
SRR12284406bin.3.gz	134
SRR12284406bin.4.gz	8
SRR12284406bin.5.gz	19
SRR12284406bin.6.gz	215
SRR12284406bin.7.gz	69
SRR12284406bin.8.gz	51
SRR12284406bin.9.gz	67
SRR12284409bin.1.gz	53
SRR12284409bin.2.gz	104
SRR12284409bin.3.gz	209
SRR12284409bin.4.gz	62
SRR12284410bin.2.gz	15
SRR12347633bin.1.gz	76
SRR12347633bin.2.gz	43
SRR12347633bin.3.gz	126
SRR12347633bin.4.gz	103
SRR12347633bin.5.gz	136
SRR12347633bin.6.gz	211
SRR12347633bin.7.gz	79
SRR12347719bin.1.gz	213
SRR12347719bin.2.gz	127
SRR12347719bin.3.gz	50
SRR12347719bin.4.gz	311
SRR12347719bin.5.gz	115
SRR12347812bin.10.gz	56
SRR12347812bin.11.gz	59
SRR12347812bin.12.gz	142
SRR12347812bin.14.gz	18
SRR12347812bin.4.gz	111
SRR12347812bin.7.gz	239
SRR12347812bin.9.gz	44
SRR12347814bin.11.gz	21
SRR12347814bin.12.gz	45
SRR12347814bin.13.gz	24
SRR12347814bin.15.gz	88
SRR12347814bin.16.gz	13
SRR12347814bin.17.gz	44
SRR12347814bin.18.gz	26
SRR12347814bin.19.gz	58
SRR12347814bin.20.gz	73
SRR12347814bin.21.gz	59
SRR12347814bin.22.gz	77
SRR12347814bin.23.gz	47
SRR12347814bin.24.gz	59
SRR12347814bin.2.gz	107
SRR12347814bin.3.gz	35
SRR12347814bin.5.gz	15
SRR12347814bin.6.gz	20
SRR12347814bin.7.gz	108
SRR12347814bin.8.gz	9
SRR12347814bin.9.gz	42
SRR12347815bin.10.gz	33
SRR12347815bin.12.gz	71
SRR12347815bin.13.gz	50
SRR12347815bin.14.gz	66
SRR12347815bin.3.gz	253
SRR12347815bin.5.gz	120
SRR12347815bin.6.gz	47
SRR12347816bin.10.gz	82
SRR12347816bin.13.gz	100
SRR12347816bin.1.gz	75
SRR12347816bin.3.gz	67
SRR12347816bin.4.gz	39
SRR12347816bin.5.gz	121
SRR12347816bin.7.gz	55
SRR12347817bin.10.gz	69
SRR12347817bin.12.gz	173
SRR12347817bin.13.gz	59
SRR12347817bin.4.gz	215
SRR12347817bin.6.gz	71
SRR12347817bin.8.gz	44
SRR12347818bin.10.gz	78
SRR12347818bin.7.gz	78
SRR12347818bin.8.gz	51
SRR12347818bin.9.gz	15
SRR12347819bin.14.gz	283
SRR12347819bin.15.gz	102
SRR12347819bin.16.gz	203
SRR12347819bin.18.gz	164
SRR12347819bin.19.gz	267
SRR12347819bin.20.gz	101
SRR12347819bin.21.gz	64
SRR12347819bin.23.gz	20
SRR12347819bin.24.gz	112
SRR12347819bin.25.gz	34
SRR12347819bin.26.gz	130
SRR12347819bin.27.gz	39
SRR12347819bin.4.gz	37
SRR12347819bin.5.gz	74
SRR12347819bin.6.gz	41
SRR12347819bin.7.gz	228
SRR12347819bin.9.gz	253
SRR12347820bin.10.gz	77
SRR12347820bin.11.gz	63
SRR12347820bin.12.gz	163
SRR12347820bin.13.gz	37
SRR12347820bin.14.gz	130
SRR12347820bin.1.gz	260
SRR12347820bin.3.gz	309
SRR12347820bin.5.gz	277
SRR12347820bin.7.gz	12
SRR12347820bin.8.gz	99
SRR12347820bin.9.gz	50
SRR12347821bin.10.gz	19
SRR12347821bin.12.gz	106
SRR12347821bin.13.gz	90
SRR12347821bin.1.gz	45
SRR12347821bin.2.gz	40
SRR12347821bin.4.gz	80
SRR12347821bin.6.gz	64
SRR12347821bin.8.gz	59
SRR12347821bin.9.gz	261
SRR12347822bin.10.gz	50
SRR12347822bin.11.gz	225
SRR12347822bin.12.gz	80
SRR12347822bin.16.gz	20
SRR12347822bin.17.gz	98
SRR12347822bin.18.gz	147
SRR12347822bin.19.gz	341
SRR12347822bin.20.gz	46
SRR12347822bin.21.gz	166
SRR12347822bin.22.gz	32
SRR12347822bin.2.gz	16
SRR12347822bin.3.gz	165
SRR12347822bin.9.gz	105
SRR12347823bin.10.gz	173
SRR12347823bin.11.gz	25
SRR12347823bin.12.gz	93
SRR12347823bin.14.gz	44
SRR12347823bin.15.gz	84
SRR12347823bin.16.gz	93
SRR12347823bin.2.gz	62
SRR12347823bin.4.gz	55
SRR12347824bin.1.gz	121
SRR12347824bin.2.gz	25
SRR12347921bin.10.gz	44
SRR12347921bin.1.gz	82
SRR12347921bin.2.gz	76
SRR12347921bin.3.gz	144
SRR12347921bin.4.gz	103
SRR12347921bin.5.gz	137
SRR12347921bin.6.gz	82
SRR12347921bin.7.gz	48
SRR12347921bin.8.gz	114
SRR12347921bin.9.gz	139
SRR12347922bin.1.gz	126
SRR12347922bin.2.gz	204
SRR12347922bin.3.gz	112
SRR12349226bin.10.gz	46
SRR12349226bin.11.gz	109
SRR12349226bin.12.gz	74
SRR12349226bin.13.gz	81
SRR12349226bin.14.gz	38
SRR12349226bin.15.gz	69
SRR12349226bin.16.gz	83
SRR12349226bin.17.gz	65
SRR12349226bin.1.gz	90
SRR12349226bin.2.gz	113
SRR12349226bin.3.gz	98
SRR12349226bin.4.gz	328
SRR12349226bin.5.gz	83
SRR12349226bin.6.gz	175
SRR12349226bin.7.gz	89
SRR12349226bin.8.gz	157
SRR12349226bin.9.gz	83
SRR12349250bin.10.gz	82
SRR12349250bin.11.gz	111
SRR12349250bin.12.gz	162
SRR12349250bin.13.gz	201
SRR12349250bin.14.gz	82
SRR12349250bin.15.gz	130
SRR12349250bin.2.gz	158
SRR12349250bin.3.gz	137
SRR12349250bin.4.gz	106
SRR12349250bin.5.gz	130
SRR12349250bin.6.gz	295
SRR12349250bin.7.gz	116
SRR12349250bin.8.gz	98
SRR12349250bin.9.gz	55
SRR12349534bin.1.gz	138
SRR12349874bin.10.gz	252
SRR12349874bin.11.gz	128
SRR12349874bin.12.gz	110
SRR12349874bin.13.gz	70
SRR12349874bin.1.gz	94
SRR12349874bin.2.gz	154
SRR12349874bin.3.gz	107
SRR12349874bin.4.gz	67
SRR12349874bin.5.gz	47
SRR12349874bin.6.gz	50
SRR12349874bin.7.gz	138
SRR12349874bin.8.gz	105
SRR12349874bin.9.gz	62
SRR12350505bin.1.gz	130
SRR12350505bin.2.gz	87
SRR12350505bin.3.gz	202
SRR12350505bin.4.gz	90
SRR12350505bin.5.gz	46
SRR12350505bin.8.gz	85
SRR12350505bin.9.gz	84
SRR12377060bin.2.gz	27
SRR12377061bin.2.gz	78
SRR12377061bin.4.gz	151
SRR12377061bin.5.gz	100
SRR12377062bin.2.gz	39
SRR12377063bin.1.gz	16
SRR12377063bin.3.gz	11
SRR12377065bin.1.gz	46
SRR12377065bin.2.gz	231
SRR12377065bin.3.gz	65
SRR12377065bin.7.gz	57
SRR12377065bin.8.gz	57
SRR12377065bin.9.gz	48
SRR12377066bin.1.gz	35
SRR12377066bin.2.gz	104
SRR12377070bin.1.gz	88
SRR12377070bin.2.gz	109
SRR12377070bin.3.gz	93
SRR12377071bin.11.gz	110
SRR12377071bin.12.gz	261
SRR12377071bin.1.gz	127
SRR12377071bin.2.gz	110
SRR12377071bin.3.gz	167
SRR12377071bin.4.gz	286
SRR12377071bin.6.gz	84
SRR12377071bin.7.gz	38
SRR12377071bin.9.gz	43
SRR12418377bin.2.gz	31
SRR12418379bin.1.gz	75
SRR12418379bin.2.gz	109
SRR12418381bin.1.gz	90
SRR12418381bin.2.gz	70
SRR12418381bin.3.gz	46
SRR12418382bin.1.gz	97
SRR12418383bin.2.gz	26
SRR12418383bin.3.gz	87
SRR12418384bin.1.gz	93
SRR12418384bin.2.gz	76
SRR12418384bin.3.gz	93
SRR12418385bin.1.gz	261
SRR12418386bin.1.gz	122
SRR12418386bin.2.gz	126
SRR12418386bin.3.gz	133
SRR12418386bin.4.gz	18
SRR12473531bin.1.gz	37
SRR12473531bin.2.gz	117
SRR12473531bin.3.gz	52
SRR12473531bin.4.gz	78
SRR12473531bin.5.gz	90
SRR12473531bin.6.gz	48
SRR12473532bin.1.gz	85
SRR12473532bin.2.gz	47
SRR12473532bin.3.gz	64
SRR12473533bin.1.gz	86
SRR12473534bin.1.gz	36
SRR12473534bin.4.gz	50
SRR12473534bin.5.gz	46
SRR12473535bin.1.gz	43
SRR12473535bin.2.gz	104
SRR12473535bin.3.gz	62
SRR12473535bin.4.gz	53
SRR12473537bin.1.gz	42
SRR12473537bin.2.gz	33
SRR12473539bin.1.gz	69
SRR12473539bin.2.gz	107
SRR12473539bin.3.gz	94
SRR12473539bin.4.gz	40
SRR12473541bin.1.gz	78
SRR12608593bin.1.gz	104
SRR12608594bin.1.gz	57
SRR12608594bin.2.gz	68
SRR12608595bin.1.gz	96
SRR12608595bin.2.gz	38
SRR12608596bin.1.gz	117
SRR12608597bin.1.gz	123
SRR12608597bin.2.gz	93
SRR12608598bin.1.gz	16
SRR12608598bin.2.gz	49
SRR12608598bin.3.gz	52
SRR12608599bin.1.gz	4
SRR12608599bin.2.gz	97
SRR12608599bin.3.gz	44
SRR12608599bin.4.gz	47
SRR12608599bin.5.gz	52
SRR12608599bin.6.gz	52
SRR12608599bin.7.gz	28
SRR12608599bin.8.gz	15
SRR12608599bin.9.gz	24
SRR12608601bin.1.gz	43
SRR12658686bin.10.gz	99
SRR12658686bin.11.gz	215
SRR12658686bin.1.gz	74
SRR12658686bin.2.gz	74
SRR12658686bin.4.gz	169
SRR12658686bin.5.gz	124
SRR12658686bin.6.gz	56
SRR12658686bin.7.gz	63
SRR12658686bin.8.gz	102
SRR12658686bin.9.gz	55
SRR12659365bin.13.gz	103
SRR12659365bin.14.gz	116
SRR12659365bin.16.gz	41
SRR12659365bin.17.gz	46
SRR12659365bin.18.gz	16
SRR12659365bin.1.gz	85
SRR12659365bin.20.gz	50
SRR12659365bin.23.gz	64
SRR12659365bin.27.gz	59
SRR12659365bin.28.gz	39
SRR12659365bin.29.gz	65
SRR12659365bin.30.gz	54
SRR12659365bin.35.gz	75
SRR12659365bin.6.gz	35
SRR12659365bin.8.gz	75
SRR12659369bin.12.gz	163
SRR12659369bin.13.gz	76
SRR12659369bin.14.gz	73
SRR12659369bin.15.gz	124
SRR12659369bin.18.gz	31
SRR12659369bin.21.gz	77
SRR12659369bin.23.gz	36
SRR12659369bin.24.gz	158
SRR12659369bin.25.gz	152
SRR12659369bin.28.gz	75
SRR12659369bin.29.gz	52
SRR12659369bin.2.gz	148
SRR12659369bin.30.gz	72
SRR12659369bin.31.gz	155
SRR12659369bin.32.gz	88
SRR12659369bin.33.gz	65
SRR12659369bin.38.gz	164
SRR12659369bin.3.gz	85
SRR12659369bin.40.gz	65
SRR12659369bin.42.gz	85
SRR12659369bin.43.gz	53
SRR12659388bin.11.gz	88
SRR12659388bin.16.gz	83
SRR12659388bin.19.gz	102
SRR12659388bin.1.gz	93
SRR12659388bin.2.gz	72
SRR12659389bin.19.gz	89
SRR12659389bin.1.gz	93
SRR12659389bin.20.gz	145
SRR12659389bin.23.gz	70
SRR12659389bin.25.gz	77
SRR12659389bin.27.gz	260
SRR12659389bin.8.gz	130
SRR12659390bin.10.gz	58
SRR12659390bin.12.gz	88
SRR12659390bin.16.gz	62
SRR12659390bin.18.gz	109
SRR12659390bin.1.gz	68
SRR12659390bin.20.gz	55
SRR12659390bin.22.gz	15
SRR12659390bin.23.gz	73
SRR12659390bin.24.gz	172
SRR12659390bin.26.gz	50
SRR12659390bin.30.gz	76
SRR12659390bin.32.gz	211
SRR12659390bin.33.gz	62
SRR12659390bin.34.gz	85
SRR12659390bin.35.gz	83
SRR12659390bin.37.gz	72
SRR12659390bin.41.gz	99
SRR12659390bin.42.gz	59
SRR12659390bin.45.gz	64
SRR12659390bin.46.gz	78
SRR12659390bin.47.gz	104
SRR12659390bin.50.gz	114
SRR12659390bin.51.gz	68
SRR12659390bin.52.gz	38
SRR12659390bin.54.gz	107
SRR12659390bin.5.gz	191
SRR12659390bin.9.gz	53
SRR12659391bin.14.gz	53
SRR12659391bin.15.gz	50
SRR12659391bin.19.gz	41
SRR12659391bin.1.gz	28
SRR12659391bin.21.gz	113
SRR12659391bin.24.gz	53
SRR12659391bin.25.gz	57
SRR12659391bin.26.gz	75
SRR12659391bin.28.gz	71
SRR12659391bin.2.gz	46
SRR12659391bin.31.gz	68
SRR12659391bin.32.gz	172
SRR12659391bin.36.gz	90
SRR12659391bin.37.gz	46
SRR12659391bin.38.gz	124
SRR12659391bin.3.gz	65
SRR12659391bin.4.gz	92
SRR12659391bin.5.gz	155
SRR12659391bin.7.gz	49
SRR12659394bin.11.gz	74
SRR12659394bin.12.gz	116
SRR12659394bin.13.gz	48
SRR12659394bin.14.gz	185
SRR12659394bin.15.gz	41
SRR12659394bin.16.gz	16
SRR12659394bin.17.gz	26
SRR12659394bin.18.gz	132
SRR12659394bin.19.gz	75
SRR12659394bin.1.gz	66
SRR12659394bin.20.gz	91
SRR12659394bin.21.gz	88
SRR12659394bin.22.gz	119
SRR12659394bin.23.gz	97
SRR12659394bin.24.gz	100
SRR12659394bin.25.gz	152
SRR12659394bin.26.gz	137
SRR12659394bin.27.gz	70
SRR12659394bin.28.gz	66
SRR12659394bin.29.gz	140
SRR12659394bin.2.gz	29
SRR12659394bin.30.gz	96
SRR12659394bin.32.gz	51
SRR12659394bin.3.gz	129
SRR12659394bin.4.gz	62
SRR12659394bin.6.gz	86
SRR12659394bin.7.gz	35
SRR12659394bin.8.gz	205
SRR12659394bin.9.gz	62
SRR12659395bin.10.gz	108
SRR12659395bin.11.gz	70
SRR12659395bin.13.gz	299
SRR12659395bin.1.gz	88
SRR12659395bin.23.gz	86
SRR12659395bin.27.gz	100
SRR12659395bin.28.gz	135
SRR12659395bin.6.gz	39
SRR12659395bin.8.gz	83
SRR12659399bin.13.gz	110
SRR12659399bin.14.gz	55
SRR12659399bin.15.gz	174
SRR12659399bin.16.gz	44
SRR12659399bin.17.gz	67
SRR12659399bin.19.gz	51
SRR12659399bin.1.gz	35
SRR12659399bin.21.gz	114
SRR12659399bin.22.gz	105
SRR12659399bin.23.gz	36
SRR12659399bin.3.gz	71
SRR12659399bin.6.gz	51
SRR12659399bin.8.gz	84
SRR12676693bin.2.gz	56
SRR12676694bin.1.gz	61
SRR12676694bin.2.gz	92
SRR12676696bin.10.gz	33
SRR12676696bin.4.gz	24
SRR12676696bin.7.gz	52
SRR12676696bin.9.gz	40
SRR12676697bin.1.gz	44
SRR12676699bin.1.gz	130
SRR12676699bin.2.gz	49
SRR12676700bin.1.gz	27
SRR12676700bin.3.gz	10
SRR12676700bin.4.gz	58
SRR12676700bin.5.gz	31
SRR12676700bin.6.gz	37
SRR12676700bin.7.gz	38
SRR12676701bin.1.gz	37
SRR12676701bin.2.gz	87
SRR12676701bin.3.gz	64
SRR12676702bin.10.gz	44
SRR12676702bin.11.gz	70
SRR12676702bin.12.gz	209
SRR12676702bin.13.gz	80
SRR12676702bin.14.gz	50
SRR12676702bin.15.gz	103
SRR12676702bin.16.gz	137
SRR12676702bin.18.gz	18
SRR12676702bin.19.gz	17
SRR12676702bin.1.gz	75
SRR12676702bin.20.gz	19
SRR12676702bin.21.gz	131
SRR12676702bin.22.gz	60
SRR12676702bin.24.gz	74
SRR12676702bin.25.gz	57
SRR12676702bin.26.gz	75
SRR12676702bin.28.gz	26
SRR12676702bin.29.gz	87
SRR12676702bin.2.gz	53
SRR12676702bin.30.gz	32
SRR12676702bin.31.gz	20
SRR12676702bin.33.gz	94
SRR12676702bin.34.gz	51
SRR12676702bin.35.gz	24
SRR12676702bin.3.gz	15
SRR12676702bin.5.gz	118
SRR12676702bin.8.gz	87
SRR12676702bin.9.gz	44
SRR12676703bin.3.gz	105
SRR12676703bin.5.gz	32
SRR12676704bin.1.gz	12
SRR12676704bin.2.gz	49
SRR12676704bin.3.gz	70
SRR12676704bin.4.gz	23
SRR12676704bin.5.gz	54
SRR12676704bin.6.gz	30
SRR12676704bin.7.gz	10
SRR12676704bin.8.gz	110
SRR12676705bin.10.gz	143
SRR12676705bin.11.gz	33
SRR12676705bin.2.gz	70
SRR12676705bin.4.gz	38
SRR12676705bin.5.gz	53
SRR12676705bin.6.gz	67
SRR12676705bin.7.gz	145
SRR12676706bin.10.gz	114
SRR12676706bin.11.gz	120
SRR12676706bin.12.gz	41
SRR12676706bin.13.gz	35
SRR12676706bin.14.gz	59
SRR12676706bin.15.gz	72
SRR12676706bin.16.gz	89
SRR12676706bin.17.gz	31
SRR12676706bin.18.gz	38
SRR12676706bin.19.gz	82
SRR12676706bin.1.gz	54
SRR12676706bin.20.gz	47
SRR12676706bin.21.gz	81
SRR12676706bin.22.gz	43
SRR12676706bin.2.gz	40
SRR12676706bin.4.gz	58
SRR12676706bin.6.gz	46
SRR12676706bin.7.gz	32
SRR12676706bin.8.gz	50
SRR12676706bin.9.gz	41
SRR12676707bin.1.gz	89
SRR12676708bin.1.gz	75
SRR12676709bin.1.gz	24
SRR12676709bin.3.gz	79
SRR12676710bin.2.gz	71
SRR12676711bin.3.gz	58
SRR12676711bin.4.gz	10
SRR12676711bin.5.gz	39
SRR12676711bin.6.gz	34
SRR12676712bin.5.gz	55
SRR12676712bin.6.gz	22
SRR12676713bin.2.gz	83
SRR12676713bin.3.gz	13
SRR12676714bin.10.gz	37
SRR12676714bin.11.gz	101
SRR12676714bin.14.gz	37
SRR12676714bin.15.gz	54
SRR12676714bin.1.gz	57
SRR12676714bin.2.gz	67
SRR12676714bin.3.gz	37
SRR12676714bin.6.gz	76
SRR12676714bin.7.gz	55
SRR12676714bin.9.gz	128
SRR12676715bin.2.gz	42
SRR12676715bin.6.gz	17
SRR12676715bin.8.gz	55
SRR12676716bin.2.gz	29
SRR12676716bin.3.gz	43
SRR12681395bin.12.gz	35
SRR12681395bin.13.gz	25
SRR12681395bin.14.gz	23
SRR12681395bin.15.gz	17
SRR12681395bin.17.gz	90
SRR12681395bin.20.gz	74
SRR12681395bin.22.gz	62
SRR12681395bin.23.gz	73
SRR12681395bin.24.gz	63
SRR12681395bin.2.gz	40
SRR12681395bin.31.gz	33
SRR12681395bin.3.gz	50
SRR12681395bin.6.gz	75
SRR12681395bin.8.gz	58
SRR12681395bin.9.gz	74
SRR12681506bin.8.gz	62
SRR12681507bin.10.gz	98
SRR12681507bin.11.gz	57
SRR12681507bin.17.gz	161
SRR12681507bin.18.gz	42
SRR12681507bin.21.gz	68
SRR12681507bin.23.gz	133
SRR12681507bin.32.gz	78
SRR12681507bin.35.gz	66
SRR12681507bin.5.gz	90
SRR12681508bin.10.gz	122
SRR12681508bin.12.gz	70
SRR12681508bin.13.gz	50
SRR12681508bin.15.gz	21
SRR12681508bin.17.gz	29
SRR12681508bin.18.gz	33
SRR12681508bin.1.gz	235
SRR12681508bin.21.gz	22
SRR12681508bin.22.gz	91
SRR12681508bin.23.gz	69
SRR12681508bin.26.gz	44
SRR12681508bin.27.gz	44
SRR12681508bin.28.gz	59
SRR12681508bin.29.gz	119
SRR12681508bin.6.gz	49
SRR12681508bin.7.gz	35
SRR12681508bin.9.gz	44
SRR12681509bin.17.gz	63
SRR12681509bin.1.gz	38
SRR12681509bin.20.gz	13
SRR12681509bin.22.gz	50
SRR12681509bin.25.gz	60
SRR12681509bin.26.gz	25
SRR12681509bin.27.gz	102
SRR12681509bin.38.gz	15
SRR12681509bin.39.gz	114
SRR12681509bin.5.gz	75
SRR12681510bin.12.gz	115
SRR12681510bin.13.gz	55
SRR12681510bin.14.gz	45
SRR12681510bin.15.gz	34
SRR12681510bin.16.gz	29
SRR12681510bin.19.gz	45
SRR12681510bin.1.gz	104
SRR12681510bin.24.gz	60
SRR12681510bin.25.gz	66
SRR12681510bin.31.gz	135
SRR12681510bin.35.gz	13
SRR12681510bin.36.gz	7
SRR12681510bin.39.gz	67
SRR12681510bin.40.gz	40
SRR12681510bin.41.gz	65
SRR12681510bin.4.gz	59
SRR12681512bin.11.gz	54
SRR12681512bin.13.gz	33
SRR12681512bin.19.gz	55
SRR12681512bin.20.gz	38
SRR12681512bin.23.gz	22
SRR12681512bin.24.gz	45
SRR12681512bin.25.gz	44
SRR12681512bin.26.gz	32
SRR12681512bin.27.gz	38
SRR12681512bin.3.gz	59
SRR12681512bin.4.gz	41
SRR12681512bin.7.gz	81
SRR12688413bin.10.gz	148
SRR12688413bin.11.gz	135
SRR12688413bin.12.gz	112
SRR12688413bin.13.gz	76
SRR12688413bin.14.gz	112
SRR12688413bin.15.gz	231
SRR12688413bin.16.gz	72
SRR12688413bin.17.gz	46
SRR12688413bin.18.gz	78
SRR12688413bin.19.gz	102
SRR12688413bin.1.gz	306
SRR12688413bin.2.gz	52
SRR12688413bin.3.gz	113
SRR12688413bin.4.gz	147
SRR12688413bin.5.gz	131
SRR12688413bin.6.gz	92
SRR12688413bin.7.gz	80
SRR12688413bin.8.gz	219
SRR12692786bin.12.gz	83
SRR12692786bin.13.gz	129
SRR12692786bin.14.gz	39
SRR12692786bin.15.gz	36
SRR12692786bin.17.gz	71
SRR12692786bin.18.gz	208
SRR12692786bin.19.gz	23
SRR12692786bin.1.gz	23
SRR12692786bin.20.gz	33
SRR12692786bin.21.gz	142
SRR12692786bin.22.gz	35
SRR12692786bin.24.gz	113
SRR12692786bin.25.gz	100
SRR12692786bin.26.gz	60
SRR12692786bin.29.gz	110
SRR12692786bin.2.gz	65
SRR12692786bin.4.gz	44
SRR12692786bin.5.gz	91
SRR12692786bin.6.gz	15
SRR12692786bin.8.gz	53
SRR12692786bin.9.gz	46
SRR12692787bin.10.gz	13
SRR12692787bin.11.gz	34
SRR12692787bin.14.gz	47
SRR12692787bin.17.gz	157
SRR12692787bin.18.gz	58
SRR12692787bin.1.gz	75
SRR12692787bin.20.gz	75
SRR12692787bin.21.gz	40
SRR12692787bin.22.gz	37
SRR12692787bin.2.gz	73
SRR12692787bin.3.gz	60
SRR12692787bin.5.gz	158
SRR12692787bin.6.gz	118
SRR12692787bin.8.gz	72
SRR12692787bin.9.gz	193
SRR12692973bin.10.gz	102
SRR12692973bin.12.gz	32
SRR12692973bin.15.gz	52
SRR12692973bin.16.gz	90
SRR12692973bin.17.gz	65
SRR12692973bin.1.gz	26
SRR12692973bin.24.gz	37
SRR12692973bin.25.gz	133
SRR12692973bin.28.gz	84
SRR12692973bin.2.gz	230
SRR12692973bin.4.gz	73
SRR12692973bin.5.gz	97
SRR12692973bin.6.gz	68
SRR12692973bin.8.gz	19
SRR12696334bin.1.gz	137
SRR12696338bin.1.gz	95
SRR12696338bin.3.gz	41
SRR12696340bin.1.gz	47
SRR12696340bin.2.gz	10
SRR12696344bin.1.gz	44
SRR12721341bin.1.gz	84
SRR12721341bin.5.gz	99
SRR12721341bin.6.gz	28
SRR12721345bin.2.gz	88
SRR12721349bin.3.gz	44
SRR12721349bin.5.gz	76
SRR12721349bin.6.gz	74
SRR12721349bin.8.gz	96
SRR12721350bin.3.gz	41
SRR12721352bin.1.gz	14
SRR12756227bin.2.gz	61
SRR12756227bin.3.gz	29
SRR12756227bin.4.gz	29
SRR12756228bin.1.gz	27
SRR12756228bin.2.gz	48
SRR12756228bin.5.gz	56
SRR12756229bin.1.gz	22
SRR12756229bin.2.gz	30
SRR12756230bin.2.gz	44
SRR12756230bin.4.gz	37
SRR12756230bin.6.gz	43
SRR12756231bin.3.gz	117
SRR12756232bin.1.gz	44
SRR12756232bin.2.gz	71
SRR12756233bin.1.gz	73
SRR12756233bin.3.gz	59
SRR12756241bin.2.gz	12
SRR12756241bin.3.gz	25
SRR12756247bin.1.gz	43
SRR12756247bin.2.gz	165
SRR12756248bin.1.gz	139
SRR12756251bin.1.gz	88
SRR12756251bin.2.gz	70
SRR12767728bin.11.gz	60
SRR12767728bin.12.gz	59
SRR12767728bin.1.gz	131
SRR12767728bin.2.gz	84
SRR12767728bin.3.gz	175
SRR12767728bin.4.gz	69
SRR12767728bin.5.gz	113
SRR12767728bin.6.gz	112
SRR12767728bin.7.gz	94
SRR12773037bin.1.gz	46
SRR12773037bin.3.gz	39
SRR12773038bin.1.gz	9
SRR12773038bin.2.gz	23
SRR12773038bin.3.gz	149
SRR12773038bin.4.gz	55
SRR12773038bin.5.gz	70
SRR12773039bin.1.gz	17
SRR12773045bin.1.gz	42
SRR12773048bin.1.gz	57
SRR12773049bin.3.gz	291
SRR12773050bin.1.gz	235
SRR12773050bin.3.gz	33
SRR12773050bin.4.gz	33
SRR12773051bin.2.gz	144
SRR12805503bin.1.gz	58
SRR12805505bin.10.gz	157
SRR12805505bin.11.gz	330
SRR12805505bin.1.gz	135
SRR12805505bin.2.gz	90
SRR12805505bin.3.gz	76
SRR12805505bin.4.gz	96
SRR12805505bin.5.gz	83
SRR12805505bin.6.gz	76
SRR12805505bin.7.gz	80
SRR12805505bin.8.gz	54
SRR12805505bin.9.gz	64
SRR12805506bin.1.gz	27
SRR12805506bin.2.gz	106
SRR12805506bin.3.gz	107
SRR12823105bin.1.gz	16
SRR12844102bin.1.gz	119
SRR12844102bin.3.gz	10
SRR12844103bin.11.gz	92
SRR12844103bin.14.gz	228
SRR12844103bin.1.gz	160
SRR12844103bin.2.gz	152
SRR12844103bin.3.gz	116
SRR12844103bin.4.gz	50
SRR12844103bin.5.gz	164
SRR12844103bin.6.gz	93
SRR12844103bin.7.gz	140
SRR12844103bin.8.gz	122
SRR12844103bin.9.gz	155
SRR12844104bin.1.gz	103
SRR12844104bin.2.gz	56
SRR12844108bin.1.gz	299
SRR12844108bin.2.gz	277
SRR12844108bin.5.gz	167
SRR12844108bin.6.gz	49
SRR12844108bin.7.gz	132
SRR12844108bin.8.gz	193
SRR12844109bin.1.gz	55
SRR12844109bin.2.gz	111
SRR12844112bin.1.gz	105
SRR12844112bin.2.gz	86
SRR12844113bin.2.gz	21
SRR12844114bin.2.gz	53
SRR12844114bin.4.gz	44
SRR12844114bin.5.gz	14
SRR12844114bin.6.gz	33
SRR12844114bin.7.gz	51
SRR12844114bin.8.gz	86
SRR12844116bin.1.gz	108
SRR12844116bin.2.gz	29
SRR12844117bin.3.gz	39
SRR12844117bin.4.gz	138
SRR12844118bin.1.gz	88
SRR12844124bin.2.gz	33
SRR12844124bin.3.gz	90
SRR12844124bin.4.gz	108
SRR12844125bin.1.gz	137
SRR12844126bin.1.gz	189
SRR12844126bin.2.gz	27
SRR12844126bin.4.gz	87
SRR12844127bin.1.gz	51
SRR12844127bin.2.gz	104
SRR12844127bin.3.gz	120
SRR12844128bin.2.gz	151
SRR12844128bin.3.gz	40
SRR12917088bin.1.gz	43
SRR12917088bin.2.gz	38
SRR12917088bin.4.gz	64
SRR12917089bin.1.gz	65
SRR12917089bin.2.gz	100
SRR12917089bin.3.gz	74
SRR12917099bin.1.gz	70
SRR12917099bin.3.gz	105
SRR12917102bin.1.gz	70
SRR12917102bin.2.gz	105
SRR12917102bin.4.gz	24
SRR12917118bin.10.gz	58
SRR12917118bin.11.gz	78
SRR12917118bin.12.gz	9
SRR12917118bin.13.gz	170
SRR12917118bin.14.gz	53
SRR12917118bin.15.gz	65
SRR12917118bin.16.gz	105
SRR12917118bin.17.gz	85
SRR12917118bin.1.gz	12
SRR12917118bin.2.gz	51
SRR12917118bin.3.gz	47
SRR12917118bin.4.gz	60
SRR12917118bin.5.gz	65
SRR12917118bin.6.gz	58
SRR12917118bin.7.gz	51
SRR12917118bin.9.gz	54
SRR12917169bin.2.gz	123
SRR12917169bin.3.gz	208
SRR12917169bin.4.gz	121
SRR12917169bin.5.gz	148
SRR12917169bin.6.gz	48
SRR12917226bin.1.gz	37
SRR12917226bin.2.gz	131
SRR12917226bin.3.gz	113
SRR12917497bin.1.gz	153
SRR12917497bin.3.gz	38
SRR12917870bin.1.gz	103
SRR12917870bin.2.gz	91
SRR12917871bin.4.gz	104
SRR12917872bin.1.gz	71
SRR12917872bin.3.gz	144
SRR12917873bin.2.gz	41
SRR12917878bin.1.gz	99
SRR12917878bin.2.gz	47
SRR12917878bin.3.gz	51
SRR12927878bin.10.gz	108
SRR12927878bin.15.gz	54
SRR12927878bin.19.gz	135
SRR12927878bin.20.gz	56
SRR12927878bin.27.gz	31
SRR12927878bin.29.gz	209
SRR12927878bin.30.gz	24
SRR12927878bin.31.gz	64
SRR12927878bin.34.gz	87
SRR12927878bin.36.gz	116
SRR12927878bin.39.gz	31
SRR12927878bin.40.gz	78
SRR12927878bin.4.gz	127
SRR12927878bin.5.gz	101
SRR12927892bin.10.gz	96
SRR12927892bin.11.gz	59
SRR12927892bin.12.gz	138
SRR12927892bin.16.gz	44
SRR12927892bin.19.gz	144
SRR12927892bin.1.gz	50
SRR12927892bin.22.gz	78
SRR12927892bin.23.gz	29
SRR12927892bin.24.gz	56
SRR12927892bin.25.gz	98
SRR12927892bin.30.gz	38
SRR12927892bin.31.gz	41
SRR12927892bin.32.gz	48
SRR12927892bin.33.gz	50
SRR12927892bin.34.gz	65
SRR12927892bin.35.gz	61
SRR12927892bin.37.gz	92
SRR12927892bin.42.gz	60
SRR12927892bin.43.gz	66
SRR12927892bin.44.gz	113
SRR12927892bin.45.gz	61
SRR12927892bin.47.gz	70
SRR12927892bin.6.gz	87
SRR12927892bin.7.gz	59
SRR12927892bin.9.gz	78
SRR12951525bin.2.gz	96
SRR12951525bin.3.gz	64
SRR12951525bin.4.gz	141
SRR12951525bin.5.gz	143
SRR13062007bin.2.gz	30
SRR13115018bin.10.gz	36
SRR13115018bin.11.gz	107
SRR13115018bin.12.gz	40
SRR13115018bin.13.gz	98
SRR13115018bin.14.gz	137
SRR13115018bin.16.gz	30
SRR13115018bin.17.gz	72
SRR13115018bin.18.gz	32
SRR13115018bin.19.gz	36
SRR13115018bin.1.gz	87
SRR13115018bin.20.gz	38
SRR13115018bin.21.gz	28
SRR13115018bin.22.gz	102
SRR13115018bin.23.gz	51
SRR13115018bin.24.gz	51
SRR13115018bin.25.gz	30
SRR13115018bin.26.gz	49
SRR13115018bin.27.gz	28
SRR13115018bin.28.gz	68
SRR13115018bin.29.gz	116
SRR13115018bin.2.gz	27
SRR6266699rbin.7.gz	135
SRR6266699rbin.8.gz	29
SRR6266700rbin.11.gz	77
SRR6266700rbin.15.gz	113
SRR6266700rbin.1.gz	33
SRR6266700rbin.3.gz	163
SRR6266700rbin.8.gz	28
SRR6266702rbin.15.gz	123
SRR6266702rbin.17.gz	119
SRR6266702rbin.18.gz	41
SRR6266702rbin.6.gz	18
SRR6266702rbin.7.gz	281
SRR6266702rbin.9.gz	86
SRR6266704rbin.13.gz	47
SRR6266704rbin.17.gz	92
SRR6266704rbin.1.gz	87
SRR6266704rbin.4.gz	35
SRR6266704rbin.6.gz	50
SRR6266705rbin.4.gz	23
SRR6266849rbin.10.gz	75
SRR6266849rbin.13.gz	64
SRR6266849rbin.14.gz	112
SRR6266849rbin.2.gz	55
SRR6266849rbin.9.gz	77
SRR6266850rbin.13.gz	174
SRR6266850rbin.15.gz	40
SRR6266850rbin.16.gz	182
SRR6266850rbin.17.gz	77
SRR6266850rbin.18.gz	23
SRR6266850rbin.19.gz	57
SRR6266850rbin.1.gz	57
SRR6266850rbin.21.gz	32
SRR6266850rbin.3.gz	53
SRR6266850rbin.4.gz	53
SRR6266850rbin.8.gz	144
SRR6266850rbin.9.gz	32
SRR6266851rbin.10.gz	117
SRR6266851rbin.11.gz	71
SRR6266851rbin.12.gz	165
SRR6266851rbin.21.gz	68
SRR6266851rbin.22.gz	28
SRR6266851rbin.25.gz	125
SRR6266851rbin.26.gz	38
SRR6266851rbin.29.gz	49
SRR6266851rbin.3.gz	92
SRR6266852rbin.1.gz	78
SRR6266853rbin.1.gz	74
SRR6266853rbin.2.gz	36
SRR6266853rbin.3.gz	88
SRR6266853rbin.4.gz	34
SRR6266853rbin.5.gz	61
SRR6266853rbin.7.gz	110
SRR6266853rbin.8.gz	75
SRR6266853rbin.9.gz	22
SRR6267142rbin.10.gz	97
SRR6267142rbin.11.gz	102
SRR6267142rbin.15.gz	47
SRR6267142rbin.1.gz	55
SRR6267142rbin.3.gz	78
SRR6267142rbin.5.gz	70
SRR6267142rbin.8.gz	89
SRR6267143rbin.10.gz	92
SRR6267143rbin.1.gz	73
SRR6267143rbin.2.gz	26
SRR6267143rbin.3.gz	109
SRR6267143rbin.5.gz	93
SRR6267143rbin.6.gz	14
SRR6267154rbin.1.gz	40
SRR6267154rbin.5.gz	74
SRR6267378rbin.1.gz	68
SRR6267378rbin.3.gz	73
SRR6267378rbin.9.gz	9
SRR6293899rbin.1.gz	102
SRR6293899rbin.2.gz	121
SRR6293900rbin.1.gz	32
SRR6293900rbin.2.gz	15
SRR6293900rbin.3.gz	48
SRR6325480rbin.10.gz	21
SRR6325480rbin.11.gz	21
SRR6325480rbin.2.gz	23
SRR6325480rbin.3.gz	19
SRR6325480rbin.5.gz	50
SRR6325480rbin.6.gz	25
SRR6325480rbin.9.gz	14
SRR6325481rbin.3.gz	26
SRR6325481rbin.4.gz	23
SRR6325481rbin.5.gz	50
SRR6325481rbin.8.gz	33
SRR6325481rbin.9.gz	58
SRR6394728rbin.1.gz	53
SRR6394728rbin.2.gz	155
SRR6474585rbin.10.gz	124
SRR6474585rbin.11.gz	92
SRR6474585rbin.13.gz	73
SRR6474585rbin.1.gz	29
SRR6474585rbin.2.gz	221
SRR6474585rbin.4.gz	62
SRR6474585rbin.8.gz	140
SRR6474585rbin.9.gz	86
SRR6474744rbin.11.gz	73
SRR6474744rbin.14.gz	81
SRR6474744rbin.15.gz	90
SRR6474744rbin.17.gz	50
SRR6474744rbin.3.gz	384
SRR6474744rbin.4.gz	71
SRR6474744rbin.8.gz	104
SRR6474769rbin.10.gz	251
SRR6474769rbin.11.gz	75
SRR6474769rbin.13.gz	93
SRR6474769rbin.1.gz	107
SRR6474769rbin.2.gz	125
SRR6474769rbin.3.gz	88
SRR6474769rbin.4.gz	28
SRR6474769rbin.6.gz	134
SRR6474769rbin.9.gz	222
SRR6474843rbin.1.gz	134
SRR6474843rbin.2.gz	138
SRR6474843rbin.4.gz	92
SRR6474843rbin.5.gz	85
SRR6474843rbin.6.gz	293
SRR6474843rbin.7.gz	185
SRR6474844rbin.1.gz	258
SRR6474844rbin.6.gz	108
SRR6474844rbin.7.gz	80
SRR6474844rbin.9.gz	163
SRR6474846rbin.1.gz	295
SRR6474846rbin.3.gz	241
SRR6474846rbin.6.gz	95
SRR6474846rbin.8.gz	121
SRR6474848rbin.15.gz	271
SRR6474848rbin.17.gz	367
SRR6474848rbin.1.gz	69
SRR6474848rbin.2.gz	62
SRR6474866rbin.5.gz	84
SRR6474867rbin.11.gz	68
SRR6474867rbin.14.gz	82
SRR6474867rbin.16.gz	75
SRR6474867rbin.17.gz	233
SRR6474867rbin.19.gz	182
SRR6474867rbin.2.gz	27
SRR6474867rbin.5.gz	107
SRR6474867rbin.6.gz	64
SRR6474867rbin.7.gz	51
SRR6474868rbin.1.gz	97
SRR6474868rbin.2.gz	118
SRR6474919rbin.11.gz	47
SRR6474919rbin.13.gz	77
SRR6474919rbin.2.gz	85
SRR6474919rbin.4.gz	125
SRR6474919rbin.5.gz	151
SRR6474919rbin.6.gz	95
SRR6474919rbin.8.gz	121
SRR6474919rbin.9.gz	232
SRR6474920rbin.10.gz	91
SRR6474920rbin.12.gz	27
SRR6474920rbin.14.gz	118
SRR6474920rbin.15.gz	74
SRR6474920rbin.16.gz	123
SRR6474920rbin.1.gz	59
SRR6474920rbin.4.gz	93
SRR6474920rbin.6.gz	97
SRR6474940rbin.11.gz	76
SRR6474940rbin.12.gz	56
SRR6474940rbin.13.gz	66
SRR6474940rbin.14.gz	245
SRR6474940rbin.1.gz	154
SRR6474940rbin.2.gz	100
SRR6474940rbin.3.gz	96
SRR6474940rbin.4.gz	182
SRR6474940rbin.5.gz	66
SRR6474940rbin.6.gz	66
SRR6474940rbin.7.gz	78
SRR6474940rbin.8.gz	196
SRR6474979rbin.10.gz	22
SRR6474979rbin.1.gz	250
SRR6474979rbin.2.gz	37
SRR6474979rbin.3.gz	37
SRR6474979rbin.5.gz	196
SRR6474979rbin.6.gz	148
SRR6474979rbin.7.gz	192
SRR6474979rbin.9.gz	364
SRR6475147rbin.2.gz	83
SRR6475147rbin.6.gz	283
SRR6475147rbin.7.gz	281
SRR6475147rbin.8.gz	67
SRR6475147rbin.9.gz	318
SRR6476469rbin.1.gz	316
SRR6476469rbin.2.gz	37
SRR6476469rbin.7.gz	40
SRR6476620rbin.8.gz	37
SRR6476646rbin.4.gz	106
SRR6476646rbin.5.gz	52
SRR6476659rbin.1.gz	43
SRR6476659rbin.2.gz	78
SRR6476661rbin.1.gz	79
SRR6476661rbin.2.gz	126
SRR6476661rbin.7.gz	68
SRR6478609rbin.12.gz	41
SRR6478609rbin.13.gz	92
SRR6478609rbin.14.gz	78
SRR6478609rbin.2.gz	111
SRR6478609rbin.6.gz	165
SRR6478609rbin.7.gz	29
SRR6478672rbin.11.gz	151
SRR6478672rbin.1.gz	49
SRR6478672rbin.2.gz	38
SRR6478672rbin.6.gz	127
SRR6478672rbin.9.gz	32
SRR6478735rbin.10.gz	167
SRR6478735rbin.14.gz	133
SRR6478735rbin.1.gz	160
SRR6478735rbin.3.gz	40
SRR6478735rbin.4.gz	85
SRR6478735rbin.7.gz	212
SRR6478736rbin.2.gz	294
SRR6478736rbin.5.gz	102
SRR6478752rbin.4.gz	106
SRR6478752rbin.6.gz	119
SRR6478752rbin.7.gz	236
SRR650839rebin.1.gz	73
SRR650839rebin.2.gz	33
SRR650839rebin.4.gz	65
SRR650839rebin.5.gz	148
SRR650839rebin.6.gz	67
SRR650839rebin.8.gz	45
SRR6516162rbin.1.gz	57
SRR6516162rbin.8.gz	81
SRR6516162rbin.9.gz	29
SRR6516165rbin.1.gz	34
SRR6516165rbin.5.gz	32
SRR6516225rbin.10.gz	74
SRR6516225rbin.1.gz	55
SRR6516225rbin.3.gz	61
SRR6516488rbin.1.gz	22
SRR6517649rbin.2.gz	44
SRR6517649rbin.4.gz	135
SRR6517649rbin.6.gz	113
SRR6517650rbin.1.gz	56
SRR6517650rbin.2.gz	97
SRR6517650rbin.3.gz	54
SRR6517650rbin.4.gz	40
SRR6517650rbin.5.gz	128
SRR6517651rbin.1.gz	57
SRR6517651rbin.2.gz	127
SRR6517651rbin.3.gz	7
SRR6517651rbin.4.gz	168
SRR6517651rbin.5.gz	30
SRR6517651rbin.6.gz	134
SRR6517651rbin.7.gz	136
SRR6517651rbin.8.gz	38
SRR6517652rbin.10.gz	44
SRR6517652rbin.1.gz	143
SRR6517652rbin.2.gz	87
SRR6517652rbin.3.gz	115
SRR6517652rbin.4.gz	272
SRR6517652rbin.6.gz	233
SRR6517653rbin.1.gz	101
SRR6517653rbin.2.gz	125
SRR6517653rbin.3.gz	93
SRR6517653rbin.4.gz	85
SRR6517653rbin.7.gz	82
SRR6517654rbin.2.gz	91
SRR6517654rbin.5.gz	205
SRR6517654rbin.6.gz	119
SRR6517654rbin.7.gz	30
SRR6517654rbin.8.gz	122
SRR6517655rbin.2.gz	168
SRR6517655rbin.3.gz	21
SRR6517658rbin.3.gz	30
SRR6517658rbin.5.gz	58
SRR6517659rbin.2.gz	125
SRR6517659rbin.3.gz	62
SRR6517659rbin.4.gz	158
SRR6517660rbin.2.gz	77
SRR6517660rbin.3.gz	100
SRR6517660rbin.5.gz	15
SRR6683737rbin.10.gz	84
SRR6683737rbin.11.gz	66
SRR6683737rbin.12.gz	46
SRR6683737rbin.13.gz	65
SRR6683737rbin.14.gz	39
SRR6683737rbin.15.gz	51
SRR6683737rbin.16.gz	55
SRR6683737rbin.17.gz	29
SRR6683737rbin.18.gz	21
SRR6683737rbin.19.gz	28
SRR6683737rbin.1.gz	65
SRR6683737rbin.20.gz	24
SRR6683737rbin.21.gz	30
SRR6683737rbin.22.gz	76
SRR6683737rbin.23.gz	63
SRR6683737rbin.24.gz	74
SRR6683737rbin.25.gz	56
SRR6683737rbin.2.gz	119
SRR6683737rbin.3.gz	47
SRR6683737rbin.4.gz	24
SRR6683737rbin.5.gz	57
SRR6683737rbin.6.gz	72
SRR6683737rbin.7.gz	24
SRR6683737rbin.8.gz	58
SRR6683737rbin.9.gz	183
SRR6683738rbin.1.gz	161
SRR6683738rbin.2.gz	58
SRR6683738rbin.3.gz	64
SRR6683738rbin.4.gz	29
SRR6683738rbin.6.gz	50
SRR6683738rbin.7.gz	106
SRR6683738rbin.8.gz	24
SRR6683739rbin.10.gz	68
SRR6683739rbin.1.gz	62
SRR6683739rbin.2.gz	60
SRR6683739rbin.3.gz	11
SRR6683739rbin.4.gz	18
SRR6683739rbin.5.gz	98
SRR6683739rbin.6.gz	46
SRR6683739rbin.8.gz	31
SRR6683739rbin.9.gz	17
SRR6683740rbin.1.gz	35
SRR6683740rbin.2.gz	40
SRR6683740rbin.3.gz	18
SRR6683740rbin.4.gz	43
SRR6788480rbin.1.gz	67
SRR6788482rbin.1.gz	27
SRR6788484rbin.2.gz	62
SRR6788485rbin.1.gz	32
SRR6788485rbin.3.gz	33
SRR6788485rbin.4.gz	33
SRR6788486rbin.10.gz	172
SRR6788486rbin.11.gz	74
SRR6788486rbin.12.gz	71
SRR6788486rbin.14.gz	79
SRR6788486rbin.15.gz	40
SRR6788486rbin.16.gz	27
SRR6788486rbin.17.gz	35
SRR6788486rbin.18.gz	58
SRR6788486rbin.19.gz	93
SRR6788486rbin.1.gz	28
SRR6788486rbin.21.gz	95
SRR6788486rbin.24.gz	51
SRR6788486rbin.26.gz	30
SRR6788486rbin.2.gz	51
SRR6788486rbin.3.gz	12
SRR6788486rbin.4.gz	71
SRR6788486rbin.5.gz	45
SRR6788486rbin.6.gz	206
SRR6788488rbin.10.gz	140
SRR6788488rbin.13.gz	96
SRR6788488rbin.14.gz	51
SRR6788488rbin.15.gz	40
SRR6788488rbin.16.gz	67
SRR6788488rbin.17.gz	35
SRR6788488rbin.18.gz	46
SRR6788488rbin.19.gz	111
SRR6788488rbin.1.gz	48
SRR6788488rbin.20.gz	32
SRR6788488rbin.21.gz	156
SRR6788488rbin.22.gz	46
SRR6788488rbin.24.gz	69
SRR6788488rbin.25.gz	64
SRR6788488rbin.27.gz	40
SRR6788488rbin.29.gz	64
SRR6788488rbin.2.gz	115
SRR6788488rbin.30.gz	141
SRR6788488rbin.3.gz	27
SRR6788488rbin.4.gz	65
SRR6788488rbin.5.gz	5
SRR6788488rbin.6.gz	35
SRR6788488rbin.8.gz	30
SRR6788488rbin.9.gz	68
SRR6788489rbin.10.gz	19
SRR6788489rbin.11.gz	44
SRR6788489rbin.12.gz	62
SRR6788489rbin.13.gz	34
SRR6788489rbin.15.gz	82
SRR6788489rbin.16.gz	47
SRR6788489rbin.17.gz	172
SRR6788489rbin.18.gz	65
SRR6788489rbin.19.gz	52
SRR6788489rbin.1.gz	77
SRR6788489rbin.20.gz	113
SRR6788489rbin.21.gz	61
SRR6788489rbin.22.gz	37
SRR6788489rbin.23.gz	67
SRR6788489rbin.24.gz	109
SRR6788489rbin.2.gz	40
SRR6788489rbin.4.gz	49
SRR6788489rbin.5.gz	91
SRR6788489rbin.6.gz	41
SRR6788489rbin.7.gz	60
SRR6788489rbin.9.gz	60
SRR6797243rbin.2.gz	35
SRR6797243rbin.4.gz	82
SRR6797244rbin.1.gz	45
SRR6797244rbin.4.gz	84
SRR6797244rbin.5.gz	57
SRR6797246rbin.4.gz	111
SRR6831574rbin.12.gz	135
SRR6831574rbin.14.gz	183
SRR6831574rbin.15.gz	48
SRR6831574rbin.17.gz	97
SRR6831574rbin.18.gz	46
SRR6831574rbin.19.gz	124
SRR6831574rbin.20.gz	66
SRR6831574rbin.2.gz	70
SRR6831574rbin.3.gz	48
SRR6831574rbin.4.gz	27
SRR6831574rbin.5.gz	109
SRR6831574rbin.8.gz	86
SRR6831646rbin.10.gz	121
SRR6831646rbin.11.gz	90
SRR6831646rbin.12.gz	142
SRR6831646rbin.13.gz	62
SRR6831646rbin.14.gz	61
SRR6831646rbin.15.gz	78
SRR6831646rbin.16.gz	126
SRR6831646rbin.3.gz	76
SRR6831646rbin.6.gz	89
SRR6831646rbin.7.gz	88
SRR6831646rbin.8.gz	38
SRR6831646rbin.9.gz	67
SRR6956671rbin.3.gz	39
SRR6958124rbin.1.gz	137
SRR6958124rbin.2.gz	60
SRR6958471rbin.1.gz	31
SRR6958471rbin.2.gz	44
SRR6958471rbin.3.gz	51
SRR6958472rbin.10.gz	35
SRR6958472rbin.11.gz	139
SRR6958472rbin.12.gz	16
SRR6958472rbin.13.gz	29
SRR6958472rbin.14.gz	82
SRR6958472rbin.15.gz	37
SRR6958472rbin.16.gz	13
SRR6958472rbin.17.gz	39
SRR6958472rbin.18.gz	54
SRR6958472rbin.19.gz	148
SRR6958472rbin.1.gz	44
SRR6958472rbin.21.gz	103
SRR6958472rbin.22.gz	31
SRR6958472rbin.24.gz	36
SRR6958472rbin.2.gz	76
SRR6958472rbin.3.gz	40
SRR6958472rbin.4.gz	79
SRR6958472rbin.5.gz	73
SRR6958472rbin.7.gz	83
SRR6958552rbin.10.gz	64
SRR6958552rbin.11.gz	51
SRR6958552rbin.12.gz	20
SRR6958552rbin.13.gz	48
SRR6958552rbin.14.gz	121
SRR6958552rbin.15.gz	80
SRR6958552rbin.16.gz	67
SRR6958552rbin.17.gz	64
SRR6958552rbin.18.gz	121
SRR6958552rbin.19.gz	74
SRR6958552rbin.1.gz	42
SRR6958552rbin.20.gz	57
SRR6958552rbin.21.gz	19
SRR6958552rbin.22.gz	23
SRR6958552rbin.23.gz	50
SRR6958552rbin.24.gz	189
SRR6958552rbin.25.gz	48
SRR6958552rbin.26.gz	50
SRR6958552rbin.27.gz	68
SRR6958552rbin.28.gz	97
SRR6958552rbin.29.gz	111
SRR6958552rbin.2.gz	67
SRR6958552rbin.30.gz	25
SRR6958552rbin.31.gz	86
SRR6958552rbin.32.gz	101
SRR6958552rbin.34.gz	49
SRR6958552rbin.35.gz	76
SRR6958552rbin.36.gz	103
SRR6958552rbin.38.gz	81
SRR6958552rbin.39.gz	77
SRR6958552rbin.3.gz	116
SRR6958552rbin.40.gz	47
SRR6958552rbin.41.gz	145
SRR6958552rbin.42.gz	53
SRR6958552rbin.43.gz	59
SRR6958552rbin.44.gz	49
SRR6958552rbin.45.gz	85
SRR6958552rbin.46.gz	51
SRR6958552rbin.47.gz	41
SRR6958552rbin.48.gz	74
SRR6958552rbin.4.gz	70
SRR6958552rbin.50.gz	48
SRR6958552rbin.51.gz	93
SRR6958552rbin.5.gz	49
SRR6958552rbin.6.gz	53
SRR6958552rbin.7.gz	170
SRR6958552rbin.8.gz	45
SRR6958552rbin.9.gz	133
SRR7003761rbin.11.gz	48
SRR7003761rbin.12.gz	52
SRR7003761rbin.13.gz	163
SRR7003761rbin.14.gz	24
SRR7003761rbin.15.gz	28
SRR7003761rbin.16.gz	86
SRR7003761rbin.17.gz	13
SRR7003761rbin.1.gz	75
SRR7003761rbin.3.gz	57
SRR7003761rbin.4.gz	121
SRR7003761rbin.5.gz	156
SRR7003761rbin.6.gz	36
SRR7003761rbin.7.gz	27
SRR7003761rbin.8.gz	53
SRR7003761rbin.9.gz	112
SRR7003762rbin.1.gz	122
SRR7003762rbin.2.gz	19
SRR7003762rbin.3.gz	43
SRR7003762rbin.4.gz	101
SRR7003762rbin.5.gz	72
SRR7003763rbin.10.gz	78
SRR7003763rbin.11.gz	142
SRR7003763rbin.12.gz	96
SRR7003763rbin.13.gz	151
SRR7003763rbin.14.gz	315
SRR7003763rbin.15.gz	93
SRR7003763rbin.16.gz	2
SRR7003763rbin.17.gz	161
SRR7003763rbin.18.gz	114
SRR7003763rbin.19.gz	169
SRR7003763rbin.20.gz	49
SRR7003763rbin.21.gz	79
SRR7003763rbin.22.gz	62
SRR7003763rbin.23.gz	61
SRR7003763rbin.24.gz	121
SRR7003763rbin.26.gz	45
SRR7003763rbin.27.gz	110
SRR7003763rbin.28.gz	57
SRR7003763rbin.3.gz	113
SRR7003763rbin.4.gz	41
SRR7003763rbin.5.gz	106
SRR7003763rbin.6.gz	12
SRR7003763rbin.7.gz	79
SRR7003763rbin.9.gz	51
SRR7003764rbin.10.gz	50
SRR7003764rbin.11.gz	30
SRR7003764rbin.13.gz	11
SRR7003764rbin.14.gz	167
SRR7003764rbin.15.gz	27
SRR7003764rbin.16.gz	25
SRR7003764rbin.17.gz	131
SRR7003764rbin.18.gz	93
SRR7003764rbin.1.gz	215
SRR7003764rbin.21.gz	100
SRR7003764rbin.22.gz	39
SRR7003764rbin.2.gz	48
SRR7003764rbin.3.gz	57
SRR7003764rbin.4.gz	210
SRR7003764rbin.5.gz	40
SRR7003764rbin.6.gz	25
SRR7003764rbin.7.gz	99
SRR7003764rbin.9.gz	15
SRR7003765rbin.11.gz	51
SRR7003765rbin.12.gz	203
SRR7003765rbin.13.gz	28
SRR7003765rbin.14.gz	17
SRR7003765rbin.15.gz	63
SRR7003765rbin.16.gz	79
SRR7003765rbin.17.gz	89
SRR7003765rbin.19.gz	53
SRR7003765rbin.1.gz	37
SRR7003765rbin.20.gz	61
SRR7003765rbin.21.gz	179
SRR7003765rbin.23.gz	20
SRR7003765rbin.26.gz	59
SRR7003765rbin.28.gz	119
SRR7003765rbin.2.gz	62
SRR7003765rbin.31.gz	27
SRR7003765rbin.32.gz	91
SRR7003765rbin.33.gz	30
SRR7003765rbin.3.gz	50
SRR7003765rbin.4.gz	14
SRR7003765rbin.6.gz	49
SRR7003765rbin.9.gz	125
SRR7003766rbin.10.gz	48
SRR7003766rbin.11.gz	96
SRR7003766rbin.12.gz	24
SRR7003766rbin.13.gz	131
SRR7003766rbin.14.gz	129
SRR7003766rbin.15.gz	60
SRR7003766rbin.16.gz	96
SRR7003766rbin.17.gz	153
SRR7003766rbin.18.gz	45
SRR7003766rbin.19.gz	46
SRR7003766rbin.20.gz	16
SRR7003766rbin.21.gz	28
SRR7003766rbin.22.gz	99
SRR7003766rbin.23.gz	74
SRR7003766rbin.24.gz	114
SRR7003766rbin.25.gz	13
SRR7003766rbin.27.gz	84
SRR7003766rbin.2.gz	82
SRR7003766rbin.30.gz	107
SRR7003766rbin.31.gz	63
SRR7003766rbin.33.gz	15
SRR7003766rbin.34.gz	158
SRR7003766rbin.35.gz	131
SRR7003766rbin.36.gz	111
SRR7003766rbin.37.gz	133
SRR7003766rbin.39.gz	73
SRR7003766rbin.3.gz	46
SRR7003766rbin.40.gz	92
SRR7003766rbin.4.gz	60
SRR7003766rbin.5.gz	18
SRR7003766rbin.6.gz	53
SRR7003766rbin.7.gz	188
SRR7003766rbin.8.gz	80
SRR7003766rbin.9.gz	36
SRR7003767rbin.11.gz	102
SRR7003767rbin.12.gz	76
SRR7003767rbin.13.gz	11
SRR7003767rbin.15.gz	44
SRR7003767rbin.16.gz	9
SRR7003767rbin.17.gz	67
SRR7003767rbin.19.gz	77
SRR7003767rbin.1.gz	62
SRR7003767rbin.20.gz	180
SRR7003767rbin.22.gz	29
SRR7003767rbin.26.gz	52
SRR7003767rbin.27.gz	141
SRR7003767rbin.2.gz	10
SRR7003767rbin.3.gz	59
SRR7003767rbin.4.gz	232
SRR7003767rbin.5.gz	51
SRR7003767rbin.6.gz	51
SRR7003767rbin.7.gz	55
SRR7003767rbin.8.gz	84
SRR7003767rbin.9.gz	76
SRR7003810rbin.10.gz	75
SRR7003810rbin.11.gz	148
SRR7003810rbin.12.gz	45
SRR7003810rbin.13.gz	83
SRR7003810rbin.14.gz	96
SRR7003810rbin.16.gz	28
SRR7003810rbin.1.gz	56
SRR7003810rbin.3.gz	37
SRR7003810rbin.5.gz	49
SRR7003810rbin.6.gz	25
SRR7003810rbin.7.gz	63
SRR7003810rbin.8.gz	116
SRR7003810rbin.9.gz	16
SRR7004144rbin.11.gz	124
SRR7004144rbin.12.gz	53
SRR7004144rbin.13.gz	188
SRR7004144rbin.14.gz	111
SRR7004144rbin.16.gz	84
SRR7004144rbin.17.gz	190
SRR7004144rbin.18.gz	71
SRR7004144rbin.19.gz	82
SRR7004144rbin.1.gz	9
SRR7004144rbin.20.gz	51
SRR7004144rbin.21.gz	15
SRR7004144rbin.2.gz	48
SRR7004144rbin.3.gz	158
SRR7004144rbin.4.gz	84
SRR7004144rbin.7.gz	71
SRR7004144rbin.8.gz	58
SRR7004144rbin.9.gz	56
SRR7004167rbin.10.gz	98
SRR7004167rbin.11.gz	91
SRR7004167rbin.12.gz	280
SRR7004167rbin.13.gz	62
SRR7004167rbin.14.gz	196
SRR7004167rbin.1.gz	64
SRR7004167rbin.3.gz	42
SRR7004167rbin.4.gz	21
SRR7004167rbin.5.gz	10
SRR7004167rbin.6.gz	113
SRR7004167rbin.7.gz	48
SRR7004167rbin.8.gz	30
SRR7004167rbin.9.gz	35
SRR7004174rbin.11.gz	44
SRR7004174rbin.12.gz	26
SRR7004174rbin.13.gz	75
SRR7004174rbin.14.gz	144
SRR7004174rbin.16.gz	13
SRR7004174rbin.1.gz	80
SRR7004174rbin.3.gz	128
SRR7004174rbin.4.gz	57
SRR7004174rbin.5.gz	67
SRR7004174rbin.6.gz	62
SRR7004174rbin.7.gz	92
SRR7004174rbin.8.gz	39
SRR7004174rbin.9.gz	14
SRR7004194rbin.13.gz	108
SRR7004194rbin.14.gz	2
SRR7004194rbin.15.gz	72
SRR7004194rbin.3.gz	79
SRR7004194rbin.7.gz	57
SRR7004194rbin.8.gz	45
SRR7004195rbin.2.gz	76
SRR7004195rbin.4.gz	167
SRR7004195rbin.5.gz	19
SRR7004195rbin.8.gz	47
SRR7004196rbin.1.gz	109
SRR7004196rbin.3.gz	116
SRR7004196rbin.4.gz	22
SRR7004196rbin.5.gz	100
SRR7004197rbin.1.gz	124
SRR7004197rbin.7.gz	117
SRR7004198rbin.11.gz	58
SRR7004198rbin.13.gz	34
SRR7004198rbin.14.gz	13
SRR7004198rbin.16.gz	132
SRR7004198rbin.4.gz	46
SRR7004198rbin.5.gz	3
SRR7004198rbin.6.gz	97
SRR7004198rbin.7.gz	33
SRR7004200rbin.10.gz	9
SRR7004200rbin.11.gz	13
SRR7004200rbin.12.gz	34
SRR7004200rbin.13.gz	21
SRR7004200rbin.16.gz	58
SRR7004200rbin.17.gz	24
SRR7004200rbin.18.gz	53
SRR7004200rbin.19.gz	76
SRR7004200rbin.24.gz	5
SRR7004200rbin.25.gz	87
SRR7004200rbin.26.gz	31
SRR7004200rbin.2.gz	62
SRR7004200rbin.5.gz	87
SRR7004200rbin.6.gz	15
SRR7004200rbin.7.gz	5
SRR7004200rbin.9.gz	10
SRR7004201rbin.3.gz	47
SRR7004201rbin.5.gz	53
SRR7004201rbin.7.gz	52
SRR7004201rbin.8.gz	10
SRR7004202rbin.14.gz	23
SRR7004202rbin.15.gz	61
SRR7004202rbin.19.gz	47
SRR7004202rbin.20.gz	39
SRR7004202rbin.21.gz	27
SRR7004202rbin.2.gz	114
SRR7004202rbin.3.gz	39
SRR7004202rbin.4.gz	88
SRR7004202rbin.5.gz	108
SRR7004202rbin.9.gz	73
SRR7004203rbin.13.gz	23
SRR7004203rbin.14.gz	56
SRR7004203rbin.16.gz	121
SRR7004203rbin.17.gz	58
SRR7004203rbin.18.gz	32
SRR7004203rbin.19.gz	3
SRR7004203rbin.20.gz	168
SRR7004203rbin.21.gz	21
SRR7004203rbin.3.gz	42
SRR7004203rbin.4.gz	97
SRR7004203rbin.5.gz	23
SRR7004203rbin.7.gz	42
SRR7004203rbin.9.gz	55
SRR7004204rbin.10.gz	17
SRR7004204rbin.12.gz	30
SRR7004204rbin.13.gz	76
SRR7004204rbin.14.gz	10
SRR7004204rbin.15.gz	33
SRR7004204rbin.16.gz	115
SRR7004204rbin.1.gz	20
SRR7004204rbin.3.gz	23
SRR7004204rbin.5.gz	104
SRR7004204rbin.7.gz	27
SRR7004204rbin.8.gz	50
SRR7004204rbin.9.gz	34
SRR7004205rbin.11.gz	90
SRR7004205rbin.13.gz	75
SRR7004205rbin.14.gz	65
SRR7004205rbin.15.gz	13
SRR7004205rbin.16.gz	28
SRR7004205rbin.17.gz	33
SRR7004205rbin.1.gz	8
SRR7004205rbin.21.gz	30
SRR7004205rbin.22.gz	94
SRR7004205rbin.23.gz	67
SRR7004205rbin.24.gz	50
SRR7004205rbin.26.gz	102
SRR7004205rbin.27.gz	68
SRR7004205rbin.28.gz	23
SRR7004205rbin.29.gz	13
SRR7004205rbin.2.gz	44
SRR7004205rbin.30.gz	40
SRR7004205rbin.31.gz	70
SRR7004205rbin.32.gz	63
SRR7004205rbin.33.gz	14
SRR7004205rbin.3.gz	24
SRR7004205rbin.4.gz	49
SRR7004205rbin.5.gz	23
SRR7004205rbin.6.gz	51
SRR7004205rbin.7.gz	81
SRR7004205rbin.8.gz	20
SRR7004206rbin.13.gz	21
SRR7004206rbin.15.gz	47
SRR7004206rbin.2.gz	46
SRR7004206rbin.4.gz	27
SRR7004206rbin.5.gz	34
SRR7004206rbin.7.gz	44
SRR7004206rbin.8.gz	46
SRR7004334rbin.12.gz	43
SRR7004334rbin.13.gz	27
SRR7004334rbin.14.gz	12
SRR7004334rbin.1.gz	18
SRR7004334rbin.2.gz	20
SRR7004334rbin.3.gz	13
SRR7004334rbin.5.gz	21
SRR7004334rbin.7.gz	42
SRR7004334rbin.9.gz	26
SRR7004335rbin.10.gz	69
SRR7004335rbin.12.gz	107
SRR7004335rbin.13.gz	33
SRR7004335rbin.15.gz	61
SRR7004335rbin.16.gz	43
SRR7004335rbin.18.gz	50
SRR7004335rbin.1.gz	54
SRR7004335rbin.20.gz	54
SRR7004335rbin.21.gz	79
SRR7004335rbin.3.gz	28
SRR7004335rbin.4.gz	27
SRR7004335rbin.5.gz	43
SRR7004335rbin.6.gz	123
SRR7004335rbin.7.gz	29
SRR7004335rbin.8.gz	37
SRR7004337rbin.12.gz	111
SRR7004337rbin.13.gz	31
SRR7004337rbin.14.gz	42
SRR7004337rbin.15.gz	57
SRR7004337rbin.18.gz	77
SRR7004337rbin.19.gz	70
SRR7004337rbin.20.gz	84
SRR7004337rbin.22.gz	57
SRR7004337rbin.23.gz	34
SRR7004337rbin.24.gz	51
SRR7004337rbin.26.gz	54
SRR7004337rbin.27.gz	58
SRR7004337rbin.30.gz	9
SRR7004337rbin.31.gz	105
SRR7004337rbin.3.gz	64
SRR7004337rbin.4.gz	54
SRR7004337rbin.5.gz	24
SRR7004337rbin.6.gz	106
SRR7004337rbin.7.gz	14
SRR7004337rbin.9.gz	47
SRR7004338rbin.13.gz	81
SRR7004338rbin.14.gz	4
SRR7004338rbin.17.gz	157
SRR7004338rbin.18.gz	37
SRR7004338rbin.19.gz	114
SRR7004338rbin.1.gz	83
SRR7004338rbin.20.gz	14
SRR7004338rbin.23.gz	73
SRR7004338rbin.25.gz	10
SRR7004338rbin.26.gz	70
SRR7004338rbin.27.gz	54
SRR7004338rbin.28.gz	22
SRR7004338rbin.29.gz	63
SRR7004338rbin.2.gz	25
SRR7004338rbin.31.gz	31
SRR7004338rbin.34.gz	23
SRR7004338rbin.37.gz	7
SRR7004338rbin.4.gz	117
SRR7004338rbin.5.gz	177
SRR7004338rbin.6.gz	19
SRR7004338rbin.9.gz	74
SRR7004339rbin.10.gz	60
SRR7004339rbin.12.gz	101
SRR7004339rbin.13.gz	10
SRR7004339rbin.17.gz	35
SRR7004339rbin.18.gz	164
SRR7004339rbin.1.gz	33
SRR7004339rbin.21.gz	44
SRR7004339rbin.25.gz	83
SRR7004339rbin.26.gz	30
SRR7004339rbin.27.gz	115
SRR7004339rbin.29.gz	31
SRR7004339rbin.2.gz	19
SRR7004339rbin.31.gz	105
SRR7004339rbin.4.gz	37
SRR7004339rbin.5.gz	58
SRR7004339rbin.7.gz	94
SRR7004339rbin.8.gz	81
SRR7004339rbin.9.gz	64
SRR7004340rbin.10.gz	89
SRR7004340rbin.11.gz	61
SRR7004340rbin.12.gz	51
SRR7004340rbin.13.gz	34
SRR7004340rbin.14.gz	52
SRR7004340rbin.16.gz	29
SRR7004340rbin.17.gz	41
SRR7004340rbin.18.gz	77
SRR7004340rbin.19.gz	147
SRR7004340rbin.20.gz	61
SRR7004340rbin.21.gz	59
SRR7004340rbin.23.gz	31
SRR7004340rbin.24.gz	29
SRR7004340rbin.26.gz	90
SRR7004340rbin.28.gz	5
SRR7004340rbin.29.gz	21
SRR7004340rbin.2.gz	4
SRR7004340rbin.30.gz	8
SRR7004340rbin.32.gz	9
SRR7004340rbin.3.gz	153
SRR7004340rbin.4.gz	66
SRR7004340rbin.5.gz	70
SRR7004340rbin.6.gz	65
SRR7004340rbin.8.gz	46
SRR7004340rbin.9.gz	57
SRR7004342rbin.10.gz	103
SRR7004342rbin.12.gz	171
SRR7004342rbin.15.gz	17
SRR7004342rbin.17.gz	76
SRR7004342rbin.1.gz	144
SRR7004342rbin.4.gz	161
SRR7004342rbin.5.gz	47
SRR7004342rbin.7.gz	19
SRR7004342rbin.8.gz	64
SRR7004342rbin.9.gz	26
SRR7004343rbin.11.gz	24
SRR7004343rbin.12.gz	36
SRR7004343rbin.13.gz	67
SRR7004343rbin.14.gz	3
SRR7004343rbin.15.gz	51
SRR7004343rbin.16.gz	74
SRR7004343rbin.17.gz	110
SRR7004343rbin.18.gz	18
SRR7004343rbin.19.gz	60
SRR7004343rbin.20.gz	60
SRR7004343rbin.21.gz	83
SRR7004343rbin.22.gz	152
SRR7004343rbin.23.gz	10
SRR7004343rbin.24.gz	26
SRR7004343rbin.25.gz	169
SRR7004343rbin.26.gz	49
SRR7004343rbin.27.gz	27
SRR7004343rbin.28.gz	39
SRR7004343rbin.29.gz	139
SRR7004343rbin.2.gz	26
SRR7004343rbin.30.gz	47
SRR7004343rbin.31.gz	11
SRR7004343rbin.32.gz	28
SRR7004343rbin.33.gz	11
SRR7004343rbin.3.gz	53
SRR7004343rbin.4.gz	29
SRR7004343rbin.5.gz	43
SRR7004343rbin.6.gz	13
SRR7004343rbin.7.gz	72
SRR7004343rbin.8.gz	21
SRR7004343rbin.9.gz	106
SRR7004344rbin.11.gz	65
SRR7004344rbin.12.gz	27
SRR7004344rbin.14.gz	58
SRR7004344rbin.15.gz	46
SRR7004344rbin.16.gz	63
SRR7004344rbin.19.gz	50
SRR7004344rbin.20.gz	46
SRR7004344rbin.23.gz	42
SRR7004344rbin.24.gz	84
SRR7004344rbin.28.gz	62
SRR7004344rbin.2.gz	45
SRR7004344rbin.31.gz	57
SRR7004344rbin.33.gz	72
SRR7004344rbin.34.gz	28
SRR7004344rbin.36.gz	54
SRR7004344rbin.38.gz	39
SRR7004344rbin.3.gz	31
SRR7004344rbin.4.gz	57
SRR7004344rbin.5.gz	42
SRR7004344rbin.6.gz	64
SRR7004344rbin.8.gz	60
SRR7004345rbin.10.gz	47
SRR7004345rbin.11.gz	37
SRR7004345rbin.13.gz	21
SRR7004345rbin.14.gz	34
SRR7004345rbin.15.gz	36
SRR7004345rbin.16.gz	41
SRR7004345rbin.1.gz	18
SRR7004345rbin.3.gz	25
SRR7004345rbin.4.gz	44
SRR7004345rbin.5.gz	99
SRR7004345rbin.6.gz	52
SRR7004345rbin.7.gz	33
SRR7004345rbin.8.gz	16
SRR7004345rbin.9.gz	73
SRR7004346rbin.1.gz	2
SRR7004346rbin.5.gz	15
SRR7004346rbin.6.gz	30
SRR7004347rbin.2.gz	57
SRR7004347rbin.3.gz	45
SRR7004347rbin.4.gz	48
SRR7004347rbin.5.gz	39
SRR7004347rbin.7.gz	24
SRR7004347rbin.8.gz	39
SRR7006909rbin.12.gz	30
SRR7006909rbin.13.gz	51
SRR7006909rbin.1.gz	58
SRR7006909rbin.2.gz	103
SRR7006909rbin.5.gz	36
SRR7006909rbin.6.gz	80
SRR7006909rbin.8.gz	30
SRR7006909rbin.9.gz	2
SRR7010524rbin.1.gz	130
SRR7010528rbin.2.gz	186
SRR7010529rbin.2.gz	16
SRR7011027rbin.2.gz	59
SRR7011028rbin.3.gz	55
SRR7011568rbin.3.gz	59
SRR7011569rbin.2.gz	73
SRR7011569rbin.3.gz	116
SRR7011573rbin.2.gz	142
SRR7011942rbin.1.gz	92
SRR7011951rbin.10.gz	163
SRR7011951rbin.1.gz	66
SRR7011951rbin.4.gz	59
SRR7011951rbin.5.gz	67
SRR7011951rbin.6.gz	64
SRR7011951rbin.7.gz	32
SRR7011951rbin.8.gz	63
SRR7011951rbin.9.gz	68
SRR7011963rbin.1.gz	37
SRR7011991rbin.10.gz	50
SRR7011991rbin.11.gz	80
SRR7011991rbin.12.gz	71
SRR7011991rbin.14.gz	19
SRR7011991rbin.15.gz	67
BL1bin.10.gz	60
BL1bin.13.gz	35
BL1bin.14.gz	44
BL1bin.15.gz	29
BL1bin.4.gz	8
BL1bin.6.gz	57
BL1bin.7.gz	53
BL2bin.13.gz	58
BL2bin.16.gz	71
BL2bin.3.gz	56
BL2bin.6.gz	65
BL2bin.9.gz	8
BL3bin.10.gz	29
BL3bin.12.gz	31
BL3bin.13.gz	48
BL3bin.15.gz	8
BL3bin.1.gz	47
BL3bin.2.gz	35
BL3bin.3.gz	52
BL3bin.5.gz	46
BL3bin.7.gz	63
BRice_129bin.1.gz	16
BRice_129bin.5.gz	60
BRice_130bin.12.gz	14
BRice_130bin.6.gz	101
BRice_130bin.7.gz	126
BRice_131bin.7.gz	90
BRice_132bin.2.gz	102
BRice_133bin.1.gz	104
BRice_134bin.1.gz	36
BRice_139bin.2.gz	118
BRice_139bin.5.gz	53
BRice_140bin.1.gz	61
BRice_140bin.2.gz	0
BRice_140bin.4.gz	32
BRice_17rbin.1.gz	219
BRice_17rbin.3.gz	162
BRice_17rbin.7.gz	52
BRice_18rbin.12.gz	68
BRice_18rbin.14.gz	73
BRice_18rbin.6.gz	39
BRice_18rbin.7.gz	67
BRice_18rbin.9.gz	121
BRice_19rbin.11.gz	76
BRice_19rbin.2.gz	93
BRice_19rbin.5.gz	96
BRice_19rbin.9.gz	58
BRice_20rbin.5.gz	34
BRice_20rbin.8.gz	40
BRice_21rbin.1.gz	77
BRice_21rbin.3.gz	100
BRice_21rbin.7.gz	37
BRice_21rbin.8.gz	10
BRice_40rbin.10.gz	14
BRice_40rbin.1.gz	37
BRice_40rbin.8.gz	80
BRice_41rbin.5.gz	34
BRice_41rbin.6.gz	43
BRice_42rbin.4.gz	17
BRice_43rbin.4.gz	29
Cjian1_bin.2.gz	41
Cjian2_bin.5.gz	70
Cshang1bin.11.gz	20
Cshang1bin.16.gz	23
Cshang1bin.3.gz	41
Cshang1bin.5.gz	47
Cshang1bin.7.gz	35
Cshang1bin.8.gz	64
Cshang1bin.9.gz	38
Cshang2bin.10.gz	26
Cshang2bin.11.gz	56
Cshang2bin.13.gz	30
Cshang2bin.15.gz	35
Cshang2bin.18.gz	51
Cshang2bin.1.gz	25
Cshang2bin.21.gz	25
Cshang2bin.22.gz	35
Cshang2bin.24.gz	20
Cshang2bin.2.gz	24
Cshang2bin.7.gz	46
Cshang2bin.8.gz	34
Cshang4bin.10.gz	106
Cshang5bin.10.gz	57
Cshang5bin.2.gz	28
Cshang5bin.7.gz	13
Ctu1_BDbin.2.gz	7
Ctu5_BDbin.10.gz	20
Ctu5_BDbin.2.gz	17
Ctu5_BDbin.9.gz	28
Cxia3_Bbin.11.gz	23
Cxia3_Bbin.1.gz	38
Cxia3_Bbin.7.gz	25
Cxia3_Bbin.8.gz	17
Cxia4_Bbin.11.gz	14
Cxia4_Bbin.2.gz	4
Cxia5_Bbin.11.gz	15
Cxia5_Bbin.4.gz	26
Cxia5_Bbin.7.gz	53
D1rbin.10.gz	28
D1rbin.12.gz	51
D1rbin.13.gz	81
D1rbin.1.gz	84
D1rbin.2.gz	142
D1rbin.5.gz	5
D1rbin.7.gz	6
D2rbin.11.gz	18
D2rbin.13.gz	146
D2rbin.14.gz	49
D2rbin.3.gz	116
D2rbin.5.gz	54
D2rbin.7.gz	112
D2rbin.9.gz	47
D3rbin.10.gz	120
D3rbin.11.gz	123
D3rbin.12.gz	47
D3rbin.13.gz	182
D3rbin.14.gz	57
D3rbin.17.gz	92
D3rbin.19.gz	52
D3rbin.1.gz	257
D3rbin.20.gz	147
D3rbin.21.gz	87
D3rbin.2.gz	65
D3rbin.3.gz	160
D3rbin.4.gz	126
D3rbin.6.gz	94
D3rbin.7.gz	18
D3rbin.9.gz	109
D4rbin.13.gz	97
D4rbin.14.gz	56
D4rbin.15.gz	41
D4rbin.1.gz	125
D4rbin.2.gz	88
D4rbin.3.gz	33
D4rbin.4.gz	48
D4rbin.5.gz	93
D4rbin.8.gz	103
D5rbin.1.gz	151
D5rbin.5.gz	128
D5rbin.7.gz	57
D5rbin.8.gz	58
D6rbin.10.gz	35
D6rbin.11.gz	68
D6rbin.12.gz	8
D6rbin.13.gz	31
D6rbin.14.gz	90
D6rbin.15.gz	49
D6rbin.16.gz	105
D6rbin.18.gz	34
D6rbin.1.gz	45
D6rbin.20.gz	101
D6rbin.21.gz	79
D6rbin.22.gz	24
D6rbin.24.gz	51
D6rbin.25.gz	63
D6rbin.2.gz	67
D6rbin.3.gz	30
D6rbin.4.gz	26
D6rbin.6.gz	52
D6rbin.7.gz	153
D6rbin.8.gz	41
DRR101455rebin.10.gz	63
DRR101455rebin.1.gz	72
DRR101455rebin.2.gz	63
DRR101455rebin.7.gz	125
DRR101456rebin.10.gz	393
DRR101456rebin.11.gz	30
DRR101456rebin.12.gz	53
DRR101456rebin.3.gz	107
DRR101456rebin.6.gz	76
DRR101456rebin.8.gz	211
DRR101456rebin.9.gz	56
DRR101457rebin.2.gz	91
DRR101457rebin.3.gz	72
DRR101457rebin.6.gz	53
DRR101457rebin.7.gz	52
DRR101458rebin.1.gz	50
DRR101462rebin.2.gz	34
DRR101462rebin.7.gz	48
DRR101462rebin.8.gz	34
DRR101463bin.1.gz	78
DRR101463bin.2.gz	57
DRR101463bin.4.gz	34
DRR101464rebin.1.gz	32
DRR101464rebin.3.gz	66
DRR101464rebin.4.gz	67
DRR160703rebin.3.gz	85
DRR160703rebin.6.gz	17
DRR160703rebin.8.gz	32
DRR160704rebin.3.gz	50
DRR160704rebin.5.gz	62
DRR160705rebin.1.gz	44
DRR160705rebin.3.gz	56
DRR160705rebin.4.gz	40
DRR160707rebin.2.gz	39
DRR160708rebin.3.gz	35
DRR160710rebin.1.gz	46
DRR160710rebin.4.gz	30
DRR160711rebin.1.gz	112
DRR160711rebin.2.gz	23
DRR160712rebin.2.gz	62
DRR160712rebin.4.gz	46
DRR160712rebin.5.gz	14
DRR160712rebin.6.gz	49
DRR160712rebin.7.gz	69
DRR160714rebin.2.gz	42
DRR160714rebin.4.gz	24
DRR160714rebin.7.gz	23
DRR160714rebin.8.gz	70
DRR160715rebin.1.gz	61
ED2bin.10.gz	22
ED2bin.11.gz	92
ED2bin.13.gz	33
ED2bin.1.gz	34
ED2bin.2.gz	105
ED2bin.3.gz	42
ED2bin.6.gz	17
ED2bin.7.gz	20
ED2bin.8.gz	94
ED2bin.9.gz	31
ED3bin.2.gz	125
ED3bin.3.gz	72
ED3bin.4.gz	37
ERR1051325rbin.10.gz	51
ERR1051325rbin.11.gz	102
ERR1051325rbin.12.gz	124
ERR1051325rbin.14.gz	136
ERR1051325rbin.15.gz	127
ERR1051325rbin.16.gz	176
ERR1051325rbin.17.gz	2
ERR1051325rbin.18.gz	115
ERR1051325rbin.19.gz	37
ERR1051325rbin.1.gz	87
ERR1051325rbin.20.gz	120
ERR1051325rbin.21.gz	70
ERR1051325rbin.22.gz	106
ERR1051325rbin.23.gz	173
ERR1051325rbin.24.gz	72
ERR1051325rbin.25.gz	109
ERR1051325rbin.26.gz	101
ERR1051325rbin.27.gz	71
ERR1051325rbin.28.gz	95
ERR1051325rbin.29.gz	114
ERR1051325rbin.2.gz	101
ERR1051325rbin.30.gz	30
ERR1051325rbin.31.gz	93
ERR1051325rbin.3.gz	140
ERR1051325rbin.4.gz	186
ERR1051325rbin.5.gz	66
ERR1051325rbin.6.gz	201
ERR1051325rbin.8.gz	68
ERR1051325rbin.9.gz	106
ERR4660996bin.1.gz	66
ERR4660996bin.2.gz	20
ERR4660996bin.3.gz	46
ERR4660996bin.4.gz	99
ERR4660997rbin.1.gz	105
ERR4660997rbin.2.gz	45
ERR4660998rbin.1.gz	41
ERR4660998rbin.3.gz	31
ERR4660998rbin.4.gz	10
ERR4660999rbin.1.gz	83
ERR4661000rbin.1.gz	72
ERR4661000rbin.2.gz	103
ERR4661001rbin.1.gz	118
ERR4661003rbin.1.gz	123
ERR4661003rbin.2.gz	58
ERR4661003rbin.4.gz	102
ERR4661003rbin.5.gz	84
ERR4661003rbin.6.gz	62
ERR4661004rbin.2.gz	112
ERR4661004rbin.3.gz	91
ERR4661004rbin.4.gz	68
ERR4661004rbin.5.gz	138
ERR4661004rbin.6.gz	85
ERR4661004rbin.7.gz	168
ERR4661005rbin.1.gz	71
ERR4661005rbin.2.gz	62
ERR4661005rbin.3.gz	104
ERR4661006rbin.1.gz	93
ERR4661006rbin.2.gz	92
ERR4661006rbin.3.gz	102
ERR4661006rbin.4.gz	35
ERR4661006rbin.5.gz	37
ERR4661006rbin.6.gz	39
ERR4661007bin.5.gz	76
ERR4661007bin.6.gz	141
ERR4661008rbin.2.gz	27
ERR4661010rbin.1.gz	47
ERR4661010rbin.3.gz	79
ERR4661010rbin.4.gz	66
ERR4661011rbin.1.gz	89
ERR4661011rbin.2.gz	122
ERR4661011rbin.5.gz	153
ERR4661011rbin.6.gz	56
ERR4661012rbin.1.gz	85
ERR4661012rbin.3.gz	50
ERR4661012rbin.4.gz	95
ERR4661013rbin.1.gz	5
ERR4661015rbin.3.gz	38
ERR4661015rbin.5.gz	100
GM1bin.10.gz	61
GM1bin.11.gz	82
GM1bin.13.gz	75
GM1bin.14.gz	132
GM1bin.15.gz	15
GM1bin.16.gz	18
GM1bin.19.gz	203
GM1bin.1.gz	74
GM1bin.20.gz	64
GM1bin.21.gz	85
GM1bin.23.gz	65
GM1bin.24.gz	77
GM1bin.26.gz	61
GM1bin.27.gz	59
GM1bin.29.gz	108
GM1bin.2.gz	44
GM1bin.30.gz	107
GM1bin.31.gz	39
GM1bin.32.gz	139
GM1bin.33.gz	118
GM1bin.34.gz	79
GM1bin.3.gz	41
GM1bin.4.gz	114
GM1bin.5.gz	78
GM1bin.6.gz	204
GM1bin.7.gz	98
GM1bin.8.gz	81
GM1bin.9.gz	69
GM2bin.11.gz	70
GM2bin.12.gz	19
GM2bin.13.gz	208
GM2bin.14.gz	66
GM2bin.15.gz	35
GM2bin.16.gz	59
GM2bin.17.gz	30
GM2bin.18.gz	64
GM2bin.1.gz	35
GM2bin.2.gz	34
GM2bin.3.gz	32
GM2bin.4.gz	65
GM2bin.6.gz	35
GM2bin.8.gz	27
GM3bin.1.gz	142
GM3bin.2.gz	43
GM3bin.5.gz	76
GM3bin.7.gz	18
R100bin.4.gz	40
R101bin.1.gz	43
R101bin.5.gz	47
R101bin.8.gz	172
R102bin.15.gz	50
R102bin.17.gz	62
R102bin.2.gz	50
R102bin.4.gz	37
R102bin.5.gz	33
R102bin.6.gz	55
R102bin.8.gz	43
R103bin.6.gz	63
R103bin.8.gz	37
R104bin.2.gz	16
R104bin.5.gz	51
R104bin.6.gz	32
R105bin.11.gz	54
R105bin.14.gz	94
R105bin.5.gz	105
R105bin.6.gz	61
R105bin.7.gz	50
R121bin.4.gz	71
R121bin.6.gz	132
R121bin.7.gz	96
R121bin.9.gz	124
R122bin.1.gz	52
R124bin.2.gz	32
R124bin.5.gz	18
R125bin.1.gz	81
R125bin.2.gz	30
R125bin.5.gz	87
R125bin.6.gz	67
R125bin.7.gz	141
R125bin.8.gz	72
R1rebin.10.gz	156
R1rebin.12.gz	78
R1rebin.13.gz	180
R1rebin.5.gz	56
R1rebin.7.gz	60
R1rebin.8.gz	21
R1rebin.9.gz	47
R23rbin.1.gz	65
R23rbin.2.gz	59
R24rbin.7.gz	22
R25rbin.10.gz	85
R25rbin.11.gz	71
R25rbin.13.gz	77
R25rbin.7.gz	99
R26rbin.10.gz	25
R26rbin.11.gz	32
R26rbin.12.gz	96
R26rbin.13.gz	104
R26rbin.14.gz	45
R26rbin.1.gz	71
R26rbin.2.gz	27
R26rbin.3.gz	85
R26rbin.4.gz	98
R26rbin.6.gz	55
R26rbin.8.gz	56
R26rbin.9.gz	34
R2rebin.13.gz	97
R2rebin.14.gz	61
R2rebin.17.gz	20
R2rebin.1.gz	23
R2rebin.9.gz	122
R3rebin.1.gz	67
R3rebin.2.gz	64
R3rebin.3.gz	43
R3rebin.6.gz	91
R4rebin.11.gz	62
R4rebin.13.gz	118
R4rebin.7.gz	66
R5rebin.12.gz	35
R96rbin.1.gz	58
R96rbin.4.gz	82
R97rbin.11.gz	53
R97rbin.13.gz	55
R97rbin.15.gz	59
R97rbin.16.gz	34
R97rbin.2.gz	26
R97rbin.3.gz	59
R97rbin.7.gz	95
R97rbin.9.gz	74
R98rbin.2.gz	49
R98rbin.5.gz	97
R99rbin.1.gz	62
R99rbin.3.gz	62
R99rbin.5.gz	113
S108bin.11.gz	53
S108bin.12.gz	24
S108bin.15.gz	40
S108bin.16.gz	88
S108bin.3.gz	142
S108bin.4.gz	85
S108bin.5.gz	48
S108bin.6.gz	62
S108bin.7.gz	125
S108bin.8.gz	42
S109bin.1.gz	6
S109bin.3.gz	94
S109bin.4.gz	122
S109bin.5.gz	76
S109bin.6.gz	91
S10rbin.3.gz	18
S10rbin.4.gz	37
S112bin.2.gz	51
S112bin.3.gz	34
S112bin.4.gz	26
S112bin.5.gz	63
S112bin.7.gz	42
S113bin.10.gz	25
S113bin.12.gz	42
S113bin.13.gz	48
S113bin.14.gz	33
S113bin.15.gz	38
S113bin.16.gz	28
S113bin.17.gz	19
S113bin.1.gz	24
S113bin.2.gz	57
S113bin.3.gz	145
S113bin.5.gz	67
S113bin.6.gz	25
S113bin.7.gz	91
S113bin.9.gz	31
S114bin.2.gz	6
S114bin.3.gz	18
S114bin.4.gz	47
S114bin.5.gz	66
S114bin.6.gz	52
S118bin.10.gz	50
S118bin.11.gz	58
S118bin.12.gz	42
S118bin.13.gz	47
S118bin.15.gz	42
S118bin.17.gz	31
S118bin.18.gz	202
S118bin.1.gz	66
S118bin.20.gz	35
S118bin.21.gz	56
S118bin.22.gz	19
S118bin.23.gz	37
S118bin.24.gz	22
S118bin.25.gz	46
S118bin.27.gz	251
S118bin.28.gz	70
S118bin.29.gz	67
S118bin.2.gz	74
S118bin.30.gz	77
S118bin.32.gz	98
S118bin.34.gz	89
S118bin.35.gz	88
S118bin.36.gz	73
S118bin.37.gz	45
S118bin.38.gz	79
S118bin.39.gz	60
S118bin.3.gz	71
S118bin.40.gz	53
S118bin.42.gz	207
S118bin.44.gz	40
S118bin.45.gz	60
S118bin.47.gz	26
S118bin.48.gz	58
S118bin.49.gz	26
S118bin.50.gz	45
S118bin.54.gz	12
S118bin.55.gz	112
S118bin.56.gz	17
S118bin.57.gz	43
S118bin.5.gz	58
S118bin.6.gz	68
S118bin.7.gz	58
S118bin.8.gz	53
S120bin.12.gz	99
S120bin.1.gz	75
S120bin.2.gz	109
S120bin.3.gz	98
S120bin.4.gz	67
S120bin.5.gz	30
S120bin.6.gz	86
S120bin.7.gz	52
S120bin.9.gz	60
S121bin.1.gz	53
S122bin.10.gz	33
S122bin.1.gz	49
S122bin.2.gz	43
S122bin.3.gz	62
S122bin.4.gz	52
S122bin.5.gz	36
S122bin.8.gz	43
S122bin.9.gz	37
S125bin.12.gz	27
S125bin.13.gz	53
S125bin.15.gz	77
S125bin.16.gz	25
S125bin.17.gz	42
S125bin.19.gz	101
S125bin.22.gz	70
S125bin.2.gz	3
S125bin.4.gz	33
S126bin.10.gz	44
S126bin.11.gz	39
S126bin.14.gz	52
S126bin.18.gz	52
S126bin.19.gz	65
S126bin.20.gz	41
S126bin.21.gz	41
S126bin.23.gz	136
S126bin.24.gz	58
S126bin.25.gz	17
S126bin.2.gz	86
S126bin.4.gz	51
S126bin.8.gz	28
S127bin.10.gz	21
S127bin.11.gz	118
S127bin.12.gz	40
S127bin.1.gz	24
S127bin.2.gz	75
S127bin.3.gz	7
S127bin.4.gz	38
S127bin.5.gz	87
S127bin.7.gz	216
S127bin.8.gz	76
S127bin.9.gz	53
S128bin.1.gz	42
S128bin.2.gz	101
S128bin.3.gz	65
S129bin.1.gz	50
S129bin.2.gz	90
S129bin.3.gz	29
S129bin.4.gz	71
S129bin.6.gz	47
S129bin.7.gz	103
S129bin.8.gz	133
S12rbin.11.gz	109
S12rbin.12.gz	38
S12rbin.15.gz	40
S12rbin.16.gz	17
S12rbin.17.gz	42
S12rbin.18.gz	19
S12rbin.19.gz	53
S12rbin.1.gz	62
S12rbin.20.gz	35
S12rbin.21.gz	53
S12rbin.22.gz	60
S12rbin.23.gz	33
S12rbin.24.gz	22
S12rbin.25.gz	34
S12rbin.26.gz	14
S12rbin.27.gz	40
S12rbin.28.gz	29
S12rbin.29.gz	51
S12rbin.2.gz	23
S12rbin.30.gz	89
S12rbin.33.gz	32
S12rbin.35.gz	41
S12rbin.4.gz	63
S12rbin.5.gz	28
S12rbin.6.gz	119
S12rbin.7.gz	17
S12rbin.8.gz	29
S12rbin.9.gz	37
S130bin.1.gz	51
S130bin.2.gz	14
S130bin.3.gz	24
S130bin.5.gz	35
S130bin.7.gz	41
S130bin.8.gz	50
S132bin.1.gz	23
S132bin.2.gz	54
S132bin.4.gz	179
S134bin.10.gz	56
S134bin.1.gz	122
S134bin.2.gz	98
S134bin.3.gz	96
S134bin.4.gz	113
S134bin.5.gz	102
S134bin.6.gz	90
S134bin.7.gz	52
S134bin.8.gz	58
S134bin.9.gz	115
S135bin.10.gz	45
S135bin.11.gz	29
S135bin.12.gz	56
S135bin.13.gz	35
S135bin.14.gz	36
S135bin.15.gz	56
S135bin.16.gz	141
S135bin.17.gz	51
S135bin.18.gz	192
S135bin.19.gz	53
S135bin.1.gz	71
S135bin.20.gz	40
S135bin.21.gz	65
S135bin.22.gz	27
S135bin.2.gz	39
S135bin.3.gz	56
S135bin.4.gz	59
S135bin.5.gz	17
S135bin.6.gz	57
S135bin.7.gz	83
S135bin.9.gz	62
S136bin.1.gz	49
S136bin.2.gz	77
S136bin.3.gz	70
S136bin.4.gz	67
S137bin.3.gz	8
S137bin.4.gz	17
S139bin.1.gz	86
S139bin.3.gz	24
S139bin.4.gz	85
S139bin.5.gz	32
S139bin.6.gz	60
S139bin.7.gz	61
S13rbin.1.gz	36
S13rbin.2.gz	8
S13rbin.3.gz	85
S13rbin.4.gz	21
S13rbin.5.gz	31
S13rbin.6.gz	27
S13rbin.7.gz	38
S13rbin.8.gz	49
S140bin.10.gz	41
S140bin.12.gz	57
S140bin.13.gz	66
S140bin.14.gz	38
S140bin.16.gz	65
S140bin.18.gz	98
S140bin.2.gz	11
S140bin.3.gz	38
S140bin.4.gz	74
S140bin.7.gz	37
S140bin.9.gz	59
S141bin.10.gz	71
S141bin.12.gz	28
S141bin.13.gz	70
S141bin.14.gz	43
S141bin.15.gz	12
S141bin.16.gz	49
S141bin.17.gz	111
S141bin.18.gz	56
S141bin.19.gz	98
S141bin.1.gz	100
S141bin.20.gz	69
S141bin.21.gz	123
S141bin.22.gz	72
S141bin.23.gz	120
S141bin.24.gz	121
S141bin.25.gz	44
S141bin.26.gz	30
S141bin.27.gz	78
S141bin.28.gz	107
S141bin.29.gz	83
S141bin.2.gz	73
S141bin.30.gz	31
S141bin.31.gz	34
S141bin.32.gz	81
S141bin.33.gz	31
S141bin.34.gz	106
S141bin.35.gz	109
S141bin.36.gz	34
S141bin.3.gz	49
S141bin.4.gz	30
S141bin.5.gz	301
S141bin.6.gz	84
S141bin.7.gz	60
S141bin.8.gz	73
S141bin.9.gz	25
S142bin.1.gz	63
S142bin.2.gz	54
S142bin.4.gz	50
S142bin.5.gz	13
S143bin.12.gz	97
S143bin.13.gz	29
S143bin.15.gz	33
S143bin.16.gz	15
S143bin.17.gz	46
S143bin.18.gz	39
S143bin.21.gz	16
S143bin.23.gz	63
S143bin.24.gz	103
S143bin.26.gz	108
S143bin.28.gz	147
S143bin.29.gz	20
S143bin.2.gz	71
S143bin.31.gz	116
S143bin.32.gz	196
S143bin.33.gz	37
S143bin.34.gz	49
S143bin.36.gz	29
S143bin.3.gz	40
S143bin.4.gz	19
S143bin.6.gz	105
S143bin.7.gz	47
S145bin.1.gz	29
S14rbin.10.gz	34
S14rbin.11.gz	24
S14rbin.12.gz	76
S14rbin.13.gz	37
S14rbin.1.gz	68
S14rbin.2.gz	222
S14rbin.4.gz	95
S14rbin.7.gz	98
S14rbin.8.gz	114
S14rbin.9.gz	136
S155bin.1.gz	40
S155bin.2.gz	85
S162bin.7.gz	58
S163bin.1.gz	75
S163bin.3.gz	80
S165bin.11.gz	30
S165bin.12.gz	40
S165bin.16.gz	52
S165bin.18.gz	40
S165bin.19.gz	124
S165bin.1.gz	47
S165bin.22.gz	76
S165bin.2.gz	114
S165bin.3.gz	38
S165bin.4.gz	46
S165bin.5.gz	32
S165bin.6.gz	64
S165bin.7.gz	32
S165bin.8.gz	128
S165bin.9.gz	17
S168bin.10.gz	44
S168bin.11.gz	44
S168bin.12.gz	131
S168bin.13.gz	51
S168bin.16.gz	106
S168bin.1.gz	20
S168bin.5.gz	22
S168bin.6.gz	20
S168bin.7.gz	63
S168bin.9.gz	100
S16rbin.11.gz	37
S16rbin.15.gz	93
S16rbin.16.gz	47
S16rbin.17.gz	64
S16rbin.2.gz	24
S16rbin.4.gz	17
S16rbin.6.gz	77
S171bin.10.gz	155
S171bin.12.gz	99
S171bin.15.gz	56
S171bin.16.gz	64
S171bin.17.gz	119
S171bin.1.gz	103
S171bin.20.gz	50
S171bin.2.gz	74
S171bin.3.gz	52
S171bin.4.gz	30
S171bin.5.gz	93
S171bin.6.gz	77
S171bin.7.gz	19
S171bin.8.gz	46
S171bin.9.gz	160
S173bin.1.gz	38
S173bin.2.gz	72
S173bin.3.gz	24
S173bin.4.gz	68
S173bin.5.gz	62
S173bin.6.gz	43
S173bin.7.gz	112
S173bin.9.gz	14
S174bin.2.gz	36
S174bin.4.gz	38
S174bin.6.gz	97
S174bin.8.gz	107
S174bin.9.gz	40
S175bin.10.gz	23
S175bin.13.gz	82
S175bin.14.gz	54
S175bin.15.gz	42
S175bin.16.gz	26
S175bin.17.gz	21
S175bin.1.gz	22
S175bin.20.gz	25
S175bin.21.gz	146
S175bin.22.gz	63
S175bin.23.gz	25
S175bin.24.gz	86
S175bin.25.gz	50
S175bin.26.gz	28
S175bin.3.gz	48
S175bin.4.gz	60
S175bin.5.gz	86
S175bin.7.gz	127
S175bin.8.gz	54
S175bin.9.gz	38
S176bin.12.gz	57
S176bin.14.gz	80
S176bin.2.gz	14
S176bin.3.gz	107
S176bin.4.gz	254
S176bin.9.gz	21
S177bin.2.gz	62
S177bin.6.gz	29
S177bin.7.gz	57
S178bin.11.gz	45
S178bin.12.gz	77
S178bin.13.gz	108
S178bin.14.gz	32
S178bin.17.gz	67
S178bin.19.gz	52
S178bin.1.gz	129
S178bin.21.gz	125
S178bin.22.gz	31
S178bin.23.gz	88
S178bin.24.gz	37
S178bin.4.gz	36
S178bin.6.gz	101
S178bin.7.gz	28
S178bin.9.gz	89
S179bin.10.gz	62
S179bin.11.gz	80
S179bin.12.gz	25
S179bin.13.gz	5
S179bin.14.gz	118
S179bin.15.gz	28
S179bin.16.gz	38
S179bin.17.gz	114
S179bin.18.gz	45
S179bin.1.gz	68
S179bin.20.gz	18
S179bin.21.gz	31
S179bin.22.gz	23
S179bin.24.gz	90
S179bin.25.gz	78
S179bin.27.gz	172
S179bin.28.gz	44
S179bin.29.gz	84
S179bin.2.gz	43
S179bin.30.gz	70
S179bin.31.gz	57
S179bin.32.gz	60
S179bin.34.gz	43
S179bin.35.gz	31
S179bin.38.gz	59
S179bin.39.gz	53
S179bin.40.gz	34
S179bin.41.gz	90
S179bin.43.gz	64
S179bin.47.gz	81
S179bin.48.gz	28
S179bin.49.gz	65
S179bin.4.gz	92
S179bin.50.gz	31
S179bin.51.gz	32
S179bin.52.gz	63
S179bin.54.gz	10
S179bin.5.gz	63
S179bin.6.gz	70
S179bin.7.gz	43
S179bin.8.gz	58
S179bin.9.gz	28
S17rbin.11.gz	73
S17rbin.12.gz	30
S17rbin.16.gz	37
S17rbin.17.gz	46
S17rbin.18.gz	45
S17rbin.19.gz	58
S17rbin.20.gz	51
S17rbin.22.gz	26
S17rbin.24.gz	42
S17rbin.2.gz	12
S17rbin.5.gz	71
S180bin.12.gz	25
S180bin.13.gz	36
S180bin.14.gz	58
S180bin.15.gz	11
S180bin.16.gz	69
S180bin.17.gz	35
S180bin.19.gz	70
S180bin.2.gz	120
S180bin.3.gz	102
S180bin.4.gz	26
S180bin.5.gz	57
S180bin.7.gz	72
SRR13115018bin.30.gz	92
SRR13115018bin.31.gz	81
SRR13115018bin.32.gz	65
SRR13115018bin.33.gz	45
SRR13115018bin.34.gz	22
SRR13115018bin.35.gz	23
SRR13115018bin.36.gz	26
SRR13115018bin.38.gz	47
SRR13115018bin.40.gz	61
SRR13115018bin.41.gz	123
SRR13115018bin.45.gz	64
SRR13115018bin.46.gz	25
SRR13115018bin.47.gz	61
SRR13115018bin.48.gz	33
SRR13115018bin.49.gz	20
SRR13115018bin.4.gz	12
SRR13115018bin.50.gz	42
SRR13115018bin.51.gz	28
SRR13115018bin.52.gz	125
SRR13115018bin.53.gz	22
SRR13115018bin.54.gz	149
SRR13115018bin.57.gz	13
SRR13115018bin.58.gz	195
SRR13115018bin.59.gz	88
SRR13115018bin.5.gz	55
SRR13115018bin.60.gz	33
SRR13115018bin.61.gz	11
SRR13115018bin.62.gz	43
SRR13115018bin.63.gz	48
SRR13115018bin.64.gz	47
SRR13115018bin.65.gz	62
SRR13115018bin.66.gz	220
SRR13115018bin.67.gz	142
SRR13115018bin.68.gz	96
SRR13115018bin.69.gz	96
SRR13115018bin.6.gz	16
SRR13115018bin.70.gz	20
SRR13115018bin.71.gz	51
SRR13115018bin.72.gz	26
SRR13115018bin.73.gz	168
SRR13115018bin.74.gz	21
SRR13115018bin.7.gz	76
SRR13115018bin.8.gz	118
SRR13115018bin.9.gz	162
SRR13115019bin.10.gz	51
SRR13115019bin.11.gz	55
SRR13115019bin.12.gz	71
SRR13115019bin.13.gz	32
SRR13115019bin.14.gz	74
SRR13115019bin.15.gz	116
SRR13115019bin.16.gz	42
SRR13115019bin.17.gz	243
SRR13115019bin.18.gz	44
SRR13115019bin.19.gz	34
SRR13115019bin.1.gz	74
SRR13115019bin.20.gz	90
SRR13115019bin.22.gz	61
SRR13115019bin.24.gz	67
SRR13115019bin.26.gz	46
SRR13115019bin.27.gz	54
SRR13115019bin.28.gz	98
SRR13115019bin.29.gz	167
SRR13115019bin.2.gz	18
SRR13115019bin.30.gz	95
SRR13115019bin.31.gz	114
SRR13115019bin.32.gz	90
SRR13115019bin.33.gz	90
SRR13115019bin.34.gz	82
SRR13115019bin.35.gz	38
SRR13115019bin.36.gz	60
SRR13115019bin.37.gz	61
SRR13115019bin.38.gz	127
SRR13115019bin.39.gz	53
SRR13115019bin.3.gz	81
SRR13115019bin.41.gz	39
SRR13115019bin.42.gz	166
SRR13115019bin.43.gz	74
SRR13115019bin.44.gz	122
SRR13115019bin.45.gz	91
SRR13115019bin.46.gz	35
SRR13115019bin.47.gz	24
SRR13115019bin.48.gz	79
SRR13115019bin.49.gz	168
SRR13115019bin.4.gz	160
SRR13115019bin.50.gz	75
SRR13115019bin.51.gz	30
SRR13115019bin.52.gz	87
SRR13115019bin.53.gz	78
SRR13115019bin.54.gz	26
SRR13115019bin.55.gz	47
SRR13115019bin.56.gz	37
SRR13115019bin.57.gz	160
SRR13115019bin.58.gz	60
SRR13115019bin.59.gz	42
SRR13115019bin.5.gz	80
SRR13115019bin.60.gz	105
SRR13115019bin.62.gz	127
SRR13115019bin.63.gz	24
SRR13115019bin.64.gz	64
SRR13115019bin.65.gz	58
SRR13115019bin.66.gz	42
SRR13115019bin.68.gz	94
SRR13115019bin.69.gz	22
SRR13115019bin.6.gz	64
SRR13115019bin.70.gz	91
SRR13115019bin.71.gz	74
SRR13115019bin.72.gz	133
SRR13115019bin.73.gz	67
SRR13115019bin.74.gz	34
SRR13115019bin.75.gz	91
SRR13115019bin.77.gz	16
SRR13115019bin.78.gz	90
SRR13115019bin.79.gz	155
SRR13115019bin.7.gz	49
SRR13115019bin.9.gz	72
SRR13164784bin.1.gz	43
SRR13164784bin.2.gz	19
SRR13164784bin.3.gz	7
SRR13207077bin.10.gz	161
SRR13207077bin.11.gz	94
SRR13207077bin.12.gz	78
SRR13207077bin.13.gz	81
SRR13207077bin.14.gz	44
SRR13207077bin.15.gz	100
SRR13207077bin.16.gz	177
SRR13207077bin.17.gz	99
SRR13207077bin.1.gz	118
SRR13207077bin.2.gz	81
SRR13207077bin.4.gz	82
SRR13207077bin.5.gz	84
SRR13207077bin.6.gz	38
SRR13207077bin.7.gz	193
SRR13207077bin.8.gz	95
SRR13207077bin.9.gz	93
SRR13207170bin.10.gz	144
SRR13207170bin.11.gz	119
SRR13207170bin.12.gz	92
SRR13207170bin.13.gz	106
SRR13207170bin.14.gz	205
SRR13207170bin.1.gz	197
SRR13207170bin.2.gz	55
SRR13207170bin.3.gz	85
SRR13207170bin.4.gz	240
SRR13207170bin.5.gz	127
SRR13207170bin.6.gz	67
SRR13207170bin.7.gz	296
SRR13207170bin.8.gz	85
SRR13207170bin.9.gz	68
SRR1379730rbin.1.gz	59
SRR1379730rbin.2.gz	114
SRR1379730rbin.3.gz	64
SRR1379730rbin.4.gz	62
SRR1379730rbin.5.gz	58
SRR1379730rbin.6.gz	53
SRR1379730rbin.7.gz	88
SRR1379730rbin.9.gz	82
SRR1586251rbin.4.gz	28
SRR1586252rbin.3.gz	59
SRR1586253rbin.4.gz	175
SRR1586255rbin.3.gz	22
SRR1586257rbin.14.gz	88
SRR1586257rbin.1.gz	241
SRR1586257rbin.21.gz	43
SRR1586257rbin.4.gz	30
SRR1586257rbin.6.gz	56
SRR1586257rbin.7.gz	76
SRR1586260rbin.10.gz	34
SRR1586260rbin.8.gz	41
SRR1586261rbin.1.gz	54
SRR1586264rbin.1.gz	68
SRR1586264rbin.3.gz	88
SRR1586264rbin.5.gz	49
SRR1586265rbin.1.gz	49
SRR1586265rbin.5.gz	64
SRR1586265rbin.7.gz	53
SRR1586266rbin.16.gz	28
SRR1586266rbin.1.gz	47
SRR1586266rbin.25.gz	36
SRR1586266rbin.2.gz	42
SRR1586266rbin.31.gz	131
SRR1586266rbin.33.gz	40
SRR1586266rbin.5.gz	48
SRR1586266rbin.8.gz	18
SRR1586267rbin.11.gz	42
SRR1586267rbin.1.gz	302
SRR1586267rbin.2.gz	11
SRR1586267rbin.6.gz	43
SRR1586267rbin.7.gz	50
SRR1586267rbin.8.gz	84
SRR1586267rbin.9.gz	60
SRR1586269rbin.10.gz	48
SRR1586269rbin.13.gz	80
SRR1586269rbin.17.gz	231
SRR1586269rbin.19.gz	99
SRR1586269rbin.20.gz	115
SRR1586269rbin.23.gz	56
SRR1586269rbin.24.gz	168
SRR1586269rbin.25.gz	49
SRR1586269rbin.26.gz	67
SRR1586269rbin.27.gz	17
SRR1586269rbin.28.gz	64
SRR1586269rbin.29.gz	96
SRR1586269rbin.2.gz	48
SRR1586269rbin.35.gz	68
SRR1586269rbin.36.gz	85
SRR1586270rbin.11.gz	72
SRR1586270rbin.13.gz	173
SRR1586270rbin.14.gz	35
SRR1586270rbin.15.gz	25
SRR1586270rbin.16.gz	60
SRR1586270rbin.17.gz	87
SRR1586270rbin.18.gz	138
SRR1586270rbin.23.gz	56
SRR1586270rbin.25.gz	62
SRR1586270rbin.4.gz	50
SRR1586270rbin.6.gz	61
SRR1586270rbin.7.gz	43
SRR1586270rbin.9.gz	147
SRR1586271rbin.1.gz	43
SRR1586271rbin.2.gz	54
SRR1586271rbin.3.gz	68
SRR1586271rbin.4.gz	47
SRR1586272rbin.6.gz	63
SRR1586274rbin.1.gz	82
SRR1586274rbin.2.gz	33
SRR1586275rbin.12.gz	21
SRR1586275rbin.7.gz	46
SRR1586276rbin.13.gz	135
SRR1586276rbin.1.gz	52
SRR1586276rbin.2.gz	285
SRR1586276rbin.4.gz	49
SRR1586278rbin.2.gz	45
SRR1586278rbin.4.gz	50
SRR1586278rbin.5.gz	20
SRR1586279rbin.10.gz	43
SRR1586279rbin.14.gz	58
SRR1586279rbin.15.gz	71
SRR1586279rbin.19.gz	37
SRR1586279rbin.21.gz	48
SRR1586279rbin.25.gz	56
SRR1586279rbin.2.gz	54
SRR1586279rbin.30.gz	92
SRR1586279rbin.32.gz	154
SRR1586279rbin.34.gz	39
SRR1586279rbin.35.gz	57
SRR1586279rbin.36.gz	136
SRR1586279rbin.37.gz	206
SRR1586279rbin.39.gz	39
SRR1586279rbin.3.gz	30
SRR1586279rbin.4.gz	78
SRR1586279rbin.5.gz	43
SRR1586279rbin.6.gz	70
SRR1586279rbin.7.gz	100
SRR1586279rbin.8.gz	92
SRR1586279rbin.9.gz	12
SRR1586281rbin.2.gz	51
SRR1586282rbin.10.gz	71
SRR1586282rbin.12.gz	95
SRR1586285rbin.2.gz	136
SRR1586287rbin.4.gz	66
SRR1586288rbin.10.gz	61
SRR1586288rbin.11.gz	66
SRR1586288rbin.2.gz	79
SRR1586288rbin.8.gz	60
SRR1586289rbin.1.gz	117
SRR1586289rbin.2.gz	22
SRR1586289rbin.7.gz	54
SRR1586291rbin.1.gz	66
SRR1586292rbin.2.gz	60
SRR1586292rbin.3.gz	55
SRR1586292rbin.6.gz	34
SRR1586293rbin.1.gz	38
SRR1586293rbin.4.gz	41
SRR1586295rbin.2.gz	67
SRR1586296rbin.3.gz	33
SRR1586297rbin.2.gz	70
SRR1586300rbin.1.gz	104
SRR1586301rbin.12.gz	92
SRR1586301rbin.2.gz	93
SRR1586301rbin.3.gz	47
SRR1586301rbin.8.gz	48
SRR1586302rbin.1.gz	23
SRR1586302rbin.2.gz	57
SRR1586302rbin.3.gz	86
SRR1586303rbin.3.gz	41
SRR1586303rbin.5.gz	30
SRR1586304rbin.1.gz	54
SRR1586304rbin.4.gz	56
SRR1586305rbin.2.gz	22
SRR1586305rbin.3.gz	46
SRR1586306rbin.2.gz	59
SRR1586306rbin.3.gz	10
SRR1586308rbin.4.gz	39
SRR1586309rbin.10.gz	56
SRR1586309rbin.13.gz	87
SRR1586309rbin.14.gz	63
SRR1586309rbin.15.gz	29
SRR1586309rbin.17.gz	39
SRR1586309rbin.1.gz	37
SRR1586309rbin.2.gz	23
SRR1586309rbin.8.gz	114
SRR1586309rbin.9.gz	33
SRR1586310rbin.2.gz	29
SRR1586311rbin.3.gz	34
SRR1586311rbin.6.gz	66
SRR1586311rbin.8.gz	48
SRR1586312rbin.3.gz	69
SRR1586312rbin.5.gz	61
SRR1586312rbin.7.gz	40
SRR1586313rbin.4.gz	50
SRR1586313rbin.5.gz	11
SRR1586314rbin.1.gz	287
SRR1586315rbin.5.gz	74
SRR1586316rbin.2.gz	24
SRR1586316rbin.3.gz	65
SRR1586316rbin.6.gz	41
SRR1586316rbin.8.gz	21
SRR1586317rbin.10.gz	52
SRR1586317rbin.11.gz	292
SRR1586317rbin.1.gz	38
SRR1586317rbin.2.gz	56
SRR1586317rbin.5.gz	76
SRR1586319rbin.3.gz	17
SRR1586319rbin.6.gz	234
SRR1586320rbin.10.gz	44
SRR1586320rbin.11.gz	371
SRR1586320rbin.14.gz	257
SRR1586320rbin.4.gz	26
SRR1586320rbin.5.gz	25
SRR1586321rbin.10.gz	63
SRR1586321rbin.15.gz	233
SRR1586321rbin.1.gz	12
SRR1586321rbin.4.gz	19
SRR1586321rbin.6.gz	29
SRR1586323rbin.7.gz	36
SRR1586324rbin.12.gz	51
SRR1586324rbin.14.gz	36
SRR1586324rbin.15.gz	31
SRR1586324rbin.20.gz	50
SRR1586324rbin.22.gz	105
SRR1586324rbin.3.gz	28
SRR1586324rbin.5.gz	24
SRR1586324rbin.6.gz	26
SRR1586324rbin.7.gz	26
SRR1586324rbin.8.gz	32
SRR1586325rbin.6.gz	79
SRR1586325rbin.7.gz	52
SRR1924237rbin.10.gz	57
SRR1924237rbin.11.gz	293
SRR1924237rbin.13.gz	163
SRR1924237rbin.14.gz	165
SRR1924237rbin.15.gz	210
SRR1924237rbin.1.gz	206
SRR1924237rbin.2.gz	106
SRR1924237rbin.3.gz	56
SRR1924237rbin.4.gz	42
SRR1924237rbin.5.gz	296
SRR1924237rbin.6.gz	201
SRR1924237rbin.7.gz	308
SRR1924237rbin.8.gz	124
SRR1924237rbin.9.gz	223
SRR1926113rbin.10.gz	79
SRR1926113rbin.11.gz	125
SRR1926113rbin.12.gz	65
SRR1926113rbin.13.gz	224
SRR1926113rbin.14.gz	69
SRR1926113rbin.15.gz	86
SRR1926113rbin.16.gz	114
SRR1926113rbin.17.gz	167
SRR1926113rbin.18.gz	17
SRR1926113rbin.19.gz	127
SRR1926113rbin.1.gz	131
SRR1926113rbin.21.gz	203
SRR1926113rbin.22.gz	28
SRR1926113rbin.23.gz	70
SRR1926113rbin.24.gz	76
SRR1926113rbin.25.gz	71
SRR1926113rbin.26.gz	243
SRR1926113rbin.27.gz	87
SRR1926113rbin.2.gz	10
SRR1926113rbin.3.gz	136
SRR1926113rbin.5.gz	82
SRR1926113rbin.6.gz	126
SRR1926113rbin.7.gz	178
SRR1926121rbin.2.gz	173
SRR1926121rbin.3.gz	172
SRR1926122rbin.1.gz	113
SRR1926122rbin.4.gz	117
SRR1926122rbin.5.gz	71
SRR1926122rbin.6.gz	245
SRR1926122rbin.7.gz	131
SRR1926122rbin.8.gz	145
SRR1926122rbin.9.gz	117
SRR1926147rbin.1.gz	46
SRR1926147rbin.2.gz	50
SRR1926159rbin.1.gz	86
SRR1926201rbin.1.gz	35
SRR1955040rbin.10.gz	37
SRR1955040rbin.11.gz	39
SRR1955040rbin.12.gz	35
SRR1955040rbin.13.gz	75
SRR1955040rbin.14.gz	46
SRR1955040rbin.15.gz	63
SRR1955040rbin.16.gz	44
SRR1955040rbin.18.gz	52
SRR1955040rbin.19.gz	12
SRR1955040rbin.1.gz	32
SRR1955040rbin.20.gz	18
SRR1955040rbin.21.gz	16
SRR1955040rbin.22.gz	31
SRR1955040rbin.23.gz	43
SRR1955040rbin.24.gz	43
SRR1955040rbin.25.gz	35
SRR1955040rbin.26.gz	36
SRR1955040rbin.27.gz	69
SRR1955040rbin.28.gz	48
SRR1955040rbin.29.gz	70
SRR1955040rbin.2.gz	83
SRR1955040rbin.30.gz	66
SRR1955040rbin.31.gz	54
SRR1955040rbin.32.gz	50
SRR1955040rbin.33.gz	85
SRR1955040rbin.34.gz	33
SRR1955040rbin.35.gz	13
SRR1955040rbin.36.gz	73
SRR1955040rbin.37.gz	37
SRR1955040rbin.38.gz	34
SRR1955040rbin.39.gz	31
SRR1955040rbin.3.gz	34
SRR1955040rbin.41.gz	25
SRR1955040rbin.42.gz	42
SRR1955040rbin.43.gz	52
SRR1955040rbin.44.gz	16
SRR1955040rbin.4.gz	41
SRR1955040rbin.5.gz	75
SRR1955040rbin.6.gz	48
SRR1955040rbin.7.gz	84
SRR1955040rbin.8.gz	15
SRR1955040rbin.9.gz	57
SRR2029815rbin.1.gz	189
SRR2029815rbin.2.gz	70
SRR2029815rbin.3.gz	44
SRR2029815rbin.4.gz	65
SRR2029815rbin.5.gz	29
SRR2029816rbin.5.gz	119
SRR2059973rbin.10.gz	222
SRR2059973rbin.12.gz	129
SRR2059973rbin.13.gz	66
SRR2059973rbin.14.gz	109
SRR2059973rbin.15.gz	100
SRR2059973rbin.16.gz	34
SRR2059973rbin.17.gz	29
SRR2059973rbin.18.gz	157
SRR2059973rbin.19.gz	168
SRR2059973rbin.1.gz	72
SRR2059973rbin.20.gz	80
SRR2059973rbin.21.gz	45
SRR2059973rbin.22.gz	77
SRR2059973rbin.23.gz	73
SRR2059973rbin.24.gz	72
SRR2059973rbin.25.gz	4
SRR2059973rbin.26.gz	48
SRR2059973rbin.27.gz	24
SRR2059973rbin.28.gz	58
SRR2059973rbin.29.gz	157
SRR2059973rbin.2.gz	8
SRR2059973rbin.30.gz	25
SRR2059973rbin.31.gz	258
SRR2059973rbin.32.gz	50
SRR2059973rbin.3.gz	156
SRR2059973rbin.4.gz	42
SRR2059973rbin.5.gz	99
SRR2059973rbin.6.gz	93
SRR2059973rbin.7.gz	19
SRR2059973rbin.8.gz	31
SRR2059973rbin.9.gz	64
SRR2070858rbin.1.gz	20
SRR2070862rbin.1.gz	68
SRR2070862rbin.2.gz	25
SRR2070862rbin.4.gz	41
SRR2070862rbin.5.gz	16
SRR2093878rbin.1.gz	165
SRR2093878rbin.3.gz	65
SRR2093878rbin.5.gz	79
SRR2093878rbin.6.gz	59
SRR2093878rbin.7.gz	44
SRR2546422rbin.11.gz	105
SRR2546422rbin.14.gz	53
SRR2546423rbin.1.gz	68
SRR2546423rbin.2.gz	38
SRR2546423rbin.6.gz	98
SRR2546423rbin.7.gz	52
SRR2546428rbin.2.gz	8
SRR2546428rbin.4.gz	21
SRR2546428rbin.8.gz	41
SRR2844616rbin.1.gz	45
SRR2901746rbin.15.gz	81
SRR2901746rbin.16.gz	21
SRR2901746rbin.18.gz	69
SRR2901746rbin.20.gz	51
SRR2901746rbin.21.gz	25
SRR2901746rbin.23.gz	40
SRR2901746rbin.24.gz	49
SRR2901746rbin.25.gz	90
SRR2901746rbin.26.gz	77
SRR2901746rbin.28.gz	38
SRR2901746rbin.2.gz	149
SRR2901746rbin.30.gz	92
SRR2901746rbin.31.gz	58
SRR2901746rbin.3.gz	69
SRR2901746rbin.4.gz	55
SRR2901746rbin.6.gz	92
SRR2902415rbin.17.gz	46
SRR2902415rbin.19.gz	25
SRR2902415rbin.20.gz	101
SRR2902415rbin.21.gz	14
SRR2902415rbin.23.gz	82
SRR2902415rbin.24.gz	41
SRR2902415rbin.28.gz	33
SRR2902415rbin.29.gz	81
SRR2902415rbin.2.gz	72
SRR2902415rbin.30.gz	93
SRR2902415rbin.5.gz	53
SRR2902415rbin.7.gz	57
SRR2903329rbin.10.gz	37
SRR2903329rbin.16.gz	87
SRR2903329rbin.17.gz	22
SRR2903329rbin.21.gz	41
SRR2903329rbin.24.gz	47
SRR2903329rbin.27.gz	100
SRR2903329rbin.28.gz	106
SRR2903329rbin.2.gz	75
SRR2903329rbin.9.gz	33
SRR2952554rbin.2.gz	131
SRR2952554rbin.4.gz	109
SRR2952554rbin.5.gz	139
SRR2952554rbin.6.gz	86
SRR2952554rbin.8.gz	64
SRR2954705rbin.1.gz	97
SRR2954705rbin.5.gz	196
SRR2954705rbin.6.gz	145
SRR2962480rbin.1.gz	50
SRR2962480rbin.2.gz	15
SRR2962480rbin.3.gz	25
SRR2962480rbin.4.gz	15
SRR2962480rbin.5.gz	19
SRR2962480rbin.6.gz	25
SRR3401951rbin.10.gz	76
SRR3401951rbin.11.gz	74
SRR3401951rbin.3.gz	94
SRR3401951rbin.8.gz	98
SRR3401954rbin.1.gz	103
SRR3401954rbin.2.gz	283
SRR3401954rbin.4.gz	208
SRR3401954rbin.6.gz	93
SRR3401954rbin.7.gz	169
SRR3401954rbin.9.gz	145
SRR3401959rbin.2.gz	125
SRR3401959rbin.3.gz	24
SRR3401959rbin.5.gz	58
SRR3401962rbin.4.gz	115
SRR3401986rbin.1.gz	64
SRR3401989rbin.1.gz	205
SRR3401989rbin.2.gz	101
SRR3401989rbin.3.gz	65
SRR3401989rbin.4.gz	51
SRR3401991rbin.2.gz	287
SRR3401991rbin.3.gz	153
SRR3401991rbin.4.gz	218
SRR3401997rbin.6.gz	66
SRR3402025rbin.1.gz	31
SRR3402025rbin.4.gz	50
SRR3402025rbin.5.gz	132
SRR3402025rbin.7.gz	47
SRR3402028rbin.2.gz	54
SRR3402028rbin.5.gz	101
SRR3402028rbin.6.gz	228
SRR3402030rbin.1.gz	38
SRR3402030rbin.3.gz	149
SRR3402030rbin.4.gz	234
SRR3402048rbin.1.gz	10
SRR3439671rbin.2.gz	83
SRR3452784rbin.1.gz	172
SRR3452784rbin.2.gz	105
SRR3452784rbin.3.gz	49
SRR350471rebin.4.gz	12
SRR350474rebin.1.gz	72
SRR350474rebin.8.gz	18
SRR350474rebin.9.gz	65
SRR350513rebin.10.gz	54
SRR350513rebin.2.gz	13
SRR350513rebin.5.gz	21
SRR350513rebin.7.gz	20
SRR350513rebin.8.gz	167
SRR350513rebin.9.gz	69
SRR350691rebin.2.gz	44
SRR350691rebin.7.gz	129
SRR350692rebin.2.gz	31
SRR350920rebin.1.gz	154
SRR350920rebin.21.gz	53
SRR350920rebin.3.gz	18
SRR350920rebin.4.gz	48
SRR350920rebin.7.gz	15
SRR350921rebin.1.gz	77
SRR351473rebin.10.gz	43
SRR351473rebin.12.gz	52
SRR351473rebin.16.gz	33
SRR351473rebin.17.gz	85
SRR351473rebin.1.gz	138
SRR351473rebin.21.gz	29
SRR351473rebin.23.gz	99
SRR351473rebin.25.gz	53
SRR351473rebin.26.gz	46
SRR351473rebin.28.gz	109
SRR351473rebin.2.gz	101
SRR351473rebin.31.gz	18
SRR351473rebin.33.gz	111
SRR351473rebin.35.gz	73
SRR351473rebin.36.gz	88
SRR351473rebin.39.gz	65
SRR351473rebin.5.gz	10
SRR351473rebin.7.gz	75
SRR351473rebin.8.gz	130
SRR351473rebin.9.gz	112
SRR351474rebin.12.gz	64
SRR351474rebin.15.gz	36
SRR351474rebin.19.gz	68
SRR351474rebin.1.gz	107
SRR351474rebin.20.gz	86
SRR351474rebin.23.gz	56
SRR351474rebin.25.gz	19
SRR351474rebin.27.gz	52
SRR351474rebin.29.gz	217
SRR351474rebin.2.gz	67
SRR351474rebin.30.gz	221
SRR351474rebin.32.gz	98
SRR351474rebin.34.gz	170
SRR351474rebin.42.gz	95
SRR351474rebin.46.gz	37
SRR351474rebin.47.gz	20
SRR351474rebin.6.gz	152
SRR351474rebin.9.gz	50
SRR352287rebin.4.gz	114
SRR3546814rbin.10.gz	56
SRR3546814rbin.11.gz	29
SRR3546814rbin.13.gz	35
SRR3546814rbin.1.gz	47
SRR3546814rbin.2.gz	34
SRR3546814rbin.3.gz	117
SRR3546814rbin.4.gz	43
SRR3546814rbin.5.gz	64
SRR3546814rbin.6.gz	22
SRR3546814rbin.7.gz	37
SRR3546814rbin.8.gz	70
SRR3546814rbin.9.gz	55
SRR3712179rbin.1.gz	49
SRR3712179rbin.2.gz	132
SRR3712179rbin.3.gz	25
SRR3712179rbin.4.gz	54
SRR3712179rbin.5.gz	60
SRR3712182rbin.11.gz	9
SRR3712182rbin.12.gz	34
SRR3712182rbin.13.gz	13
SRR3712182rbin.14.gz	14
SRR3712182rbin.17.gz	15
SRR3712182rbin.4.gz	22
SRR3712184rbin.10.gz	37
SRR3712184rbin.11.gz	41
SRR3712184rbin.13.gz	54
SRR3712184rbin.14.gz	46
SRR3712184rbin.15.gz	38
SRR3712184rbin.16.gz	35
SRR3712184rbin.18.gz	17
SRR3712184rbin.1.gz	38
SRR3712184rbin.2.gz	28
SRR3712184rbin.4.gz	17
SRR3712184rbin.6.gz	5
SRR3712184rbin.7.gz	41
SRR3712184rbin.8.gz	50
SRR3712184rbin.9.gz	13
SRR3712193rbin.10.gz	32
SRR3712193rbin.12.gz	36
SRR3712193rbin.14.gz	28
SRR3712193rbin.15.gz	15
SRR3712193rbin.3.gz	19
SRR3712193rbin.5.gz	36
SRR3712193rbin.6.gz	57
SRR3712193rbin.8.gz	107
SRR3712204rbin.10.gz	49
SRR3712204rbin.13.gz	24
SRR3712204rbin.16.gz	29
SRR3712204rbin.17.gz	43
SRR3712204rbin.18.gz	33
SRR3712204rbin.19.gz	13
SRR3712204rbin.1.gz	49
SRR3712204rbin.20.gz	13
SRR3712204rbin.21.gz	22
SRR3712204rbin.22.gz	5
SRR3712204rbin.6.gz	16
SRR3712204rbin.7.gz	13
SRR3712204rbin.9.gz	23
SRR3712207rbin.2.gz	25
SRR3712211rbin.11.gz	105
SRR3712211rbin.1.gz	25
SRR3712211rbin.3.gz	24
SRR3712211rbin.4.gz	25
SRR3712211rbin.5.gz	12
SRR3712211rbin.6.gz	39
SRR3712211rbin.7.gz	45
SRR3712211rbin.8.gz	11
SRR3712237rbin.1.gz	47
SRR3712237rbin.2.gz	38
SRR3712237rbin.3.gz	69
SRR3712237rbin.4.gz	20
SRR3712237rbin.5.gz	53
SRR3747750rbin.1.gz	144
SRR3747750rbin.2.gz	69
SRR3747750rbin.3.gz	93
SRR3747750rbin.6.gz	99
SRR3747798rbin.2.gz	45
SRR3747798rbin.6.gz	101
SRR3747812rbin.1.gz	165
SRR3747812rbin.2.gz	101
SRR3747847rbin.1.gz	75
SRR3929942rbin.2.gz	72
SRR3954447rbin.10.gz	100
SRR3954447rbin.11.gz	37
SRR3954447rbin.4.gz	67
SRR3954447rbin.5.gz	55
SRR3954447rbin.8.gz	62
SRR3954448rbin.13.gz	121
SRR3954448rbin.3.gz	56
SRR3954448rbin.6.gz	56
SRR3954448rbin.8.gz	59
SRR3954450rbin.6.gz	51
SRR3954451rbin.2.gz	49
SRR3954452rbin.11.gz	60
SRR3954452rbin.2.gz	37
SRR3954452rbin.5.gz	54
SRR3954452rbin.7.gz	47
SRR3954455rbin.8.gz	57
SRR3954455rbin.9.gz	42
SRR3954462rbin.1.gz	44
SRR3954468rbin.5.gz	61
SRR3954468rbin.8.gz	66
SRR3954470rbin.10.gz	37
SRR3954470rbin.3.gz	49
SRR3954470rbin.4.gz	69
SRR3954470rbin.9.gz	21
SRR3954473rbin.1.gz	93
SRR3954473rbin.2.gz	73
SRR3954473rbin.3.gz	75
SRR3954473rbin.7.gz	45
SRR3969602rbin.10.gz	4
SRR3969602rbin.1.gz	46
SRR3969602rbin.24.gz	7
SRR3969602rbin.28.gz	43
SRR3969602rbin.33.gz	52
SRR3969602rbin.34.gz	11
SRR3969602rbin.8.gz	61
SRR3969907rbin.10.gz	78
SRR3969907rbin.20.gz	26
SRR3969907rbin.21.gz	5
SRR3969907rbin.23.gz	26
SRR3969907rbin.29.gz	23
SRR3969907rbin.31.gz	53
SRR3969907rbin.33.gz	40
SRR3969907rbin.3.gz	52
SRR3969907rbin.4.gz	18
SRR3969907rbin.6.gz	8
SRR3970034rbin.17.gz	9
SRR3970034rbin.28.gz	140
SRR3970034rbin.32.gz	11
SRR3970034rbin.40.gz	56
SRR3970040rbin.2.gz	16
SRR3970282rbin.10.gz	33
SRR3970282rbin.1.gz	38
SRR3970282rbin.8.gz	10
SRR3971189rbin.20.gz	33
SRR3971189rbin.22.gz	5
SRR3971189rbin.39.gz	86
SRR3972132rbin.14.gz	19
SRR3972132rbin.17.gz	10
SRR3972132rbin.19.gz	41
SRR3972132rbin.26.gz	26
SRR3972132rbin.37.gz	3
SRR3972132rbin.43.gz	42
SRR3972132rbin.54.gz	60
SRR3972132rbin.57.gz	2
SRR3972132rbin.60.gz	43
SRR3972132rbin.66.gz	11
SRR3972132rbin.6.gz	45
SRR3972132rbin.70.gz	30
SRR3972132rbin.71.gz	44
SRR3972132rbin.79.gz	21
SRR3972132rbin.83.gz	99
SRR3972132rbin.84.gz	128
SRR3972132rbin.8.gz	21
SRR3972132rbin.94.gz	8
SRR3972141rbin.12.gz	15
SRR3972141rbin.13.gz	68
SRR3972141rbin.38.gz	16
SRR3972141rbin.48.gz	9
SRR3972141rbin.4.gz	13
SRR3972141rbin.52.gz	15
SRR3972141rbin.55.gz	37
SRR3972141rbin.59.gz	25
SRR3972141rbin.5.gz	44
SRR3972141rbin.6.gz	25
SRR3972149rbin.101.gz	62
SRR3972149rbin.13.gz	23
SRR3972149rbin.20.gz	56
SRR3972149rbin.3.gz	13
SRR3972149rbin.56.gz	3
SRR3972149rbin.59.gz	39
SRR3972149rbin.60.gz	28
SRR3972149rbin.69.gz	7
SRR3972149rbin.6.gz	19
SRR3972149rbin.95.gz	118
SRR3972293rbin.1.gz	113
SRR3973802rbin.2.gz	101
SRR3973802rbin.4.gz	101
SRR3974375rbin.1.gz	278
SRR3974375rbin.2.gz	49
SRR3974375rbin.4.gz	27
SRR3974375rbin.7.gz	72
SRR3974375rbin.9.gz	94
SRR3975575rbin.5.gz	65
SRR3977090rbin.1.gz	54
SRR3977135rbin.1.gz	39
SRR3977136rbin.1.gz	23
SRR3977137rbin.3.gz	36
SRR3978321rbin.1.gz	84
SRR3979412rbin.1.gz	30
SRR3981081rbin.1.gz	43
SRR3981081rbin.3.gz	99
SRR3981189rbin.1.gz	31
SRR3981190rbin.1.gz	39
SRR3982071rbin.1.gz	165
SRR3982075rbin.1.gz	66
SRR3982750rbin.2.gz	37
SRR3982751rbin.1.gz	56
SRR3984670rbin.1.gz	30
SRR3984705rbin.1.gz	31
SRR3984869rbin.1.gz	24
SRR3984885rbin.10.gz	51
SRR3984885rbin.11.gz	61
SRR3984885rbin.12.gz	46
SRR3984885rbin.13.gz	198
SRR3984885rbin.14.gz	29
SRR3984885rbin.15.gz	54
SRR3984885rbin.16.gz	62
SRR3984885rbin.17.gz	13
SRR3984885rbin.18.gz	21
SRR3984885rbin.1.gz	77
SRR3984885rbin.20.gz	114
SRR3984885rbin.21.gz	14
SRR3984885rbin.2.gz	65
SRR3984885rbin.4.gz	59
SRR3984885rbin.5.gz	137
SRR3984885rbin.6.gz	100
SRR3984885rbin.7.gz	72
SRR3984885rbin.8.gz	62
SRR3984885rbin.9.gz	109
SRR3984893rbin.10.gz	50
SRR3984893rbin.11.gz	112
SRR3984893rbin.12.gz	204
SRR3984893rbin.13.gz	50
SRR3984893rbin.14.gz	20
SRR3984893rbin.15.gz	43
SRR3984893rbin.16.gz	54
SRR3984893rbin.1.gz	63
SRR3984893rbin.2.gz	56
SRR3984893rbin.3.gz	139
SRR3984893rbin.4.gz	76
SRR3984893rbin.5.gz	114
SRR3984893rbin.6.gz	39
SRR3984893rbin.7.gz	111
SRR3984893rbin.8.gz	35
SRR3984893rbin.9.gz	105
SRR3984957rbin.11.gz	10
SRR3984957rbin.12.gz	30
SRR3984957rbin.13.gz	63
SRR3984957rbin.14.gz	68
SRR3984957rbin.15.gz	41
SRR3984957rbin.16.gz	87
SRR3984957rbin.17.gz	90
SRR3984957rbin.3.gz	140
SRR3984957rbin.4.gz	24
SRR3984957rbin.5.gz	67
SRR3984957rbin.6.gz	49
SRR3984957rbin.7.gz	93
SRR3984957rbin.8.gz	39
SRR3984957rbin.9.gz	70
SRR3984960rbin.12.gz	74
SRR3984960rbin.14.gz	50
SRR3984960rbin.16.gz	37
SRR3984960rbin.5.gz	49
SRR3984960rbin.6.gz	27
SRR3984960rbin.8.gz	90
SRR3984960rbin.9.gz	117
SRR3984961rbin.1.gz	61
SRR3984962rbin.10.gz	15
SRR3984962rbin.17.gz	61
SRR3984962rbin.19.gz	69
SRR3984962rbin.21.gz	94
SRR3984962rbin.22.gz	29
SRR3984962rbin.27.gz	29
SRR3984962rbin.28.gz	22
SRR3984962rbin.5.gz	168
SRR3984963rbin.10.gz	70
SRR3984963rbin.11.gz	40
SRR3984963rbin.13.gz	72
SRR3984963rbin.14.gz	24
SRR3984963rbin.15.gz	75
SRR3984963rbin.18.gz	34
SRR3984963rbin.1.gz	101
SRR3984963rbin.2.gz	83
SRR3984963rbin.4.gz	76
SRR3985186rbin.1.gz	44
SRR3985186rbin.3.gz	34
SRR3985186rbin.5.gz	201
SRR3985186rbin.6.gz	86
SRR3985186rbin.7.gz	32
SRR3985186rbin.8.gz	22
SRR3985188rbin.1.gz	101
SRR3985188rbin.3.gz	70
SRR3985188rbin.4.gz	81
SRR3985188rbin.5.gz	44
SRR3985190rbin.11.gz	52
SRR3985190rbin.18.gz	28
SRR3985190rbin.1.gz	53
SRR3985190rbin.21.gz	16
SRR3985190rbin.4.gz	34
SRR3985190rbin.7.gz	65
SRR3985190rbin.8.gz	19
SRR3985370rbin.1.gz	73
SRR3985370rbin.2.gz	75
SRR3985370rbin.3.gz	129
SRR3985370rbin.4.gz	49
SRR3985376rbin.1.gz	20
SRR3985382rbin.2.gz	78
SRR3985382rbin.3.gz	63
SRR3985382rbin.6.gz	57
SRR3985382rbin.7.gz	41
SRR3985382rbin.8.gz	77
SRR3985383rbin.11.gz	70
SRR3985383rbin.1.gz	77
SRR3985383rbin.2.gz	31
SRR3985383rbin.3.gz	30
SRR3985383rbin.4.gz	60
SRR3985383rbin.5.gz	36
SRR3985383rbin.8.gz	16
SRR3985384rbin.12.gz	63
SRR3985384rbin.14.gz	42
SRR3985384rbin.15.gz	27
SRR3985384rbin.16.gz	72
SRR3985384rbin.17.gz	45
SRR3985384rbin.2.gz	99
SRR3985384rbin.4.gz	48
SRR3985384rbin.5.gz	91
SRR3985384rbin.6.gz	36
SRR3985384rbin.9.gz	43
SRR3985385rbin.10.gz	37
SRR3985385rbin.13.gz	48
SRR3985385rbin.14.gz	61
SRR3985385rbin.15.gz	33
SRR3985385rbin.3.gz	47
SRR3985385rbin.6.gz	63
SRR3985385rbin.7.gz	76
SRR3985385rbin.8.gz	47
SRR3985385rbin.9.gz	99
SRR3985388rbin.1.gz	32
SRR3985388rbin.3.gz	41
SRR3985388rbin.4.gz	79
SRR3985388rbin.5.gz	78
SRR3985388rbin.6.gz	43
SRR3985388rbin.7.gz	45
SRR3985388rbin.8.gz	19
SRR3985389rbin.11.gz	61
SRR3985389rbin.12.gz	71
SRR3985389rbin.13.gz	29
SRR3985389rbin.15.gz	80
SRR3985389rbin.16.gz	167
SRR3985389rbin.17.gz	56
SRR3985389rbin.18.gz	70
SRR3985389rbin.19.gz	83
SRR3985389rbin.20.gz	57
SRR3985389rbin.21.gz	102
SRR3985389rbin.25.gz	47
SRR3985389rbin.26.gz	137
SRR3985389rbin.27.gz	21
SRR3985389rbin.29.gz	42
SRR3985389rbin.2.gz	52
SRR3985389rbin.30.gz	40
SRR3985389rbin.31.gz	61
SRR3985389rbin.32.gz	26
SRR3985389rbin.33.gz	52
SRR3985389rbin.36.gz	31
SRR3985389rbin.4.gz	38
SRR3985389rbin.5.gz	86
SRR3985389rbin.6.gz	19
SRR3985389rbin.7.gz	85
SRR3985389rbin.8.gz	43
SRR3985390rbin.10.gz	112
SRR3985390rbin.12.gz	28
SRR3985390rbin.14.gz	30
SRR3985390rbin.19.gz	23
SRR3985390rbin.3.gz	25
SRR3985391rbin.2.gz	59
SRR3985391rbin.6.gz	33
SRR3985394rbin.13.gz	35
SRR3985394rbin.4.gz	93
SRR3985394rbin.5.gz	67
SRR3985394rbin.7.gz	59
SRR3985394rbin.9.gz	71
SRR3985395rbin.18.gz	63
SRR3985395rbin.20.gz	54
SRR3985395rbin.22.gz	35
SRR3985395rbin.2.gz	75
SRR3985395rbin.8.gz	50
SRR3985395rbin.9.gz	66
SRR3985396rbin.13.gz	219
SRR3985396rbin.14.gz	42
SRR7011991rbin.16.gz	172
SRR7011991rbin.17.gz	58
SRR7011991rbin.18.gz	102
SRR7011991rbin.19.gz	38
SRR7011991rbin.1.gz	160
SRR7011991rbin.2.gz	56
SRR7011991rbin.3.gz	191
SRR7011991rbin.4.gz	74
SRR7011991rbin.5.gz	200
SRR7011991rbin.6.gz	118
SRR7011991rbin.7.gz	62
SRR7011991rbin.8.gz	78
SRR7011991rbin.9.gz	118
SRR7011995rbin.1.gz	9
SRR7011996rbin.1.gz	93
SRR7011996rbin.2.gz	93
SRR7011997rbin.1.gz	68
SRR7012006rbin.1.gz	42
SRR7012007rbin.1.gz	64
SRR7012007rbin.2.gz	61
SRR7012007rbin.3.gz	38
SRR7012007rbin.5.gz	32
SRR7012429rbin.1.gz	19
SRR7012430rbin.1.gz	9
SRR7012454rbin.1.gz	0
SRR7012891rbin.1.gz	50
SRR7012891rbin.3.gz	33
SRR7012999rbin.1.gz	37
SRR7013000rbin.1.gz	37
SRR7013837rbin.3.gz	42
SRR7013838rbin.1.gz	99
SRR7013838rbin.2.gz	57
SRR7013838rbin.3.gz	68
SRR7013838rbin.4.gz	29
SRR7013839rbin.1.gz	23
SRR7013839rbin.2.gz	56
SRR7013839rbin.4.gz	52
SRR7015784rbin.1.gz	121
SRR7015886rbin.3.gz	162
SRR7015886rbin.4.gz	37
SRR7015886rbin.5.gz	113
SRR7015886rbin.6.gz	49
SRR7015887rbin.1.gz	111
SRR7015887rbin.2.gz	38
SRR7015887rbin.5.gz	164
SRR7015888rbin.1.gz	34
SRR7015891rbin.3.gz	36
SRR7015891rbin.4.gz	242
SRR7015891rbin.5.gz	27
SRR7015891rbin.6.gz	79
SRR7015891rbin.7.gz	290
SRR7015891rbin.8.gz	11
SRR7015892rbin.2.gz	40
SRR7015892rbin.3.gz	62
SRR7015893rbin.1.gz	54
SRR7015893rbin.2.gz	43
SRR7015916rbin.2.gz	51
SRR7015917rbin.3.gz	85
SRR7015918rbin.1.gz	52
SRR7015921rbin.1.gz	43
SRR7015921rbin.3.gz	48
SRR7015921rbin.4.gz	29
SRR7015921rbin.5.gz	51
SRR7015921rbin.6.gz	41
SRR7026199rbin.1.gz	49
SRR7026199rbin.2.gz	133
SRR7026201rbin.2.gz	57
SRR7026202rbin.1.gz	130
SRR7026233rbin.2.gz	107
SRR7026233rbin.3.gz	39
SRR7026233rbin.4.gz	100
SRR7026233rbin.5.gz	17
SRR7026235rbin.2.gz	59
SRR7026236rbin.1.gz	75
SRR7026236rbin.2.gz	46
SRR7026237rbin.1.gz	72
SRR7026237rbin.3.gz	75
SRR7026237rbin.4.gz	77
SRR7026238rbin.1.gz	43
SRR7026238rbin.2.gz	57
SRR7026259rbin.1.gz	69
SRR7026260rbin.2.gz	34
SRR7026261rbin.6.gz	68
SRR7026261rbin.8.gz	97
SRR7026262rbin.11.gz	50
SRR7026262rbin.12.gz	208
SRR7026262rbin.2.gz	216
SRR7026262rbin.3.gz	67
SRR7026262rbin.4.gz	84
SRR7026262rbin.5.gz	103
SRR7026262rbin.6.gz	69
SRR7026262rbin.7.gz	164
SRR7026262rbin.8.gz	92
SRR7026262rbin.9.gz	100
SRR7026313rbin.3.gz	36
SRR7026314rbin.1.gz	140
SRR7026314rbin.2.gz	95
SRR7026314rbin.3.gz	26
SRR7026336rbin.3.gz	33
SRR7026337rbin.1.gz	65
SRR7026337rbin.2.gz	185
SRR7026339rbin.2.gz	37
SRR7026341rbin.3.gz	25
SRR7026341rbin.4.gz	55
SRR7026343rbin.2.gz	200
SRR7026344rbin.2.gz	46
SRR7026345rbin.1.gz	86
SRR7026345rbin.2.gz	34
SRR7026345rbin.3.gz	79
SRR7026345rbin.4.gz	64
SRR7026371rbin.1.gz	19
SRR7026372rbin.2.gz	49
SRR7026375rbin.1.gz	12
SRR7026472rbin.2.gz	78
SRR7026472rbin.4.gz	96
SRR7026473rbin.1.gz	76
SRR7026473rbin.2.gz	49
SRR7026473rbin.3.gz	26
SRR7026474rbin.1.gz	337
SRR7026474rbin.2.gz	72
SRR7026475rbin.1.gz	157
SRR7026475rbin.2.gz	36
SRR7026475rbin.4.gz	69
SRR7026475rbin.5.gz	186
SRR7026475rbin.6.gz	132
SRR7026475rbin.7.gz	193
SRR7026475rbin.8.gz	173
SRR7026475rbin.9.gz	77
SRR7026476rbin.10.gz	126
SRR7026476rbin.2.gz	128
SRR7026476rbin.3.gz	72
SRR7026476rbin.5.gz	40
SRR7026476rbin.7.gz	52
SRR7026476rbin.8.gz	106
SRR7026476rbin.9.gz	32
SRR7026477rbin.1.gz	37
SRR7026477rbin.4.gz	153
SRR7026480rbin.3.gz	97
SRR7026485rbin.1.gz	53
SRR7026485rbin.2.gz	41
SRR7026485rbin.4.gz	15
SRR7026486rbin.3.gz	40
SRR7026564rbin.1.gz	128
SRR7026564rbin.2.gz	47
SRR7026564rbin.3.gz	73
SRR7026568rbin.1.gz	35
SRR7026568rbin.3.gz	12
SRR7026568rbin.4.gz	51
SRR7026569rbin.1.gz	17
SRR7026569rbin.2.gz	69
SRR7026570rbin.10.gz	40
SRR7026570rbin.5.gz	36
SRR7026570rbin.8.gz	165
SRR7026571rbin.10.gz	112
SRR7026571rbin.11.gz	188
SRR7026571rbin.12.gz	171
SRR7026571rbin.2.gz	26
SRR7026571rbin.4.gz	24
SRR7026571rbin.5.gz	88
SRR7026571rbin.6.gz	65
SRR7026571rbin.7.gz	49
SRR7026571rbin.9.gz	290
SRR7026572rbin.10.gz	161
SRR7026572rbin.11.gz	95
SRR7026572rbin.12.gz	86
SRR7026572rbin.13.gz	72
SRR7026572rbin.14.gz	86
SRR7026572rbin.15.gz	67
SRR7026572rbin.18.gz	47
SRR7026572rbin.1.gz	105
SRR7026572rbin.5.gz	79
SRR7026572rbin.7.gz	137
SRR7026572rbin.8.gz	124
SRR7026572rbin.9.gz	113
SRR7026573rbin.1.gz	233
SRR7026573rbin.8.gz	20
SRR7026573rbin.9.gz	101
SRR7027368rbin.1.gz	44
SRR7027369rbin.1.gz	70
SRR7042334rbin.13.gz	74
SRR7042334rbin.4.gz	57
SRR7042335rbin.2.gz	56
SRR7042336rbin.2.gz	79
SRR7042336rbin.5.gz	30
SRR7042337rbin.1.gz	45
SRR7042338rbin.2.gz	37
SRR7042338rbin.5.gz	51
SRR7042338rbin.7.gz	71
SRR7042339rbin.4.gz	2
SRR7042340rbin.1.gz	158
SRR7042340rbin.2.gz	53
SRR7042342rbin.5.gz	26
SRR7042343rbin.11.gz	10
SRR7042343rbin.6.gz	51
SRR7042344rbin.13.gz	59
SRR7042344rbin.8.gz	28
SRR7042347rbin.1.gz	31
SRR7042349rbin.3.gz	26
SRR7042350rbin.2.gz	24
SRR7042351rbin.13.gz	55
SRR7042351rbin.6.gz	56
SRR7042351rbin.7.gz	80
SRR7042353rbin.12.gz	63
SRR7042353rbin.8.gz	41
SRR7042354rbin.10.gz	30
SRR7042354rbin.19.gz	50
SRR7042354rbin.1.gz	50
SRR7042354rbin.9.gz	41
SRR7042355rbin.12.gz	11
SRR7042356rbin.12.gz	66
SRR7042356rbin.13.gz	25
SRR7042356rbin.2.gz	61
SRR7042356rbin.9.gz	79
SRR7042357rbin.3.gz	71
SRR7042357rbin.9.gz	20
SRR7042358rbin.5.gz	93
SRR7042358rbin.6.gz	148
SRR7042360rbin.3.gz	157
SRR7042360rbin.4.gz	23
SRR7042363rbin.10.gz	14
SRR7042363rbin.12.gz	25
SRR7042363rbin.18.gz	43
SRR7042363rbin.5.gz	62
SRR7042364rbin.2.gz	78
SRR7042365rbin.7.gz	18
SRR7042365rbin.8.gz	50
SRR7042367rbin.3.gz	55
SRR7042368rbin.2.gz	41
SRR7042369rbin.10.gz	97
SRR7042369rbin.11.gz	43
SRR7042369rbin.12.gz	91
SRR7042369rbin.15.gz	97
SRR7042369rbin.19.gz	56
SRR7042369rbin.2.gz	73
SRR7042369rbin.6.gz	77
SRR7042370rbin.10.gz	54
SRR7042370rbin.11.gz	65
SRR7042370rbin.17.gz	134
SRR7042370rbin.18.gz	20
SRR7042370rbin.20.gz	61
SRR7042370rbin.21.gz	67
SRR7042370rbin.24.gz	141
SRR7042370rbin.25.gz	13
SRR7042370rbin.27.gz	42
SRR7042370rbin.28.gz	96
SRR7042370rbin.30.gz	38
SRR7042370rbin.33.gz	61
SRR7042370rbin.35.gz	35
SRR7042370rbin.37.gz	38
SRR7042370rbin.38.gz	83
SRR7042370rbin.3.gz	49
SRR7042370rbin.42.gz	48
SRR7042370rbin.45.gz	43
SRR7042370rbin.47.gz	83
SRR7042370rbin.51.gz	63
SRR7042370rbin.52.gz	57
SRR7042370rbin.7.gz	68
SRR7042373rbin.12.gz	78
SRR7042373rbin.15.gz	85
SRR7042373rbin.2.gz	20
SRR7042375rbin.11.gz	53
SRR7042376rbin.16.gz	45
SRR7042376rbin.20.gz	27
SRR7042376rbin.22.gz	59
SRR7042376rbin.6.gz	37
SRR7042377rbin.1.gz	109
SRR7042377rbin.9.gz	53
SRR7042378rbin.13.gz	35
SRR7042378rbin.9.gz	74
SRR7042379rbin.10.gz	30
SRR7042379rbin.12.gz	51
SRR7042379rbin.6.gz	40
SRR7042380rbin.1.gz	9
SRR7042380rbin.9.gz	69
SRR7042382rbin.3.gz	50
SRR7042382rbin.7.gz	35
SRR7042386rbin.4.gz	27
SRR7042386rbin.5.gz	55
SRR7042387rbin.2.gz	30
SRR7042388rbin.14.gz	57
SRR7042388rbin.15.gz	10
SRR7042388rbin.1.gz	8
SRR7042388rbin.5.gz	17
SRR7042388rbin.7.gz	77
SRR7042389rbin.11.gz	15
SRR7042389rbin.8.gz	41
SRR7042390rbin.1.gz	84
SRR7042390rbin.2.gz	71
SRR7042392rbin.17.gz	39
SRR7042392rbin.3.gz	25
SRR7042393rbin.10.gz	21
SRR7042393rbin.3.gz	76
SRR7042393rbin.9.gz	44
SRR7091522rbin.1.gz	95
SRR7091522rbin.2.gz	61
SRR7091522rbin.5.gz	77
SRR7091522rbin.7.gz	18
SRR7091523rbin.2.gz	113
SRR7091523rbin.3.gz	51
SRR7091523rbin.4.gz	48
SRR7091523rbin.5.gz	98
SRR7091523rbin.6.gz	28
SRR7091523rbin.8.gz	17
SRR7091524rbin.11.gz	78
SRR7091524rbin.12.gz	44
SRR7091524rbin.13.gz	28
SRR7091524rbin.14.gz	106
SRR7091524rbin.15.gz	115
SRR7091524rbin.17.gz	116
SRR7091524rbin.1.gz	102
SRR7091524rbin.2.gz	55
SRR7091524rbin.4.gz	65
SRR7091524rbin.5.gz	47
SRR7091524rbin.6.gz	204
SRR7091524rbin.7.gz	112
SRR7091524rbin.8.gz	36
SRR7091524rbin.9.gz	89
SRR7093038rbin.12.gz	30
SRR7093038rbin.14.gz	98
SRR7093038rbin.15.gz	71
SRR7093038rbin.16.gz	86
SRR7093038rbin.18.gz	69
SRR7093038rbin.19.gz	19
SRR7093038rbin.1.gz	56
SRR7093038rbin.21.gz	57
SRR7093038rbin.3.gz	89
SRR7093038rbin.6.gz	210
SRR7093038rbin.7.gz	211
SRR7093038rbin.9.gz	110
SRR7093792rbin.10.gz	19
SRR7093792rbin.14.gz	125
SRR7093792rbin.15.gz	36
SRR7093792rbin.16.gz	39
SRR7093792rbin.17.gz	41
SRR7093792rbin.20.gz	39
SRR7093792rbin.21.gz	59
SRR7093792rbin.26.gz	73
SRR7093792rbin.27.gz	62
SRR7093792rbin.2.gz	55
SRR7093792rbin.30.gz	88
SRR7093792rbin.32.gz	15
SRR7093792rbin.33.gz	193
SRR7093792rbin.34.gz	86
SRR7093792rbin.35.gz	34
SRR7093792rbin.3.gz	146
SRR7093792rbin.4.gz	83
SRR7093792rbin.5.gz	162
SRR7093792rbin.6.gz	70
SRR7093792rbin.9.gz	65
SRR7093793rbin.10.gz	109
SRR7093793rbin.11.gz	50
SRR7093793rbin.13.gz	100
SRR7093793rbin.14.gz	72
SRR7093793rbin.15.gz	120
SRR7093793rbin.18.gz	181
SRR7093793rbin.19.gz	77
SRR7093793rbin.1.gz	104
SRR7093793rbin.23.gz	92
SRR7093793rbin.24.gz	53
SRR7093793rbin.26.gz	74
SRR7093793rbin.2.gz	127
SRR7093793rbin.3.gz	173
SRR7093793rbin.4.gz	75
SRR7093793rbin.5.gz	21
SRR7093793rbin.6.gz	57
SRR7093793rbin.8.gz	114
SRR7093794rbin.10.gz	53
SRR7093794rbin.15.gz	81
SRR7093794rbin.18.gz	101
SRR7093794rbin.19.gz	74
SRR7093794rbin.21.gz	76
SRR7093794rbin.23.gz	41
SRR7093794rbin.3.gz	15
SRR7093794rbin.4.gz	99
SRR7093794rbin.6.gz	34
SRR7093794rbin.7.gz	125
SRR7093794rbin.8.gz	138
SRR7093794rbin.9.gz	64
SRR7093795rbin.14.gz	102
SRR7093795rbin.17.gz	36
SRR7093795rbin.18.gz	120
SRR7093795rbin.1.gz	69
SRR7093795rbin.20.gz	34
SRR7093795rbin.2.gz	94
SRR7093795rbin.3.gz	120
SRR7093795rbin.4.gz	87
SRR7093795rbin.6.gz	95
SRR7093795rbin.9.gz	81
SRR7093796rbin.10.gz	190
SRR7093796rbin.11.gz	51
SRR7093796rbin.12.gz	225
SRR7093796rbin.13.gz	140
SRR7093796rbin.16.gz	65
SRR7093796rbin.17.gz	110
SRR7093796rbin.18.gz	18
SRR7093796rbin.19.gz	128
SRR7093796rbin.1.gz	20
SRR7093796rbin.20.gz	73
SRR7093796rbin.22.gz	87
SRR7093796rbin.24.gz	51
SRR7093796rbin.25.gz	264
SRR7093796rbin.26.gz	105
SRR7093796rbin.27.gz	80
SRR7093796rbin.29.gz	238
SRR7093796rbin.2.gz	62
SRR7093796rbin.30.gz	197
SRR7093796rbin.32.gz	104
SRR7093796rbin.33.gz	56
SRR7093796rbin.34.gz	79
SRR7093796rbin.35.gz	19
SRR7093796rbin.4.gz	80
SRR7093796rbin.5.gz	105
SRR7093796rbin.6.gz	97
SRR7093796rbin.8.gz	45
SRR7093797bin.10.gz	46
SRR7093797bin.13.gz	160
SRR7093797bin.15.gz	75
SRR7093797bin.17.gz	32
SRR7093797bin.18.gz	67
SRR7093797bin.19.gz	73
SRR7093797bin.38.gz	94
SRR7093797bin.40.gz	39
SRR7093797bin.41.gz	62
SRR7093797bin.47.gz	160
SRR7093797bin.50.gz	64
SRR7093797bin.59.gz	173
SRR7093797bin.5.gz	255
SRR7094548rbin.13.gz	107
SRR7094548rbin.14.gz	92
SRR7094548rbin.16.gz	125
SRR7094548rbin.20.gz	75
SRR7094548rbin.21.gz	139
SRR7094548rbin.22.gz	88
SRR7094548rbin.25.gz	53
SRR7094548rbin.2.gz	14
SRR7094548rbin.4.gz	57
SRR7094548rbin.6.gz	146
SRR7094548rbin.8.gz	81
SRR7094830rbin.10.gz	76
SRR7094830rbin.13.gz	149
SRR7094830rbin.17.gz	270
SRR7094830rbin.18.gz	103
SRR7094830rbin.19.gz	62
SRR7094830rbin.21.gz	82
SRR7094830rbin.22.gz	106
SRR7094830rbin.24.gz	85
SRR7094830rbin.25.gz	69
SRR7094830rbin.27.gz	88
SRR7094830rbin.28.gz	100
SRR7094830rbin.29.gz	42
SRR7094830rbin.2.gz	135
SRR7094830rbin.31.gz	61
SRR7094830rbin.32.gz	97
SRR7094830rbin.33.gz	54
SRR7094830rbin.34.gz	81
SRR7094830rbin.4.gz	30
SRR7094830rbin.5.gz	52
SRR7094830rbin.6.gz	78
SRR7094830rbin.7.gz	17
SRR7094830rbin.9.gz	156
SRR7094831rbin.11.gz	106
SRR7094831rbin.14.gz	88
SRR7094831rbin.15.gz	139
SRR7094831rbin.18.gz	126
SRR7094831rbin.1.gz	106
SRR7094831rbin.20.gz	50
SRR7094831rbin.21.gz	119
SRR7094831rbin.22.gz	102
SRR7094831rbin.2.gz	167
SRR7094831rbin.6.gz	51
SRR7094831rbin.7.gz	66
SRR7094831rbin.8.gz	32
SRR7094832rbin.10.gz	58
SRR7094832rbin.1.gz	29
SRR7094832rbin.2.gz	93
SRR7094832rbin.4.gz	69
SRR7094832rbin.6.gz	79
SRR7094832rbin.7.gz	261
SRR7094832rbin.8.gz	169
SRR7094832rbin.9.gz	111
SRR7094833rbin.10.gz	29
SRR7094833rbin.13.gz	64
SRR7094833rbin.14.gz	111
SRR7094833rbin.15.gz	158
SRR7094833rbin.16.gz	106
SRR7094833rbin.18.gz	196
SRR7094833rbin.1.gz	155
SRR7094833rbin.20.gz	116
SRR7094833rbin.21.gz	56
SRR7094833rbin.25.gz	59
SRR7094833rbin.7.gz	134
SRR7094833rbin.9.gz	51
SRR7094834rbin.10.gz	80
SRR7094834rbin.11.gz	21
SRR7094834rbin.12.gz	129
SRR7094834rbin.13.gz	22
SRR7094834rbin.14.gz	53
SRR7094834rbin.16.gz	47
SRR7094834rbin.17.gz	114
SRR7094834rbin.18.gz	68
SRR7094834rbin.19.gz	40
SRR7094834rbin.1.gz	115
SRR7094834rbin.20.gz	49
SRR7094834rbin.22.gz	84
SRR7094834rbin.23.gz	121
SRR7094834rbin.24.gz	83
SRR7094834rbin.26.gz	85
SRR7094834rbin.27.gz	105
SRR7094834rbin.28.gz	110
SRR7094834rbin.29.gz	52
SRR7094834rbin.2.gz	42
SRR7094834rbin.31.gz	64
SRR7094834rbin.32.gz	10
SRR7094834rbin.5.gz	18
SRR7094834rbin.6.gz	44
SRR7094834rbin.7.gz	29
SRR7094834rbin.8.gz	86
SRR7094834rbin.9.gz	65
SRR7095402rbin.12.gz	49
SRR7095402rbin.13.gz	55
SRR7095402rbin.14.gz	37
SRR7095402rbin.16.gz	186
SRR7095402rbin.17.gz	72
SRR7095402rbin.18.gz	75
SRR7095402rbin.19.gz	8
SRR7095402rbin.1.gz	83
SRR7095402rbin.21.gz	127
SRR7095402rbin.22.gz	36
SRR7095402rbin.6.gz	92
SRR7096127rbin.10.gz	76
SRR7096127rbin.11.gz	101
SRR7096127rbin.13.gz	33
SRR7096127rbin.14.gz	100
SRR7096127rbin.16.gz	53
SRR7096127rbin.18.gz	52
SRR7096127rbin.1.gz	116
SRR7096127rbin.2.gz	109
SRR7096127rbin.3.gz	175
SRR7096127rbin.4.gz	58
SRR7096127rbin.5.gz	124
SRR7096127rbin.6.gz	68
SRR7096127rbin.8.gz	110
SRR7096238rbin.10.gz	87
SRR7096238rbin.11.gz	24
SRR7096238rbin.15.gz	87
SRR7096238rbin.17.gz	94
SRR7096238rbin.18.gz	84
SRR7096238rbin.19.gz	191
SRR7096238rbin.1.gz	48
SRR7096238rbin.20.gz	117
SRR7096238rbin.21.gz	51
SRR7096238rbin.22.gz	193
SRR7096238rbin.24.gz	34
SRR7096238rbin.25.gz	56
SRR7096238rbin.28.gz	67
SRR7096238rbin.30.gz	86
SRR7096238rbin.34.gz	116
SRR7096238rbin.35.gz	38
SRR7096238rbin.36.gz	89
SRR7096238rbin.37.gz	112
SRR7096238rbin.38.gz	54
SRR7096238rbin.39.gz	172
SRR7096238rbin.40.gz	152
SRR7096238rbin.41.gz	69
SRR7096238rbin.43.gz	36
SRR7096238rbin.6.gz	167
SRR7096238rbin.7.gz	90
SRR7096238rbin.8.gz	42
SRR7097860rbin.10.gz	76
SRR7097860rbin.12.gz	62
SRR7097860rbin.14.gz	65
SRR7097860rbin.17.gz	83
SRR7097860rbin.18.gz	174
SRR7097860rbin.19.gz	42
SRR7097860rbin.21.gz	41
SRR7097860rbin.22.gz	95
SRR7097860rbin.26.gz	82
SRR7097860rbin.29.gz	52
SRR7097860rbin.30.gz	66
SRR7097860rbin.3.gz	137
SRR7097860rbin.6.gz	90
SRR7097860rbin.8.gz	46
SRR7097860rbin.9.gz	71
SRR7097861rbin.10.gz	40
SRR7097861rbin.11.gz	117
SRR7097861rbin.1.gz	83
SRR7097861rbin.2.gz	43
SRR7097861rbin.5.gz	158
SRR7097861rbin.6.gz	55
SRR7097861rbin.9.gz	60
SRR7097862rbin.10.gz	45
SRR7097862rbin.11.gz	77
SRR7097862rbin.13.gz	10
SRR7097862rbin.14.gz	166
SRR7097862rbin.15.gz	71
SRR7097862rbin.16.gz	144
SRR7097862rbin.17.gz	42
SRR7097862rbin.18.gz	132
SRR7097862rbin.19.gz	84
SRR7097862rbin.1.gz	76
SRR7097862rbin.20.gz	90
SRR7097862rbin.21.gz	79
SRR7097862rbin.22.gz	24
SRR7097862rbin.23.gz	96
SRR7097862rbin.2.gz	115
SRR7097862rbin.3.gz	62
SRR7097862rbin.6.gz	105
SRR7097863rbin.10.gz	90
SRR7097863rbin.11.gz	103
SRR7097863rbin.13.gz	38
SRR7097863rbin.16.gz	8
SRR7097863rbin.17.gz	53
SRR7097863rbin.18.gz	57
SRR7097863rbin.19.gz	20
SRR7097863rbin.1.gz	127
SRR7097863rbin.20.gz	90
SRR7097863rbin.22.gz	298
SRR7097863rbin.23.gz	47
SRR7097863rbin.24.gz	61
SRR7097863rbin.25.gz	21
SRR7097863rbin.28.gz	69
SRR7097863rbin.3.gz	144
SRR7097863rbin.4.gz	103
SRR7097863rbin.5.gz	54
SRR7097863rbin.6.gz	98
SRR7097863rbin.7.gz	173
SRR7097863rbin.8.gz	77
SRR7097863rbin.9.gz	82
SRR7098091rbin.10.gz	50
SRR7098091rbin.11.gz	50
SRR7098091rbin.12.gz	72
SRR7098091rbin.14.gz	80
SRR7098091rbin.15.gz	38
SRR7098091rbin.16.gz	37
SRR7098091rbin.18.gz	123
SRR7098091rbin.19.gz	80
SRR7098091rbin.20.gz	103
SRR7098091rbin.21.gz	30
SRR7098091rbin.22.gz	123
SRR7098091rbin.5.gz	97
SRR7098091rbin.7.gz	127
SRR7098091rbin.8.gz	38
SRR7098091rbin.9.gz	55
SRR7098092rbin.10.gz	198
SRR7098092rbin.12.gz	68
SRR7098092rbin.14.gz	99
SRR7098092rbin.15.gz	114
SRR7098092rbin.17.gz	44
SRR7098092rbin.18.gz	90
SRR7098092rbin.6.gz	91
SRR7098092rbin.8.gz	4
SRR7100769rbin.11.gz	64
SRR7100769rbin.14.gz	24
SRR7100769rbin.16.gz	118
SRR7100769rbin.19.gz	188
SRR7100769rbin.20.gz	93
SRR7100769rbin.24.gz	71
SRR7100769rbin.25.gz	69
SRR7100769rbin.27.gz	99
SRR7100769rbin.3.gz	136
SRR7100769rbin.5.gz	93
SRR7100789rbin.10.gz	120
SRR7100789rbin.11.gz	77
SRR7100789rbin.12.gz	166
SRR7100789rbin.13.gz	43
SRR7100789rbin.16.gz	55
SRR7100789rbin.17.gz	115
SRR7100789rbin.18.gz	68
SRR7100789rbin.1.gz	83
SRR7100789rbin.20.gz	142
SRR7100789rbin.21.gz	92
SRR7100789rbin.22.gz	78
SRR7100789rbin.3.gz	85
SRR7100789rbin.4.gz	39
SRR7100789rbin.5.gz	76
SRR7100789rbin.6.gz	80
SRR7100789rbin.7.gz	106
SRR7101043rbin.13.gz	151
SRR7101043rbin.14.gz	20
SRR7101043rbin.1.gz	68
SRR7101043rbin.2.gz	107
SRR7101043rbin.3.gz	20
SRR7101043rbin.5.gz	105
SRR7101043rbin.8.gz	69
SRR7101043rbin.9.gz	98
SRR7101595rbin.10.gz	18
SRR7101595rbin.12.gz	125
SRR7101595rbin.13.gz	48
SRR7101595rbin.14.gz	29
SRR7101595rbin.15.gz	135
SRR7101595rbin.17.gz	62
SRR7101595rbin.18.gz	58
SRR7101595rbin.1.gz	75
SRR7101595rbin.20.gz	80
SRR7101595rbin.23.gz	80
SRR7101595rbin.24.gz	150
SRR7101595rbin.25.gz	267
SRR7101595rbin.26.gz	44
SRR7101595rbin.27.gz	61
SRR7101595rbin.29.gz	82
SRR7101595rbin.30.gz	46
SRR7101595rbin.32.gz	66
SRR7101595rbin.3.gz	37
SRR7101595rbin.5.gz	172
SRR7102015rbin.10.gz	193
SRR7102015rbin.11.gz	100
SRR7102015rbin.12.gz	38
SRR7102015rbin.14.gz	85
SRR7102015rbin.15.gz	113
SRR7102015rbin.17.gz	63
SRR7102015rbin.18.gz	24
SRR7102015rbin.19.gz	98
SRR7102015rbin.1.gz	224
SRR7102015rbin.20.gz	34
SRR7102015rbin.23.gz	34
SRR7102015rbin.24.gz	59
SRR7102015rbin.25.gz	65
SRR7102015rbin.28.gz	98
SRR7102015rbin.4.gz	120
SRR7102015rbin.6.gz	53
SRR7102015rbin.8.gz	61
SRR7102016rbin.11.gz	40
SRR7102016rbin.14.gz	72
SRR7102016rbin.16.gz	78
SRR7102016rbin.19.gz	20
SRR7102016rbin.21.gz	73
SRR7102016rbin.22.gz	98
SRR7102016rbin.23.gz	71
SRR7102016rbin.24.gz	55
SRR7102016rbin.27.gz	96
SRR7102016rbin.29.gz	59
SRR7102016rbin.2.gz	85
SRR7102016rbin.30.gz	39
SRR7102016rbin.31.gz	294
SRR7102016rbin.34.gz	33
SRR7102016rbin.36.gz	48
SRR7102016rbin.37.gz	39
SRR7102016rbin.3.gz	46
SRR7102016rbin.5.gz	164
SRR7102016rbin.6.gz	88
SRR7102016rbin.7.gz	278
SRR7102016rbin.8.gz	62
SRR7102016rbin.9.gz	45
SRR7102750rbin.1.gz	40
SRR7102806rbin.1.gz	45
SRR7105223rbin.1.gz	52
SRR7106321rbin.1.gz	87
SRR7141809rbin.7.gz	34
SRR7141966rbin.11.gz	67
SRR7141966rbin.14.gz	59
SRR7141966rbin.15.gz	61
SRR7141966rbin.16.gz	106
SRR7141966rbin.19.gz	116
SRR7141966rbin.1.gz	77
SRR7141966rbin.23.gz	66
SRR7141966rbin.24.gz	68
SRR7141966rbin.4.gz	70
SRR7141966rbin.6.gz	49
SRR7141966rbin.8.gz	152
SRR7141967rbin.19.gz	124
SRR7141967rbin.2.gz	93
SRR7141967rbin.6.gz	121
SRR7142033rbin.10.gz	70
SRR7142033rbin.14.gz	39
SRR7142033rbin.15.gz	74
SRR7142033rbin.17.gz	111
SRR7142033rbin.18.gz	60
SRR7142033rbin.19.gz	106
SRR7142033rbin.1.gz	87
SRR7142033rbin.2.gz	30
SRR7142033rbin.3.gz	80
SRR7142033rbin.4.gz	70
SRR7142033rbin.6.gz	112
SRR7142033rbin.9.gz	157
SRR7142034rbin.10.gz	121
SRR7142034rbin.13.gz	96
SRR7142034rbin.14.gz	45
SRR7142034rbin.16.gz	61
SRR7142034rbin.1.gz	61
SRR7142034rbin.20.gz	132
SRR7142034rbin.22.gz	59
SRR7142034rbin.23.gz	52
SRR7142034rbin.25.gz	38
SRR7142034rbin.28.gz	95
SRR7142034rbin.2.gz	62
SRR7142034rbin.5.gz	50
SRR7142034rbin.6.gz	64
SRR7142034rbin.7.gz	41
SRR7142034rbin.9.gz	21
SRR7448200rbin.10.gz	105
SRR7448200rbin.11.gz	94
SRR7448200rbin.12.gz	62
SRR7448200rbin.2.gz	126
SRR7448200rbin.4.gz	31
SRR7448200rbin.6.gz	38
SRR7448260rbin.12.gz	212
SRR7448260rbin.15.gz	44
SRR7448260rbin.16.gz	279
SRR7448260rbin.5.gz	46
SRR7448260rbin.7.gz	162
SRR7448260rbin.9.gz	61
SRR7448267rbin.10.gz	74
SRR7448267rbin.7.gz	92
SRR7448268rbin.1.gz	93
SRR7448268rbin.2.gz	28
SRR7448268rbin.3.gz	73
SRR7448268rbin.4.gz	68
SRR7448268rbin.7.gz	76
SRR7448274rbin.11.gz	43
SRR7448274rbin.13.gz	49
SRR7448274rbin.15.gz	35
SRR7448274rbin.16.gz	75
SRR7448274rbin.17.gz	94
SRR7448274rbin.1.gz	87
SRR7448274rbin.21.gz	91
SRR7448274rbin.2.gz	93
SRR7448274rbin.3.gz	115
SRR7448274rbin.4.gz	38
SRR7448274rbin.7.gz	109
SRR7448274rbin.8.gz	332
SRR7448274rbin.9.gz	41
SRR7448275rbin.2.gz	101
SRR7448275rbin.5.gz	22
SRR7448276rbin.6.gz	98
SRR7448276rbin.7.gz	50
SRR7448276rbin.9.gz	299
SRR7448277rbin.11.gz	147
SRR7448277rbin.14.gz	32
SRR7448277rbin.15.gz	107
SRR7448277rbin.2.gz	51
SRR7448277rbin.5.gz	67
SRR7448277rbin.7.gz	70
SRR7448278rbin.10.gz	28
SRR7448278rbin.2.gz	13
SRR7448278rbin.3.gz	9
SRR7448278rbin.5.gz	21
SRR7448278rbin.7.gz	126
SRR7448326rbin.2.gz	45
SRR7448326rbin.5.gz	140
SRR7448326rbin.8.gz	89
SRR7457704rbin.2.gz	74
SRR7457704rbin.8.gz	69
SRR7457705rbin.11.gz	51
SRR7457705rbin.14.gz	56
SRR7457705rbin.3.gz	25
SRR7457705rbin.4.gz	122
SRR7457705rbin.5.gz	65
SRR7457705rbin.6.gz	19
SRR7457706rbin.10.gz	43
SRR7457706rbin.12.gz	46
SRR7457706rbin.17.gz	46
SRR7457706rbin.4.gz	120
SRR7457706rbin.5.gz	81
SRR7457706rbin.6.gz	89
SRR7457707rbin.4.gz	23
SRR7457708rbin.13.gz	48
SRR7457708rbin.3.gz	28
SRR7457708rbin.4.gz	78
SRR7457708rbin.6.gz	51
SRR7457708rbin.7.gz	53
SRR7457709rbin.4.gz	79
SRR7457709rbin.8.gz	66
SRR7457710rbin.2.gz	161
SRR7457711rbin.12.gz	113
SRR7457711rbin.2.gz	117
SRR7457711rbin.3.gz	45
SRR7457711rbin.8.gz	103
SRR7457712rbin.7.gz	113
SRR7457712rbin.8.gz	82
SRR7457713rbin.11.gz	163
SRR7457713rbin.12.gz	73
SRR7457713rbin.2.gz	26
SRR7457713rbin.3.gz	54
SRR7457713rbin.4.gz	86
SRR7457713rbin.6.gz	38
SRR7457713rbin.7.gz	28
SRR7467816rbin.3.gz	81
SRR7467816rbin.6.gz	67
SRR7467816rbin.7.gz	69
SRR7468331rbin.1.gz	264
SRR7468331rbin.6.gz	39
SRR7468331rbin.7.gz	259
SRR7468592rbin.1.gz	188
SRR7468592rbin.6.gz	186
SRR7468842rbin.1.gz	149
SRR7468842rbin.2.gz	307
SRR7468842rbin.4.gz	52
SRR7468842rbin.5.gz	49
SRR7469209rbin.2.gz	108
SRR7469583rbin.1.gz	24
SRR7470025rbin.5.gz	49
SRR7470025rbin.6.gz	225
SRR7470025rbin.7.gz	54
SRR7470972rbin.2.gz	18
SRR7471161rbin.3.gz	44
SRR7471161rbin.4.gz	66
SRR7471324rbin.2.gz	50
SRR7471335rbin.1.gz	16
SRR7471670rbin.3.gz	52
SRR7471702rbin.3.gz	76
SRR7471704rbin.1.gz	70
SRR7471704rbin.5.gz	76
SRR7471731rbin.4.gz	32
SRR7471732rbin.1.gz	76
SRR7472063rbin.2.gz	57
SRR7472063rbin.6.gz	54
SRR7472063rbin.8.gz	84
SRR7472064rbin.2.gz	57
SRR7472064rbin.3.gz	64
SRR7472064rbin.7.gz	63
SRR7495874rbin.1.gz	41
SRR7495874rbin.2.gz	96
SRR7495874rbin.5.gz	130
SRR7495874rbin.6.gz	67
SRR7495874rbin.7.gz	61
SRR7497547rbin.1.gz	15
SRR7497547rbin.5.gz	233
SRR7497547rbin.6.gz	191
SRR7497548rbin.10.gz	60
SRR7497548rbin.1.gz	77
SRR7497548rbin.3.gz	108
SRR7497548rbin.4.gz	105
SRR7497548rbin.7.gz	140
SRR7497548rbin.8.gz	40
SRR7497549rbin.1.gz	25
SRR7497550rbin.2.gz	68
SRR7497550rbin.3.gz	67
SRR7497550rbin.4.gz	251
SRR7497550rbin.5.gz	67
SRR7524598rbin.1.gz	75
SRR7524598rbin.2.gz	36
SRR7524600rbin.1.gz	50
SRR7524601rbin.1.gz	48
SRR7524601rbin.2.gz	128
SRR7550492rbin.10.gz	41
SRR7550492rbin.11.gz	363
SRR7550492rbin.13.gz	31
SRR7550492rbin.14.gz	39
SRR7550492rbin.15.gz	58
SRR7550492rbin.16.gz	19
SRR7550492rbin.17.gz	47
SRR7550492rbin.18.gz	57
SRR7550492rbin.19.gz	23
SRR7550492rbin.1.gz	41
SRR7550492rbin.20.gz	45
SRR7550492rbin.21.gz	43
SRR7550492rbin.22.gz	61
SRR7550492rbin.24.gz	188
SRR7550492rbin.2.gz	53
SRR7550492rbin.5.gz	42
SRR7550492rbin.6.gz	21
SRR7550492rbin.7.gz	30
SRR7550492rbin.8.gz	33
SRR7550492rbin.9.gz	33
SRR7591044rbin.1.gz	157
SRR7591063rbin.2.gz	51
SRR7595568rbin.3.gz	45
SRR7595584rbin.1.gz	12
SRR7629274rbin.10.gz	54
SRR7629274rbin.11.gz	25
SRR7629274rbin.12.gz	12
SRR7629274rbin.1.gz	21
SRR7629274rbin.2.gz	42
SRR7629274rbin.3.gz	14
SRR7629274rbin.4.gz	19
SRR7629274rbin.7.gz	19
SRR7629274rbin.8.gz	11
SRR7629274rbin.9.gz	64
SRR7629275rbin.1.gz	130
SRR7629275rbin.2.gz	24
SRR7629275rbin.4.gz	45
SRR7629275rbin.5.gz	18
SRR7629275rbin.6.gz	27
SRR7629275rbin.7.gz	14
SRR7629276rbin.10.gz	28
SRR7629276rbin.11.gz	43
SRR7629276rbin.1.gz	19
SRR7629276rbin.2.gz	43
SRR7629276rbin.3.gz	29
SRR7629276rbin.4.gz	59
SRR7629276rbin.5.gz	102
SRR7629276rbin.6.gz	38
SRR7629276rbin.8.gz	29
SRR7629276rbin.9.gz	27
SRR7629277rbin.1.gz	39
SRR7629277rbin.2.gz	33
SRR7629277rbin.3.gz	58
SRR7629277rbin.4.gz	44
SRR7629277rbin.5.gz	19
SRR7629278rbin.1.gz	16
SRR7629279rbin.10.gz	66
SRR7629279rbin.11.gz	46
SRR7629279rbin.12.gz	88
SRR7629279rbin.13.gz	103
SRR7629279rbin.14.gz	137
SRR7629279rbin.16.gz	38
SRR7629279rbin.17.gz	54
SRR7629279rbin.18.gz	181
SRR7629279rbin.19.gz	51
SRR7629279rbin.20.gz	261
SRR7629279rbin.21.gz	85
SRR7629279rbin.22.gz	14
SRR7629279rbin.23.gz	70
SRR7629279rbin.24.gz	40
SRR7629279rbin.26.gz	52
SRR7629279rbin.27.gz	35
SRR7629279rbin.28.gz	73
SRR7629279rbin.2.gz	51
SRR7629279rbin.3.gz	48
SRR7629279rbin.4.gz	79
SRR7629279rbin.6.gz	106
SRR7629279rbin.7.gz	48
SRR7629279rbin.8.gz	81
SRR7629279rbin.9.gz	47
SRR7629280rbin.10.gz	84
SRR7629280rbin.12.gz	42
SRR7629280rbin.13.gz	84
SRR7629280rbin.16.gz	66
SRR7629280rbin.19.gz	300
SRR7629280rbin.22.gz	31
SRR7629280rbin.6.gz	69
SRR7629281rbin.10.gz	61
SRR7629281rbin.11.gz	63
SRR7629281rbin.12.gz	86
S180bin.8.gz	41
S180bin.9.gz	60
S182bin.12.gz	93
S182bin.14.gz	37
S182bin.15.gz	50
S182bin.1.gz	140
S182bin.3.gz	16
S182bin.4.gz	53
S182bin.5.gz	384
S182bin.6.gz	27
S182bin.7.gz	58
S182bin.9.gz	11
S184bin.3.gz	227
S184bin.5.gz	71
S185bin.10.gz	79
S185bin.11.gz	101
S185bin.12.gz	28
S185bin.13.gz	24
S185bin.14.gz	67
S185bin.16.gz	27
S185bin.17.gz	33
S185bin.19.gz	2
S185bin.1.gz	60
S185bin.3.gz	23
S185bin.4.gz	50
S185bin.5.gz	40
S185bin.6.gz	79
S185bin.7.gz	11
S185bin.8.gz	16
S185bin.9.gz	31
S186bin.1.gz	47
S186bin.4.gz	42
S186bin.6.gz	42
S186bin.8.gz	12
S186bin.9.gz	71
S187bin.10.gz	142
S187bin.11.gz	30
S187bin.15.gz	74
S187bin.16.gz	70
S187bin.1.gz	41
S187bin.2.gz	21
S187bin.9.gz	40
S188bin.1.gz	111
S188bin.3.gz	17
S188bin.5.gz	30
S18rbin.10.gz	81
S18rbin.11.gz	204
S18rbin.12.gz	20
S18rbin.5.gz	17
S18rbin.6.gz	62
S191bin.10.gz	49
S191bin.11.gz	64
S191bin.12.gz	106
S191bin.14.gz	25
S191bin.15.gz	100
S191bin.18.gz	142
S191bin.1.gz	80
S191bin.20.gz	72
S191bin.22.gz	79
S191bin.23.gz	211
S191bin.24.gz	90
S191bin.25.gz	67
S191bin.26.gz	75
S191bin.27.gz	44
S191bin.28.gz	57
S191bin.29.gz	78
S191bin.2.gz	95
S191bin.34.gz	12
S191bin.3.gz	12
S191bin.4.gz	55
S191bin.5.gz	97
S191bin.7.gz	123
S191bin.9.gz	111
S193bin.10.gz	79
S193bin.11.gz	96
S193bin.12.gz	89
S193bin.15.gz	60
S193bin.16.gz	94
S193bin.17.gz	115
S193bin.18.gz	29
S193bin.19.gz	33
S193bin.1.gz	188
S193bin.2.gz	49
S193bin.3.gz	57
S193bin.4.gz	69
S193bin.5.gz	68
S193bin.7.gz	60
S193bin.8.gz	156
S193bin.9.gz	35
S1rebin.1.gz	53
S209bin.10.gz	29
S209bin.11.gz	51
S209bin.12.gz	31
S209bin.13.gz	99
S209bin.1.gz	37
S209bin.3.gz	50
S209bin.4.gz	68
S209bin.5.gz	97
S209bin.7.gz	63
S209bin.8.gz	92
S20rbin.11.gz	92
S20rbin.13.gz	58
S20rbin.14.gz	82
S20rbin.15.gz	33
S20rbin.16.gz	93
S20rbin.17.gz	176
S20rbin.18.gz	39
S20rbin.19.gz	51
S20rbin.1.gz	102
S20rbin.2.gz	24
S20rbin.3.gz	185
S20rbin.4.gz	57
S20rbin.5.gz	78
S20rbin.6.gz	120
S20rbin.7.gz	101
S20rbin.8.gz	127
S211bin.10.gz	49
S211bin.11.gz	46
S211bin.12.gz	35
S211bin.14.gz	58
S211bin.15.gz	258
S211bin.16.gz	82
S211bin.17.gz	57
S211bin.18.gz	142
S211bin.19.gz	212
S211bin.1.gz	28
S211bin.21.gz	58
S211bin.22.gz	76
S211bin.23.gz	22
S211bin.24.gz	96
S211bin.25.gz	54
S211bin.26.gz	25
S211bin.27.gz	41
S211bin.28.gz	20
S211bin.30.gz	130
S211bin.32.gz	70
S211bin.33.gz	59
S211bin.34.gz	50
S211bin.35.gz	42
S211bin.37.gz	165
S211bin.39.gz	36
S211bin.3.gz	44
S211bin.40.gz	39
S211bin.42.gz	31
S211bin.43.gz	46
S211bin.45.gz	69
S211bin.46.gz	85
S211bin.4.gz	35
S211bin.5.gz	55
S211bin.7.gz	44
S211bin.8.gz	38
S213bin.1.gz	60
S213bin.2.gz	22
S213bin.3.gz	85
S213bin.4.gz	31
S213bin.5.gz	39
S213bin.6.gz	52
S213bin.7.gz	59
S213bin.8.gz	33
S213bin.9.gz	54
S215bin.1.gz	54
S215bin.2.gz	14
S21rbin.10.gz	35
S21rbin.11.gz	81
S21rbin.13.gz	79
S21rbin.14.gz	138
S21rbin.16.gz	64
S21rbin.17.gz	35
S21rbin.18.gz	49
S21rbin.19.gz	49
S21rbin.1.gz	94
S21rbin.21.gz	47
S21rbin.23.gz	31
S21rbin.25.gz	65
S21rbin.26.gz	25
S21rbin.27.gz	15
S21rbin.28.gz	105
S21rbin.29.gz	42
S21rbin.30.gz	83
S21rbin.31.gz	66
S21rbin.33.gz	32
S21rbin.34.gz	46
S21rbin.37.gz	39
S21rbin.3.gz	19
S21rbin.4.gz	53
S21rbin.5.gz	225
S21rbin.7.gz	67
S21rbin.9.gz	25
S223bin.1.gz	40
S223bin.2.gz	125
S223bin.3.gz	20
S223bin.4.gz	36
S223bin.5.gz	15
S223bin.7.gz	37
S223bin.8.gz	55
S223bin.9.gz	50
S225bin.1.gz	73
S225bin.2.gz	176
S225bin.3.gz	61
S225bin.4.gz	123
S225bin.5.gz	122
S225bin.6.gz	10
S225bin.7.gz	61
S225bin.8.gz	78
S225bin.9.gz	44
S226bin.12.gz	77
S226bin.15.gz	31
S226bin.16.gz	65
S226bin.19.gz	68
S226bin.20.gz	81
S226bin.23.gz	158
S226bin.25.gz	38
S226bin.26.gz	70
S226bin.27.gz	65
S226bin.28.gz	66
S226bin.29.gz	4
S226bin.4.gz	46
S226bin.6.gz	27
S226bin.8.gz	67
S226bin.9.gz	83
S227bin.11.gz	36
S227bin.18.gz	74
S227bin.1.gz	83
S227bin.21.gz	40
S227bin.24.gz	30
S227bin.25.gz	31
S227bin.28.gz	65
S227bin.2.gz	83
S227bin.30.gz	35
S227bin.32.gz	47
S227bin.33.gz	17
S227bin.3.gz	29
S227bin.5.gz	57
S227bin.6.gz	45
S227bin.7.gz	145
S227bin.8.gz	39
S228bin.4.gz	37
S228bin.5.gz	54
S22rbin.10.gz	42
S22rbin.11.gz	35
S22rbin.12.gz	104
S22rbin.1.gz	33
S22rbin.5.gz	58
S22rbin.8.gz	63
S22rbin.9.gz	5
S233bin.10.gz	77
S233bin.11.gz	62
S233bin.12.gz	24
S233bin.13.gz	47
S233bin.14.gz	6
S233bin.15.gz	79
S233bin.16.gz	50
S233bin.17.gz	41
S233bin.1.gz	90
S233bin.2.gz	58
S233bin.3.gz	40
S233bin.5.gz	69
S233bin.6.gz	78
S233bin.8.gz	68
S234bin.1.gz	61
S234bin.3.gz	29
S237bin.10.gz	100
S237bin.11.gz	50
S237bin.12.gz	49
S237bin.13.gz	124
S237bin.15.gz	96
S237bin.16.gz	59
S237bin.17.gz	122
S237bin.18.gz	79
S237bin.19.gz	33
S237bin.1.gz	20
S237bin.2.gz	41
S237bin.3.gz	116
S237bin.4.gz	66
S237bin.5.gz	45
S237bin.6.gz	85
S237bin.7.gz	65
S237bin.8.gz	69
S237bin.9.gz	118
S238bin.10.gz	89
S238bin.2.gz	41
S238bin.3.gz	77
S238bin.4.gz	17
S238bin.6.gz	112
S238bin.7.gz	58
S238bin.9.gz	60
S239bin.5.gz	66
S239bin.6.gz	61
S23rbin.1.gz	262
S23rbin.3.gz	54
S23rbin.5.gz	44
S23rbin.6.gz	138
S242bin.1.gz	90
S242bin.2.gz	43
S242bin.5.gz	20
S242bin.6.gz	53
S242bin.7.gz	52
S244bin.10.gz	65
S244bin.11.gz	78
S244bin.12.gz	56
S244bin.13.gz	56
S244bin.14.gz	79
S244bin.15.gz	19
S244bin.16.gz	60
S244bin.17.gz	38
S244bin.18.gz	74
S244bin.19.gz	47
S244bin.1.gz	5
S244bin.20.gz	75
S244bin.21.gz	42
S244bin.23.gz	20
S244bin.24.gz	46
S244bin.25.gz	51
S244bin.26.gz	101
S244bin.27.gz	20
S244bin.28.gz	82
S244bin.29.gz	49
S244bin.2.gz	125
S244bin.30.gz	80
S244bin.31.gz	46
S244bin.32.gz	49
S244bin.33.gz	59
S244bin.34.gz	168
S244bin.35.gz	40
S244bin.36.gz	45
S244bin.37.gz	61
S244bin.3.gz	87
S244bin.40.gz	63
S244bin.42.gz	64
S244bin.43.gz	57
S244bin.44.gz	51
S244bin.46.gz	15
S244bin.48.gz	54
S244bin.49.gz	10
S244bin.4.gz	71
S244bin.50.gz	22
S244bin.51.gz	113
S244bin.53.gz	58
S244bin.54.gz	46
S244bin.55.gz	55
S244bin.56.gz	65
S244bin.57.gz	19
S244bin.58.gz	16
S244bin.5.gz	46
S244bin.60.gz	78
S244bin.61.gz	29
S244bin.63.gz	59
S244bin.64.gz	93
S244bin.6.gz	15
S244bin.8.gz	55
S244bin.9.gz	79
S245bin.1.gz	58
S245bin.2.gz	23
S245bin.3.gz	82
S246bin.10.gz	43
S246bin.11.gz	77
S246bin.12.gz	48
S246bin.13.gz	63
S246bin.14.gz	185
S246bin.15.gz	67
S246bin.16.gz	40
S246bin.17.gz	33
S246bin.18.gz	49
S246bin.1.gz	54
S246bin.20.gz	41
S246bin.21.gz	78
S246bin.22.gz	68
S246bin.23.gz	99
S246bin.24.gz	45
S246bin.25.gz	34
S246bin.26.gz	35
S246bin.27.gz	51
S246bin.28.gz	8
S246bin.29.gz	51
S246bin.2.gz	47
S246bin.30.gz	97
S246bin.31.gz	45
S246bin.32.gz	63
S246bin.33.gz	49
S246bin.34.gz	117
S246bin.35.gz	175
S246bin.3.gz	125
S246bin.4.gz	140
S246bin.5.gz	212
S246bin.6.gz	21
S246bin.7.gz	48
S246bin.8.gz	39
S246bin.9.gz	66
S248bin.12.gz	30
S248bin.14.gz	28
S248bin.15.gz	81
S248bin.2.gz	82
S248bin.4.gz	88
S248bin.5.gz	107
S249bin.10.gz	23
S249bin.11.gz	102
S249bin.13.gz	31
S249bin.2.gz	27
S249bin.3.gz	49
S249bin.4.gz	54
S249bin.5.gz	71
S249bin.6.gz	38
S249bin.7.gz	121
S249bin.8.gz	21
S249bin.9.gz	17
S24rbin.1.gz	21
S24rbin.2.gz	60
S24rbin.3.gz	28
S24rbin.4.gz	38
S250bin.1.gz	17
S250bin.2.gz	106
S250bin.3.gz	17
S250bin.4.gz	43
S251bin.10.gz	47
S251bin.11.gz	14
S251bin.12.gz	24
S251bin.13.gz	28
S251bin.14.gz	16
S251bin.15.gz	20
S251bin.16.gz	23
S251bin.17.gz	42
S251bin.19.gz	79
S251bin.1.gz	32
S251bin.21.gz	72
S251bin.22.gz	18
S251bin.23.gz	17
S251bin.24.gz	37
S251bin.25.gz	40
S251bin.26.gz	75
S251bin.27.gz	41
S251bin.28.gz	40
S251bin.29.gz	193
S251bin.2.gz	70
S251bin.30.gz	55
S251bin.31.gz	33
S251bin.32.gz	39
S251bin.33.gz	33
S251bin.34.gz	59
S251bin.35.gz	38
S251bin.37.gz	51
S251bin.38.gz	29
S251bin.3.gz	33
S251bin.4.gz	46
S251bin.5.gz	30
S251bin.6.gz	93
S251bin.7.gz	41
S251bin.8.gz	54
S251bin.9.gz	74
S252bin.1.gz	136
S252bin.3.gz	45
S253bin.1.gz	44
S253bin.3.gz	45
S256bin.10.gz	24
S256bin.1.gz	19
S256bin.4.gz	30
S256bin.8.gz	58
S256bin.9.gz	96
S257bin.1.gz	106
S257bin.2.gz	26
S257bin.3.gz	68
S257bin.4.gz	47
S257bin.5.gz	29
S257bin.6.gz	27
S257bin.7.gz	54
S258bin.10.gz	52
S258bin.11.gz	34
S258bin.12.gz	112
S258bin.13.gz	22
S258bin.14.gz	157
S258bin.15.gz	116
S258bin.16.gz	88
S258bin.18.gz	64
S258bin.19.gz	81
S258bin.1.gz	38
S258bin.20.gz	82
S258bin.21.gz	133
S258bin.22.gz	23
S258bin.23.gz	87
S258bin.24.gz	73
S258bin.26.gz	35
S258bin.27.gz	104
S258bin.29.gz	45
S258bin.30.gz	121
S258bin.31.gz	332
S258bin.33.gz	44
S258bin.34.gz	38
S258bin.35.gz	101
S258bin.36.gz	150
S258bin.37.gz	81
S258bin.38.gz	54
S258bin.39.gz	73
S258bin.40.gz	165
S258bin.41.gz	138
S258bin.42.gz	29
S258bin.43.gz	278
S258bin.44.gz	46
S258bin.45.gz	110
S258bin.47.gz	238
S258bin.48.gz	101
S258bin.49.gz	120
S258bin.4.gz	103
S258bin.50.gz	43
S258bin.52.gz	131
S258bin.53.gz	36
S258bin.54.gz	85
S258bin.55.gz	62
S258bin.57.gz	46
S258bin.5.gz	91
S258bin.6.gz	210
S258bin.7.gz	77
S258bin.8.gz	30
S258bin.9.gz	44
S25rbin.10.gz	107
S25rbin.11.gz	84
S25rbin.13.gz	49
S25rbin.14.gz	67
S25rbin.15.gz	69
S25rbin.16.gz	129
S25rbin.17.gz	108
S25rbin.18.gz	154
S25rbin.1.gz	216
S25rbin.2.gz	104
S25rbin.3.gz	66
S25rbin.4.gz	107
S25rbin.5.gz	152
S25rbin.6.gz	107
S25rbin.7.gz	65
S25rbin.9.gz	34
S260bin.1.gz	144
S260bin.3.gz	40
S260bin.4.gz	28
S261bin.10.gz	104
S261bin.11.gz	86
S261bin.12.gz	90
S261bin.13.gz	75
S261bin.14.gz	135
S261bin.15.gz	124
S261bin.16.gz	110
S261bin.19.gz	37
S261bin.1.gz	87
S261bin.21.gz	37
S261bin.22.gz	97
S261bin.23.gz	31
S261bin.25.gz	71
S261bin.26.gz	191
S261bin.27.gz	59
S261bin.28.gz	41
S261bin.29.gz	38
S261bin.2.gz	37
S261bin.3.gz	117
S261bin.4.gz	93
S261bin.5.gz	70
S261bin.7.gz	78
S261bin.8.gz	75
S261bin.9.gz	94
S262bin.10.gz	32
S262bin.11.gz	34
S262bin.12.gz	31
S262bin.13.gz	36
S262bin.14.gz	205
S262bin.15.gz	59
S262bin.16.gz	54
S262bin.17.gz	24
S262bin.18.gz	49
S262bin.19.gz	34
S262bin.1.gz	59
S262bin.20.gz	70
S262bin.21.gz	41
S262bin.22.gz	18
S262bin.2.gz	104
S262bin.3.gz	24
S262bin.4.gz	32
S262bin.5.gz	109
S262bin.6.gz	37
S262bin.7.gz	32
S262bin.8.gz	62
S262bin.9.gz	64
S263bin.1.gz	68
S263bin.3.gz	40
S263bin.4.gz	21
S264bin.10.gz	23
S264bin.11.gz	157
S264bin.12.gz	33
S264bin.14.gz	95
S264bin.15.gz	47
S264bin.16.gz	58
S264bin.17.gz	200
S264bin.1.gz	65
S264bin.20.gz	137
S264bin.21.gz	137
S264bin.23.gz	54
S264bin.24.gz	13
S264bin.25.gz	29
S264bin.26.gz	75
S264bin.27.gz	146
S264bin.28.gz	13
S264bin.29.gz	75
S264bin.30.gz	33
S264bin.31.gz	48
S264bin.32.gz	91
S264bin.33.gz	60
S264bin.34.gz	53
S264bin.35.gz	169
S264bin.36.gz	48
S264bin.38.gz	200
S264bin.39.gz	111
S264bin.41.gz	49
S264bin.42.gz	41
S264bin.43.gz	57
S264bin.44.gz	30
S264bin.46.gz	20
S264bin.47.gz	51
S264bin.48.gz	80
S264bin.49.gz	61
S264bin.4.gz	24
S264bin.50.gz	179
S264bin.51.gz	68
S264bin.52.gz	41
S264bin.54.gz	123
S264bin.55.gz	118
S264bin.57.gz	16
S264bin.58.gz	34
S264bin.59.gz	58
S264bin.5.gz	26
S264bin.60.gz	141
S264bin.61.gz	99
S264bin.62.gz	39
S264bin.63.gz	102
S264bin.64.gz	128
S264bin.65.gz	94
S264bin.66.gz	13
S264bin.67.gz	140
S264bin.69.gz	64
S264bin.6.gz	31
S264bin.70.gz	38
S264bin.7.gz	31
S264bin.8.gz	96
S264bin.9.gz	292
S265bin.1.gz	48
S265bin.2.gz	50
S265bin.3.gz	52
S265bin.4.gz	59
S265bin.5.gz	73
S265bin.6.gz	81
S268bin.10.gz	24
S268bin.11.gz	19
S268bin.12.gz	95
S268bin.13.gz	84
S268bin.14.gz	54
S268bin.17.gz	96
S268bin.18.gz	40
S268bin.20.gz	37
S268bin.21.gz	94
S268bin.22.gz	9
S268bin.3.gz	79
S268bin.4.gz	45
S268bin.5.gz	56
S268bin.6.gz	102
S268bin.7.gz	34
S268bin.8.gz	199
S268bin.9.gz	75
S269bin.3.gz	151
S269bin.4.gz	50
S269bin.5.gz	94
S269bin.7.gz	46
S270bin.1.gz	52
S270bin.2.gz	27
S270bin.4.gz	20
S270bin.6.gz	11
S271bin.1.gz	34
S271bin.4.gz	92
S271bin.6.gz	56
S271bin.7.gz	130
S271bin.8.gz	44
S271bin.9.gz	25
S274bin.10.gz	19
S274bin.11.gz	51
S274bin.12.gz	72
S274bin.13.gz	35
S274bin.14.gz	131
S274bin.15.gz	37
S274bin.1.gz	51
S274bin.2.gz	32
S274bin.3.gz	45
S274bin.4.gz	151
S274bin.5.gz	15
S274bin.6.gz	68
S274bin.7.gz	48
S274bin.8.gz	10
S274bin.9.gz	12
S276bin.10.gz	21
S276bin.11.gz	88
S276bin.12.gz	49
S276bin.13.gz	29
S276bin.14.gz	29
S276bin.15.gz	12
S276bin.16.gz	20
S276bin.17.gz	40
S276bin.19.gz	36
S276bin.1.gz	24
S276bin.2.gz	36
S276bin.3.gz	42
S276bin.4.gz	27
S276bin.5.gz	187
S276bin.6.gz	34
S276bin.7.gz	23
S276bin.8.gz	15
S276bin.9.gz	23
S277bin.10.gz	107
S277bin.5.gz	198
S277bin.6.gz	107
S277bin.7.gz	67
S277bin.9.gz	73
S279bin.11.gz	70
S279bin.13.gz	90
S279bin.14.gz	109
S279bin.15.gz	31
S279bin.1.gz	120
S279bin.2.gz	16
S279bin.3.gz	10
S279bin.4.gz	163
S279bin.5.gz	110
S279bin.6.gz	33
S281bin.1.gz	89
S281bin.3.gz	11
S281bin.6.gz	42
S281bin.8.gz	60
S283bin.11.gz	36
S283bin.13.gz	5
S283bin.1.gz	20
S283bin.2.gz	65
S283bin.3.gz	4
S283bin.4.gz	37
S283bin.5.gz	47
S283bin.6.gz	118
S283bin.7.gz	30
S283bin.8.gz	48
S283bin.9.gz	41
S284bin.10.gz	90
S284bin.11.gz	11
S284bin.12.gz	14
S284bin.1.gz	11
S284bin.2.gz	142
S284bin.3.gz	52
S284bin.4.gz	18
S284bin.6.gz	38
S284bin.7.gz	56
S284bin.8.gz	37
S284bin.9.gz	35
S285bin.10.gz	47
S285bin.11.gz	16
S285bin.12.gz	90
S285bin.13.gz	36
S285bin.1.gz	33
S285bin.2.gz	125
S285bin.3.gz	81
S285bin.5.gz	24
S285bin.6.gz	24
S285bin.7.gz	52
S285bin.8.gz	96
S286bin.2.gz	27
S286bin.3.gz	101
S286bin.4.gz	69
S286bin.5.gz	63
S286bin.8.gz	30
S287bin.10.gz	124
S287bin.1.gz	77
S287bin.2.gz	69
S287bin.3.gz	51
S287bin.4.gz	53
S287bin.5.gz	58
S287bin.6.gz	61
S287bin.7.gz	34
S287bin.8.gz	50
S287bin.9.gz	76
S288bin.11.gz	57
S288bin.12.gz	81
S288bin.13.gz	46
S288bin.2.gz	7
S288bin.3.gz	125
S288bin.5.gz	111
S288bin.6.gz	25
S288bin.7.gz	54
S288bin.8.gz	90
S288bin.9.gz	22
S290bin.10.gz	68
S290bin.11.gz	74
S290bin.1.gz	48
S290bin.2.gz	88
S290bin.3.gz	37
S290bin.5.gz	126
S290bin.6.gz	41
S290bin.8.gz	35
S290bin.9.gz	91
S296bin.13.gz	20
S296bin.14.gz	66
S296bin.17.gz	94
S296bin.3.gz	48
S296bin.6.gz	21
S296bin.7.gz	65
S296bin.8.gz	46
S296bin.9.gz	14
S297bin.11.gz	18
S297bin.14.gz	37
S297bin.1.gz	58
S297bin.7.gz	27
S29rbin.10.gz	21
S29rbin.12.gz	29
S29rbin.3.gz	54
S29rbin.8.gz	9
S2rebin.12.gz	41
S2rebin.13.gz	17
S2rebin.3.gz	70
S2rebin.5.gz	6
S2rebin.7.gz	8
S2rebin.8.gz	34
S308bin.10.gz	62
S308bin.11.gz	84
S308bin.13.gz	125
S308bin.14.gz	27
S308bin.15.gz	70
S308bin.1.gz	53
S308bin.2.gz	46
S308bin.3.gz	23
S308bin.5.gz	111
S308bin.6.gz	123
S308bin.7.gz	152
S308bin.8.gz	25
S308bin.9.gz	75
S309bin.12.gz	52
S309bin.13.gz	54
S309bin.15.gz	61
S309bin.16.gz	56
S309bin.18.gz	40
S309bin.19.gz	144
S309bin.1.gz	43
S309bin.21.gz	32
S309bin.2.gz	22
S309bin.4.gz	58
S309bin.5.gz	52
S309bin.6.gz	38
S309bin.9.gz	101
S310bin.2.gz	54
S310bin.3.gz	21
S311bin.1.gz	36
S311bin.2.gz	64
S311bin.3.gz	65
S312bin.10.gz	46
S312bin.11.gz	99
S312bin.13.gz	60
S312bin.15.gz	68
S312bin.3.gz	77
S312bin.4.gz	83
S312bin.5.gz	65
S312bin.6.gz	107
S312bin.8.gz	82
S313bin.10.gz	92
S313bin.11.gz	126
S313bin.13.gz	77
S313bin.17.gz	171
S313bin.18.gz	96
S313bin.19.gz	43
S313bin.1.gz	28
S313bin.21.gz	86
S313bin.22.gz	97
S313bin.24.gz	61
S313bin.25.gz	42
S313bin.26.gz	8
S313bin.2.gz	335
S313bin.3.gz	56
S313bin.5.gz	55
S313bin.6.gz	59
S313bin.7.gz	74
S313bin.9.gz	10
S315bin.1.gz	98
S315bin.2.gz	248
S315bin.4.gz	38
S315bin.5.gz	38
S317bin.10.gz	94
S317bin.1.gz	59
S317bin.5.gz	60
S317bin.7.gz	66
S317bin.8.gz	128
S318bin.1.gz	52
S318bin.4.gz	68
S318bin.5.gz	82
S318bin.7.gz	99
S321bin.11.gz	38
S321bin.1.gz	96
S321bin.2.gz	159
S321bin.3.gz	165
S321bin.4.gz	109
S321bin.8.gz	241
S321bin.9.gz	85
S324bin.10.gz	54
S324bin.11.gz	21
S324bin.12.gz	58
S324bin.13.gz	33
S324bin.14.gz	74
S324bin.15.gz	34
S324bin.16.gz	73
S324bin.19.gz	55
S324bin.1.gz	74
S324bin.21.gz	29
S324bin.22.gz	35
S324bin.23.gz	109
S324bin.25.gz	43
S324bin.26.gz	100
S324bin.27.gz	64
S324bin.28.gz	42
S324bin.29.gz	93
S324bin.2.gz	41
S324bin.30.gz	12
S324bin.32.gz	58
S324bin.33.gz	75
S324bin.34.gz	41
S324bin.35.gz	95
S324bin.36.gz	25
S324bin.37.gz	100
S324bin.3.gz	51
S324bin.40.gz	84
S324bin.41.gz	93
S324bin.42.gz	12
S324bin.43.gz	128
S324bin.44.gz	24
S324bin.45.gz	65
S324bin.5.gz	31
S324bin.6.gz	97
S324bin.7.gz	66
S324bin.8.gz	110
S325bin.3.gz	55
S325bin.4.gz	22
S326bin.10.gz	147
S326bin.11.gz	41
S326bin.14.gz	11
S326bin.16.gz	31
S326bin.17.gz	55
S326bin.1.gz	43
S326bin.3.gz	341
S326bin.4.gz	33
S326bin.5.gz	85
S326bin.6.gz	389
S326bin.7.gz	40
S326bin.8.gz	48
S328bin.10.gz	75
S328bin.11.gz	88
S328bin.2.gz	39
S328bin.4.gz	52
S328bin.7.gz	41
S328bin.9.gz	74
S329bin.10.gz	93
S329bin.11.gz	101
S329bin.12.gz	60
S329bin.13.gz	106
S329bin.14.gz	77
S329bin.15.gz	198
S329bin.16.gz	62
S329bin.17.gz	35
S329bin.18.gz	79
S329bin.19.gz	216
S329bin.1.gz	107
S329bin.20.gz	123
S329bin.21.gz	63
S329bin.22.gz	41
S329bin.23.gz	80
S329bin.2.gz	176
S329bin.3.gz	123
S329bin.4.gz	326
S329bin.5.gz	53
S329bin.6.gz	65
S329bin.7.gz	132
S329bin.8.gz	131
S329bin.9.gz	28
S32rbin.13.gz	36
S32rbin.14.gz	236
S32rbin.16.gz	65
S32rbin.1.gz	123
S32rbin.2.gz	116
S32rbin.3.gz	144
S32rbin.4.gz	155
S32rbin.5.gz	42
S32rbin.6.gz	129
S32rbin.7.gz	13
S32rbin.8.gz	128
S32rbin.9.gz	85
S330bin.1.gz	30
S330bin.2.gz	84
S330bin.3.gz	65
S330bin.4.gz	43
S330bin.5.gz	63
S330bin.6.gz	52
S330bin.7.gz	64
S331bin.1.gz	246
S331bin.4.gz	31
S331bin.7.gz	46
S331bin.8.gz	62
S333bin.11.gz	97
S333bin.12.gz	37
S333bin.13.gz	65
S333bin.15.gz	33
S333bin.16.gz	83
S333bin.17.gz	49
S333bin.18.gz	82
S333bin.19.gz	59
S333bin.1.gz	27
S333bin.20.gz	92
S333bin.21.gz	75
S333bin.2.gz	71
S333bin.3.gz	191
S333bin.4.gz	17
S333bin.5.gz	31
S333bin.6.gz	50
S333bin.7.gz	50
S333bin.8.gz	124
S333bin.9.gz	112
S334bin.11.gz	19
S334bin.12.gz	115
S334bin.13.gz	54
S334bin.14.gz	52
SRR3985396rbin.15.gz	6
SRR3985396rbin.16.gz	17
SRR3985396rbin.20.gz	175
SRR3985396rbin.21.gz	229
SRR3985396rbin.25.gz	13
SRR3985396rbin.3.gz	101
SRR3985396rbin.6.gz	82
SRR3985397rbin.5.gz	63
SRR3985418rbin.12.gz	59
SRR3985418rbin.14.gz	78
SRR3985418rbin.7.gz	57
SRR3985419rbin.13.gz	45
SRR3985419rbin.14.gz	14
SRR3985419rbin.16.gz	75
SRR3985419rbin.17.gz	85
SRR3985419rbin.1.gz	32
SRR3985419rbin.2.gz	22
SRR3985419rbin.3.gz	18
SRR3985419rbin.6.gz	23
SRR3985419rbin.8.gz	18
SRR3985420rbin.11.gz	75
SRR3985420rbin.12.gz	47
SRR3985420rbin.16.gz	25
SRR3985420rbin.1.gz	29
SRR3985420rbin.20.gz	5
SRR3985420rbin.2.gz	59
SRR3985420rbin.3.gz	16
SRR3985420rbin.5.gz	70
SRR3985420rbin.8.gz	96
SRR3985421rbin.10.gz	78
SRR3985421rbin.12.gz	20
SRR3985421rbin.13.gz	87
SRR3985421rbin.14.gz	65
SRR3985421rbin.2.gz	78
SRR3985421rbin.4.gz	60
SRR3985421rbin.5.gz	88
SRR3985421rbin.6.gz	155
SRR3985421rbin.7.gz	82
SRR3985421rbin.8.gz	58
SRR3985424rbin.10.gz	122
SRR3985424rbin.12.gz	24
SRR3985424rbin.1.gz	44
SRR3985424rbin.2.gz	45
SRR3985424rbin.5.gz	65
SRR3985424rbin.7.gz	81
SRR3985424rbin.9.gz	53
SRR3985523rbin.10.gz	100
SRR3985523rbin.12.gz	39
SRR3985523rbin.15.gz	192
SRR3985523rbin.17.gz	46
SRR3985523rbin.1.gz	85
SRR3985523rbin.20.gz	89
SRR3985523rbin.4.gz	55
SRR3985523rbin.5.gz	42
SRR3985523rbin.6.gz	197
SRR3985523rbin.7.gz	37
SRR3985523rbin.8.gz	80
SRR3985524rbin.13.gz	11
SRR3985524rbin.14.gz	35
SRR3985524rbin.16.gz	117
SRR3985524rbin.17.gz	168
SRR3985524rbin.18.gz	53
SRR3985524rbin.1.gz	63
SRR3985524rbin.20.gz	54
SRR3985524rbin.24.gz	21
SRR3985524rbin.25.gz	79
SRR3985524rbin.26.gz	13
SRR3985524rbin.29.gz	81
SRR3985524rbin.30.gz	91
SRR3985524rbin.31.gz	41
SRR3985524rbin.35.gz	29
SRR3985524rbin.5.gz	22
SRR3985524rbin.6.gz	85
SRR3985524rbin.7.gz	82
SRR3985524rbin.8.gz	12
SRR3985524rbin.9.gz	45
SRR3985525rbin.10.gz	147
SRR3985525rbin.11.gz	45
SRR3985525rbin.13.gz	88
SRR3985525rbin.14.gz	14
SRR3985525rbin.1.gz	68
SRR3985525rbin.4.gz	124
SRR3985525rbin.5.gz	41
SRR3985525rbin.6.gz	75
SRR3985525rbin.7.gz	78
SRR3985525rbin.8.gz	34
SRR3985525rbin.9.gz	76
SRR3985526rbin.10.gz	183
SRR3985526rbin.13.gz	174
SRR3985526rbin.14.gz	74
SRR3985526rbin.15.gz	265
SRR3985526rbin.1.gz	31
SRR3985526rbin.2.gz	35
SRR3985526rbin.5.gz	76
SRR3985526rbin.7.gz	84
SRR3985526rbin.9.gz	145
SRR3985527rbin.10.gz	71
SRR3985527rbin.14.gz	120
SRR3985527rbin.2.gz	28
SRR3985527rbin.4.gz	50
SRR3985527rbin.9.gz	85
SRR3985624rbin.10.gz	34
SRR3985624rbin.11.gz	26
SRR3985624rbin.12.gz	101
SRR3985624rbin.13.gz	15
SRR3985624rbin.14.gz	50
SRR3985624rbin.16.gz	66
SRR3985624rbin.17.gz	62
SRR3985624rbin.18.gz	19
SRR3985624rbin.19.gz	185
SRR3985624rbin.1.gz	88
SRR3985624rbin.20.gz	65
SRR3985624rbin.21.gz	63
SRR3985624rbin.24.gz	43
SRR3985624rbin.25.gz	38
SRR3985624rbin.26.gz	23
SRR3985624rbin.27.gz	115
SRR3985624rbin.28.gz	36
SRR3985624rbin.29.gz	51
SRR3985624rbin.2.gz	42
SRR3985624rbin.32.gz	10
SRR3985624rbin.34.gz	78
SRR3985624rbin.35.gz	219
SRR3985624rbin.36.gz	122
SRR3985624rbin.37.gz	52
SRR3985624rbin.38.gz	157
SRR3985624rbin.39.gz	76
SRR3985624rbin.40.gz	90
SRR3985624rbin.41.gz	64
SRR3985624rbin.45.gz	63
SRR3985624rbin.46.gz	42
SRR3985624rbin.47.gz	99
SRR3985624rbin.48.gz	39
SRR3985624rbin.50.gz	32
SRR3985624rbin.6.gz	40
SRR3985624rbin.7.gz	27
SRR3985624rbin.8.gz	64
SRR3985625rbin.10.gz	36
SRR3985625rbin.12.gz	183
SRR3985625rbin.13.gz	25
SRR3985625rbin.14.gz	106
SRR3985625rbin.15.gz	28
SRR3985625rbin.1.gz	20
SRR3985625rbin.2.gz	75
SRR3985625rbin.3.gz	111
SRR3985625rbin.4.gz	57
SRR3985625rbin.5.gz	146
SRR3985625rbin.6.gz	166
SRR3985625rbin.7.gz	198
SRR3985625rbin.8.gz	68
SRR3985625rbin.9.gz	147
SRR3988231rbin.1.gz	64
SRR3988231rbin.4.gz	50
SRR3988264rbin.10.gz	209
SRR3988264rbin.11.gz	255
SRR3988264rbin.12.gz	37
SRR3988264rbin.14.gz	142
SRR3988264rbin.15.gz	17
SRR3988264rbin.1.gz	27
SRR3988264rbin.2.gz	67
SRR3988264rbin.3.gz	35
SRR3988264rbin.5.gz	128
SRR3988264rbin.6.gz	84
SRR3988264rbin.8.gz	31
SRR3988265rbin.1.gz	40
SRR3988844rbin.1.gz	25
SRR3989121rbin.10.gz	90
SRR3989121rbin.11.gz	69
SRR3989121rbin.12.gz	29
SRR3989121rbin.13.gz	30
SRR3989121rbin.14.gz	41
SRR3989121rbin.19.gz	15
SRR3989121rbin.21.gz	76
SRR3989121rbin.23.gz	40
SRR3989121rbin.24.gz	20
SRR3989121rbin.25.gz	15
SRR3989121rbin.27.gz	9
SRR3989121rbin.28.gz	15
SRR3989121rbin.35.gz	100
SRR3989121rbin.37.gz	36
SRR3989121rbin.3.gz	41
SRR3989121rbin.5.gz	30
SRR3989121rbin.6.gz	79
SRR3989121rbin.7.gz	58
SRR3989121rbin.8.gz	46
SRR3989239rbin.10.gz	30
SRR3989239rbin.12.gz	68
SRR3989239rbin.13.gz	85
SRR3989239rbin.15.gz	118
SRR3989239rbin.16.gz	27
SRR3989239rbin.17.gz	55
SRR3989239rbin.22.gz	115
SRR3989239rbin.23.gz	70
SRR3989239rbin.24.gz	86
SRR3989239rbin.25.gz	126
SRR3989239rbin.26.gz	46
SRR3989239rbin.27.gz	35
SRR3989239rbin.29.gz	14
SRR3989239rbin.2.gz	27
SRR3989239rbin.31.gz	23
SRR3989239rbin.32.gz	30
SRR3989239rbin.33.gz	6
SRR3989239rbin.35.gz	60
SRR3989239rbin.3.gz	23
SRR3989239rbin.7.gz	55
SRR3989239rbin.8.gz	43
SRR3989239rbin.9.gz	58
SRR3989254rbin.10.gz	25
SRR3989254rbin.11.gz	545
SRR3989254rbin.12.gz	92
SRR3989254rbin.18.gz	18
SRR3989254rbin.19.gz	22
SRR3989254rbin.20.gz	25
SRR3989254rbin.26.gz	33
SRR3989254rbin.27.gz	23
SRR3989254rbin.28.gz	49
SRR3989254rbin.30.gz	126
SRR3989254rbin.34.gz	38
SRR3989254rbin.36.gz	15
SRR3989254rbin.37.gz	244
SRR3989254rbin.42.gz	38
SRR3989254rbin.43.gz	25
SRR3989254rbin.5.gz	28
SRR3989254rbin.6.gz	84
SRR3989254rbin.8.gz	180
SRR3989257rbin.10.gz	35
SRR3989257rbin.13.gz	38
SRR3989257rbin.14.gz	78
SRR3989257rbin.17.gz	31
SRR3989257rbin.18.gz	7
SRR3989257rbin.21.gz	35
SRR3989257rbin.22.gz	11
SRR3989257rbin.28.gz	24
SRR3989257rbin.29.gz	50
SRR3989257rbin.35.gz	50
SRR3989257rbin.36.gz	42
SRR3989257rbin.37.gz	35
SRR3989257rbin.39.gz	106
SRR3989257rbin.3.gz	35
SRR3989257rbin.41.gz	30
SRR3989257rbin.45.gz	40
SRR3989257rbin.48.gz	114
SRR3989257rbin.49.gz	109
SRR3989257rbin.50.gz	42
SRR3989257rbin.52.gz	41
SRR3989257rbin.53.gz	29
SRR3989257rbin.55.gz	18
SRR3989257rbin.5.gz	115
SRR3989257rbin.6.gz	46
SRR3989257rbin.7.gz	45
SRR3989257rbin.8.gz	43
SRR3989257rbin.9.gz	18
SRR3989258rbin.10.gz	43
SRR3989258rbin.16.gz	41
SRR3989258rbin.18.gz	19
SRR3989258rbin.19.gz	20
SRR3989258rbin.1.gz	36
SRR3989258rbin.20.gz	293
SRR3989258rbin.21.gz	32
SRR3989258rbin.22.gz	94
SRR3989258rbin.23.gz	64
SRR3989258rbin.24.gz	203
SRR3989258rbin.25.gz	30
SRR3989258rbin.26.gz	38
SRR3989258rbin.27.gz	317
SRR3989258rbin.28.gz	51
SRR3989258rbin.29.gz	39
SRR3989258rbin.2.gz	124
SRR3989258rbin.31.gz	38
SRR3989258rbin.32.gz	348
SRR3989258rbin.33.gz	31
SRR3989258rbin.34.gz	36
SRR3989258rbin.3.gz	209
SRR3989258rbin.4.gz	20
SRR3989258rbin.6.gz	131
SRR3989258rbin.8.gz	427
SRR3989258rbin.9.gz	16
SRR3989293rbin.15.gz	81
SRR3989293rbin.16.gz	17
SRR3989293rbin.17.gz	82
SRR3989293rbin.1.gz	7
SRR3989293rbin.20.gz	33
SRR3989293rbin.23.gz	101
SRR3989293rbin.25.gz	26
SRR3989293rbin.26.gz	16
SRR3989293rbin.33.gz	66
SRR3989293rbin.34.gz	45
SRR3989293rbin.37.gz	14
SRR3989293rbin.38.gz	60
SRR3989293rbin.41.gz	50
SRR3989293rbin.45.gz	8
SRR3989293rbin.46.gz	18
SRR3989293rbin.50.gz	36
SRR3989293rbin.52.gz	9
SRR3989293rbin.54.gz	39
SRR3989293rbin.57.gz	84
SRR3989293rbin.64.gz	5
SRR3989293rbin.6.gz	46
SRR3989295rbin.102.gz	40
SRR3989295rbin.107.gz	19
SRR3989295rbin.109.gz	18
SRR3989295rbin.10.gz	36
SRR3989295rbin.110.gz	6
SRR3989295rbin.112.gz	19
SRR3989295rbin.113.gz	33
SRR3989295rbin.114.gz	10
SRR3989295rbin.116.gz	14
SRR3989295rbin.11.gz	12
SRR3989295rbin.13.gz	6
SRR3989295rbin.18.gz	111
SRR3989295rbin.19.gz	99
SRR3989295rbin.1.gz	46
SRR3989295rbin.21.gz	10
SRR3989295rbin.22.gz	12
SRR3989295rbin.23.gz	77
SRR3989295rbin.24.gz	19
SRR3989295rbin.25.gz	46
SRR3989295rbin.26.gz	18
SRR3989295rbin.27.gz	51
SRR3989295rbin.28.gz	30
SRR3989295rbin.2.gz	105
SRR3989295rbin.30.gz	65
SRR3989295rbin.31.gz	45
SRR3989295rbin.32.gz	53
SRR3989295rbin.34.gz	91
SRR3989295rbin.35.gz	70
SRR3989295rbin.36.gz	20
SRR3989295rbin.37.gz	29
SRR3989295rbin.38.gz	15
SRR3989295rbin.39.gz	115
SRR3989295rbin.3.gz	27
SRR3989295rbin.40.gz	34
SRR3989295rbin.43.gz	19
SRR3989295rbin.44.gz	58
SRR3989295rbin.45.gz	16
SRR3989295rbin.46.gz	10
SRR3989295rbin.47.gz	58
SRR3989295rbin.48.gz	46
SRR3989295rbin.49.gz	46
SRR3989295rbin.4.gz	16
SRR3989295rbin.53.gz	65
SRR3989295rbin.54.gz	53
SRR3989295rbin.55.gz	69
SRR3989295rbin.57.gz	50
SRR3989295rbin.58.gz	35
SRR3989295rbin.59.gz	50
SRR3989295rbin.5.gz	46
SRR3989295rbin.60.gz	15
SRR3989295rbin.61.gz	5
SRR3989295rbin.62.gz	3
SRR3989295rbin.65.gz	27
SRR3989295rbin.66.gz	36
SRR3989295rbin.67.gz	47
SRR3989295rbin.69.gz	30
SRR3989295rbin.6.gz	70
SRR3989295rbin.71.gz	28
SRR3989295rbin.74.gz	21
SRR3989295rbin.76.gz	25
SRR3989295rbin.77.gz	21
SRR3989295rbin.78.gz	62
SRR3989295rbin.7.gz	14
SRR3989295rbin.82.gz	47
SRR3989295rbin.83.gz	175
SRR3989295rbin.84.gz	86
SRR3989295rbin.85.gz	12
SRR3989295rbin.87.gz	26
SRR3989295rbin.88.gz	170
SRR3989295rbin.89.gz	83
SRR3989295rbin.90.gz	70
SRR3989295rbin.91.gz	24
SRR3989295rbin.92.gz	5
SRR3989295rbin.93.gz	74
SRR3989295rbin.95.gz	8
SRR3989295rbin.96.gz	44
SRR3989295rbin.97.gz	41
SRR3989295rbin.99.gz	12
SRR3989295rbin.9.gz	93
SRR3989296rbin.12.gz	45
SRR3989296rbin.15.gz	31
SRR3989296rbin.19.gz	16
SRR3989296rbin.22.gz	8
SRR3989296rbin.24.gz	20
SRR3989296rbin.2.gz	16
SRR3989296rbin.31.gz	33
SRR3989296rbin.32.gz	13
SRR3989296rbin.34.gz	22
SRR3989296rbin.37.gz	24
SRR3989296rbin.40.gz	10
SRR3989296rbin.41.gz	18
SRR3989296rbin.43.gz	47
SRR3989296rbin.4.gz	66
SRR3989296rbin.52.gz	70
SRR3989296rbin.60.gz	36
SRR3989296rbin.62.gz	52
SRR3989296rbin.63.gz	34
SRR3989296rbin.66.gz	60
SRR3989297rbin.26.gz	19
SRR3989297rbin.33.gz	41
SRR3989297rbin.38.gz	50
SRR3989297rbin.48.gz	11
SRR3989297rbin.65.gz	5
SRR3989297rbin.66.gz	36
SRR3989297rbin.68.gz	54
SRR3989297rbin.74.gz	9
SRR3989297rbin.76.gz	56
SRR3989304rbin.16.gz	43
SRR3989304rbin.34.gz	13
SRR3989304rbin.36.gz	76
SRR3989304rbin.50.gz	35
SRR3989304rbin.5.gz	18
SRR3989304rbin.73.gz	31
SRR3989304rbin.78.gz	36
SRR3989304rbin.84.gz	24
SRR3989306rbin.19.gz	18
SRR3989306rbin.24.gz	52
SRR3989306rbin.25.gz	33
SRR3989306rbin.33.gz	127
SRR3989306rbin.42.gz	35
SRR3989306rbin.56.gz	43
SRR3989306rbin.58.gz	70
SRR3989306rbin.63.gz	4
SRR3989306rbin.9.gz	30
SRR3989307rbin.102.gz	74
SRR3989307rbin.103.gz	44
SRR3989307rbin.108.gz	27
SRR3989307rbin.10.gz	47
SRR3989307rbin.114.gz	37
SRR3989307rbin.117.gz	16
SRR3989307rbin.15.gz	45
SRR3989307rbin.31.gz	83
SRR3989307rbin.32.gz	25
SRR3989307rbin.35.gz	61
SRR3989307rbin.36.gz	105
SRR3989307rbin.40.gz	28
SRR3989307rbin.42.gz	28
SRR3989307rbin.4.gz	47
SRR3989307rbin.50.gz	9
SRR3989307rbin.52.gz	17
SRR3989307rbin.57.gz	73
SRR3989307rbin.59.gz	70
SRR3989307rbin.69.gz	8
SRR3989307rbin.77.gz	25
SRR3989307rbin.79.gz	55
SRR3989307rbin.83.gz	53
SRR3989307rbin.85.gz	40
SRR3989307rbin.92.gz	12
SRR3989307rbin.93.gz	6
SRR3989307rbin.94.gz	58
SRR3989307rbin.95.gz	36
SRR3989307rbin.98.gz	63
SRR3989309rbin.10.gz	33
SRR3989309rbin.11.gz	14
SRR3989309rbin.13.gz	9
SRR3989309rbin.14.gz	9
SRR3989309rbin.15.gz	12
SRR3989309rbin.17.gz	33
SRR3989309rbin.21.gz	30
SRR3989309rbin.22.gz	11
SRR3989309rbin.24.gz	53
SRR3989309rbin.28.gz	14
SRR3989309rbin.29.gz	22
SRR3989309rbin.30.gz	71
SRR3989309rbin.31.gz	49
SRR3989309rbin.33.gz	65
SRR3989309rbin.35.gz	18
SRR3989309rbin.36.gz	16
SRR3989309rbin.38.gz	55
SRR3989309rbin.39.gz	47
SRR3989309rbin.40.gz	9
SRR3989309rbin.41.gz	54
SRR3989309rbin.42.gz	21
SRR3989309rbin.44.gz	37
SRR3989309rbin.46.gz	23
SRR3989309rbin.47.gz	6
SRR3989309rbin.4.gz	9
SRR3989309rbin.51.gz	19
SRR3989309rbin.53.gz	10
SRR3989309rbin.54.gz	15
SRR3989309rbin.58.gz	3
SRR3989309rbin.5.gz	2
SRR3989309rbin.60.gz	21
SRR3989309rbin.6.gz	13
SRR3989309rbin.7.gz	4
SRR3989309rbin.8.gz	44
SRR3989309rbin.9.gz	23
SRR3989314rbin.10.gz	25
SRR3989314rbin.11.gz	18
SRR3989314rbin.16.gz	12
SRR3989314rbin.17.gz	6
SRR3989314rbin.18.gz	18
SRR3989314rbin.23.gz	30
SRR3989314rbin.26.gz	30
SRR3989314rbin.2.gz	20
SRR3989314rbin.30.gz	42
SRR3989314rbin.32.gz	20
SRR3989314rbin.33.gz	46
SRR3989314rbin.34.gz	4
SRR3989314rbin.35.gz	14
SRR3989314rbin.40.gz	7
SRR3989314rbin.41.gz	30
SRR3989314rbin.42.gz	29
SRR3989314rbin.43.gz	13
SRR3989314rbin.44.gz	57
SRR3989314rbin.46.gz	16
SRR3989314rbin.47.gz	21
SRR3989314rbin.48.gz	22
SRR3989314rbin.4.gz	94
SRR3989314rbin.50.gz	12
SRR3989314rbin.51.gz	88
SRR3989314rbin.52.gz	8
SRR3989314rbin.53.gz	7
SRR3989314rbin.54.gz	9
SRR3989314rbin.55.gz	21
SRR3989314rbin.57.gz	38
SRR3989314rbin.58.gz	15
SRR3989314rbin.60.gz	49
SRR3989314rbin.61.gz	18
SRR3989314rbin.8.gz	87
SRR3989314rbin.9.gz	12
SRR3989337rbin.17.gz	24
SRR3989338rbin.101.gz	22
SRR3989338rbin.102.gz	7
SRR3989338rbin.104.gz	34
SRR3989338rbin.106.gz	41
SRR3989338rbin.107.gz	56
SRR3989338rbin.108.gz	12
SRR3989338rbin.109.gz	14
SRR3989338rbin.111.gz	25
SRR3989338rbin.113.gz	25
SRR3989338rbin.114.gz	3
SRR3989338rbin.115.gz	16
SRR3989338rbin.119.gz	82
SRR3989338rbin.120.gz	11
SRR3989338rbin.126.gz	9
SRR3989338rbin.127.gz	12
SRR3989338rbin.130.gz	16
SRR3989338rbin.132.gz	8
SRR3989338rbin.135.gz	11
SRR3989338rbin.138.gz	24
SRR3989338rbin.139.gz	11
SRR3989338rbin.13.gz	18
SRR3989338rbin.140.gz	40
SRR3989338rbin.141.gz	12
SRR3989338rbin.142.gz	23
SRR3989338rbin.143.gz	36
SRR3989338rbin.144.gz	15
SRR3989338rbin.146.gz	35
SRR3989338rbin.148.gz	23
SRR3989338rbin.14.gz	45
SRR3989338rbin.150.gz	17
SRR3989338rbin.151.gz	37
SRR3989338rbin.152.gz	49
SRR3989338rbin.153.gz	17
SRR3989338rbin.155.gz	48
SRR3989338rbin.156.gz	13
SRR3989338rbin.158.gz	7
SRR3989338rbin.160.gz	8
SRR3989338rbin.164.gz	9
SRR3989338rbin.165.gz	12
SRR3989338rbin.166.gz	23
SRR3989338rbin.168.gz	25
SRR3989338rbin.16.gz	16
SRR3989338rbin.170.gz	39
SRR3989338rbin.171.gz	14
SRR3989338rbin.172.gz	4
SRR3989338rbin.175.gz	28
SRR3989338rbin.176.gz	28
SRR3989338rbin.178.gz	24
SRR3989338rbin.17.gz	10
SRR3989338rbin.182.gz	19
SRR3989338rbin.183.gz	48
SRR3989338rbin.185.gz	18
SRR3989338rbin.186.gz	36
SRR3989338rbin.187.gz	25
SRR3989338rbin.189.gz	27
SRR3989338rbin.18.gz	2
SRR3989338rbin.190.gz	11
SRR3989338rbin.191.gz	7
SRR3989338rbin.197.gz	7
SRR3989338rbin.198.gz	40
SRR3989338rbin.200.gz	22
SRR3989338rbin.201.gz	26
SRR3989338rbin.202.gz	67
SRR3989338rbin.203.gz	18
SRR3989338rbin.209.gz	24
SRR3989338rbin.212.gz	32
SRR3989338rbin.213.gz	21
SRR3989338rbin.215.gz	18
SRR3989338rbin.216.gz	23
SRR3989338rbin.218.gz	7
SRR3989338rbin.220.gz	25
SRR3989338rbin.221.gz	39
SRR3989338rbin.224.gz	14
SRR3989338rbin.225.gz	5
SRR3989338rbin.228.gz	10
SRR3989338rbin.229.gz	33
SRR3989338rbin.22.gz	28
SRR3989338rbin.230.gz	18
SRR3989338rbin.231.gz	62
SRR3989338rbin.232.gz	7
SRR3989338rbin.235.gz	31
SRR3989338rbin.237.gz	33
SRR3989338rbin.238.gz	19
SRR3989338rbin.239.gz	28
SRR3989338rbin.249.gz	56
SRR3989338rbin.24.gz	23
SRR3989338rbin.250.gz	39
SRR3989338rbin.251.gz	10
SRR3989338rbin.252.gz	17
SRR3989338rbin.253.gz	20
SRR3989338rbin.259.gz	19
SRR3989338rbin.260.gz	9
SRR3989338rbin.261.gz	13
SRR3989338rbin.262.gz	49
SRR3989338rbin.264.gz	39
SRR3989338rbin.265.gz	31
SRR3989338rbin.266.gz	28
SRR3989338rbin.268.gz	35
SRR3989338rbin.270.gz	22
SRR3989338rbin.271.gz	6
SRR3989338rbin.272.gz	21
SRR3989338rbin.273.gz	27
SRR3989338rbin.275.gz	20
SRR3989338rbin.276.gz	18
SRR3989338rbin.27.gz	33
SRR3989338rbin.281.gz	28
SRR3989338rbin.282.gz	8
SRR3989338rbin.283.gz	14
SRR3989338rbin.285.gz	36
SRR3989338rbin.286.gz	36
SRR3989338rbin.287.gz	12
SRR3989338rbin.288.gz	15
SRR3989338rbin.28.gz	10
SRR3989338rbin.290.gz	36
SRR3989338rbin.291.gz	27
SRR3989338rbin.292.gz	48
SRR3989338rbin.296.gz	29
SRR3989338rbin.298.gz	10
SRR3989338rbin.299.gz	13
SRR3989338rbin.29.gz	21
SRR3989338rbin.300.gz	37
SRR3989338rbin.302.gz	26
SRR3989338rbin.303.gz	17
SRR3989338rbin.305.gz	10
SRR3989338rbin.306.gz	32
SRR3989338rbin.307.gz	25
SRR3989338rbin.310.gz	29
SRR3989338rbin.312.gz	30
SRR3989338rbin.313.gz	44
SRR3989338rbin.318.gz	27
SRR3989338rbin.319.gz	8
SRR3989338rbin.320.gz	45
SRR3989338rbin.321.gz	20
SRR3989338rbin.322.gz	14
SRR3989338rbin.323.gz	8
SRR3989338rbin.324.gz	4
SRR3989338rbin.326.gz	35
SRR3989338rbin.327.gz	14
SRR3989338rbin.330.gz	12
SRR3989338rbin.333.gz	24
SRR3989338rbin.335.gz	17
SRR3989338rbin.336.gz	19
SRR3989338rbin.337.gz	35
SRR3989338rbin.339.gz	20
SRR3989338rbin.343.gz	52
SRR3989338rbin.354.gz	12
SRR3989338rbin.357.gz	14
SRR3989338rbin.36.gz	32
SRR3989338rbin.37.gz	16
SRR3989338rbin.38.gz	17
SRR3989338rbin.39.gz	37
SRR3989338rbin.40.gz	58
SRR3989338rbin.41.gz	14
SRR3989338rbin.46.gz	32
SRR3989338rbin.47.gz	4
SRR3989338rbin.49.gz	10
SRR3989338rbin.4.gz	46
SRR3989338rbin.51.gz	42
SRR3989338rbin.52.gz	23
SRR3989338rbin.53.gz	32
SRR3989338rbin.54.gz	36
SRR3989338rbin.55.gz	10
SRR3989338rbin.57.gz	57
SRR3989338rbin.58.gz	15
SRR3989338rbin.59.gz	24
SRR3989338rbin.5.gz	29
SRR3989338rbin.65.gz	87
SRR3989338rbin.68.gz	37
SRR3989338rbin.6.gz	8
SRR3989338rbin.70.gz	36
SRR3989338rbin.71.gz	7
SRR3989338rbin.72.gz	13
SRR3989338rbin.73.gz	35
SRR3989338rbin.76.gz	14
SRR3989338rbin.77.gz	19
SRR3989338rbin.80.gz	16
SRR3989338rbin.81.gz	38
SRR3989338rbin.83.gz	26
SRR3989338rbin.85.gz	29
SRR3989338rbin.89.gz	56
SRR3989338rbin.90.gz	18
SRR3989338rbin.92.gz	46
SRR3989338rbin.93.gz	5
SRR3989338rbin.95.gz	19
SRR3989338rbin.97.gz	40
SRR3989338rbin.98.gz	62
SRR3989338rbin.9.gz	22
SRR3989339rbin.100.gz	27
SRR3989339rbin.101.gz	17
SRR3989339rbin.102.gz	18
SRR3989339rbin.103.gz	57
SRR3989339rbin.104.gz	40
SRR3989339rbin.107.gz	14
SRR3989339rbin.109.gz	204
SRR3989339rbin.10.gz	34
SRR3989339rbin.110.gz	52
SRR3989339rbin.11.gz	34
SRR3989339rbin.12.gz	17
SRR3989339rbin.13.gz	49
SRR3989339rbin.14.gz	198
SRR3989339rbin.15.gz	15
SRR3989339rbin.17.gz	36
SRR3989339rbin.18.gz	31
SRR3989339rbin.19.gz	75
SRR3989339rbin.1.gz	39
SRR3989339rbin.20.gz	55
SRR3989339rbin.21.gz	28
SRR3989339rbin.22.gz	156
SRR3989339rbin.24.gz	24
SRR3989339rbin.26.gz	43
SRR3989339rbin.28.gz	65
SRR3989339rbin.2.gz	43
SRR3989339rbin.30.gz	37
SRR3989339rbin.31.gz	4
SRR3989339rbin.33.gz	14
SRR3989339rbin.34.gz	51
SRR3989339rbin.35.gz	121
SRR3989339rbin.36.gz	41
SRR3989339rbin.37.gz	46
SRR3989339rbin.38.gz	36
SRR3989339rbin.39.gz	24
SRR3989339rbin.3.gz	73
SRR3989339rbin.40.gz	14
SRR3989339rbin.41.gz	36
SRR3989339rbin.42.gz	16
SRR3989339rbin.44.gz	34
SRR3989339rbin.46.gz	27
SRR3989339rbin.47.gz	44
SRR3989339rbin.48.gz	145
SRR3989339rbin.49.gz	49
SRR3989339rbin.4.gz	21
SRR3989339rbin.50.gz	18
SRR3989339rbin.51.gz	21
SRR3989339rbin.52.gz	23
SRR3989339rbin.54.gz	106
SRR3989339rbin.55.gz	87
SRR3989339rbin.56.gz	43
SRR3989339rbin.59.gz	36
SRR3989339rbin.5.gz	9
SRR3989339rbin.61.gz	23
SRR3989339rbin.62.gz	17
SRR3989339rbin.63.gz	19
SRR3989339rbin.64.gz	8
SRR3989339rbin.65.gz	20
SRR3989339rbin.67.gz	56
SRR3989339rbin.68.gz	27
SRR3989339rbin.69.gz	11
SRR3989339rbin.6.gz	39
SRR3989339rbin.71.gz	11
SRR3989339rbin.72.gz	39
SRR3989339rbin.73.gz	46
SRR3989339rbin.74.gz	22
SRR3989339rbin.75.gz	30
SRR3989339rbin.76.gz	11
SRR3989339rbin.78.gz	28
SRR3989339rbin.79.gz	72
SRR3989339rbin.7.gz	19
SRR3989339rbin.80.gz	25
SRR3989339rbin.81.gz	69
SRR3989339rbin.83.gz	18
SRR3989339rbin.85.gz	33
SRR3989339rbin.86.gz	54
SRR3989339rbin.87.gz	69
SRR3989339rbin.89.gz	27
SRR3989339rbin.8.gz	15
SRR3989339rbin.91.gz	86
SRR3989339rbin.92.gz	24
SRR3989339rbin.93.gz	19
SRR3989339rbin.95.gz	7
SRR3989339rbin.96.gz	14
SRR3989339rbin.97.gz	16
SRR3989339rbin.98.gz	23
SRR3989339rbin.99.gz	27
SRR3989339rbin.9.gz	24
SRR3989344rbin.101.gz	6
SRR3989344rbin.102.gz	18
SRR3989344rbin.103.gz	12
SRR3989344rbin.105.gz	21
SRR3989344rbin.108.gz	5
SRR3989344rbin.109.gz	15
SRR3989344rbin.10.gz	13
SRR3989344rbin.111.gz	17
SRR3989344rbin.112.gz	17
SRR3989344rbin.113.gz	13
SRR3989344rbin.114.gz	27
SRR3989344rbin.115.gz	16
SRR3989344rbin.117.gz	28
SRR3989344rbin.118.gz	39
SRR3989344rbin.119.gz	10
SRR3989344rbin.11.gz	22
SRR3989344rbin.120.gz	44
SRR3989344rbin.121.gz	28
SRR3989344rbin.123.gz	7
SRR3989344rbin.125.gz	36
SRR3989344rbin.126.gz	85
SRR3989344rbin.127.gz	27
SRR3989344rbin.128.gz	44
SRR3989344rbin.129.gz	12
SRR3989344rbin.12.gz	22
SRR3989344rbin.131.gz	25
SRR3989344rbin.133.gz	6
SRR3989344rbin.134.gz	27
SRR3989344rbin.135.gz	84
SRR3989344rbin.136.gz	48
SRR3989344rbin.137.gz	11
SRR3989344rbin.140.gz	21
SRR3989344rbin.141.gz	53
SRR3989344rbin.142.gz	17
SRR3989344rbin.143.gz	45
SRR3989344rbin.144.gz	37
SRR3989344rbin.145.gz	7
SRR3989344rbin.146.gz	13
SRR3989344rbin.147.gz	7
SRR3989344rbin.148.gz	26
SRR3989344rbin.14.gz	22
SRR3989344rbin.150.gz	28
SRR3989344rbin.152.gz	26
SRR3989344rbin.154.gz	47
SRR3989344rbin.156.gz	21
SRR3989344rbin.157.gz	36
SRR3989344rbin.159.gz	32
SRR3989344rbin.15.gz	31
SRR3989344rbin.161.gz	8
SRR3989344rbin.162.gz	52
SRR3989344rbin.163.gz	14
SRR3989344rbin.164.gz	45
SRR3989344rbin.166.gz	47
SRR3989344rbin.167.gz	65
SRR3989344rbin.168.gz	18
SRR3989344rbin.169.gz	4
SRR3989344rbin.171.gz	26
SRR3989344rbin.172.gz	9
SRR3989344rbin.173.gz	34
SRR3989344rbin.174.gz	28
SRR3989344rbin.175.gz	20
SRR3989344rbin.176.gz	31
SRR3989344rbin.178.gz	21
SRR3989344rbin.182.gz	27
SRR3989344rbin.183.gz	30
SRR3989344rbin.189.gz	5
SRR3989344rbin.18.gz	26
SRR3989344rbin.190.gz	14
SRR3989344rbin.191.gz	15
SRR3989344rbin.193.gz	6
SRR3989344rbin.198.gz	14
SRR3989344rbin.19.gz	12
SRR3989344rbin.1.gz	12
SRR3989344rbin.200.gz	18
SRR3989344rbin.202.gz	17
SRR3989344rbin.205.gz	16
SRR3989344rbin.206.gz	30
SRR3989344rbin.207.gz	27
SRR3989344rbin.208.gz	14
SRR3989344rbin.20.gz	19
SRR3989344rbin.212.gz	32
SRR3989344rbin.213.gz	8
SRR3989344rbin.215.gz	5
SRR3989344rbin.216.gz	35
SRR3989344rbin.218.gz	8
SRR3989344rbin.219.gz	25
SRR3989344rbin.21.gz	20
SRR3989344rbin.221.gz	12
SRR3989344rbin.222.gz	23
SRR3989344rbin.223.gz	65
SRR3989344rbin.225.gz	80
SRR3989344rbin.226.gz	16
SRR3989344rbin.229.gz	35
SRR3989344rbin.22.gz	39
SRR3989344rbin.230.gz	30
SRR3989344rbin.232.gz	17
SRR3989344rbin.233.gz	40
SRR3989344rbin.236.gz	10
SRR3989344rbin.238.gz	20
SRR3989344rbin.239.gz	13
SRR3989344rbin.23.gz	23
SRR3989344rbin.240.gz	13
SRR3989344rbin.242.gz	29
SRR3989344rbin.244.gz	11
SRR3989344rbin.246.gz	16
SRR3989344rbin.248.gz	26
SRR3989344rbin.249.gz	19
SRR3989344rbin.24.gz	19
SRR3989344rbin.250.gz	15
SRR3989344rbin.251.gz	33
SRR3989344rbin.253.gz	3
SRR3989344rbin.258.gz	9
SRR3989344rbin.259.gz	22
SRR3989344rbin.261.gz	3
SRR3989344rbin.262.gz	14
SRR3989344rbin.263.gz	5
SRR3989344rbin.265.gz	19
SRR3989344rbin.267.gz	16
SRR3989344rbin.268.gz	15
SRR3989344rbin.269.gz	13
SRR3989344rbin.26.gz	17
SRR3989344rbin.270.gz	4
SRR3989344rbin.271.gz	20
SRR3989344rbin.272.gz	7
SRR3989344rbin.274.gz	13
SRR3989344rbin.276.gz	23
SRR3989344rbin.277.gz	17
SRR3989344rbin.278.gz	7
SRR3989344rbin.27.gz	12
SRR3989344rbin.280.gz	15
SRR3989344rbin.281.gz	14
SRR3989344rbin.282.gz	22
SRR3989344rbin.283.gz	9
SRR3989344rbin.284.gz	27
SRR3989344rbin.285.gz	12
SRR3989344rbin.287.gz	27
SRR3989344rbin.288.gz	17
SRR3989344rbin.28.gz	36
SRR3989344rbin.290.gz	22
SRR3989344rbin.291.gz	13
SRR3989344rbin.292.gz	3
SRR3989344rbin.293.gz	9
SRR3989344rbin.294.gz	14
SRR3989344rbin.296.gz	41
SRR3989344rbin.297.gz	28
SRR3989344rbin.298.gz	10
SRR3989344rbin.2.gz	27
SRR3989344rbin.300.gz	27
SRR3989344rbin.302.gz	44
SRR3989344rbin.303.gz	2
SRR3989344rbin.304.gz	48
SRR3989344rbin.305.gz	18
SRR3989344rbin.306.gz	19
SRR3989344rbin.307.gz	15
SRR3989344rbin.308.gz	49
SRR3989344rbin.309.gz	15
SRR3989344rbin.30.gz	12
SRR3989344rbin.312.gz	29
SRR3989344rbin.313.gz	22
SRR3989344rbin.314.gz	4
SRR3989344rbin.315.gz	26
SRR3989344rbin.317.gz	10
SRR3989344rbin.318.gz	4
SRR3989344rbin.319.gz	25
SRR3989344rbin.31.gz	25
SRR3989344rbin.320.gz	46
SRR3989344rbin.323.gz	14
SRR3989344rbin.325.gz	7
SRR3989344rbin.327.gz	23
SRR3989344rbin.328.gz	14
SRR3989344rbin.331.gz	12
SRR3989344rbin.332.gz	24
SRR3989344rbin.333.gz	33
SRR3989344rbin.334.gz	2
SRR3989344rbin.335.gz	21
SRR3989344rbin.336.gz	18
SRR3989344rbin.337.gz	15
SRR3989344rbin.33.gz	55
SRR3989344rbin.340.gz	18
SRR3989344rbin.342.gz	31
SRR3989344rbin.343.gz	14
SRR3989344rbin.346.gz	9
SRR3989344rbin.347.gz	30
SRR3989344rbin.348.gz	7
SRR3989344rbin.34.gz	16
SRR3989344rbin.350.gz	24
SRR3989344rbin.351.gz	35
SRR3989344rbin.352.gz	2
SRR3989344rbin.353.gz	12
SRR3989344rbin.354.gz	11
SRR3989344rbin.355.gz	17
SRR3989344rbin.356.gz	21
SRR3989344rbin.358.gz	17
SRR3989344rbin.35.gz	42
SRR3989344rbin.360.gz	10
SRR3989344rbin.362.gz	18
SRR3989344rbin.363.gz	8
SRR3989344rbin.364.gz	13
SRR3989344rbin.365.gz	19
SRR3989344rbin.367.gz	11
SRR3989344rbin.369.gz	4
SRR3989344rbin.36.gz	22
SRR3989344rbin.371.gz	17
SRR3989344rbin.372.gz	23
SRR3989344rbin.373.gz	18
SRR3989344rbin.374.gz	8
SRR3989344rbin.375.gz	18
SRR3989344rbin.376.gz	75
SRR3989344rbin.378.gz	11
SRR3989344rbin.379.gz	15
SRR3989344rbin.37.gz	9
SRR3989344rbin.380.gz	10
SRR3989344rbin.381.gz	15
SRR3989344rbin.382.gz	11
SRR3989344rbin.383.gz	6
SRR3989344rbin.385.gz	22
SRR3989344rbin.386.gz	24
SRR3989344rbin.387.gz	8
SRR3989344rbin.388.gz	18
SRR3989344rbin.389.gz	34
SRR3989344rbin.38.gz	24
SRR3989344rbin.390.gz	50
SRR3989344rbin.391.gz	35
SRR3989344rbin.393.gz	13
SRR3989344rbin.394.gz	17
SRR3989344rbin.395.gz	16
SRR3989344rbin.396.gz	45
SRR7629281rbin.13.gz	29
SRR7629281rbin.14.gz	163
SRR7629281rbin.15.gz	68
SRR7629281rbin.16.gz	52
SRR7629281rbin.17.gz	41
SRR7629281rbin.19.gz	75
SRR7629281rbin.1.gz	17
SRR7629281rbin.20.gz	36
SRR7629281rbin.21.gz	22
SRR7629281rbin.2.gz	56
SRR7629281rbin.3.gz	51
SRR7629281rbin.6.gz	62
SRR7629281rbin.7.gz	16
SRR7629281rbin.8.gz	21
SRR7629282rbin.10.gz	74
SRR7629282rbin.11.gz	70
SRR7629282rbin.14.gz	53
SRR7629282rbin.15.gz	65
SRR7629282rbin.17.gz	61
SRR7629282rbin.18.gz	81
SRR7629282rbin.1.gz	41
SRR7629282rbin.20.gz	26
SRR7629282rbin.22.gz	22
SRR7629282rbin.24.gz	35
SRR7629282rbin.25.gz	24
SRR7629282rbin.27.gz	49
SRR7629282rbin.2.gz	34
SRR7629282rbin.3.gz	48
SRR7629282rbin.4.gz	17
SRR7629282rbin.5.gz	66
SRR7629282rbin.6.gz	64
SRR7629282rbin.8.gz	19
SRR7686989rbin.1.gz	46
SRR7686989rbin.2.gz	136
SRR7686990rbin.1.gz	58
SRR7686990rbin.4.gz	89
SRR7686991rbin.2.gz	14
SRR7686991rbin.3.gz	235
SRR7686991rbin.4.gz	85
SRR7686991rbin.5.gz	80
SRR7686991rbin.6.gz	80
SRR7686991rbin.8.gz	191
SRR7686992rbin.1.gz	69
SRR7686992rbin.2.gz	91
SRR7686993rbin.11.gz	40
SRR7686993rbin.1.gz	37
SRR7686993rbin.4.gz	39
SRR7686993rbin.9.gz	155
SRR7686999rbin.2.gz	68
SRR7686999rbin.3.gz	76
SRR7686999rbin.5.gz	40
SRR7686999rbin.7.gz	84
SRR7686999rbin.9.gz	62
SRR7687000rbin.1.gz	78
SRR7687000rbin.6.gz	61
SRR7687000rbin.7.gz	173
SRR7687002rbin.2.gz	100
SRR7687002rbin.3.gz	1
SRR7687002rbin.4.gz	82
SRR7687003rbin.1.gz	115
SRR7687004rbin.2.gz	24
SRR7687005rbin.2.gz	50
SRR7687005rbin.4.gz	112
SRR7687006rbin.1.gz	66
SRR7687006rbin.2.gz	150
SRR7687006rbin.3.gz	303
SRR7687006rbin.6.gz	37
SRR7687006rbin.8.gz	174
SRR7687007rbin.2.gz	94
SRR7687010rbin.1.gz	74
SRR7687010rbin.7.gz	107
SRR7687011rbin.3.gz	90
SRR7687011rbin.5.gz	33
SRR7687012rbin.5.gz	59
SRR7687014rbin.1.gz	156
SRR7687014rbin.2.gz	69
SRR7687071rbin.2.gz	72
SRR7687071rbin.3.gz	53
SRR7687071rbin.5.gz	61
SRR7687071rbin.8.gz	71
SRR7687072rbin.1.gz	62
SRR7687072rbin.4.gz	60
SRR7687073rbin.2.gz	42
SRR7687075rbin.2.gz	40
SRR7687075rbin.3.gz	158
SRR7687075rbin.6.gz	137
SRR7687076rbin.1.gz	139
SRR7687076rbin.2.gz	23
SRR7687076rbin.3.gz	103
SRR7687077rbin.2.gz	38
SRR7687087rbin.1.gz	134
SRR7687087rbin.2.gz	24
SRR7687087rbin.4.gz	153
SRR7687341rbin.2.gz	39
SRR770299rebin.10.gz	53
SRR770299rebin.11.gz	21
SRR770299rebin.13.gz	22
SRR770299rebin.14.gz	70
SRR770299rebin.1.gz	34
SRR770299rebin.2.gz	72
SRR770299rebin.3.gz	70
SRR770299rebin.4.gz	43
SRR770299rebin.5.gz	14
SRR770299rebin.6.gz	21
SRR770299rebin.7.gz	23
SRR770299rebin.8.gz	55
SRR770299rebin.9.gz	21
SRR770300rebin.1.gz	196
SRR770300rebin.3.gz	41
SRR7741809rbin.10.gz	62
SRR7741809rbin.11.gz	101
SRR7741809rbin.12.gz	21
SRR7741809rbin.13.gz	97
SRR7741809rbin.15.gz	49
SRR7741809rbin.16.gz	100
SRR7741809rbin.17.gz	129
SRR7741809rbin.18.gz	51
SRR7741809rbin.19.gz	46
SRR7741809rbin.1.gz	69
SRR7741809rbin.20.gz	112
SRR7741809rbin.21.gz	105
SRR7741809rbin.22.gz	101
SRR7741809rbin.23.gz	121
SRR7741809rbin.24.gz	20
SRR7741809rbin.25.gz	119
SRR7741809rbin.26.gz	117
SRR7741809rbin.27.gz	88
SRR7741809rbin.2.gz	69
SRR7741809rbin.3.gz	74
SRR7741809rbin.4.gz	99
SRR7741809rbin.5.gz	74
SRR7741809rbin.6.gz	108
SRR7741809rbin.7.gz	28
SRR7741809rbin.8.gz	27
SRR7741809rbin.9.gz	115
SRR7777325rbin.4.gz	110
SRR7777325rbin.8.gz	82
SRR7882662rbin.100.gz	70
SRR7882662rbin.101.gz	60
SRR7882662rbin.102.gz	50
SRR7882662rbin.103.gz	42
SRR7882662rbin.104.gz	5
SRR7882662rbin.105.gz	52
SRR7882662rbin.106.gz	22
SRR7882662rbin.107.gz	42
SRR7882662rbin.108.gz	106
SRR7882662rbin.109.gz	93
SRR7882662rbin.10.gz	144
SRR7882662rbin.110.gz	73
SRR7882662rbin.111.gz	40
SRR7882662rbin.112.gz	27
SRR7882662rbin.113.gz	190
SRR7882662rbin.114.gz	105
SRR7882662rbin.115.gz	58
SRR7882662rbin.116.gz	53
SRR7882662rbin.117.gz	160
SRR7882662rbin.118.gz	168
SRR7882662rbin.119.gz	71
SRR7882662rbin.11.gz	81
SRR7882662rbin.120.gz	20
SRR7882662rbin.121.gz	55
SRR7882662rbin.12.gz	25
SRR7882662rbin.13.gz	5
SRR7882662rbin.14.gz	42
SRR7882662rbin.15.gz	38
SRR7882662rbin.16.gz	77
SRR7882662rbin.17.gz	63
SRR7882662rbin.18.gz	42
SRR7882662rbin.19.gz	48
SRR7882662rbin.1.gz	65
SRR7882662rbin.20.gz	34
SRR7882662rbin.21.gz	68
SRR7882662rbin.22.gz	58
SRR7882662rbin.23.gz	53
SRR7882662rbin.24.gz	71
SRR7882662rbin.25.gz	117
SRR7882662rbin.26.gz	60
SRR7882662rbin.27.gz	49
SRR7882662rbin.28.gz	43
SRR7882662rbin.29.gz	36
SRR7882662rbin.2.gz	60
SRR7882662rbin.30.gz	30
SRR7882662rbin.31.gz	128
SRR7882662rbin.32.gz	49
SRR7882662rbin.33.gz	163
SRR7882662rbin.34.gz	91
SRR7882662rbin.35.gz	84
SRR7882662rbin.36.gz	58
SRR7882662rbin.37.gz	82
SRR7882662rbin.38.gz	41
SRR7882662rbin.39.gz	8
SRR7882662rbin.3.gz	95
SRR7882662rbin.40.gz	47
SRR7882662rbin.41.gz	90
SRR7882662rbin.42.gz	55
SRR7882662rbin.43.gz	79
SRR7882662rbin.44.gz	67
SRR7882662rbin.45.gz	83
SRR7882662rbin.46.gz	113
SRR7882662rbin.47.gz	36
SRR7882662rbin.49.gz	35
SRR7882662rbin.4.gz	41
SRR7882662rbin.50.gz	52
SRR7882662rbin.51.gz	42
SRR7882662rbin.52.gz	51
SRR7882662rbin.53.gz	105
SRR7882662rbin.54.gz	11
SRR7882662rbin.55.gz	29
SRR7882662rbin.56.gz	50
SRR7882662rbin.57.gz	59
SRR7882662rbin.58.gz	193
SRR7882662rbin.59.gz	54
SRR7882662rbin.5.gz	68
SRR7882662rbin.60.gz	45
SRR7882662rbin.61.gz	16
SRR7882662rbin.62.gz	35
SRR7882662rbin.63.gz	30
SRR7882662rbin.64.gz	85
SRR7882662rbin.65.gz	115
SRR7882662rbin.66.gz	89
SRR7882662rbin.67.gz	49
SRR7882662rbin.69.gz	26
SRR7882662rbin.6.gz	28
SRR7882662rbin.70.gz	53
SRR7882662rbin.71.gz	63
SRR7882662rbin.74.gz	55
SRR7882662rbin.75.gz	55
SRR7882662rbin.76.gz	87
SRR7882662rbin.77.gz	2
SRR7882662rbin.78.gz	116
SRR7882662rbin.79.gz	23
SRR7882662rbin.80.gz	68
SRR7882662rbin.81.gz	80
SRR7882662rbin.82.gz	87
SRR7882662rbin.83.gz	75
SRR7882662rbin.84.gz	237
SRR7882662rbin.85.gz	25
SRR7882662rbin.86.gz	48
SRR7882662rbin.87.gz	49
SRR7882662rbin.88.gz	34
SRR7882662rbin.89.gz	101
SRR7882662rbin.8.gz	40
SRR7882662rbin.90.gz	166
SRR7882662rbin.91.gz	64
SRR7882662rbin.92.gz	72
SRR7882662rbin.93.gz	49
SRR7882662rbin.94.gz	51
SRR7882662rbin.95.gz	41
SRR7882662rbin.96.gz	48
SRR7882662rbin.97.gz	79
SRR7882662rbin.98.gz	22
SRR7882662rbin.99.gz	74
SRR7882662rbin.9.gz	83
SRR7882663rbin.12.gz	106
SRR7882663rbin.13.gz	100
SRR7882663rbin.14.gz	107
SRR7882663rbin.15.gz	69
SRR7882663rbin.16.gz	300
SRR7882663rbin.17.gz	63
SRR7882663rbin.18.gz	153
SRR7882663rbin.1.gz	40
SRR7882663rbin.2.gz	212
SRR7882663rbin.3.gz	49
SRR7882663rbin.4.gz	93
SRR7882663rbin.5.gz	85
SRR7882663rbin.6.gz	127
SRR7882663rbin.7.gz	86
SRR7882663rbin.8.gz	50
SRR7882663rbin.9.gz	56
SRR7965387rbin.3.gz	175
SRR7965391rbin.3.gz	25
SRR7965730rbin.3.gz	40
SRR7965774rbin.5.gz	68
SRR7965774rbin.6.gz	83
SRR7965775rbin.1.gz	21
SRR7965807rbin.3.gz	51
SRR7965807rbin.4.gz	43
SRR7965807rbin.5.gz	42
SRR7967784rbin.1.gz	63
SRR7967784rbin.5.gz	77
SRR7967784rbin.9.gz	318
SRR7967785rbin.2.gz	30
SRR7967786rbin.1.gz	28
SRR7967787rbin.2.gz	21
SRR7967860rbin.3.gz	44
SRR7967860rbin.4.gz	61
SRR7967861rbin.1.gz	12
SRR7967861rbin.2.gz	185
SRR7967861rbin.4.gz	78
SRR7967862rbin.5.gz	61
SRR7967862rbin.7.gz	37
SRR7967863rbin.1.gz	29
SRR7967864rbin.10.gz	157
SRR7967864rbin.5.gz	128
SRR7967864rbin.8.gz	44
SRR7967865rbin.6.gz	22
SRR7967865rbin.7.gz	72
SRR7967922rbin.2.gz	157
SRR7967954rbin.5.gz	206
SRR7968240rbin.1.gz	90
SRR7968261rbin.2.gz	40
SRR7968350rbin.1.gz	47
SRR7968380rbin.1.gz	61
SRR7968381rbin.1.gz	238
SRR7968382rbin.1.gz	50
SRR7968382rbin.4.gz	36
SRR7968382rbin.5.gz	54
SRR7968382rbin.6.gz	38
SRR7968383rbin.1.gz	44
SRR7968834rbin.1.gz	46
SRR7968838rbin.1.gz	77
SRR7968838rbin.2.gz	63
SRR7968838rbin.3.gz	56
SRR7969078rbin.2.gz	54
SRR7969083rbin.1.gz	43
SRR7969083rbin.3.gz	63
SRR7969289rbin.1.gz	40
SRR7969351rbin.2.gz	21
SRR7970553rbin.1.gz	53
SRR7970553rbin.2.gz	73
SRR7970742rbin.2.gz	27
SRR7970746rbin.1.gz	49
SRR7970746rbin.4.gz	49
SRR7970951rbin.1.gz	14
SRR7970985rbin.1.gz	27
SRR7970985rbin.5.gz	122
SRR7975437rbin.3.gz	69
SRR7975446rbin.1.gz	6
SRR7975446rbin.2.gz	190
SRR7975446rbin.5.gz	31
SRR7975446rbin.6.gz	34
SRR7975446rbin.7.gz	95
SRR7975446rbin.8.gz	31
SRR7975446rbin.9.gz	86
SRR7976076rbin.12.gz	109
SRR7976076rbin.13.gz	84
SRR7976076rbin.14.gz	49
SRR7976076rbin.15.gz	120
SRR7976076rbin.16.gz	35
SRR7976076rbin.17.gz	123
SRR7976076rbin.18.gz	108
SRR7976076rbin.19.gz	112
SRR7976076rbin.1.gz	71
SRR7976076rbin.20.gz	69
SRR7976076rbin.21.gz	32
SRR7976076rbin.22.gz	62
SRR7976076rbin.23.gz	172
SRR7976076rbin.24.gz	103
SRR7976076rbin.25.gz	37
SRR7976076rbin.26.gz	57
SRR7976076rbin.28.gz	72
SRR7976076rbin.29.gz	69
SRR7976076rbin.2.gz	33
SRR7976076rbin.30.gz	52
SRR7976076rbin.31.gz	123
SRR7976076rbin.32.gz	73
SRR7976076rbin.33.gz	70
SRR7976076rbin.34.gz	64
SRR7976076rbin.35.gz	27
SRR7976076rbin.3.gz	139
SRR7976076rbin.4.gz	60
SRR7976076rbin.5.gz	106
SRR7976076rbin.6.gz	60
SRR7976076rbin.7.gz	53
SRR7976076rbin.8.gz	67
SRR7976076rbin.9.gz	139
SRR7976078rbin.1.gz	71
SRR7976078rbin.4.gz	34
SRR7976078rbin.6.gz	23
SRR7976148rbin.15.gz	87
SRR7976148rbin.19.gz	73
SRR7976148rbin.23.gz	19
SRR7976148rbin.26.gz	73
SRR7976148rbin.27.gz	55
SRR7976148rbin.29.gz	61
SRR7976148rbin.31.gz	77
SRR7976148rbin.4.gz	75
SRR7976149rbin.11.gz	137
SRR7976149rbin.16.gz	127
SRR7976149rbin.17.gz	160
SRR7976149rbin.19.gz	91
SRR7976149rbin.23.gz	77
SRR7976149rbin.28.gz	69
SRR7976149rbin.2.gz	66
SRR7976149rbin.30.gz	49
SRR7976149rbin.3.gz	59
SRR7976149rbin.4.gz	28
SRR7976149rbin.5.gz	161
SRR7976149rbin.9.gz	104
SRR7976150rbin.15.gz	101
SRR7976150rbin.4.gz	20
SRR7976150rbin.7.gz	56
SRR7976235rbin.11.gz	86
SRR7976235rbin.12.gz	63
SRR7976235rbin.14.gz	112
SRR7976235rbin.16.gz	66
SRR7976235rbin.17.gz	24
SRR7976235rbin.18.gz	78
SRR7976235rbin.19.gz	50
SRR7976235rbin.1.gz	101
SRR7976235rbin.22.gz	48
SRR7976235rbin.24.gz	39
SRR7976235rbin.26.gz	46
SRR7976235rbin.27.gz	110
SRR7976235rbin.31.gz	21
SRR7976235rbin.3.gz	127
SRR7976235rbin.4.gz	104
SRR7976235rbin.5.gz	133
SRR7976235rbin.6.gz	272
SRR7976235rbin.8.gz	61
SRR7976237rbin.13.gz	252
SRR7976237rbin.14.gz	83
SRR7976237rbin.15.gz	80
SRR7976237rbin.18.gz	51
SRR7976237rbin.19.gz	113
SRR7976237rbin.21.gz	70
SRR7976237rbin.23.gz	35
SRR7976237rbin.28.gz	20
SRR7976237rbin.2.gz	140
SRR7976237rbin.30.gz	118
SRR7976237rbin.31.gz	42
SRR7976237rbin.34.gz	227
SRR7976237rbin.35.gz	134
SRR7976237rbin.36.gz	193
SRR7976237rbin.37.gz	289
SRR7976237rbin.39.gz	60
SRR7976237rbin.40.gz	78
SRR7976237rbin.41.gz	63
SRR7976237rbin.42.gz	32
SRR7976237rbin.44.gz	143
SRR7976237rbin.45.gz	72
SRR7976237rbin.4.gz	60
SRR7976237rbin.5.gz	120
SRR7976237rbin.6.gz	118
SRR7976237rbin.9.gz	101
SRR7976238rbin.12.gz	11
SRR7976238rbin.18.gz	59
SRR7976238rbin.2.gz	58
SRR7976238rbin.3.gz	55
SRR7976238rbin.7.gz	64
SRR7976238rbin.8.gz	57
SRR7976247rbin.10.gz	57
SRR7976247rbin.12.gz	67
SRR7976247rbin.13.gz	26
SRR7976247rbin.14.gz	36
SRR7976247rbin.15.gz	51
SRR7976247rbin.16.gz	114
SRR7976247rbin.18.gz	50
SRR7976247rbin.19.gz	77
SRR7976247rbin.1.gz	70
SRR7976247rbin.20.gz	49
SRR7976247rbin.21.gz	115
SRR7976247rbin.22.gz	93
SRR7976247rbin.24.gz	67
SRR7976247rbin.25.gz	75
SRR7976247rbin.26.gz	46
SRR7976247rbin.27.gz	101
SRR7976247rbin.29.gz	43
SRR7976247rbin.2.gz	204
SRR7976247rbin.33.gz	44
SRR7976247rbin.34.gz	217
SRR7976247rbin.35.gz	85
SRR7976247rbin.3.gz	75
SRR7976247rbin.5.gz	87
SRR7976247rbin.6.gz	113
SRR7976247rbin.7.gz	127
SRR7976247rbin.8.gz	72
SRR7976247rbin.9.gz	79
SRR7976294rbin.1.gz	314
SRR7976294rbin.4.gz	53
SRR7976294rbin.6.gz	94
SRR7976294rbin.7.gz	77
SRR8090375rbin.10.gz	172
SRR8090375rbin.11.gz	149
SRR8090375rbin.12.gz	46
SRR8090375rbin.1.gz	36
SRR8090375rbin.3.gz	9
SRR8090375rbin.4.gz	22
SRR8090375rbin.5.gz	56
SRR8090375rbin.6.gz	87
SRR8100014rbin.2.gz	27
SRR8100014rbin.9.gz	145
SRR8100016rbin.2.gz	121
SRR8100016rbin.3.gz	35
SRR8100016rbin.6.gz	33
SRR8100017rbin.5.gz	105
SRR8100019rbin.1.gz	28
SRR8100019rbin.5.gz	36
SRR8100020rbin.10.gz	81
SRR8100020rbin.9.gz	124
SRR8100027rbin.2.gz	56
SRR8100029rbin.1.gz	183
SRR8100044rbin.1.gz	122
SRR8100044rbin.4.gz	156
SRR8100044rbin.6.gz	112
SRR8185399rbin.1.gz	54
SRR8185399rbin.2.gz	40
SRR8185399rbin.3.gz	74
SRR8185399rbin.4.gz	23
SRR8185400rbin.1.gz	45
SRR8185400rbin.3.gz	31
SRR8185400rbin.4.gz	64
SRR8185401rbin.2.gz	80
SRR8185401rbin.5.gz	120
SRR8185402rbin.2.gz	115
SRR8185402rbin.5.gz	51
SRR8185403rbin.1.gz	34
SRR8185403rbin.2.gz	212
SRR8185403rbin.4.gz	104
SRR8185404rbin.1.gz	19
SRR8185404rbin.3.gz	40
SRR8185406rbin.2.gz	49
SRR8185407rbin.1.gz	64
SRR8185407rbin.3.gz	46
SRR8185407rbin.4.gz	161
SRR8185407rbin.5.gz	37
SRR8185408rbin.3.gz	366
SRR8185410rbin.2.gz	66
SRR8199877rbin.1.gz	62
SRR8199877rbin.3.gz	66
SRR8199877rbin.4.gz	46
SRR8199877rbin.5.gz	74
SRR8199878rbin.3.gz	40
SRR8199878rbin.4.gz	31
SRR8205300rbin.2.gz	76
SRR8205303rbin.1.gz	90
SRR8205304rbin.2.gz	33
SRR8205304rbin.3.gz	69
SRR8205304rbin.4.gz	73
SRR8205304rbin.5.gz	118
SRR8205304rbin.7.gz	49
SRR8205305rbin.2.gz	69
SRR8205305rbin.3.gz	40
SRR8205308rbin.2.gz	102
SRR8205308rbin.4.gz	93
SRR8205309rbin.1.gz	58
SRR8205309rbin.4.gz	38
SRR8205309rbin.5.gz	58
SRR8205309rbin.7.gz	34
SRR8205310rbin.2.gz	79
SRR8205312rbin.2.gz	30
SRR8205312rbin.3.gz	34
SRR8205312rbin.5.gz	44
SRR8205314rbin.3.gz	57
SRR8435584rbin.1.gz	91
SRR8435635rbin.1.gz	81
SRR8437982rbin.2.gz	59
SRR8437982rbin.3.gz	37
SRR8437984rbin.2.gz	60
SRR8438001rbin.1.gz	73
SRR8438001rbin.3.gz	36
SRR8438002rbin.3.gz	112
SRR8438002rbin.4.gz	40
SRR8438364rbin.1.gz	74
SRR8438364rbin.5.gz	76
SRR8438364rbin.6.gz	49
SRR8438364rbin.7.gz	46
SRR8438364rbin.9.gz	48
SRR8438365rbin.1.gz	53
SRR8438377rbin.2.gz	128
SRR8438377rbin.4.gz	95
SRR8438377rbin.5.gz	32
SRR8438377rbin.6.gz	86
SRR8438987rbin.11.gz	16
SRR8438987rbin.13.gz	11
SRR8438987rbin.14.gz	18
SRR8438987rbin.15.gz	67
SRR8438987rbin.17.gz	34
SRR8438987rbin.18.gz	107
SRR8438987rbin.19.gz	110
SRR8438987rbin.1.gz	43
SRR8438987rbin.20.gz	22
SRR8438987rbin.21.gz	136
SRR8438987rbin.22.gz	58
SRR8438987rbin.23.gz	41
SRR8438987rbin.24.gz	24
SRR8438987rbin.25.gz	54
SRR8438987rbin.26.gz	44
SRR8438987rbin.2.gz	12
SRR8438987rbin.3.gz	26
SRR8438987rbin.4.gz	84
SRR8438987rbin.6.gz	44
SRR8438987rbin.7.gz	54
SRR8438987rbin.8.gz	37
SRR8438987rbin.9.gz	52
SRR8438988rbin.1.gz	32
SRR8438988rbin.2.gz	39
SRR8438988rbin.5.gz	99
SRR8438988rbin.6.gz	73
SRR8438988rbin.8.gz	83
SRR8438989rbin.1.gz	85
SRR8438990rbin.11.gz	40
SRR8438990rbin.14.gz	24
SRR8438990rbin.15.gz	75
SRR8438990rbin.16.gz	47
SRR8438990rbin.17.gz	60
SRR8438990rbin.18.gz	66
SRR8438990rbin.1.gz	60
SRR8438990rbin.20.gz	62
SRR8438990rbin.22.gz	60
SRR8438990rbin.25.gz	104
SRR8438990rbin.26.gz	35
SRR8438990rbin.27.gz	58
SRR8438990rbin.28.gz	62
SRR8438990rbin.2.gz	55
SRR8438990rbin.3.gz	57
SRR8438990rbin.4.gz	28
SRR8438990rbin.7.gz	82
SRR8438990rbin.9.gz	85
SRR8438992rbin.10.gz	51
SRR8438992rbin.11.gz	29
SRR8438992rbin.12.gz	104
SRR8438992rbin.14.gz	57
SRR8438992rbin.15.gz	152
SRR8438992rbin.16.gz	42
SRR8438992rbin.17.gz	45
SRR8438992rbin.19.gz	93
SRR8438992rbin.20.gz	44
SRR8438992rbin.21.gz	13
SRR8438992rbin.25.gz	50
SRR8438992rbin.26.gz	40
SRR8438992rbin.27.gz	68
SRR8438992rbin.29.gz	26
SRR8438992rbin.2.gz	52
SRR8438992rbin.3.gz	41
SRR8438992rbin.5.gz	50
SRR8438992rbin.6.gz	83
SRR8438992rbin.7.gz	58
SRR8438992rbin.8.gz	28
SRR8439257rbin.10.gz	57
SRR8439257rbin.11.gz	119
SRR8439257rbin.13.gz	55
SRR8439257rbin.14.gz	64
SRR8439257rbin.2.gz	72
SRR8439257rbin.5.gz	108
SRR8439257rbin.6.gz	45
SRR8439257rbin.8.gz	64
SRR8439262rbin.10.gz	111
SRR8439262rbin.11.gz	35
SRR8439262rbin.12.gz	230
SRR8439262rbin.13.gz	79
SRR8439262rbin.14.gz	40
SRR8439262rbin.15.gz	159
SRR8439262rbin.16.gz	86
SRR8439262rbin.17.gz	49
SRR8439262rbin.18.gz	31
SRR8439262rbin.19.gz	47
SRR8439262rbin.1.gz	89
SRR8439262rbin.21.gz	71
SRR8439262rbin.24.gz	94
SRR8439262rbin.25.gz	33
SRR8439262rbin.26.gz	85
SRR8439262rbin.27.gz	112
SRR8439262rbin.28.gz	70
SRR8439262rbin.29.gz	176
SRR8439262rbin.2.gz	140
SRR8439262rbin.30.gz	228
SRR8439262rbin.31.gz	60
SRR8439262rbin.32.gz	118
SRR8439262rbin.34.gz	98
SRR8439262rbin.35.gz	42
SRR8439262rbin.36.gz	68
SRR8439262rbin.37.gz	40
SRR8439262rbin.38.gz	103
SRR8439262rbin.39.gz	65
SRR8439262rbin.3.gz	94
SRR8439262rbin.40.gz	67
SRR8439262rbin.41.gz	82
SRR8439262rbin.42.gz	105
SRR8439262rbin.43.gz	79
SRR8439262rbin.44.gz	139
SRR8439262rbin.45.gz	215
SRR8439262rbin.46.gz	59
SRR8439262rbin.49.gz	132
SRR8439262rbin.4.gz	30
SRR8439262rbin.50.gz	80
SRR8439262rbin.51.gz	77
SRR8439262rbin.52.gz	38
SRR8439262rbin.5.gz	67
SRR8439262rbin.7.gz	37
SRR8439262rbin.8.gz	82
SRR8439262rbin.9.gz	24
SRR8439391rbin.1.gz	61
SRR8439391rbin.2.gz	19
SRR8439391rbin.6.gz	88
SRR8440673rbin.10.gz	59
SRR8440673rbin.11.gz	66
SRR8440673rbin.12.gz	65
SRR8440673rbin.14.gz	147
SRR8440673rbin.15.gz	40
SRR8440673rbin.16.gz	137
SRR8440673rbin.17.gz	135
SRR8440673rbin.18.gz	141
SRR8440673rbin.1.gz	129
SRR8440673rbin.2.gz	82
SRR8440673rbin.3.gz	163
SRR8440673rbin.4.gz	131
SRR8440673rbin.5.gz	120
SRR8440673rbin.6.gz	106
SRR8440673rbin.7.gz	50
SRR8440673rbin.8.gz	83
SRR8440673rbin.9.gz	70
SRR8442864rbin.1.gz	46
SRR8442864rbin.4.gz	84
SRR8442864rbin.5.gz	114
SRR8442864rbin.6.gz	73
SRR8442864rbin.8.gz	46
SRR8442865rbin.1.gz	102
SRR8442865rbin.2.gz	86
SRR8442865rbin.4.gz	106
SRR8442865rbin.5.gz	60
SRR8442865rbin.6.gz	135
SRR8442866rbin.1.gz	115
SRR8442866rbin.3.gz	91
SRR8442867rbin.1.gz	127
SRR8442867rbin.2.gz	48
SRR8442867rbin.3.gz	154
SRR8443306rbin.2.gz	116
SRR8443307rbin.1.gz	60
SRR8443320rbin.2.gz	132
SRR8443323rbin.2.gz	160
SRR8465118rbin.1.gz	37
SRR8487011rbin.1.gz	5
SRR8487012rbin.1.gz	36
SRR8487022rbin.1.gz	21
SRR8487025rbin.11.gz	89
SRR8487025rbin.12.gz	82
SRR8487025rbin.14.gz	40
SRR8487025rbin.2.gz	72
SRR8487025rbin.3.gz	76
SRR8487025rbin.4.gz	71
SRR8487025rbin.5.gz	70
SRR8487025rbin.6.gz	64
SRR8487025rbin.9.gz	70
SRR8487026rbin.1.gz	39
SRR8487039rbin.1.gz	26
SRR8487040rbin.1.gz	30
SRR8489891rbin.1.gz	64
SRR8489895rbin.1.gz	53
SRR8489900rbin.1.gz	32
SRR8489911rbin.2.gz	7
SRR8489912rbin.1.gz	9
SRR8489916rbin.2.gz	27
SRR8489917rbin.4.gz	44
SRR8489917rbin.5.gz	41
SRR8500449rbin.2.gz	101
SRR8500449rbin.3.gz	67
SRR8500449rbin.4.gz	53
SRR8500449rbin.5.gz	29
SRR8500450rbin.2.gz	52
SRR8500450rbin.3.gz	228
SRR8500456rbin.2.gz	54
SRR8500456rbin.3.gz	25
SRR8500457rbin.2.gz	116
SRR8500458rbin.1.gz	83
SRR8500465rbin.1.gz	20
SRR8500478rbin.3.gz	39
SRR8500479rbin.1.gz	76
SRR8500482rbin.3.gz	63
SRR8500485rbin.2.gz	32
SRR8500485rbin.3.gz	121
SRR8500485rbin.5.gz	32
SRR8500485rbin.6.gz	35
SRR8500488rbin.1.gz	23
SRR8500488rbin.3.gz	79
SRR8500488rbin.6.gz	32
SRR8500490rbin.2.gz	31
SRR8536152rbin.1.gz	22
SRR8536188rbin.10.gz	26
SRR8536188rbin.11.gz	69
SRR8536188rbin.15.gz	55
SRR8536188rbin.17.gz	90
SRR8536188rbin.18.gz	40
SRR8536188rbin.19.gz	79
SRR8536188rbin.1.gz	21
SRR8536188rbin.2.gz	49
SRR8536188rbin.3.gz	145
SRR8536188rbin.5.gz	16
SRR8536188rbin.7.gz	51
SRR8536189rbin.11.gz	139
SRR8536189rbin.12.gz	118
SRR8536189rbin.13.gz	42
SRR8536189rbin.1.gz	30
SRR8536189rbin.4.gz	94
SRR8536189rbin.5.gz	128
SRR8536189rbin.6.gz	37
SRR8536189rbin.7.gz	156
SRR8536189rbin.8.gz	40
SRR8536189rbin.9.gz	100
SRR8536191rbin.10.gz	74
SRR8536191rbin.11.gz	51
SRR8536191rbin.13.gz	83
SRR8536191rbin.2.gz	69
SRR8536191rbin.4.gz	43
SRR8536191rbin.5.gz	94
SRR8536191rbin.6.gz	42
SRR8536191rbin.8.gz	105
SRR8536191rbin.9.gz	63
SRR8536201rbin.1.gz	78
SRR8536201rbin.3.gz	76
SRR8536941rbin.1.gz	6
SRR8543488rbin.10.gz	99
SRR8543488rbin.11.gz	65
SRR8543488rbin.12.gz	98
SRR8543488rbin.13.gz	59
SRR8543488rbin.14.gz	48
SRR8543488rbin.15.gz	107
SRR8543488rbin.16.gz	99
SRR8543488rbin.17.gz	50
SRR8543488rbin.18.gz	78
SRR8543488rbin.19.gz	51
SRR8543488rbin.1.gz	53
SRR8543488rbin.20.gz	38
SRR8543488rbin.21.gz	124
SRR8543488rbin.22.gz	128
SRR8543488rbin.23.gz	59
SRR8543488rbin.24.gz	76
SRR8543488rbin.25.gz	59
SRR8543488rbin.26.gz	133
SRR8543488rbin.27.gz	65
SRR8543488rbin.28.gz	36
SRR8543488rbin.29.gz	104
SRR8543488rbin.30.gz	152
SRR8543488rbin.3.gz	98
SRR8543488rbin.4.gz	69
SRR8543488rbin.5.gz	212
SRR8543488rbin.6.gz	133
SRR8543488rbin.7.gz	108
SRR8543488rbin.8.gz	114
SRR8543488rbin.9.gz	123
SRR8544467rbin.10.gz	74
SRR8544467rbin.11.gz	33
SRR8544467rbin.12.gz	62
SRR8544467rbin.13.gz	45
SRR8544467rbin.15.gz	46
SRR8544467rbin.16.gz	63
SRR8544467rbin.17.gz	70
SRR8544467rbin.18.gz	16
SRR8544467rbin.19.gz	55
SRR8544467rbin.1.gz	101
SRR8544467rbin.20.gz	49
SRR8544467rbin.21.gz	106
SRR8544467rbin.22.gz	62
SRR8544467rbin.23.gz	29
SRR8544467rbin.24.gz	61
SRR8544467rbin.25.gz	32
SRR8544467rbin.26.gz	63
SRR8544467rbin.27.gz	59
SRR8544467rbin.28.gz	59
SRR8544467rbin.29.gz	26
SRR8544467rbin.2.gz	56
SRR8544467rbin.31.gz	36
SRR8544467rbin.32.gz	36
SRR8544467rbin.33.gz	36
SRR8544467rbin.34.gz	15
SRR8544467rbin.35.gz	109
SRR8544467rbin.36.gz	50
SRR8544467rbin.37.gz	13
SRR8544467rbin.38.gz	33
SRR8544467rbin.39.gz	35
SRR8544467rbin.3.gz	101
SRR8544467rbin.40.gz	84
SRR8544467rbin.41.gz	63
SRR8544467rbin.42.gz	78
SRR8544467rbin.43.gz	95
SRR8544467rbin.4.gz	48
SRR8544467rbin.5.gz	74
SRR8544467rbin.6.gz	40
SRR8544467rbin.7.gz	38
SRR8544467rbin.8.gz	94
SRR8544467rbin.9.gz	63
SRR8549365rbin.10.gz	76
SRR8549365rbin.11.gz	31
SRR8549365rbin.12.gz	73
SRR8549365rbin.13.gz	49
SRR8549365rbin.14.gz	85
SRR8549365rbin.16.gz	119
SRR8549365rbin.17.gz	65
SRR8549365rbin.19.gz	33
SRR8549365rbin.1.gz	161
SRR8549365rbin.23.gz	80
SRR8549365rbin.26.gz	52
SRR8549365rbin.28.gz	112
SRR8549365rbin.2.gz	126
SRR8549365rbin.30.gz	114
SRR8549365rbin.33.gz	97
SRR8549365rbin.35.gz	145
SRR8549365rbin.3.gz	85
SRR8553626rbin.1.gz	101
SRR8553626rbin.2.gz	33
SRR8553626rbin.4.gz	39
SRR8553627rbin.10.gz	42
SRR8553627rbin.2.gz	52
SRR8553627rbin.5.gz	9
SRR8553627rbin.6.gz	29
SRR8553627rbin.8.gz	82
SRR8553628rbin.10.gz	45
SRR8553628rbin.11.gz	47
SRR8553628rbin.12.gz	64
SRR8553628rbin.13.gz	41
SRR8553628rbin.15.gz	130
SRR8553628rbin.17.gz	31
SRR8553628rbin.2.gz	68
SRR8553628rbin.5.gz	42
SRR8553628rbin.6.gz	69
SRR8553628rbin.7.gz	63
SRR8553635rbin.5.gz	56
SRR8553635rbin.6.gz	56
SRR8553636rbin.10.gz	53
SRR8553636rbin.12.gz	83
SRR8553636rbin.14.gz	109
SRR8553636rbin.1.gz	24
SRR8553636rbin.3.gz	10
SRR8553636rbin.5.gz	31
SRR8553636rbin.9.gz	71
SRR8553638rbin.10.gz	68
SRR8553638rbin.12.gz	125
SRR8553638rbin.13.gz	29
SRR8553638rbin.1.gz	37
SRR8553638rbin.3.gz	3
SRR8553638rbin.4.gz	7
SRR8553638rbin.6.gz	64
SRR8553638rbin.9.gz	23
SRR8553639rbin.10.gz	31
SRR8553639rbin.4.gz	8
SRR8553639rbin.7.gz	27
SRR8553641rbin.2.gz	45
SRR8553642rbin.11.gz	70
SRR8553642rbin.12.gz	103
SRR8553642rbin.4.gz	29
SRR8553642rbin.7.gz	47
SRR8554483rbin.103.gz	62
SRR8554483rbin.105.gz	80
SRR8554483rbin.106.gz	89
SRR8554483rbin.107.gz	66
SRR8554483rbin.108.gz	102
SRR8554483rbin.110.gz	27
SRR8554483rbin.111.gz	129
SRR8554483rbin.113.gz	42
SRR8554483rbin.117.gz	61
SRR8554483rbin.11.gz	137
SRR8554483rbin.121.gz	28
SRR8554483rbin.122.gz	81
SRR8554483rbin.125.gz	59
SRR8554483rbin.12.gz	65
SRR8554483rbin.130.gz	135
SRR8554483rbin.131.gz	39
SRR8554483rbin.133.gz	43
SRR8554483rbin.137.gz	65
SRR8554483rbin.13.gz	141
SRR8554483rbin.140.gz	29
SRR8554483rbin.141.gz	35
SRR8554483rbin.142.gz	46
SRR8554483rbin.15.gz	47
SRR8554483rbin.17.gz	94
SRR8554483rbin.1.gz	72
SRR8554483rbin.20.gz	86
SRR8554483rbin.21.gz	11
SRR8554483rbin.22.gz	85
SRR8554483rbin.26.gz	9
SRR8554483rbin.27.gz	40
SRR8554483rbin.28.gz	51
SRR8554483rbin.2.gz	135
SRR8554483rbin.33.gz	47
SRR8554483rbin.34.gz	81
SRR8554483rbin.36.gz	69
SRR8554483rbin.38.gz	11
SRR8554483rbin.46.gz	51
SRR8554483rbin.49.gz	70
SRR8554483rbin.4.gz	46
SRR8554483rbin.50.gz	54
SRR8554483rbin.53.gz	62
SRR8554483rbin.55.gz	57
SRR8554483rbin.56.gz	38
SRR8554483rbin.58.gz	63
SRR8554483rbin.59.gz	56
SRR8554483rbin.61.gz	11
SRR8554483rbin.65.gz	72
SRR8554483rbin.6.gz	107
SRR8554483rbin.70.gz	43
SRR8554483rbin.71.gz	131
SRR8554483rbin.73.gz	37
SRR8554483rbin.76.gz	76
SRR8554483rbin.7.gz	31
SRR8554483rbin.80.gz	54
SRR8554483rbin.81.gz	38
SRR8554483rbin.84.gz	37
SRR8554483rbin.86.gz	148
SRR8554483rbin.87.gz	91
SRR8554483rbin.88.gz	89
SRR8554483rbin.92.gz	90
SRR8554483rbin.94.gz	114
SRR8554483rbin.97.gz	47
SRR8554483rbin.98.gz	63
SRR8554483rbin.99.gz	70
SRR8554485rbin.101.gz	19
SRR8554485rbin.103.gz	56
SRR8554485rbin.104.gz	39
SRR8554485rbin.105.gz	54
SRR8554485rbin.107.gz	66
SRR8554485rbin.10.gz	92
SRR8554485rbin.110.gz	41
SRR8554485rbin.113.gz	38
SRR8554485rbin.115.gz	113
SRR8554485rbin.119.gz	20
SRR8554485rbin.120.gz	19
SRR8554485rbin.121.gz	51
SRR8554485rbin.125.gz	52
SRR8554485rbin.128.gz	58
SRR8554485rbin.131.gz	283
SRR8554485rbin.134.gz	32
SRR8554485rbin.135.gz	145
SRR8554485rbin.136.gz	76
SRR8554485rbin.139.gz	36
SRR8554485rbin.141.gz	41
SRR8554485rbin.144.gz	29
SRR8554485rbin.147.gz	33
SRR8554485rbin.149.gz	62
SRR8554485rbin.150.gz	62
S334bin.1.gz	35
S334bin.2.gz	11
S334bin.3.gz	43
S334bin.4.gz	132
S334bin.5.gz	49
S334bin.6.gz	48
S334bin.7.gz	113
S334bin.8.gz	47
S335bin.10.gz	78
S335bin.11.gz	111
S335bin.12.gz	32
S335bin.13.gz	52
S335bin.14.gz	97
S335bin.15.gz	88
S335bin.16.gz	24
S335bin.17.gz	53
S335bin.18.gz	33
S335bin.1.gz	134
S335bin.20.gz	36
S335bin.21.gz	95
S335bin.2.gz	69
S335bin.4.gz	46
S335bin.5.gz	139
S335bin.6.gz	75
S335bin.7.gz	101
S335bin.9.gz	144
S339bin.1.gz	52
S339bin.3.gz	47
S342bin.1.gz	42
S342bin.2.gz	22
S342bin.3.gz	51
S342bin.4.gz	49
S344bin.10.gz	55
S344bin.12.gz	30
S344bin.13.gz	45
S344bin.1.gz	57
S344bin.2.gz	104
S344bin.3.gz	59
S344bin.4.gz	24
S344bin.5.gz	29
S344bin.6.gz	8
S344bin.7.gz	21
S344bin.8.gz	11
S344bin.9.gz	39
S351bin.10.gz	126
S351bin.11.gz	49
S351bin.12.gz	75
S351bin.15.gz	67
S351bin.16.gz	62
S351bin.17.gz	59
S351bin.1.gz	108
S351bin.21.gz	115
S351bin.22.gz	68
S351bin.23.gz	59
S351bin.24.gz	86
S351bin.26.gz	90
S351bin.27.gz	168
S351bin.3.gz	63
S351bin.6.gz	76
S351bin.7.gz	62
S351bin.8.gz	136
S351bin.9.gz	187
S354bin.11.gz	133
S354bin.12.gz	49
S354bin.13.gz	183
S354bin.14.gz	25
S354bin.15.gz	69
S354bin.16.gz	102
S354bin.17.gz	110
S354bin.18.gz	102
S354bin.19.gz	30
S354bin.1.gz	82
S354bin.21.gz	65
S354bin.22.gz	16
S354bin.23.gz	61
S354bin.24.gz	105
S354bin.2.gz	164
S354bin.4.gz	20
S354bin.5.gz	58
S354bin.6.gz	40
S354bin.7.gz	140
S354bin.8.gz	73
S354bin.9.gz	44
S35rbin.10.gz	78
S35rbin.2.gz	104
S35rbin.3.gz	89
S35rbin.5.gz	90
S35rbin.6.gz	28
S35rbin.7.gz	87
S35rbin.8.gz	76
S361bin.10.gz	12
S361bin.1.gz	64
S361bin.4.gz	66
S361bin.6.gz	78
S361bin.7.gz	103
S361bin.9.gz	48
S363bin.1.gz	52
S366bin.10.gz	168
S366bin.11.gz	178
S366bin.12.gz	32
S366bin.13.gz	24
S366bin.16.gz	86
S366bin.17.gz	24
S366bin.18.gz	74
S366bin.19.gz	75
S366bin.1.gz	96
S366bin.20.gz	86
S366bin.21.gz	24
S366bin.23.gz	34
S366bin.24.gz	67
S366bin.25.gz	37
S366bin.26.gz	47
S366bin.28.gz	13
S366bin.29.gz	62
S366bin.2.gz	42
S366bin.30.gz	113
S366bin.31.gz	31
S366bin.32.gz	73
S366bin.33.gz	69
S366bin.34.gz	52
S366bin.35.gz	89
S366bin.36.gz	122
S366bin.38.gz	76
S366bin.39.gz	61
S366bin.3.gz	113
S366bin.40.gz	67
S366bin.42.gz	103
S366bin.44.gz	82
S366bin.46.gz	101
S366bin.47.gz	162
S366bin.48.gz	31
S366bin.4.gz	155
S366bin.50.gz	65
S366bin.51.gz	44
S366bin.53.gz	61
S366bin.54.gz	27
S366bin.56.gz	44
S366bin.57.gz	64
S366bin.58.gz	105
S366bin.59.gz	123
S366bin.5.gz	49
S366bin.60.gz	125
S366bin.61.gz	51
S366bin.62.gz	18
S366bin.63.gz	73
S366bin.64.gz	108
S366bin.65.gz	96
S366bin.67.gz	40
S366bin.68.gz	168
S366bin.69.gz	73
S366bin.6.gz	73
S366bin.70.gz	89
S366bin.71.gz	38
S366bin.72.gz	104
S366bin.73.gz	73
S366bin.74.gz	57
S366bin.75.gz	71
S366bin.77.gz	73
S366bin.78.gz	109
S366bin.7.gz	72
S366bin.81.gz	59
S366bin.82.gz	53
S366bin.83.gz	56
S366bin.85.gz	103
S366bin.86.gz	59
S366bin.87.gz	52
S366bin.89.gz	81
S366bin.8.gz	46
S366bin.9.gz	116
S369bin.1.gz	17
S369bin.2.gz	28
S369bin.3.gz	32
S379bin.1.gz	95
S379bin.2.gz	58
S379bin.3.gz	131
S379bin.4.gz	151
S379bin.5.gz	81
S379bin.6.gz	43
S379bin.7.gz	60
S37rbin.10.gz	58
S37rbin.11.gz	48
S37rbin.13.gz	84
S37rbin.1.gz	69
S37rbin.3.gz	29
S37rbin.5.gz	19
S37rbin.6.gz	76
S37rbin.8.gz	49
S37rbin.9.gz	81
S380bin.1.gz	65
S380bin.2.gz	55
S380bin.3.gz	26
S380bin.4.gz	120
S380bin.5.gz	75
S380bin.6.gz	46
S380bin.8.gz	21
S380bin.9.gz	38
S381bin.1.gz	82
S381bin.2.gz	11
S381bin.4.gz	38
S381bin.6.gz	81
S381bin.7.gz	56
S381bin.8.gz	46
S383bin.1.gz	51
S383bin.2.gz	84
S383bin.3.gz	32
S383bin.4.gz	46
S383bin.5.gz	39
S383bin.6.gz	50
S383bin.7.gz	99
S383bin.8.gz	23
S383bin.9.gz	35
S384bin.1.gz	90
S384bin.2.gz	319
S384bin.3.gz	68
S385bin.12.gz	67
S385bin.13.gz	92
S385bin.14.gz	65
S385bin.2.gz	26
S385bin.3.gz	61
S385bin.4.gz	71
S385bin.5.gz	101
S385bin.6.gz	56
S385bin.8.gz	69
S385bin.9.gz	13
S386bin.10.gz	42
S386bin.11.gz	27
S386bin.1.gz	44
S386bin.2.gz	31
S386bin.3.gz	18
S386bin.4.gz	12
S386bin.5.gz	41
S386bin.6.gz	157
S386bin.7.gz	65
S386bin.8.gz	224
S386bin.9.gz	49
S387bin.10.gz	142
S387bin.11.gz	150
S387bin.12.gz	30
S387bin.13.gz	35
S387bin.14.gz	130
S387bin.15.gz	55
S387bin.16.gz	74
S387bin.17.gz	62
S387bin.18.gz	216
S387bin.19.gz	38
S387bin.1.gz	33
S387bin.20.gz	73
S387bin.21.gz	55
S387bin.22.gz	17
S387bin.23.gz	71
S387bin.24.gz	64
S387bin.25.gz	25
S387bin.26.gz	129
S387bin.28.gz	56
S387bin.2.gz	91
S387bin.30.gz	99
S387bin.32.gz	123
S387bin.33.gz	55
S387bin.35.gz	56
S387bin.41.gz	61
S387bin.42.gz	83
S387bin.43.gz	47
S387bin.44.gz	179
S387bin.4.gz	13
S387bin.5.gz	70
S387bin.6.gz	72
S387bin.7.gz	37
S387bin.8.gz	24
S387bin.9.gz	57
S389bin.1.gz	57
S389bin.2.gz	20
S389bin.3.gz	23
S389bin.4.gz	25
S389bin.5.gz	23
S389bin.6.gz	21
S389bin.7.gz	19
S38rbin.1.gz	35
S38rbin.2.gz	72
S38rbin.4.gz	89
S38rbin.5.gz	76
S38rbin.6.gz	38
S38rbin.8.gz	49
S38rbin.9.gz	134
S390bin.10.gz	69
S390bin.11.gz	52
S390bin.12.gz	62
S390bin.13.gz	92
S390bin.14.gz	59
S390bin.16.gz	73
S390bin.17.gz	218
S390bin.19.gz	199
S390bin.1.gz	105
S390bin.21.gz	50
S390bin.24.gz	83
S390bin.25.gz	57
S390bin.26.gz	42
S390bin.27.gz	35
S390bin.28.gz	13
S390bin.29.gz	74
S390bin.30.gz	27
S390bin.3.gz	84
S390bin.4.gz	51
S390bin.5.gz	86
S390bin.7.gz	61
S390bin.8.gz	24
S390bin.9.gz	19
S391bin.1.gz	61
S391bin.2.gz	30
S391bin.3.gz	91
S391bin.4.gz	29
S393bin.1.gz	107
S393bin.4.gz	28
S393bin.5.gz	54
S393bin.8.gz	45
S393bin.9.gz	23
S394bin.1.gz	55
S394bin.2.gz	40
S394bin.3.gz	146
S394bin.4.gz	66
S394bin.5.gz	34
S3rebin.1.gz	81
S3rebin.3.gz	58
S3rebin.4.gz	46
S3rebin.5.gz	62
S3rebin.7.gz	61
S3rebin.8.gz	88
S400bin.10.gz	59
S400bin.11.gz	112
S400bin.12.gz	103
S400bin.14.gz	343
S400bin.15.gz	57
S400bin.16.gz	90
S400bin.17.gz	35
S400bin.1.gz	115
S400bin.2.gz	87
S400bin.3.gz	24
S400bin.4.gz	51
S400bin.5.gz	120
S400bin.6.gz	61
S400bin.7.gz	116
S400bin.8.gz	242
S401bin.6.gz	41
S401bin.7.gz	52
S402bin.12.gz	17
S402bin.15.gz	45
S402bin.16.gz	18
S402bin.17.gz	22
S402bin.18.gz	17
S402bin.1.gz	89
S402bin.2.gz	47
S402bin.4.gz	78
S402bin.7.gz	23
S402bin.8.gz	53
S402bin.9.gz	77
S403bin.11.gz	49
S403bin.13.gz	48
S403bin.1.gz	13
S403bin.3.gz	22
S403bin.8.gz	41
S404bin.2.gz	51
S404bin.3.gz	56
S404bin.4.gz	30
S404bin.5.gz	72
S404bin.8.gz	62
S404bin.9.gz	103
S405bin.1.gz	29
S405bin.2.gz	24
S405bin.3.gz	107
S405bin.4.gz	71
S405bin.5.gz	28
S405bin.6.gz	114
S405bin.8.gz	36
S406bin.10.gz	116
S406bin.11.gz	115
S406bin.12.gz	42
S406bin.13.gz	64
S406bin.14.gz	82
S406bin.16.gz	73
S406bin.17.gz	282
S406bin.19.gz	91
S406bin.1.gz	61
S406bin.21.gz	150
S406bin.22.gz	47
S406bin.24.gz	145
S406bin.26.gz	155
S406bin.27.gz	116
S406bin.28.gz	212
S406bin.29.gz	88
S406bin.2.gz	61
S406bin.30.gz	65
S406bin.31.gz	79
S406bin.33.gz	45
S406bin.35.gz	56
S406bin.36.gz	48
S406bin.37.gz	123
S406bin.38.gz	252
S406bin.3.gz	30
S406bin.40.gz	137
S406bin.41.gz	68
S406bin.42.gz	27
S406bin.43.gz	98
S406bin.44.gz	66
S406bin.45.gz	21
S406bin.46.gz	81
S406bin.47.gz	75
S406bin.48.gz	64
S406bin.49.gz	71
S406bin.50.gz	117
S406bin.51.gz	78
S406bin.52.gz	88
S406bin.53.gz	91
S406bin.54.gz	116
S406bin.5.gz	99
S406bin.6.gz	86
S406bin.7.gz	212
S406bin.8.gz	16
S406bin.9.gz	21
S408bin.10.gz	90
S408bin.11.gz	35
S408bin.12.gz	13
S408bin.13.gz	54
S408bin.1.gz	80
S408bin.3.gz	43
S408bin.4.gz	145
S408bin.5.gz	58
S408bin.6.gz	61
S408bin.7.gz	82
S408bin.9.gz	146
S412bin.10.gz	58
S412bin.11.gz	38
S412bin.1.gz	40
S412bin.2.gz	14
S412bin.3.gz	62
S412bin.4.gz	55
S412bin.5.gz	99
S412bin.6.gz	66
S412bin.7.gz	21
S412bin.8.gz	128
S412bin.9.gz	73
S42rbin.10.gz	70
S42rbin.1.gz	35
S42rbin.2.gz	56
S42rbin.3.gz	181
S42rbin.4.gz	44
S42rbin.5.gz	132
S42rbin.8.gz	49
S42rbin.9.gz	46
S46rbin.11.gz	135
S46rbin.12.gz	75
S46rbin.13.gz	75
S46rbin.16.gz	39
S46rbin.17.gz	26
S46rbin.1.gz	132
S46rbin.20.gz	59
S46rbin.24.gz	30
S46rbin.27.gz	35
S46rbin.2.gz	48
S46rbin.3.gz	116
S46rbin.4.gz	90
S46rbin.5.gz	16
S47rbin.10.gz	22
S47rbin.11.gz	36
S47rbin.13.gz	44
S47rbin.14.gz	54
S47rbin.15.gz	43
S47rbin.16.gz	38
S47rbin.18.gz	64
S47rbin.19.gz	12
S47rbin.2.gz	69
S47rbin.4.gz	24
S47rbin.5.gz	33
S47rbin.6.gz	31
S47rbin.7.gz	30
S47rbin.8.gz	33
S47rbin.9.gz	64
S48rbin.5.gz	75
S48rbin.7.gz	17
S49rbin.2.gz	33
S49rbin.3.gz	64
S49rbin.5.gz	43
S4rebin.10.gz	28
S4rebin.12.gz	43
S4rebin.13.gz	30
S4rebin.16.gz	47
S4rebin.18.gz	113
S4rebin.19.gz	146
S4rebin.1.gz	13
S4rebin.2.gz	19
S4rebin.3.gz	66
S4rebin.4.gz	102
S4rebin.5.gz	76
S4rebin.6.gz	67
S4rebin.8.gz	17
S50rbin.10.gz	91
S50rbin.2.gz	57
S50rbin.4.gz	51
S50rbin.6.gz	121
S50rbin.7.gz	45
S51rbin.1.gz	55
S51rbin.3.gz	18
S52rbin.1.gz	42
S52rbin.2.gz	69
S56rbin.10.gz	95
S56rbin.12.gz	30
S56rbin.13.gz	79
S56rbin.14.gz	152
S56rbin.16.gz	113
S56rbin.17.gz	12
S56rbin.18.gz	111
S56rbin.1.gz	47
S56rbin.4.gz	21
S56rbin.5.gz	22
S56rbin.6.gz	25
S56rbin.7.gz	63
S56rbin.8.gz	32
S56rbin.9.gz	193
S57rbin.1.gz	43
S57rbin.2.gz	112
S57rbin.5.gz	15
S57rbin.7.gz	9
S58rbin.6.gz	34
S59rbin.2.gz	18
S59rbin.3.gz	47
S59rbin.4.gz	30
S59rbin.5.gz	103
S59rbin.6.gz	78
S59rbin.7.gz	45
S5rebin.10.gz	56
S5rebin.12.gz	64
S5rebin.13.gz	273
S5rebin.16.gz	254
S5rebin.17.gz	66
S5rebin.18.gz	67
S5rebin.1.gz	158
S5rebin.20.gz	71
S5rebin.21.gz	91
S5rebin.22.gz	40
S5rebin.23.gz	61
S5rebin.24.gz	235
S5rebin.25.gz	38
S5rebin.27.gz	108
S5rebin.28.gz	94
S5rebin.29.gz	72
S5rebin.2.gz	78
S5rebin.30.gz	86
S5rebin.31.gz	107
S5rebin.32.gz	356
S5rebin.33.gz	77
S5rebin.34.gz	93
S5rebin.35.gz	282
S5rebin.36.gz	106
S5rebin.37.gz	66
S5rebin.39.gz	18
S5rebin.40.gz	41
S5rebin.41.gz	45
S5rebin.42.gz	228
S5rebin.4.gz	72
S5rebin.5.gz	132
S5rebin.6.gz	14
S5rebin.7.gz	153
S5rebin.9.gz	82
S60rbin.2.gz	27
S60rbin.4.gz	5
S60rbin.8.gz	21
S61rbin.5.gz	107
S61rbin.6.gz	246
S61rbin.7.gz	201
S62rbin.10.gz	19
S62rbin.11.gz	6
S62rbin.12.gz	52
S62rbin.13.gz	110
S62rbin.14.gz	60
S62rbin.15.gz	201
S62rbin.17.gz	139
S62rbin.18.gz	12
S62rbin.19.gz	26
S62rbin.1.gz	40
S62rbin.20.gz	139
S62rbin.21.gz	212
S62rbin.22.gz	44
S62rbin.23.gz	96
S62rbin.24.gz	37
S62rbin.25.gz	197
S62rbin.26.gz	50
S62rbin.27.gz	120
S62rbin.28.gz	58
S62rbin.29.gz	10
S62rbin.2.gz	97
S62rbin.3.gz	88
S62rbin.4.gz	61
S62rbin.5.gz	98
S62rbin.7.gz	57
S62rbin.8.gz	101
S62rbin.9.gz	43
S63rbin.10.gz	37
S63rbin.12.gz	37
S63rbin.13.gz	46
S63rbin.3.gz	116
S63rbin.4.gz	50
S63rbin.7.gz	70
S63rbin.8.gz	30
S63rbin.9.gz	19
S66rbin.1.gz	24
S66rbin.2.gz	43
S66rbin.3.gz	71
S69rbin.10.gz	195
S69rbin.11.gz	94
S69rbin.13.gz	58
S69rbin.14.gz	49
S69rbin.1.gz	39
S69rbin.2.gz	68
S69rbin.3.gz	90
S69rbin.4.gz	24
S69rbin.5.gz	140
S69rbin.6.gz	60
S69rbin.7.gz	62
S69rbin.8.gz	59
S6rebin.1.gz	133
S6rebin.2.gz	41
S6rebin.3.gz	25
S6rebin.4.gz	62
S6rebin.5.gz	132
S6rebin.6.gz	34
S6rebin.7.gz	25
S6rebin.9.gz	61
S70rbin.11.gz	133
S70rbin.13.gz	9
S70rbin.14.gz	77
S70rbin.16.gz	54
S70rbin.18.gz	97
S70rbin.2.gz	57
S70rbin.3.gz	185
S70rbin.5.gz	54
S70rbin.7.gz	46
S70rbin.9.gz	59
S72rbin.11.gz	29
S72rbin.13.gz	24
S72rbin.1.gz	53
S72rbin.2.gz	38
S72rbin.4.gz	68
S72rbin.5.gz	55
S72rbin.7.gz	16
S72rbin.8.gz	50
S72rbin.9.gz	62
S75_BDMbin.11.gz	33
S75_BDMbin.12.gz	45
S75_BDMbin.8.gz	42
S75rbin.11.gz	112
S75rbin.12.gz	284
S75rbin.13.gz	72
S75rbin.15.gz	315
S75rbin.17.gz	130
S75rbin.18.gz	70
S75rbin.1.gz	36
S75rbin.20.gz	48
S75rbin.21.gz	61
S75rbin.22.gz	65
S75rbin.24.gz	138
S75rbin.25.gz	134
S75rbin.26.gz	150
S75rbin.27.gz	82
S75rbin.28.gz	103
S75rbin.2.gz	47
S75rbin.31.gz	81
S75rbin.33.gz	187
S75rbin.34.gz	55
S75rbin.35.gz	13
S75rbin.36.gz	96
S75rbin.37.gz	97
S75rbin.38.gz	60
S75rbin.39.gz	64
S75rbin.3.gz	193
S75rbin.40.gz	40
S75rbin.42.gz	173
S75rbin.46.gz	25
S75rbin.49.gz	118
S75rbin.52.gz	72
S75rbin.53.gz	143
S75rbin.54.gz	43
S75rbin.55.gz	59
S75rbin.57.gz	12
S75rbin.5.gz	64
S75rbin.6.gz	99
S75rbin.7.gz	100
S75rbin.8.gz	160
S76rbin.1.gz	20
S76rbin.2.gz	19
S76rbin.3.gz	39
S76rbin.4.gz	96
S77rbin.2.gz	91
S77rbin.4.gz	36
S7rebin.1.gz	38
S7rebin.3.gz	115
S7rebin.4.gz	265
S8rebin.10.gz	42
S8rebin.12.gz	25
S8rebin.13.gz	11
S8rebin.2.gz	10
S8rebin.4.gz	14
S8rebin.5.gz	53
S91rbin.10.gz	45
S91rbin.12.gz	134
S91rbin.13.gz	24
S91rbin.14.gz	121
S91rbin.16.gz	32
S91rbin.18.gz	133
S91rbin.19.gz	67
S91rbin.1.gz	120
S91rbin.20.gz	38
S91rbin.21.gz	82
S91rbin.2.gz	67
S91rbin.3.gz	66
S91rbin.5.gz	124
S91rbin.6.gz	80
S91rbin.8.gz	79
S92rbin.2.gz	35
S9rebin.3.gz	30
S9rebin.7.gz	40
S9rebin.8.gz	6
SRR10011778bin.1.gz	30
SRR10011783bin.1.gz	97
SRR10011783bin.2.gz	47
SRR10028479bin.1.gz	60
SRR10028479bin.2.gz	26
SRR10028480bin.1.gz	97
SRR10028485bin.1.gz	122
SRR10028485bin.2.gz	27
SRR10028489bin.1.gz	183
SRR10028489bin.3.gz	42
SRR10028490bin.1.gz	85
SRR10028496bin.1.gz	30
SRR10028498bin.1.gz	103
SRR10028506bin.1.gz	70
SRR10028508bin.1.gz	24
SRR10127265bin.1.gz	24
SRR10127265bin.2.gz	33
SRR10127265bin.3.gz	55
SRR10127268bin.1.gz	148
SRR10127268bin.2.gz	26
SRR10127268bin.3.gz	78
SRR10127268bin.4.gz	64
SRR10127268bin.5.gz	121
SRR10127269bin.2.gz	93
SRR10127269bin.3.gz	119
SRR10127269bin.4.gz	50
SRR10127269bin.5.gz	62
SRR10127270bin.1.gz	135
SRR10127270bin.3.gz	50
SRR10127270bin.4.gz	30
SRR10127270bin.5.gz	54
SRR10159347bin.2.gz	81
SRR10159347bin.6.gz	53
SRR10159347bin.7.gz	208
SRR10159347bin.9.gz	42
SRR10159348bin.12.gz	124
SRR10159348bin.13.gz	63
SRR10159348bin.1.gz	33
SRR10159348bin.2.gz	37
SRR10159348bin.3.gz	81
SRR10159349bin.3.gz	202
SRR10159350bin.10.gz	28
SRR10159350bin.12.gz	41
SRR10159350bin.14.gz	94
SRR10159350bin.16.gz	19
SRR10159350bin.17.gz	78
SRR10159350bin.1.gz	128
SRR10159350bin.20.gz	15
SRR10159350bin.22.gz	91
SRR10159350bin.23.gz	54
SRR10159350bin.24.gz	37
SRR10159350bin.25.gz	26
SRR10159350bin.26.gz	42
SRR10159350bin.27.gz	12
SRR10159350bin.30.gz	35
SRR10159350bin.31.gz	91
SRR10159350bin.32.gz	59
SRR10159350bin.34.gz	102
SRR10159350bin.35.gz	73
SRR10159350bin.36.gz	51
SRR10159350bin.37.gz	70
SRR10159350bin.39.gz	33
SRR10159350bin.3.gz	60
SRR10159350bin.6.gz	69
SRR10159350bin.7.gz	112
SRR10159351bin.1.gz	80
SRR10159351bin.3.gz	93
SRR10159351bin.9.gz	103
SRR10159352bin.12.gz	38
SRR10159352bin.15.gz	69
SRR10159352bin.16.gz	80
SRR10159352bin.17.gz	176
SRR10159352bin.19.gz	49
SRR10159352bin.20.gz	106
SRR10159352bin.21.gz	50
SRR10159352bin.23.gz	43
SRR10159352bin.24.gz	46
SRR10159352bin.2.gz	174
SRR10159352bin.8.gz	41
SRR10159352bin.9.gz	27
SRR10159354bin.3.gz	94
SRR10159354bin.8.gz	129
SRR10159355bin.10.gz	62
SRR10159355bin.11.gz	88
SRR10159355bin.12.gz	39
SRR10159355bin.15.gz	27
SRR10159355bin.18.gz	51
SRR10159355bin.19.gz	73
SRR10159355bin.1.gz	63
SRR10159355bin.20.gz	85
SRR10159355bin.23.gz	130
SRR10159355bin.24.gz	119
SRR10159355bin.26.gz	90
SRR10159355bin.3.gz	52
SRR10159355bin.4.gz	61
SRR10159355bin.5.gz	14
SRR10260005bin.1.gz	55
SRR10260005bin.3.gz	54
SRR10260006bin.2.gz	32
SRR10260006bin.3.gz	22
SRR10260006bin.5.gz	136
SRR10260006bin.6.gz	24
SRR10260006bin.8.gz	58
SRR10260007bin.10.gz	46
SRR10260007bin.11.gz	32
SRR10260007bin.1.gz	9
SRR10260007bin.2.gz	51
SRR10260007bin.3.gz	38
SRR10260007bin.4.gz	52
SRR10260007bin.6.gz	89
SRR10260007bin.7.gz	27
SRR10260007bin.8.gz	86
SRR10260007bin.9.gz	24
SRR10260008bin.1.gz	91
SRR10260008bin.2.gz	58
SRR10260008bin.3.gz	55
SRR10260008bin.4.gz	58
SRR10260008bin.5.gz	35
SRR10260008bin.6.gz	84
SRR10260008bin.7.gz	69
SRR10260008bin.8.gz	89
SRR10260008bin.9.gz	62
SRR10260009bin.1.gz	61
SRR10260009bin.2.gz	30
SRR10260009bin.3.gz	52
SRR10260011bin.1.gz	35
SRR10260011bin.2.gz	141
SRR10260011bin.3.gz	63
SRR10260011bin.4.gz	36
SRR10260011bin.5.gz	55
SRR10260011bin.6.gz	35
SRR10260011bin.7.gz	30
SRR10260011bin.8.gz	40
SRR10260011bin.9.gz	107
SRR10260012bin.2.gz	21
SRR10260012bin.3.gz	35
SRR10260012bin.4.gz	19
SRR10260012bin.5.gz	24
SRR10260012bin.6.gz	84
SRR1029957rbin.1.gz	67
SRR1029957rbin.2.gz	28
SRR1029957rbin.4.gz	52
SRR1029957rbin.5.gz	31
SRR10360605bin.3.gz	31
SRR10360606bin.26.gz	55
SRR10360606bin.30.gz	137
SRR10360606bin.3.gz	164
SRR10360606bin.4.gz	89
SRR10360607bin.2.gz	18
SRR10360608bin.11.gz	32
SRR10360608bin.14.gz	91
SRR10360608bin.8.gz	48
SRR10360609bin.13.gz	65
SRR10360609bin.1.gz	27
SRR10360609bin.9.gz	68
SRR10360610bin.1.gz	7
SRR10360610bin.2.gz	87
SRR10360610bin.4.gz	37
SRR10360610bin.5.gz	43
SRR10360610bin.6.gz	144
SRR10360611bin.1.gz	49
SRR10360612bin.10.gz	56
SRR10360612bin.11.gz	119
SRR10360612bin.23.gz	79
SRR10360612bin.26.gz	22
SRR10360612bin.29.gz	56
SRR10360612bin.35.gz	90
SRR10360612bin.36.gz	99
SRR10360612bin.37.gz	76
SRR10360612bin.5.gz	169
SRR10360615bin.10.gz	32
SRR10360615bin.4.gz	15
SRR10360616bin.13.gz	0
SRR10360616bin.17.gz	26
SRR10360616bin.1.gz	55
SRR10360616bin.2.gz	65
SRR10360616bin.3.gz	20
SRR10360616bin.8.gz	34
SRR10360617bin.16.gz	56
SRR10360617bin.1.gz	25
SRR10360617bin.4.gz	28
SRR10360618bin.11.gz	29
SRR10360618bin.16.gz	43
SRR10360618bin.17.gz	86
SRR10360618bin.18.gz	46
SRR10360618bin.20.gz	56
SRR10360618bin.23.gz	73
SRR10360618bin.26.gz	10
SRR10360618bin.2.gz	146
SRR10360618bin.6.gz	45
SRR10360619bin.12.gz	73
SRR10360619bin.15.gz	149
SRR10360619bin.30.gz	150
SRR10360619bin.33.gz	66
SRR10360619bin.34.gz	103
SRR10360619bin.35.gz	177
SRR10360619bin.3.gz	111
SRR10360619bin.5.gz	43
SRR10360619bin.7.gz	114
SRR10360620bin.14.gz	71
SRR10360620bin.15.gz	39
SRR10360620bin.16.gz	64
SRR10360620bin.1.gz	56
SRR10360620bin.20.gz	49
SRR10360620bin.21.gz	112
SRR10360620bin.25.gz	78
SRR10360620bin.26.gz	64
SRR10360620bin.35.gz	48
SRR10360620bin.4.gz	268
SRR10360620bin.5.gz	115
SRR10360621bin.13.gz	113
SRR10360621bin.21.gz	38
SRR10360621bin.24.gz	53
SRR10360621bin.25.gz	137
SRR10360621bin.3.gz	48
SRR10360621bin.6.gz	47
SRR10360621bin.9.gz	50
SRR10360623bin.17.gz	51
SRR10360623bin.19.gz	61
SRR10360623bin.1.gz	124
SRR10360623bin.21.gz	34
SRR10360623bin.22.gz	53
SRR10360623bin.24.gz	79
SRR10360623bin.32.gz	60
SRR10360623bin.33.gz	278
SRR10360623bin.34.gz	101
SRR10360623bin.41.gz	96
SRR10360623bin.47.gz	130
SRR10360623bin.9.gz	44
SRR10360624bin.13.gz	140
SRR10360624bin.17.gz	100
SRR10360624bin.1.gz	49
SRR10360624bin.38.gz	29
SRR10360624bin.40.gz	73
SRR10360624bin.45.gz	36
SRR10360624bin.47.gz	30
SRR10360624bin.48.gz	142
SRR10360624bin.50.gz	104
SRR10360624bin.9.gz	38
SRR10360627bin.14.gz	19
SRR10360627bin.15.gz	34
SRR10360627bin.16.gz	39
SRR10360627bin.19.gz	75
SRR10360627bin.22.gz	146
SRR10360627bin.25.gz	106
SRR10360627bin.2.gz	137
SRR10360627bin.3.gz	91
SRR10360627bin.6.gz	203
SRR10360628bin.10.gz	87
SRR10360628bin.2.gz	136
SRR10360628bin.4.gz	51
SRR10360628bin.8.gz	73
SRR10360628bin.9.gz	37
SRR10360629bin.16.gz	45
SRR10360629bin.5.gz	64
SRR10360630bin.15.gz	158
SRR10360630bin.2.gz	45
SRR10360630bin.32.gz	76
SRR10360630bin.35.gz	64
SRR10360630bin.3.gz	72
SRR10360630bin.41.gz	75
SRR10360630bin.4.gz	31
SRR10360630bin.9.gz	86
SRR10360631bin.15.gz	34
SRR10360631bin.19.gz	74
SRR10360631bin.25.gz	25
SRR10360631bin.27.gz	78
SRR10360631bin.28.gz	181
SRR10360631bin.33.gz	46
SRR10360631bin.35.gz	31
SRR10360631bin.38.gz	29
SRR10360631bin.3.gz	57
SRR10360631bin.40.gz	138
SRR10360631bin.9.gz	108
SRR10360633bin.12.gz	59
SRR10360633bin.4.gz	41
SRR10360633bin.7.gz	88
SRR10360634bin.14.gz	87
SRR10360634bin.1.gz	101
SRR10360634bin.5.gz	26
SRR10360634bin.7.gz	43
SRR10360635bin.11.gz	43
SRR10360635bin.13.gz	105
SRR10360635bin.1.gz	79
SRR10360635bin.4.gz	49
SRR10360635bin.9.gz	31
SRR10360636bin.13.gz	55
SRR10360636bin.4.gz	107
SRR10360636bin.8.gz	83
SRR10360636bin.9.gz	97
SRR10360637bin.2.gz	36
SRR10360638bin.11.gz	35
SRR10360638bin.14.gz	60
SRR10360638bin.1.gz	22
SRR10360640bin.10.gz	93
SRR10360640bin.11.gz	60
SRR10360640bin.18.gz	57
SRR10360640bin.19.gz	54
SRR10360640bin.1.gz	93
SRR10360640bin.21.gz	131
SRR10360640bin.22.gz	46
SRR10360640bin.25.gz	49
SRR10360640bin.3.gz	146
SRR10360640bin.5.gz	52
SRR10360640bin.6.gz	34
SRR3989344rbin.397.gz	3
SRR3989344rbin.398.gz	23
SRR3989344rbin.39.gz	20
SRR3989344rbin.400.gz	5
SRR3989344rbin.402.gz	23
SRR3989344rbin.403.gz	12
SRR3989344rbin.405.gz	25
SRR3989344rbin.406.gz	26
SRR3989344rbin.407.gz	17
SRR3989344rbin.409.gz	21
SRR3989344rbin.40.gz	19
SRR3989344rbin.410.gz	6
SRR3989344rbin.415.gz	20
SRR3989344rbin.417.gz	12
SRR3989344rbin.419.gz	15
SRR3989344rbin.420.gz	64
SRR3989344rbin.421.gz	21
SRR3989344rbin.422.gz	15
SRR3989344rbin.423.gz	1
SRR3989344rbin.424.gz	9
SRR3989344rbin.426.gz	7
SRR3989344rbin.427.gz	19
SRR3989344rbin.428.gz	16
SRR3989344rbin.42.gz	19
SRR3989344rbin.432.gz	42
SRR3989344rbin.433.gz	36
SRR3989344rbin.434.gz	37
SRR3989344rbin.435.gz	32
SRR3989344rbin.436.gz	6
SRR3989344rbin.437.gz	17
SRR3989344rbin.438.gz	22
SRR3989344rbin.439.gz	13
SRR3989344rbin.440.gz	35
SRR3989344rbin.442.gz	13
SRR3989344rbin.444.gz	17
SRR3989344rbin.445.gz	7
SRR3989344rbin.446.gz	4
SRR3989344rbin.448.gz	18
SRR3989344rbin.449.gz	11
SRR3989344rbin.44.gz	12
SRR3989344rbin.451.gz	39
SRR3989344rbin.452.gz	32
SRR3989344rbin.454.gz	12
SRR3989344rbin.455.gz	18
SRR3989344rbin.456.gz	14
SRR3989344rbin.457.gz	30
SRR3989344rbin.458.gz	39
SRR3989344rbin.459.gz	20
SRR3989344rbin.460.gz	17
SRR3989344rbin.462.gz	53
SRR3989344rbin.463.gz	38
SRR3989344rbin.465.gz	19
SRR3989344rbin.466.gz	6
SRR3989344rbin.467.gz	18
SRR3989344rbin.468.gz	28
SRR3989344rbin.469.gz	16
SRR3989344rbin.46.gz	14
SRR3989344rbin.470.gz	12
SRR3989344rbin.471.gz	15
SRR3989344rbin.474.gz	4
SRR3989344rbin.475.gz	16
SRR3989344rbin.477.gz	29
SRR3989344rbin.478.gz	7
SRR3989344rbin.480.gz	20
SRR3989344rbin.481.gz	8
SRR3989344rbin.482.gz	7
SRR3989344rbin.484.gz	14
SRR3989344rbin.487.gz	10
SRR3989344rbin.488.gz	14
SRR3989344rbin.489.gz	12
SRR3989344rbin.490.gz	5
SRR3989344rbin.491.gz	7
SRR3989344rbin.493.gz	7
SRR3989344rbin.498.gz	30
SRR3989344rbin.499.gz	12
SRR3989344rbin.49.gz	14
SRR3989344rbin.4.gz	6
SRR3989344rbin.500.gz	10
SRR3989344rbin.501.gz	11
SRR3989344rbin.502.gz	46
SRR3989344rbin.503.gz	38
SRR3989344rbin.505.gz	10
SRR3989344rbin.507.gz	23
SRR3989344rbin.51.gz	12
SRR3989344rbin.53.gz	13
SRR3989344rbin.54.gz	27
SRR3989344rbin.56.gz	11
SRR3989344rbin.57.gz	11
SRR3989344rbin.58.gz	20
SRR3989344rbin.59.gz	5
SRR3989344rbin.5.gz	15
SRR3989344rbin.60.gz	17
SRR3989344rbin.61.gz	3
SRR3989344rbin.62.gz	8
SRR3989344rbin.64.gz	24
SRR3989344rbin.65.gz	14
SRR3989344rbin.69.gz	3
SRR3989344rbin.6.gz	13
SRR3989344rbin.71.gz	26
SRR3989344rbin.73.gz	46
SRR3989344rbin.74.gz	11
SRR3989344rbin.75.gz	12
SRR3989344rbin.78.gz	28
SRR3989344rbin.7.gz	21
SRR3989344rbin.80.gz	11
SRR3989344rbin.84.gz	16
SRR3989344rbin.86.gz	36
SRR3989344rbin.87.gz	65
SRR3989344rbin.88.gz	11
SRR3989344rbin.8.gz	7
SRR3989344rbin.92.gz	15
SRR3989344rbin.93.gz	18
SRR3989344rbin.94.gz	19
SRR3989344rbin.96.gz	72
SRR3989344rbin.97.gz	7
SRR3989344rbin.98.gz	19
SRR3989430rbin.110.gz	26
SRR3989430rbin.112.gz	27
SRR3989430rbin.115.gz	32
SRR3989430rbin.116.gz	5
SRR3989430rbin.118.gz	25
SRR3989430rbin.119.gz	11
SRR3989430rbin.121.gz	64
SRR3989430rbin.127.gz	53
SRR3989430rbin.129.gz	16
SRR3989430rbin.134.gz	25
SRR3989430rbin.136.gz	4
SRR3989430rbin.138.gz	28
SRR3989430rbin.139.gz	53
SRR3989430rbin.13.gz	82
SRR3989430rbin.140.gz	2
SRR3989430rbin.149.gz	16
SRR3989430rbin.15.gz	73
SRR3989430rbin.16.gz	22
SRR3989430rbin.20.gz	54
SRR3989430rbin.23.gz	22
SRR3989430rbin.27.gz	105
SRR3989430rbin.28.gz	19
SRR3989430rbin.30.gz	18
SRR3989430rbin.39.gz	28
SRR3989430rbin.40.gz	25
SRR3989430rbin.43.gz	58
SRR3989430rbin.50.gz	28
SRR3989430rbin.52.gz	53
SRR3989430rbin.53.gz	31
SRR3989430rbin.55.gz	30
SRR3989430rbin.5.gz	37
SRR3989430rbin.60.gz	19
SRR3989430rbin.62.gz	35
SRR3989430rbin.67.gz	113
SRR3989430rbin.91.gz	42
SRR3989430rbin.93.gz	32
SRR3989440rbin.4.gz	50
SRR3989441rbin.10.gz	49
SRR3989441rbin.13.gz	82
SRR3989441rbin.3.gz	52
SRR3989441rbin.7.gz	107
SRR3989441rbin.8.gz	63
SRR3989442rbin.2.gz	60
SRR3989442rbin.4.gz	11
SRR3989449rbin.13.gz	16
SRR3989449rbin.2.gz	25
SRR3989449rbin.5.gz	13
SRR3989449rbin.7.gz	49
SRR3989454rbin.17.gz	101
SRR3989454rbin.9.gz	36
SRR3989475rbin.10.gz	62
SRR3989550rbin.2.gz	18
SRR3989567rbin.1.gz	26
SRR3989592rbin.1.gz	23
SRR3989618rbin.1.gz	60
SRR3989618rbin.2.gz	63
SRR3989618rbin.3.gz	44
SRR3989699rbin.1.gz	52
SRR3989705rbin.2.gz	75
SRR3990167rbin.103.gz	10
SRR3990167rbin.104.gz	44
SRR3990167rbin.106.gz	16
SRR3990167rbin.107.gz	30
SRR3990167rbin.108.gz	23
SRR3990167rbin.10.gz	12
SRR3990167rbin.110.gz	34
SRR3990167rbin.111.gz	10
SRR3990167rbin.112.gz	16
SRR3990167rbin.118.gz	36
SRR3990167rbin.11.gz	32
SRR3990167rbin.121.gz	13
SRR3990167rbin.124.gz	20
SRR3990167rbin.125.gz	8
SRR3990167rbin.127.gz	34
SRR3990167rbin.128.gz	21
SRR3990167rbin.131.gz	14
SRR3990167rbin.134.gz	11
SRR3990167rbin.136.gz	10
SRR3990167rbin.138.gz	10
SRR3990167rbin.140.gz	22
SRR3990167rbin.141.gz	26
SRR3990167rbin.142.gz	17
SRR3990167rbin.143.gz	19
SRR3990167rbin.144.gz	52
SRR3990167rbin.145.gz	71
SRR3990167rbin.146.gz	25
SRR3990167rbin.148.gz	76
SRR3990167rbin.14.gz	64
SRR3990167rbin.150.gz	23
SRR3990167rbin.152.gz	37
SRR3990167rbin.154.gz	18
SRR3990167rbin.156.gz	11
SRR3990167rbin.159.gz	46
SRR3990167rbin.169.gz	40
SRR3990167rbin.170.gz	29
SRR3990167rbin.172.gz	19
SRR3990167rbin.174.gz	42
SRR3990167rbin.176.gz	63
SRR3990167rbin.179.gz	13
SRR3990167rbin.181.gz	38
SRR3990167rbin.183.gz	32
SRR3990167rbin.190.gz	22
SRR3990167rbin.191.gz	10
SRR3990167rbin.192.gz	31
SRR3990167rbin.193.gz	37
SRR3990167rbin.194.gz	21
SRR3990167rbin.195.gz	29
SRR3990167rbin.196.gz	6
SRR3990167rbin.199.gz	36
SRR3990167rbin.1.gz	41
SRR3990167rbin.204.gz	21
SRR3990167rbin.207.gz	25
SRR3990167rbin.208.gz	54
SRR3990167rbin.218.gz	28
SRR3990167rbin.21.gz	49
SRR3990167rbin.221.gz	13
SRR3990167rbin.22.gz	17
SRR3990167rbin.23.gz	11
SRR3990167rbin.25.gz	55
SRR3990167rbin.2.gz	7
SRR3990167rbin.30.gz	29
SRR3990167rbin.31.gz	34
SRR3990167rbin.32.gz	16
SRR3990167rbin.3.gz	19
SRR3990167rbin.40.gz	24
SRR3990167rbin.44.gz	46
SRR3990167rbin.45.gz	12
SRR3990167rbin.46.gz	35
SRR3990167rbin.47.gz	47
SRR3990167rbin.49.gz	19
SRR3990167rbin.50.gz	72
SRR3990167rbin.51.gz	7
SRR3990167rbin.52.gz	5
SRR3990167rbin.55.gz	17
SRR3990167rbin.57.gz	41
SRR3990167rbin.58.gz	24
SRR3990167rbin.5.gz	37
SRR3990167rbin.60.gz	62
SRR3990167rbin.66.gz	14
SRR3990167rbin.70.gz	9
SRR3990167rbin.71.gz	58
SRR3990167rbin.76.gz	23
SRR3990167rbin.77.gz	8
SRR3990167rbin.79.gz	17
SRR3990167rbin.80.gz	38
SRR3990167rbin.81.gz	22
SRR3990167rbin.83.gz	8
SRR3990167rbin.84.gz	42
SRR3990167rbin.85.gz	20
SRR3990167rbin.87.gz	33
SRR3990167rbin.90.gz	18
SRR3990167rbin.92.gz	49
SRR3990167rbin.94.gz	8
SRR3990167rbin.96.gz	33
SRR3990167rbin.98.gz	5
SRR3990167rbin.99.gz	20
SRR3990168rbin.100.gz	38
SRR3990168rbin.104.gz	23
SRR3990168rbin.107.gz	38
SRR3990168rbin.109.gz	19
SRR3990168rbin.110.gz	24
SRR3990168rbin.115.gz	42
SRR3990168rbin.117.gz	30
SRR3990168rbin.119.gz	23
SRR3990168rbin.122.gz	13
SRR3990168rbin.127.gz	48
SRR3990168rbin.130.gz	38
SRR3990168rbin.132.gz	6
SRR3990168rbin.133.gz	45
SRR3990168rbin.141.gz	24
SRR3990168rbin.17.gz	15
SRR3990168rbin.19.gz	23
SRR3990168rbin.1.gz	70
SRR3990168rbin.23.gz	134
SRR3990168rbin.25.gz	16
SRR3990168rbin.30.gz	21
SRR3990168rbin.37.gz	93
SRR3990168rbin.39.gz	10
SRR3990168rbin.41.gz	37
SRR3990168rbin.44.gz	103
SRR3990168rbin.45.gz	37
SRR3990168rbin.52.gz	80
SRR3990168rbin.56.gz	28
SRR3990168rbin.57.gz	50
SRR3990168rbin.58.gz	27
SRR3990168rbin.59.gz	128
SRR3990168rbin.5.gz	26
SRR3990168rbin.60.gz	33
SRR3990168rbin.63.gz	44
SRR3990168rbin.64.gz	33
SRR3990168rbin.65.gz	80
SRR3990168rbin.84.gz	50
SRR3990168rbin.87.gz	25
SRR3990168rbin.91.gz	75
SRR3990168rbin.94.gz	36
SRR3990168rbin.96.gz	20
SRR3990169rbin.100.gz	62
SRR3990169rbin.102.gz	53
SRR3990169rbin.103.gz	15
SRR3990169rbin.104.gz	87
SRR3990169rbin.105.gz	22
SRR3990169rbin.108.gz	49
SRR3990169rbin.109.gz	37
SRR3990169rbin.10.gz	80
SRR3990169rbin.110.gz	42
SRR3990169rbin.113.gz	72
SRR3990169rbin.114.gz	20
SRR3990169rbin.116.gz	68
SRR3990169rbin.119.gz	22
SRR3990169rbin.120.gz	16
SRR3990169rbin.121.gz	24
SRR3990169rbin.122.gz	69
SRR3990169rbin.127.gz	45
SRR3990169rbin.128.gz	90
SRR3990169rbin.12.gz	16
SRR3990169rbin.130.gz	88
SRR3990169rbin.132.gz	27
SRR3990169rbin.134.gz	14
SRR3990169rbin.136.gz	14
SRR3990169rbin.13.gz	39
SRR3990169rbin.140.gz	6
SRR3990169rbin.143.gz	31
SRR3990169rbin.148.gz	37
SRR3990169rbin.151.gz	22
SRR3990169rbin.152.gz	33
SRR3990169rbin.156.gz	63
SRR3990169rbin.159.gz	37
SRR3990169rbin.15.gz	105
SRR3990169rbin.160.gz	24
SRR3990169rbin.162.gz	22
SRR3990169rbin.163.gz	81
SRR3990169rbin.164.gz	7
SRR3990169rbin.165.gz	26
SRR3990169rbin.168.gz	41
SRR3990169rbin.169.gz	17
SRR3990169rbin.16.gz	51
SRR3990169rbin.172.gz	22
SRR3990169rbin.173.gz	23
SRR3990169rbin.174.gz	13
SRR3990169rbin.175.gz	59
SRR3990169rbin.177.gz	30
SRR3990169rbin.179.gz	25
SRR3990169rbin.182.gz	19
SRR3990169rbin.187.gz	12
SRR3990169rbin.188.gz	11
SRR3990169rbin.189.gz	17
SRR3990169rbin.19.gz	33
SRR3990169rbin.1.gz	29
SRR3990169rbin.20.gz	29
SRR3990169rbin.24.gz	34
SRR3990169rbin.25.gz	12
SRR3990169rbin.28.gz	17
SRR3990169rbin.30.gz	56
SRR3990169rbin.31.gz	25
SRR3990169rbin.33.gz	17
SRR3990169rbin.35.gz	146
SRR3990169rbin.39.gz	87
SRR3990169rbin.45.gz	25
SRR3990169rbin.50.gz	32
SRR3990169rbin.51.gz	106
SRR3990169rbin.52.gz	39
SRR3990169rbin.55.gz	5
SRR3990169rbin.65.gz	22
SRR3990169rbin.66.gz	17
SRR3990169rbin.68.gz	33
SRR3990169rbin.6.gz	150
SRR3990169rbin.70.gz	35
SRR3990169rbin.71.gz	45
SRR3990169rbin.78.gz	3
SRR3990169rbin.79.gz	30
SRR3990169rbin.7.gz	46
SRR3990169rbin.80.gz	86
SRR3990169rbin.82.gz	114
SRR3990169rbin.83.gz	66
SRR3990169rbin.84.gz	14
SRR3990169rbin.88.gz	59
SRR3990169rbin.89.gz	60
SRR3990169rbin.90.gz	19
SRR3990169rbin.91.gz	4
SRR3990169rbin.92.gz	22
SRR3990169rbin.93.gz	11
SRR3990169rbin.94.gz	13
SRR3990169rbin.97.gz	107
SRR3990169rbin.99.gz	17
SRR3990170rbin.17.gz	35
SRR3990170rbin.27.gz	32
SRR3990170rbin.28.gz	28
SRR3990170rbin.32.gz	10
SRR3990170rbin.36.gz	44
SRR3990170rbin.42.gz	46
SRR3990170rbin.44.gz	51
SRR3990170rbin.63.gz	30
SRR3990170rbin.70.gz	28
SRR3990171rbin.109.gz	51
SRR3990171rbin.112.gz	41
SRR3990171rbin.117.gz	103
SRR3990171rbin.118.gz	14
SRR3990171rbin.11.gz	87
SRR3990171rbin.122.gz	6
SRR3990171rbin.124.gz	21
SRR3990171rbin.125.gz	20
SRR3990171rbin.13.gz	15
SRR3990171rbin.17.gz	5
SRR3990171rbin.1.gz	21
SRR3990171rbin.25.gz	26
SRR3990171rbin.26.gz	16
SRR3990171rbin.29.gz	32
SRR3990171rbin.2.gz	35
SRR3990171rbin.30.gz	106
SRR3990171rbin.31.gz	13
SRR3990171rbin.36.gz	38
SRR3990171rbin.4.gz	26
SRR3990171rbin.50.gz	30
SRR3990171rbin.62.gz	22
SRR3990171rbin.64.gz	64
SRR3990171rbin.67.gz	17
SRR3990171rbin.72.gz	23
SRR3990171rbin.76.gz	13
SRR3990171rbin.77.gz	90
SRR3990171rbin.78.gz	59
SRR3990171rbin.79.gz	127
SRR3990171rbin.80.gz	33
SRR3990171rbin.90.gz	44
SRR3990171rbin.96.gz	8
SRR3990171rbin.98.gz	61
SRR3990172rbin.102.gz	15
SRR3990172rbin.104.gz	133
SRR3990172rbin.29.gz	5
SRR3990172rbin.2.gz	27
SRR3990172rbin.31.gz	10
SRR3990172rbin.36.gz	9
SRR3990172rbin.49.gz	4
SRR3990172rbin.50.gz	37
SRR3990172rbin.57.gz	18
SRR3990172rbin.70.gz	19
SRR3990172rbin.73.gz	81
SRR3990172rbin.79.gz	36
SRR3990172rbin.81.gz	11
SRR3990173rbin.17.gz	9
SRR3990173rbin.23.gz	26
SRR3990173rbin.28.gz	162
SRR3990173rbin.29.gz	5
SRR3990173rbin.30.gz	25
SRR3990173rbin.35.gz	46
SRR3990173rbin.37.gz	6
SRR3990173rbin.42.gz	20
SRR3990173rbin.44.gz	11
SRR3990173rbin.62.gz	12
SRR3990173rbin.66.gz	19
SRR3990173rbin.6.gz	42
SRR3990173rbin.71.gz	37
SRR3990173rbin.74.gz	21
SRR3990173rbin.75.gz	9
SRR3990173rbin.80.gz	69
SRR3990173rbin.84.gz	37
SRR3990173rbin.88.gz	94
SRR3990174rbin.10.gz	33
SRR3990174rbin.112.gz	17
SRR3990174rbin.11.gz	33
SRR3990174rbin.17.gz	19
SRR3990174rbin.28.gz	27
SRR3990174rbin.33.gz	57
SRR3990174rbin.42.gz	9
SRR3990174rbin.44.gz	16
SRR3990174rbin.46.gz	15
SRR3990174rbin.48.gz	39
SRR3990174rbin.4.gz	44
SRR3990174rbin.54.gz	28
SRR3990174rbin.57.gz	7
SRR3990174rbin.58.gz	48
SRR3990174rbin.59.gz	29
SRR3990174rbin.64.gz	45
SRR3990174rbin.66.gz	75
SRR3990174rbin.74.gz	32
SRR3990174rbin.83.gz	28
SRR3990174rbin.88.gz	190
SRR4021130rbin.1.gz	67
SRR4022081rbin.1.gz	80
SRR4022081rbin.2.gz	40
SRR4022089rbin.1.gz	47
SRR4022089rbin.2.gz	54
SRR4022091rbin.1.gz	119
SRR4022091rbin.2.gz	41
SRR4022091rbin.3.gz	64
SRR4022096rbin.1.gz	21
SRR4022097rbin.1.gz	51
SRR4022101rbin.1.gz	42
SRR4022102rbin.1.gz	47
SRR4022102rbin.3.gz	72
SRR4022103rbin.1.gz	61
SRR4022104rbin.1.gz	43
SRR4022147rbin.1.gz	66
SRR4022148rbin.1.gz	75
SRR4022149rbin.1.gz	74
SRR4022153rbin.1.gz	61
SRR4022156rbin.1.gz	58
SRR4022160rbin.1.gz	64
SRR4026206rbin.1.gz	18
SRR4027028rbin.2.gz	15
SRR4027029rbin.2.gz	11
SRR4027034rbin.1.gz	112
SRR4027040rbin.5.gz	34
SRR4027041rbin.5.gz	12
SRR4027042rbin.3.gz	9
SRR4027092rbin.1.gz	25
SRR4027100rbin.1.gz	19
SRR4027110rbin.1.gz	126
SRR4027568rbin.2.gz	55
SRR4027568rbin.3.gz	53
SRR4027570rbin.3.gz	42
SRR4027576rbin.4.gz	15
SRR4027582rbin.3.gz	77
SRR4027582rbin.4.gz	22
SRR4027612rbin.2.gz	89
SRR4027613rbin.2.gz	60
SRR4027613rbin.3.gz	185
SRR4027672rbin.1.gz	51
SRR4027798rbin.1.gz	50
SRR4027799rbin.3.gz	47
SRR4027827rbin.2.gz	97
SRR4027830rbin.2.gz	63
SRR4027831rbin.1.gz	65
SRR4027832rbin.2.gz	141
SRR4027832rbin.3.gz	233
SRR4027934rbin.2.gz	43
SRR4027936rbin.10.gz	30
SRR4027936rbin.12.gz	29
SRR4027936rbin.1.gz	14
SRR4027936rbin.2.gz	129
SRR4027936rbin.3.gz	12
SRR4027936rbin.4.gz	70
SRR4027936rbin.6.gz	50
SRR4027936rbin.7.gz	207
SRR4027936rbin.8.gz	220
SRR4027936rbin.9.gz	25
SRR4028118rbin.1.gz	66
SRR4028118rbin.3.gz	61
SRR4028119rbin.1.gz	68
SRR4028119rbin.2.gz	61
SRR4030041rbin.11.gz	25
SRR4030041rbin.13.gz	10
SRR4030041rbin.7.gz	11
SRR4030042rbin.10.gz	24
SRR4030042rbin.11.gz	18
SRR4030042rbin.12.gz	29
SRR4030042rbin.13.gz	10
SRR4030042rbin.17.gz	35
SRR4030042rbin.19.gz	87
SRR4030042rbin.1.gz	37
SRR4030042rbin.20.gz	29
SRR4030042rbin.21.gz	5
SRR4030042rbin.22.gz	45
SRR4030042rbin.23.gz	15
SRR4030042rbin.24.gz	61
SRR4030042rbin.25.gz	43
SRR4030042rbin.26.gz	24
SRR4030042rbin.28.gz	21
SRR4030042rbin.2.gz	165
SRR4030042rbin.31.gz	30
SRR4030042rbin.32.gz	32
SRR4030042rbin.33.gz	25
SRR4030042rbin.34.gz	28
SRR4030042rbin.35.gz	41
SRR4030042rbin.36.gz	13
SRR4030042rbin.37.gz	94
SRR4030042rbin.38.gz	15
SRR4030042rbin.39.gz	12
SRR4030042rbin.3.gz	53
SRR4030042rbin.41.gz	30
SRR4030042rbin.43.gz	19
SRR4030042rbin.44.gz	33
SRR4030042rbin.45.gz	4
SRR4030042rbin.46.gz	10
SRR4030042rbin.48.gz	9
SRR4030042rbin.49.gz	42
SRR4030042rbin.4.gz	27
SRR4030042rbin.50.gz	40
SRR4030042rbin.51.gz	54
SRR4030042rbin.52.gz	34
SRR4030042rbin.53.gz	22
SRR4030042rbin.54.gz	35
SRR4030042rbin.55.gz	11
SRR4030042rbin.56.gz	116
SRR4030042rbin.58.gz	22
SRR4030042rbin.59.gz	19
SRR4030042rbin.5.gz	49
SRR4030042rbin.60.gz	9
SRR4030042rbin.61.gz	32
SRR4030042rbin.62.gz	47
SRR4030042rbin.63.gz	19
SRR4030042rbin.64.gz	66
SRR4030042rbin.65.gz	21
SRR4030042rbin.6.gz	47
SRR4030043rbin.10.gz	22
SRR4030043rbin.15.gz	22
SRR4030043rbin.16.gz	14
SRR4030043rbin.2.gz	13
SRR4030043rbin.4.gz	20
SRR4030043rbin.6.gz	12
SRR4030066rbin.5.gz	32
SRR4030066rbin.9.gz	43
SRR4030068rbin.10.gz	42
SRR4030068rbin.11.gz	7
SRR4030068rbin.12.gz	31
SRR4030068rbin.13.gz	29
SRR4030068rbin.14.gz	60
SRR4030068rbin.17.gz	48
SRR4030068rbin.1.gz	31
SRR4030068rbin.20.gz	20
SRR4030068rbin.21.gz	66
SRR4030068rbin.22.gz	17
SRR4030068rbin.24.gz	64
SRR4030068rbin.25.gz	66
SRR4030068rbin.26.gz	24
SRR4030068rbin.30.gz	15
SRR4030068rbin.31.gz	15
SRR4030068rbin.35.gz	75
SRR4030068rbin.37.gz	96
SRR4030068rbin.38.gz	26
SRR4030068rbin.42.gz	40
SRR4030068rbin.46.gz	34
SRR4030068rbin.48.gz	66
SRR4030068rbin.49.gz	18
SRR4030068rbin.52.gz	15
SRR4030068rbin.53.gz	14
SRR4030068rbin.54.gz	85
SRR4030068rbin.55.gz	107
SRR4030068rbin.56.gz	32
SRR4030068rbin.57.gz	42
SRR4030068rbin.59.gz	10
SRR4030068rbin.5.gz	43
SRR4030068rbin.60.gz	16
SRR4030068rbin.62.gz	41
SRR4030068rbin.63.gz	53
SRR4030068rbin.65.gz	70
SRR4030068rbin.66.gz	13
SRR4030068rbin.67.gz	213
SRR4030068rbin.68.gz	69
SRR4030068rbin.69.gz	60
SRR4030068rbin.70.gz	48
SRR4030068rbin.72.gz	41
SRR4030068rbin.73.gz	114
SRR4030068rbin.74.gz	19
SRR4030068rbin.75.gz	33
SRR4030068rbin.76.gz	57
SRR4030068rbin.78.gz	19
SRR4030068rbin.79.gz	18
SRR4030068rbin.82.gz	21
SRR4030068rbin.83.gz	15
SRR4030068rbin.84.gz	19
SRR4030068rbin.87.gz	14
SRR4030068rbin.88.gz	33
SRR4030068rbin.8.gz	23
SRR4030068rbin.90.gz	11
SRR4030068rbin.9.gz	57
SRR4030079rbin.1.gz	22
SRR4051794rbin.1.gz	8
SRR4051794rbin.2.gz	53
SRR4051794rbin.5.gz	57
SRR4051794rbin.7.gz	101
SRR4051812rbin.3.gz	48
SRR4051812rbin.5.gz	83
SRR4241755rbin.1.gz	35
SRR4241755rbin.2.gz	51
SRR4241755rbin.3.gz	80
SRR4241755rbin.4.gz	50
SRR4241755rbin.6.gz	20
SRR4241755rbin.8.gz	82
SRR4289287rbin.3.gz	47
SRR4289288rbin.1.gz	47
SRR4289289rbin.1.gz	36
SRR4289289rbin.2.gz	13
SRR4289290rbin.2.gz	39
SRR4289292rbin.2.gz	33
SRR5035371rbin.2.gz	42
SRR5035371rbin.4.gz	13
SRR5133178rbin.10.gz	84
SRR5133178rbin.11.gz	76
SRR5133178rbin.15.gz	49
SRR5133178rbin.16.gz	13
SRR5133178rbin.18.gz	122
SRR5133178rbin.19.gz	44
SRR5133178rbin.4.gz	27
SRR5133178rbin.5.gz	83
SRR5133178rbin.6.gz	25
SRR5133178rbin.7.gz	121
SRR5133179rbin.11.gz	48
SRR5133179rbin.13.gz	43
SRR5133179rbin.15.gz	52
SRR5133179rbin.1.gz	64
SRR5133179rbin.3.gz	66
SRR5133179rbin.4.gz	34
SRR5133179rbin.5.gz	101
SRR5133179rbin.7.gz	102
SRR5133179rbin.8.gz	42
SRR5152881rbin.1.gz	21
SRR5153238rbin.1.gz	162
SRR5177928rbin.11.gz	37
SRR5177928rbin.12.gz	33
SRR5177928rbin.13.gz	97
SRR5177928rbin.1.gz	88
SRR5177928rbin.4.gz	86
SRR5177928rbin.7.gz	42
SRR5177928rbin.8.gz	24
SRR5177929rbin.11.gz	104
SRR5177929rbin.12.gz	139
SRR5177929rbin.13.gz	112
SRR5177929rbin.14.gz	108
SRR5177929rbin.15.gz	123
SRR5177929rbin.16.gz	20
SRR5177929rbin.17.gz	39
SRR5177929rbin.19.gz	84
SRR5177929rbin.20.gz	41
SRR5177929rbin.23.gz	35
SRR5177929rbin.24.gz	95
SRR5177929rbin.25.gz	90
SRR5177929rbin.26.gz	223
SRR5177929rbin.27.gz	48
SRR5177929rbin.28.gz	99
SRR5177929rbin.29.gz	86
SRR5177929rbin.2.gz	64
SRR5177929rbin.30.gz	78
SRR5177929rbin.32.gz	87
SRR5177929rbin.33.gz	14
SRR5177929rbin.5.gz	29
SRR5177929rbin.6.gz	66
SRR5177929rbin.7.gz	35
SRR5177929rbin.8.gz	35
SRR5195106rbin.10.gz	92
SRR5195106rbin.11.gz	4
SRR5195106rbin.12.gz	56
SRR5195106rbin.13.gz	110
SRR5195106rbin.14.gz	14
SRR5195106rbin.15.gz	5
SRR5195106rbin.17.gz	87
SRR5195106rbin.2.gz	40
SRR5195106rbin.3.gz	20
SRR5195106rbin.4.gz	35
SRR5195106rbin.5.gz	128
SRR5195106rbin.7.gz	14
SRR5195106rbin.9.gz	23
SRR5195107rbin.10.gz	75
SRR5195107rbin.13.gz	38
SRR5195107rbin.15.gz	55
SRR5195107rbin.16.gz	103
SRR5195107rbin.17.gz	16
SRR5195107rbin.18.gz	45
SRR5195107rbin.2.gz	12
SRR5195107rbin.3.gz	102
SRR5195107rbin.4.gz	25
SRR5195107rbin.7.gz	97
SRR5195107rbin.8.gz	114
SRR5195108rbin.10.gz	64
SRR5195108rbin.11.gz	123
SRR5195108rbin.12.gz	49
SRR5195108rbin.13.gz	42
SRR5195108rbin.14.gz	79
SRR5195108rbin.15.gz	114
SRR5195108rbin.16.gz	36
SRR5195108rbin.2.gz	21
SRR5195108rbin.3.gz	50
SRR5195108rbin.5.gz	112
SRR5195108rbin.6.gz	97
SRR5195108rbin.7.gz	71
SRR5195108rbin.8.gz	35
SRR5195108rbin.9.gz	17
SRR5195109rbin.10.gz	75
SRR5195109rbin.12.gz	99
SRR5195109rbin.13.gz	121
SRR5195109rbin.14.gz	119
SRR5195109rbin.15.gz	92
SRR5195109rbin.16.gz	43
SRR5195109rbin.17.gz	56
SRR5195109rbin.18.gz	16
SRR5195109rbin.19.gz	88
SRR5195109rbin.20.gz	37
SRR5195109rbin.21.gz	71
SRR5195109rbin.23.gz	148
SRR5195109rbin.24.gz	46
SRR5195109rbin.25.gz	11
SRR5195109rbin.26.gz	85
SRR5195109rbin.27.gz	53
SRR5195109rbin.28.gz	75
SRR5195109rbin.29.gz	108
SRR5195109rbin.2.gz	1
SRR5195109rbin.30.gz	45
SRR5195109rbin.31.gz	31
SRR5195109rbin.32.gz	116
SRR5195109rbin.34.gz	125
SRR5195109rbin.3.gz	55
SRR5195109rbin.5.gz	183
SRR5195109rbin.6.gz	33
SRR5195109rbin.7.gz	94
SRR5195109rbin.8.gz	66
SRR5195109rbin.9.gz	144
SRR5195110rbin.2.gz	36
SRR5195110rbin.3.gz	59
SRR5195110rbin.4.gz	74
SRR5195110rbin.6.gz	154
SRR5195110rbin.8.gz	86
SRR5195110rbin.9.gz	56
SRR5195111rbin.11.gz	26
SRR5195111rbin.1.gz	42
SRR5195111rbin.2.gz	6
SRR5195111rbin.3.gz	38
SRR5195111rbin.4.gz	16
SRR5195111rbin.5.gz	39
SRR5195111rbin.6.gz	78
SRR5195112rbin.11.gz	51
SRR5195112rbin.13.gz	83
SRR5195112rbin.14.gz	69
SRR5195112rbin.17.gz	30
SRR5195112rbin.1.gz	19
SRR5195112rbin.21.gz	79
SRR5195112rbin.22.gz	120
SRR5195112rbin.25.gz	99
SRR5195112rbin.26.gz	41
SRR5195112rbin.27.gz	32
SRR5195112rbin.28.gz	24
SRR5195112rbin.29.gz	11
SRR5195112rbin.31.gz	96
SRR5195112rbin.32.gz	19
SRR5195112rbin.34.gz	22
SRR5195112rbin.35.gz	37
SRR5195112rbin.3.gz	52
SRR5195112rbin.4.gz	31
SRR5195112rbin.5.gz	34
SRR5195112rbin.6.gz	40
SRR5195112rbin.8.gz	83
SRR5195112rbin.9.gz	30
SRR5195114rbin.10.gz	112
SRR5195114rbin.11.gz	50
SRR5195114rbin.14.gz	52
SRR5195114rbin.15.gz	26
SRR5195114rbin.16.gz	89
SRR5195114rbin.20.gz	68
SRR5195114rbin.22.gz	32
SRR5195114rbin.23.gz	78
SRR5195114rbin.24.gz	104
SRR5195114rbin.25.gz	87
SRR5195114rbin.27.gz	72
SRR5195114rbin.29.gz	69
SRR5195114rbin.2.gz	88
SRR5195114rbin.32.gz	25
SRR5195114rbin.34.gz	63
SRR5195114rbin.36.gz	30
SRR5195114rbin.39.gz	230
SRR5195114rbin.40.gz	113
SRR5195114rbin.4.gz	74
SRR5195114rbin.5.gz	50
SRR5195114rbin.6.gz	35
SRR5195114rbin.8.gz	123
SRR5195114rbin.9.gz	35
SRR5195115rbin.11.gz	47
SRR5195115rbin.13.gz	152
SRR5195115rbin.14.gz	142
SRR5195115rbin.17.gz	40
SRR5195115rbin.19.gz	96
SRR5195115rbin.1.gz	54
SRR5195115rbin.20.gz	46
SRR5195115rbin.21.gz	65
SRR5195115rbin.22.gz	54
SRR5195115rbin.23.gz	51
SRR5195115rbin.24.gz	55
SRR5195115rbin.26.gz	13
SRR5195115rbin.27.gz	71
SRR5195115rbin.28.gz	12
SRR5195115rbin.2.gz	60
SRR5195115rbin.30.gz	94
SRR5195115rbin.31.gz	60
SRR5195115rbin.33.gz	11
SRR5195115rbin.34.gz	70
SRR5195115rbin.35.gz	48
SRR5195115rbin.37.gz	34
SRR5195115rbin.39.gz	41
SRR5195115rbin.3.gz	53
SRR5195115rbin.4.gz	26
SRR5195115rbin.5.gz	107
SRR5195115rbin.7.gz	43
SRR5195115rbin.8.gz	110
SRR5195115rbin.9.gz	32
SRR5195116rbin.10.gz	37
SRR5195116rbin.11.gz	47
SRR5195116rbin.12.gz	63
SRR5195116rbin.13.gz	84
SRR5195116rbin.15.gz	116
SRR5195116rbin.16.gz	135
SRR5195116rbin.17.gz	74
SRR5195116rbin.1.gz	68
SRR5195116rbin.2.gz	69
SRR5195116rbin.3.gz	97
SRR5195116rbin.5.gz	126
SRR5195116rbin.8.gz	47
SRR5195116rbin.9.gz	60
SRR5195117rbin.10.gz	197
SRR5195117rbin.11.gz	53
SRR5195117rbin.12.gz	54
SRR5195117rbin.13.gz	109
SRR5195117rbin.14.gz	105
SRR5195117rbin.15.gz	65
SRR5195117rbin.16.gz	207
SRR5195117rbin.17.gz	142
SRR5195117rbin.18.gz	68
SRR5195117rbin.19.gz	82
SRR5195117rbin.1.gz	85
SRR5195117rbin.22.gz	166
SRR5195117rbin.23.gz	80
SRR5195117rbin.24.gz	133
SRR5195117rbin.25.gz	76
SRR5195117rbin.26.gz	58
SRR5195117rbin.27.gz	91
SRR5195117rbin.29.gz	149
SRR5195117rbin.2.gz	104
SRR5195117rbin.30.gz	374
SRR5195117rbin.31.gz	46
SRR5195117rbin.32.gz	78
SRR5195117rbin.33.gz	85
SRR5195117rbin.34.gz	58
SRR5195117rbin.35.gz	111
SRR5195117rbin.36.gz	67
SRR5195117rbin.37.gz	43
SRR5195117rbin.38.gz	35
SRR5195117rbin.39.gz	36
SRR5195117rbin.3.gz	62
SRR5195117rbin.40.gz	319
SRR5195117rbin.4.gz	28
SRR5195117rbin.5.gz	94
SRR5195117rbin.6.gz	100
SRR5195117rbin.7.gz	103
SRR5195117rbin.8.gz	89
SRR5195117rbin.9.gz	236
SRR5195118rbin.10.gz	60
SRR5195118rbin.11.gz	45
SRR5195118rbin.13.gz	36
SRR5195118rbin.14.gz	115
SRR5195118rbin.15.gz	43
SRR5195118rbin.17.gz	52
SRR5195118rbin.18.gz	69
SRR5195118rbin.19.gz	48
SRR5195118rbin.1.gz	40
SRR5195118rbin.20.gz	59
SRR5195118rbin.21.gz	118
SRR5195118rbin.24.gz	58
SRR5195118rbin.26.gz	118
SRR5195118rbin.29.gz	120
SRR5195118rbin.2.gz	85
SRR5195118rbin.30.gz	51
SRR5195118rbin.31.gz	100
SRR5195118rbin.32.gz	91
SRR5195118rbin.33.gz	52
SRR5195118rbin.34.gz	37
SRR5195118rbin.35.gz	51
SRR5195118rbin.36.gz	14
SRR5195118rbin.37.gz	54
SRR5195118rbin.39.gz	41
SRR5195118rbin.3.gz	39
SRR5195118rbin.40.gz	115
SRR5195118rbin.41.gz	53
SRR5195118rbin.42.gz	76
SRR5195118rbin.43.gz	60
SRR5195118rbin.4.gz	92
SRR5195118rbin.5.gz	31
SRR5195118rbin.6.gz	51
SRR5195118rbin.8.gz	51
SRR5195118rbin.9.gz	50
SRR5195119rbin.10.gz	19
SRR5195119rbin.11.gz	13
SRR5195119rbin.12.gz	60
SRR5195119rbin.13.gz	63
SRR5195119rbin.15.gz	65
SRR5195119rbin.1.gz	11
SRR5195119rbin.2.gz	49
SRR5195119rbin.6.gz	39
SRR5195119rbin.7.gz	103
SRR5195119rbin.8.gz	49
SRR5195119rbin.9.gz	60
SRR5195121rbin.10.gz	83
SRR5195121rbin.11.gz	43
SRR5195121rbin.12.gz	42
SRR5195121rbin.14.gz	10
SRR5195121rbin.15.gz	28
SRR5195121rbin.1.gz	16
SRR5195121rbin.2.gz	28
SRR5195121rbin.3.gz	29
SRR5195121rbin.4.gz	21
SRR5195121rbin.6.gz	37
SRR5195121rbin.7.gz	21
SRR5195121rbin.8.gz	19
SRR5195123rbin.11.gz	45
SRR5195123rbin.1.gz	40
SRR5195123rbin.2.gz	30
SRR5195123rbin.4.gz	42
SRR5195123rbin.8.gz	16
SRR5195124rbin.2.gz	76
SRR5195126rbin.10.gz	15
SRR5195126rbin.13.gz	15
SRR5195126rbin.1.gz	90
SRR5195126rbin.3.gz	77
SRR5195126rbin.4.gz	31
SRR5195126rbin.5.gz	64
SRR5195126rbin.6.gz	58
SRR5195126rbin.7.gz	265
SRR5195127rbin.10.gz	128
SRR5195127rbin.11.gz	92
SRR5195127rbin.12.gz	159
SRR5195127rbin.13.gz	80
SRR5195127rbin.14.gz	32
SRR5195127rbin.15.gz	70
SRR8554485rbin.151.gz	16
SRR8554485rbin.153.gz	87
SRR8554485rbin.155.gz	68
SRR8554485rbin.156.gz	63
SRR8554485rbin.15.gz	54
SRR8554485rbin.160.gz	81
SRR8554485rbin.164.gz	100
SRR8554485rbin.166.gz	67
SRR8554485rbin.168.gz	43
SRR8554485rbin.16.gz	70
SRR8554485rbin.171.gz	44
SRR8554485rbin.173.gz	6
SRR8554485rbin.174.gz	82
SRR8554485rbin.18.gz	49
SRR8554485rbin.1.gz	124
SRR8554485rbin.20.gz	80
SRR8554485rbin.21.gz	74
SRR8554485rbin.22.gz	167
SRR8554485rbin.28.gz	56
SRR8554485rbin.30.gz	80
SRR8554485rbin.32.gz	72
SRR8554485rbin.33.gz	57
SRR8554485rbin.34.gz	62
SRR8554485rbin.35.gz	37
SRR8554485rbin.36.gz	191
SRR8554485rbin.37.gz	99
SRR8554485rbin.39.gz	94
SRR8554485rbin.40.gz	39
SRR8554485rbin.44.gz	69
SRR8554485rbin.46.gz	123
SRR8554485rbin.47.gz	94
SRR8554485rbin.51.gz	28
SRR8554485rbin.52.gz	61
SRR8554485rbin.53.gz	91
SRR8554485rbin.55.gz	234
SRR8554485rbin.58.gz	80
SRR8554485rbin.5.gz	54
SRR8554485rbin.62.gz	35
SRR8554485rbin.65.gz	242
SRR8554485rbin.66.gz	78
SRR8554485rbin.68.gz	20
SRR8554485rbin.69.gz	39
SRR8554485rbin.72.gz	95
SRR8554485rbin.73.gz	33
SRR8554485rbin.74.gz	43
SRR8554485rbin.76.gz	69
SRR8554485rbin.80.gz	96
SRR8554485rbin.81.gz	62
SRR8554485rbin.82.gz	50
SRR8554485rbin.84.gz	65
SRR8554485rbin.87.gz	54
SRR8554485rbin.89.gz	52
SRR8554485rbin.91.gz	79
SRR8554485rbin.93.gz	58
SRR8554485rbin.97.gz	130
SRR8554485rbin.98.gz	139
SRR8554501rbin.105.gz	134
SRR8554501rbin.10.gz	86
SRR8554501rbin.111.gz	11
SRR8554501rbin.11.gz	154
SRR8554501rbin.122.gz	62
SRR8554501rbin.124.gz	69
SRR8554501rbin.128.gz	84
SRR8554501rbin.129.gz	6
SRR8554501rbin.12.gz	107
SRR8554501rbin.132.gz	24
SRR8554501rbin.14.gz	70
SRR8554501rbin.17.gz	143
SRR8554501rbin.18.gz	39
SRR8554501rbin.1.gz	41
SRR8554501rbin.20.gz	24
SRR8554501rbin.21.gz	37
SRR8554501rbin.23.gz	45
SRR8554501rbin.26.gz	64
SRR8554501rbin.27.gz	90
SRR8554501rbin.28.gz	70
SRR8554501rbin.2.gz	42
SRR8554501rbin.31.gz	32
SRR8554501rbin.33.gz	147
SRR8554501rbin.45.gz	37
SRR8554501rbin.46.gz	13
SRR8554501rbin.48.gz	66
SRR8554501rbin.54.gz	39
SRR8554501rbin.56.gz	46
SRR8554501rbin.59.gz	12
SRR8554501rbin.60.gz	84
SRR8554501rbin.61.gz	62
SRR8554501rbin.63.gz	33
SRR8554501rbin.66.gz	122
SRR8554501rbin.70.gz	24
SRR8554501rbin.73.gz	29
SRR8554501rbin.74.gz	74
SRR8554501rbin.77.gz	59
SRR8554501rbin.79.gz	63
SRR8554501rbin.80.gz	167
SRR8554501rbin.82.gz	19
SRR8554501rbin.84.gz	50
SRR8554501rbin.87.gz	69
SRR8554501rbin.90.gz	85
SRR8554501rbin.93.gz	119
SRR8554501rbin.98.gz	98
SRR8554501rbin.99.gz	87
SRR8554501rbin.9.gz	73
SRR8554503rbin.10.gz	299
SRR8554503rbin.13.gz	7
SRR8554503rbin.14.gz	61
SRR8554503rbin.15.gz	42
SRR8554503rbin.16.gz	50
SRR8554503rbin.18.gz	18
SRR8554503rbin.21.gz	22
SRR8554503rbin.22.gz	43
SRR8554503rbin.25.gz	63
SRR8554503rbin.2.gz	80
SRR8554503rbin.30.gz	78
SRR8554503rbin.34.gz	13
SRR8554503rbin.38.gz	55
SRR8554503rbin.3.gz	54
SRR8554503rbin.41.gz	60
SRR8554503rbin.42.gz	79
SRR8554503rbin.44.gz	136
SRR8554503rbin.46.gz	14
SRR8554503rbin.47.gz	47
SRR8554503rbin.48.gz	55
SRR8554503rbin.4.gz	71
SRR8554503rbin.50.gz	70
SRR8554503rbin.52.gz	50
SRR8554503rbin.55.gz	39
SRR8554503rbin.60.gz	69
SRR8554503rbin.62.gz	95
SRR8554503rbin.63.gz	38
SRR8554503rbin.67.gz	106
SRR8554503rbin.68.gz	31
SRR8554503rbin.69.gz	21
SRR8554503rbin.70.gz	101
SRR8554503rbin.75.gz	17
SRR8554503rbin.76.gz	89
SRR8554503rbin.8.gz	61
SRR8554503rbin.9.gz	40
SRR8554504rbin.11.gz	36
SRR8554504rbin.13.gz	39
SRR8554504rbin.15.gz	88
SRR8554504rbin.19.gz	39
SRR8554504rbin.20.gz	48
SRR8554504rbin.26.gz	12
SRR8554504rbin.29.gz	14
SRR8554504rbin.2.gz	185
SRR8554504rbin.34.gz	35
SRR8554504rbin.36.gz	208
SRR8554504rbin.44.gz	62
SRR8554504rbin.48.gz	51
SRR8554504rbin.51.gz	114
SRR8554504rbin.52.gz	9
SRR8554504rbin.55.gz	80
SRR8554504rbin.57.gz	12
SRR8554504rbin.5.gz	13
SRR8554504rbin.61.gz	6
SRR8554504rbin.64.gz	60
SRR8554504rbin.6.gz	24
SRR8554504rbin.70.gz	43
SRR8554504rbin.72.gz	77
SRR8554504rbin.76.gz	80
SRR8554504rbin.7.gz	66
SRR8554505rbin.10.gz	55
SRR8554505rbin.11.gz	72
SRR8554505rbin.13.gz	39
SRR8554505rbin.20.gz	227
SRR8554505rbin.22.gz	4
SRR8554505rbin.24.gz	277
SRR8554505rbin.25.gz	48
SRR8554505rbin.26.gz	25
SRR8554505rbin.2.gz	161
SRR8554505rbin.33.gz	51
SRR8554505rbin.37.gz	31
SRR8554505rbin.3.gz	61
SRR8554505rbin.41.gz	61
SRR8554505rbin.44.gz	110
SRR8554505rbin.46.gz	51
SRR8554505rbin.47.gz	29
SRR8554505rbin.49.gz	65
SRR8554505rbin.4.gz	32
SRR8554505rbin.50.gz	18
SRR8554505rbin.52.gz	71
SRR8554505rbin.53.gz	27
SRR8554505rbin.55.gz	62
SRR8554505rbin.56.gz	235
SRR8554505rbin.58.gz	198
SRR8554505rbin.5.gz	33
SRR8554505rbin.60.gz	12
SRR8554505rbin.61.gz	52
SRR8554505rbin.62.gz	22
SRR8554505rbin.67.gz	40
SRR8554505rbin.69.gz	157
SRR8554505rbin.73.gz	70
SRR8554505rbin.74.gz	19
SRR8554505rbin.81.gz	108
SRR8554505rbin.9.gz	29
SRR8554511rbin.102.gz	43
SRR8554511rbin.103.gz	9
SRR8554511rbin.105.gz	101
SRR8554511rbin.106.gz	138
SRR8554511rbin.107.gz	10
SRR8554511rbin.108.gz	3
SRR8554511rbin.10.gz	71
SRR8554511rbin.110.gz	8
SRR8554511rbin.112.gz	50
SRR8554511rbin.113.gz	28
SRR8554511rbin.117.gz	47
SRR8554511rbin.118.gz	23
SRR8554511rbin.119.gz	29
SRR8554511rbin.123.gz	94
SRR8554511rbin.124.gz	14
SRR8554511rbin.127.gz	307
SRR8554511rbin.130.gz	76
SRR8554511rbin.132.gz	48
SRR8554511rbin.133.gz	21
SRR8554511rbin.135.gz	48
SRR8554511rbin.137.gz	184
SRR8554511rbin.143.gz	108
SRR8554511rbin.147.gz	53
SRR8554511rbin.148.gz	40
SRR8554511rbin.149.gz	12
SRR8554511rbin.151.gz	17
SRR8554511rbin.15.gz	46
SRR8554511rbin.16.gz	11
SRR8554511rbin.17.gz	130
SRR8554511rbin.1.gz	66
SRR8554511rbin.23.gz	16
SRR8554511rbin.25.gz	24
SRR8554511rbin.28.gz	65
SRR8554511rbin.30.gz	15
SRR8554511rbin.44.gz	59
SRR8554511rbin.45.gz	76
SRR8554511rbin.46.gz	40
SRR8554511rbin.51.gz	55
SRR8554511rbin.54.gz	84
SRR8554511rbin.56.gz	43
SRR8554511rbin.57.gz	153
SRR8554511rbin.59.gz	97
SRR8554511rbin.5.gz	108
SRR8554511rbin.62.gz	193
SRR8554511rbin.66.gz	39
SRR8554511rbin.69.gz	18
SRR8554511rbin.6.gz	49
SRR8554511rbin.77.gz	104
SRR8554511rbin.79.gz	97
SRR8554511rbin.82.gz	55
SRR8554511rbin.84.gz	131
SRR8554511rbin.87.gz	2
SRR8554511rbin.88.gz	22
SRR8554511rbin.92.gz	38
SRR8554511rbin.94.gz	4
SRR8554511rbin.95.gz	279
SRR8554511rbin.96.gz	24
SRR8554511rbin.9.gz	89
SRR8554512rbin.100.gz	132
SRR8554512rbin.101.gz	43
SRR8554512rbin.107.gz	67
SRR8554512rbin.108.gz	21
SRR8554512rbin.109.gz	76
SRR8554512rbin.112.gz	85
SRR8554512rbin.114.gz	42
SRR8554512rbin.11.gz	75
SRR8554512rbin.120.gz	41
SRR8554512rbin.125.gz	30
SRR8554512rbin.126.gz	12
SRR8554512rbin.127.gz	19
SRR8554512rbin.128.gz	38
SRR8554512rbin.129.gz	48
SRR8554512rbin.130.gz	41
SRR8554512rbin.136.gz	18
SRR8554512rbin.137.gz	67
SRR8554512rbin.13.gz	13
SRR8554512rbin.15.gz	91
SRR8554512rbin.18.gz	294
SRR8554512rbin.21.gz	42
SRR8554512rbin.27.gz	52
SRR8554512rbin.28.gz	53
SRR8554512rbin.2.gz	49
SRR8554512rbin.32.gz	6
SRR8554512rbin.34.gz	3
SRR8554512rbin.37.gz	5
SRR8554512rbin.38.gz	132
SRR8554512rbin.39.gz	43
SRR8554512rbin.3.gz	124
SRR8554512rbin.43.gz	56
SRR8554512rbin.44.gz	169
SRR8554512rbin.49.gz	20
SRR8554512rbin.4.gz	97
SRR8554512rbin.54.gz	94
SRR8554512rbin.56.gz	27
SRR8554512rbin.57.gz	11
SRR8554512rbin.59.gz	536
SRR8554512rbin.5.gz	20
SRR8554512rbin.62.gz	54
SRR8554512rbin.66.gz	38
SRR8554512rbin.69.gz	33
SRR8554512rbin.70.gz	6
SRR8554512rbin.75.gz	228
SRR8554512rbin.77.gz	46
SRR8554512rbin.83.gz	37
SRR8554512rbin.87.gz	58
SRR8554512rbin.90.gz	24
SRR8554512rbin.94.gz	57
SRR8554512rbin.95.gz	16
SRR8554512rbin.97.gz	206
SRR8554512rbin.98.gz	211
SRR8554512rbin.99.gz	44
SRR8554643rbin.101.gz	49
SRR8554643rbin.102.gz	201
SRR8554643rbin.105.gz	12
SRR8554643rbin.107.gz	420
SRR8554643rbin.110.gz	168
SRR8554643rbin.112.gz	181
SRR8554643rbin.113.gz	58
SRR8554643rbin.120.gz	35
SRR8554643rbin.121.gz	20
SRR8554643rbin.124.gz	48
SRR8554643rbin.129.gz	22
SRR8554643rbin.132.gz	76
SRR8554643rbin.133.gz	144
SRR8554643rbin.136.gz	22
SRR8554643rbin.20.gz	105
SRR8554643rbin.26.gz	125
SRR8554643rbin.28.gz	43
SRR8554643rbin.29.gz	18
SRR8554643rbin.30.gz	57
SRR8554643rbin.32.gz	77
SRR8554643rbin.37.gz	14
SRR8554643rbin.39.gz	80
SRR8554643rbin.3.gz	256
SRR8554643rbin.41.gz	45
SRR8554643rbin.43.gz	129
SRR8554643rbin.51.gz	25
SRR8554643rbin.59.gz	4
SRR8554643rbin.60.gz	37
SRR8554643rbin.62.gz	18
SRR8554643rbin.63.gz	41
SRR8554643rbin.64.gz	29
SRR8554643rbin.69.gz	52
SRR8554643rbin.6.gz	36
SRR8554643rbin.77.gz	5
SRR8554643rbin.78.gz	65
SRR8554643rbin.7.gz	36
SRR8554643rbin.86.gz	44
SRR8554643rbin.88.gz	132
SRR8554643rbin.89.gz	56
SRR8554643rbin.8.gz	55
SRR8554643rbin.90.gz	2
SRR8554643rbin.96.gz	19
SRR8554643rbin.98.gz	29
SRR8554898rbin.100.gz	21
SRR8554898rbin.10.gz	40
SRR8554898rbin.11.gz	158
SRR8554898rbin.12.gz	68
SRR8554898rbin.13.gz	103
SRR8554898rbin.14.gz	100
SRR8554898rbin.15.gz	103
SRR8554898rbin.17.gz	58
SRR8554898rbin.18.gz	130
SRR8554898rbin.19.gz	29
SRR8554898rbin.1.gz	110
SRR8554898rbin.20.gz	51
SRR8554898rbin.21.gz	25
SRR8554898rbin.22.gz	67
SRR8554898rbin.23.gz	101
SRR8554898rbin.24.gz	60
SRR8554898rbin.25.gz	92
SRR8554898rbin.26.gz	43
SRR8554898rbin.27.gz	142
SRR8554898rbin.28.gz	87
SRR8554898rbin.29.gz	80
SRR8554898rbin.2.gz	111
SRR8554898rbin.30.gz	23
SRR8554898rbin.31.gz	13
SRR8554898rbin.32.gz	30
SRR8554898rbin.33.gz	43
SRR8554898rbin.35.gz	42
SRR8554898rbin.37.gz	36
SRR8554898rbin.38.gz	53
SRR8554898rbin.39.gz	176
SRR8554898rbin.3.gz	74
SRR8554898rbin.40.gz	59
SRR8554898rbin.41.gz	80
SRR8554898rbin.42.gz	47
SRR8554898rbin.43.gz	27
SRR8554898rbin.44.gz	63
SRR8554898rbin.45.gz	50
SRR8554898rbin.46.gz	20
SRR8554898rbin.47.gz	60
SRR8554898rbin.48.gz	29
SRR8554898rbin.49.gz	64
SRR8554898rbin.4.gz	52
SRR8554898rbin.50.gz	59
SRR8554898rbin.51.gz	178
SRR8554898rbin.52.gz	111
SRR8554898rbin.53.gz	57
SRR8554898rbin.54.gz	118
SRR8554898rbin.55.gz	112
SRR8554898rbin.56.gz	252
SRR8554898rbin.57.gz	75
SRR8554898rbin.58.gz	101
SRR8554898rbin.59.gz	56
SRR8554898rbin.5.gz	77
SRR8554898rbin.60.gz	64
SRR8554898rbin.61.gz	52
SRR8554898rbin.62.gz	94
SRR8554898rbin.63.gz	45
SRR8554898rbin.64.gz	50
SRR8554898rbin.65.gz	14
SRR8554898rbin.66.gz	65
SRR8554898rbin.67.gz	103
SRR8554898rbin.68.gz	36
SRR8554898rbin.69.gz	48
SRR8554898rbin.6.gz	73
SRR8554898rbin.71.gz	176
SRR8554898rbin.72.gz	21
SRR8554898rbin.73.gz	53
SRR8554898rbin.74.gz	33
SRR8554898rbin.75.gz	28
SRR8554898rbin.76.gz	28
SRR8554898rbin.77.gz	48
SRR8554898rbin.78.gz	71
SRR8554898rbin.79.gz	36
SRR8554898rbin.7.gz	164
SRR8554898rbin.80.gz	104
SRR8554898rbin.81.gz	317
SRR8554898rbin.83.gz	87
SRR8554898rbin.84.gz	50
SRR8554898rbin.85.gz	53
SRR8554898rbin.86.gz	30
SRR8554898rbin.87.gz	64
SRR8554898rbin.88.gz	80
SRR8554898rbin.89.gz	49
SRR8554898rbin.8.gz	95
SRR8554898rbin.90.gz	51
SRR8554898rbin.91.gz	95
SRR8554898rbin.92.gz	51
SRR8554898rbin.93.gz	21
SRR8554898rbin.94.gz	68
SRR8554898rbin.95.gz	22
SRR8554898rbin.96.gz	105
SRR8554898rbin.97.gz	86
SRR8554898rbin.99.gz	38
SRR8554898rbin.9.gz	83
SRR8556377rbin.100.gz	70
SRR8556377rbin.101.gz	115
SRR8556377rbin.102.gz	86
SRR8556377rbin.103.gz	62
SRR8556377rbin.104.gz	111
SRR8556377rbin.105.gz	118
SRR8556377rbin.106.gz	97
SRR8556377rbin.107.gz	40
SRR8556377rbin.108.gz	51
SRR8556377rbin.109.gz	52
SRR8556377rbin.10.gz	45
SRR8556377rbin.110.gz	60
SRR8556377rbin.111.gz	119
SRR8556377rbin.112.gz	21
SRR8556377rbin.113.gz	55
SRR8556377rbin.115.gz	63
SRR8556377rbin.116.gz	51
SRR8556377rbin.117.gz	119
SRR8556377rbin.118.gz	25
SRR8556377rbin.119.gz	61
SRR8556377rbin.11.gz	99
SRR8556377rbin.120.gz	49
SRR8556377rbin.121.gz	49
SRR8556377rbin.122.gz	49
SRR8556377rbin.123.gz	56
SRR8556377rbin.124.gz	23
SRR8556377rbin.125.gz	33
SRR8556377rbin.126.gz	87
SRR8556377rbin.128.gz	37
SRR8556377rbin.12.gz	30
SRR8556377rbin.131.gz	10
SRR8556377rbin.13.gz	26
SRR8556377rbin.14.gz	12
SRR8556377rbin.15.gz	56
SRR8556377rbin.16.gz	129
SRR8556377rbin.17.gz	52
SRR8556377rbin.18.gz	44
SRR8556377rbin.19.gz	32
SRR8556377rbin.1.gz	56
SRR8556377rbin.20.gz	81
SRR8556377rbin.21.gz	83
SRR8556377rbin.22.gz	58
SRR8556377rbin.23.gz	110
SRR8556377rbin.24.gz	47
SRR8556377rbin.25.gz	20
SRR8556377rbin.26.gz	120
SRR8556377rbin.27.gz	50
SRR8556377rbin.28.gz	135
SRR8556377rbin.29.gz	112
SRR8556377rbin.2.gz	54
SRR8556377rbin.30.gz	27
SRR8556377rbin.31.gz	63
SRR8556377rbin.32.gz	129
SRR8556377rbin.33.gz	41
SRR8556377rbin.34.gz	68
SRR8556377rbin.35.gz	46
SRR8556377rbin.36.gz	92
SRR8556377rbin.37.gz	25
SRR8556377rbin.38.gz	109
SRR8556377rbin.39.gz	47
SRR8556377rbin.3.gz	61
SRR8556377rbin.40.gz	35
SRR8556377rbin.41.gz	98
SRR8556377rbin.42.gz	177
SRR8556377rbin.43.gz	66
SRR8556377rbin.44.gz	63
SRR8556377rbin.45.gz	22
SRR8556377rbin.46.gz	97
SRR8556377rbin.47.gz	52
SRR8556377rbin.48.gz	57
SRR8556377rbin.49.gz	35
SRR8556377rbin.4.gz	52
SRR8556377rbin.50.gz	45
SRR8556377rbin.51.gz	102
SRR8556377rbin.53.gz	102
SRR8556377rbin.54.gz	89
SRR8556377rbin.55.gz	71
SRR8556377rbin.56.gz	65
SRR8556377rbin.58.gz	44
SRR8556377rbin.59.gz	21
SRR8556377rbin.5.gz	59
SRR8556377rbin.60.gz	36
SRR8556377rbin.61.gz	43
SRR8556377rbin.62.gz	53
SRR8556377rbin.63.gz	25
SRR8556377rbin.64.gz	89
SRR8556377rbin.65.gz	38
SRR8556377rbin.67.gz	31
SRR8556377rbin.68.gz	41
SRR8556377rbin.69.gz	46
SRR8556377rbin.6.gz	124
SRR8556377rbin.70.gz	33
SRR8556377rbin.71.gz	89
SRR8556377rbin.72.gz	110
SRR8556377rbin.73.gz	37
SRR8556377rbin.74.gz	69
SRR8556377rbin.75.gz	50
SRR8556377rbin.76.gz	85
SRR8556377rbin.77.gz	80
SRR8556377rbin.78.gz	71
SRR8556377rbin.7.gz	39
SRR8556377rbin.80.gz	90
SRR8556377rbin.81.gz	113
SRR8556377rbin.82.gz	78
SRR8556377rbin.83.gz	64
SRR8556377rbin.84.gz	43
SRR8556377rbin.85.gz	135
SRR8556377rbin.86.gz	64
SRR8556377rbin.87.gz	66
SRR8556377rbin.88.gz	40
SRR8556377rbin.89.gz	43
SRR8556377rbin.8.gz	57
SRR8556377rbin.90.gz	90
SRR8556377rbin.91.gz	91
SRR8556377rbin.92.gz	108
SRR8556377rbin.93.gz	141
SRR8556377rbin.95.gz	78
SRR8556377rbin.96.gz	81
SRR8556377rbin.97.gz	141
SRR8556377rbin.98.gz	57
SRR8556377rbin.99.gz	25
SRR8556377rbin.9.gz	61
SRR8558718rbin.12.gz	59
SRR8558718rbin.13.gz	40
SRR8558718rbin.14.gz	78
SRR8558718rbin.16.gz	44
SRR8558718rbin.18.gz	59
SRR8558718rbin.19.gz	61
SRR8558718rbin.1.gz	92
SRR8558718rbin.20.gz	133
SRR8558718rbin.21.gz	74
SRR8558718rbin.2.gz	76
SRR8558718rbin.3.gz	82
SRR8558718rbin.4.gz	44
SRR8558718rbin.5.gz	88
SRR8558718rbin.7.gz	35
SRR8558718rbin.8.gz	60
SRR8558719rbin.10.gz	83
SRR8558719rbin.11.gz	38
SRR8558719rbin.12.gz	79
SRR8558719rbin.13.gz	73
SRR8558719rbin.14.gz	79
SRR8558719rbin.2.gz	50
SRR8558719rbin.3.gz	199
SRR8558719rbin.5.gz	61
SRR8558719rbin.7.gz	192
SRR8558719rbin.8.gz	93
SRR8558719rbin.9.gz	106
SRR8558721rbin.10.gz	19
SRR8558721rbin.2.gz	65
SRR8558721rbin.3.gz	49
SRR8558721rbin.5.gz	137
SRR8558721rbin.6.gz	86
SRR8558721rbin.7.gz	203
SRR8663215rbin.10.gz	74
SRR8663215rbin.1.gz	168
SRR8663215rbin.2.gz	139
SRR8663215rbin.3.gz	78
SRR8663215rbin.4.gz	74
SRR8663215rbin.5.gz	86
SRR8663215rbin.6.gz	28
SRR8663215rbin.7.gz	92
SRR8663215rbin.8.gz	76
SRR8663215rbin.9.gz	79
SRR8676458rbin.1.gz	183
SRR8676458rbin.2.gz	151
SRR8676458rbin.3.gz	214
SRR8676458rbin.4.gz	122
SRR8676458rbin.5.gz	79
SRR8676458rbin.6.gz	103
SRR8676458rbin.7.gz	43
SRR8676462rbin.10.gz	64
SRR8676462rbin.11.gz	135
SRR8676462rbin.12.gz	128
SRR8676462rbin.13.gz	60
SRR8676462rbin.14.gz	56
SRR8676462rbin.15.gz	111
SRR8676462rbin.16.gz	53
SRR8676462rbin.1.gz	156
SRR8676462rbin.2.gz	131
SRR8676462rbin.3.gz	43
SRR8676462rbin.4.gz	70
SRR8676462rbin.5.gz	30
SRR8676462rbin.6.gz	43
SRR8676462rbin.7.gz	178
SRR8676462rbin.8.gz	125
SRR8676462rbin.9.gz	252
SRR8676561rbin.1.gz	56
SRR8676592rbin.10.gz	59
SRR8676592rbin.11.gz	22
SRR8676592rbin.2.gz	49
SRR8676592rbin.3.gz	82
SRR8676592rbin.4.gz	130
SRR8676592rbin.5.gz	47
SRR8676592rbin.6.gz	16
SRR8676592rbin.7.gz	100
SRR8676592rbin.8.gz	34
SRR8676592rbin.9.gz	6
SRR8676595rbin.10.gz	37
SRR8676595rbin.11.gz	21
SRR8676595rbin.12.gz	4
SRR8676595rbin.14.gz	19
SRR8676595rbin.15.gz	8
SRR8676595rbin.16.gz	15
SRR8676595rbin.17.gz	9
SRR8676595rbin.19.gz	30
SRR8676595rbin.1.gz	118
SRR8676595rbin.4.gz	34
SRR8676595rbin.5.gz	54
SRR8676595rbin.6.gz	7
SRR8676595rbin.8.gz	18
SRR8676595rbin.9.gz	9
SRR8676596rbin.3.gz	25
SRR8676596rbin.5.gz	28
SRR8676596rbin.6.gz	24
SRR8676597rbin.11.gz	26
SRR8676597rbin.13.gz	181
SRR8676597rbin.14.gz	12
SRR8676597rbin.1.gz	11
SRR8676597rbin.2.gz	39
SRR8676597rbin.4.gz	221
SRR8676597rbin.5.gz	18
SRR8676597rbin.6.gz	21
SRR8676597rbin.9.gz	14
SRR8821132rbin.1.gz	19
SRR8821132rbin.2.gz	54
SRR8821151rbin.2.gz	52
SRR8847051rbin.4.gz	73
SRR8847051rbin.6.gz	129
SRR8847051rbin.8.gz	82
SRR8847051rbin.9.gz	26
SRR8858270rbin.3.gz	37
SRR8861596bin.23.gz	92
SRR8861596bin.25.gz	171
SRR8861596bin.27.gz	71
SRR8861596bin.29.gz	71
SRR8861596bin.2.gz	79
SRR8861596bin.33.gz	75
SRR8861596bin.44.gz	102
SRR8861596bin.45.gz	65
SRR8861596bin.4.gz	58
SRR8862977rbin.1.gz	78
SRR8862977rbin.3.gz	57
SRR8863040rbin.1.gz	41
SRR8863074rbin.1.gz	63
SRR8863074rbin.2.gz	21
SRR8863074rbin.3.gz	46
SRR8863074rbin.4.gz	63
SRR8863074rbin.5.gz	33
SRR8863074rbin.6.gz	21
SRR8863101rbin.3.gz	293
SRR8863102rbin.1.gz	55
SRR8863102rbin.2.gz	83
SRR8863102rbin.3.gz	97
SRR8863102rbin.5.gz	53
SRR8863102rbin.6.gz	86
SRR8863176rbin.1.gz	17
SRR8863176rbin.2.gz	127
SRR8863178rbin.10.gz	130
SRR8863178rbin.11.gz	52
SRR8863178rbin.1.gz	31
SRR8863178rbin.2.gz	84
SRR8863178rbin.3.gz	43
SRR8863178rbin.4.gz	51
SRR8863178rbin.5.gz	92
SRR8863178rbin.6.gz	34
SRR8863178rbin.7.gz	93
SRR8863178rbin.8.gz	62
SRR8863178rbin.9.gz	15
SRR8874670rbin.14.gz	68
SRR8874670rbin.2.gz	26
SRR8874670rbin.4.gz	37
SRR8874670rbin.7.gz	49
SRR8874768rbin.3.gz	37
SRR8874838rbin.10.gz	35
SRR8874838rbin.12.gz	11
SRR8874838rbin.13.gz	55
SRR8874838rbin.1.gz	64
SRR8874838rbin.7.gz	62
SRR8879041rbin.1.gz	29
SRR8879041rbin.2.gz	36
SRR8879041rbin.5.gz	58
SRR8879130rbin.10.gz	31
SRR8879130rbin.11.gz	34
SRR8879130rbin.14.gz	102
SRR8879130rbin.15.gz	46
SRR8879130rbin.16.gz	93
SRR8879130rbin.19.gz	93
SRR8879130rbin.20.gz	34
SRR8879130rbin.24.gz	44
SRR8879130rbin.28.gz	42
SRR8879130rbin.2.gz	53
SRR8879130rbin.30.gz	103
SRR8879130rbin.31.gz	21
SRR8879130rbin.32.gz	64
SRR8879130rbin.33.gz	25
SRR8879130rbin.34.gz	14
SRR8879130rbin.35.gz	6
SRR8879130rbin.39.gz	90
SRR8879130rbin.40.gz	46
SRR8879130rbin.41.gz	88
SRR8879130rbin.42.gz	48
SRR8879130rbin.43.gz	22
SRR8879130rbin.44.gz	4
SRR8879130rbin.45.gz	52
SRR8879130rbin.47.gz	10
SRR8879130rbin.48.gz	56
SRR8879130rbin.4.gz	31
SRR8879130rbin.50.gz	8
SRR8879130rbin.52.gz	57
SRR8879130rbin.54.gz	90
SRR8879130rbin.55.gz	80
SRR8879130rbin.56.gz	33
SRR8879130rbin.57.gz	13
SRR8879130rbin.58.gz	150
SRR8879130rbin.59.gz	116
SRR8879130rbin.5.gz	103
SRR8879130rbin.60.gz	61
SRR8879130rbin.61.gz	73
SRR8879130rbin.62.gz	80
SRR8879130rbin.63.gz	99
SRR8879130rbin.64.gz	54
SRR8879130rbin.65.gz	16
SRR8879130rbin.66.gz	48
SRR8879130rbin.69.gz	77
SRR8879130rbin.6.gz	143
SRR8879130rbin.70.gz	77
SRR8879130rbin.71.gz	78
SRR8879130rbin.72.gz	71
SRR8879130rbin.73.gz	27
SRR8879130rbin.75.gz	151
SRR8879130rbin.76.gz	78
SRR8879130rbin.77.gz	66
SRR8879130rbin.78.gz	10
SRR8879130rbin.79.gz	116
SRR8879130rbin.7.gz	76
SRR8879130rbin.80.gz	91
SRR8879130rbin.81.gz	203
SRR8879130rbin.82.gz	83
SRR8879130rbin.84.gz	129
SRR8879130rbin.85.gz	79
SRR8879130rbin.86.gz	109
SRR8879130rbin.88.gz	39
SRR8879130rbin.89.gz	86
SRR8879130rbin.91.gz	78
SRR8879130rbin.92.gz	40
SRR8879130rbin.93.gz	166
SRR8879130rbin.94.gz	57
SRR8879130rbin.96.gz	9
SRR8879130rbin.97.gz	101
SRR8879130rbin.9.gz	116
SRR8879131rbin.100.gz	267
SRR8879131rbin.103.gz	135
SRR8879131rbin.104.gz	48
SRR8879131rbin.106.gz	66
SRR8879131rbin.108.gz	153
SRR8879131rbin.10.gz	75
SRR8879131rbin.113.gz	11
SRR8879131rbin.114.gz	7
SRR8879131rbin.115.gz	77
SRR8879131rbin.116.gz	104
SRR8879131rbin.117.gz	70
SRR8879131rbin.118.gz	129
SRR8879131rbin.119.gz	170
SRR8879131rbin.11.gz	75
SRR8879131rbin.120.gz	28
SRR8879131rbin.121.gz	79
SRR8879131rbin.122.gz	95
SRR8879131rbin.125.gz	20
SRR8879131rbin.12.gz	50
SRR8879131rbin.13.gz	44
SRR8879131rbin.16.gz	79
SRR8879131rbin.19.gz	106
SRR8879131rbin.1.gz	230
SRR8879131rbin.20.gz	45
SRR8879131rbin.22.gz	37
SRR8879131rbin.23.gz	106
SRR8879131rbin.25.gz	13
SRR8879131rbin.27.gz	98
SRR8879131rbin.28.gz	58
SRR8879131rbin.30.gz	70
SRR8879131rbin.31.gz	15
SRR8879131rbin.32.gz	83
SRR8879131rbin.33.gz	191
SRR8879131rbin.34.gz	16
SRR8879131rbin.35.gz	49
SRR8879131rbin.36.gz	159
SRR8879131rbin.38.gz	96
SRR8879131rbin.39.gz	17
SRR8879131rbin.41.gz	70
SRR8879131rbin.42.gz	24
SRR8879131rbin.45.gz	70
SRR8879131rbin.46.gz	67
SRR8879131rbin.47.gz	64
SRR8879131rbin.48.gz	270
SRR8879131rbin.49.gz	56
SRR8879131rbin.4.gz	184
SRR8879131rbin.52.gz	93
SRR8879131rbin.53.gz	292
SRR8879131rbin.54.gz	81
SRR8879131rbin.55.gz	97
SRR8879131rbin.56.gz	89
SRR8879131rbin.57.gz	15
SRR8879131rbin.58.gz	54
SRR8879131rbin.59.gz	102
SRR8879131rbin.5.gz	79
SRR8879131rbin.60.gz	38
SRR8879131rbin.63.gz	34
SRR8879131rbin.64.gz	30
SRR8879131rbin.65.gz	25
SRR8879131rbin.66.gz	28
SRR8879131rbin.68.gz	15
SRR8879131rbin.69.gz	56
SRR8879131rbin.70.gz	70
SRR8879131rbin.71.gz	57
SRR8879131rbin.72.gz	49
SRR8879131rbin.73.gz	113
SRR8879131rbin.75.gz	40
SRR8879131rbin.76.gz	124
SRR8879131rbin.78.gz	44
SRR8879131rbin.79.gz	58
SRR8879131rbin.7.gz	73
SRR8879131rbin.80.gz	99
SRR8879131rbin.82.gz	64
SRR8879131rbin.83.gz	73
SRR8879131rbin.84.gz	163
SRR8879131rbin.85.gz	113
SRR8879131rbin.86.gz	205
SRR8879131rbin.88.gz	43
SRR8879131rbin.8.gz	36
SRR8879131rbin.91.gz	87
SRR8879131rbin.92.gz	78
SRR8879131rbin.95.gz	98
SRR8879131rbin.96.gz	65
SRR8879131rbin.98.gz	87
SRR8879131rbin.99.gz	100
SRR8879132rbin.10.gz	175
SRR8879132rbin.11.gz	89
SRR8879132rbin.12.gz	39
SRR8879132rbin.13.gz	79
SRR8879132rbin.14.gz	96
SRR8879132rbin.15.gz	82
SRR8879132rbin.16.gz	118
SRR8879132rbin.17.gz	133
SRR8879132rbin.18.gz	67
SRR8879132rbin.1.gz	80
SRR8879132rbin.20.gz	151
SRR8879132rbin.22.gz	211
SRR8879132rbin.23.gz	268
SRR8879132rbin.26.gz	127
SRR8879132rbin.27.gz	30
SRR8879132rbin.28.gz	74
SRR8879132rbin.29.gz	93
SRR8879132rbin.30.gz	56
SRR8879132rbin.31.gz	141
SRR8879132rbin.32.gz	89
SRR8879132rbin.33.gz	154
SRR8879132rbin.34.gz	80
SRR8879132rbin.36.gz	78
SRR8879132rbin.38.gz	60
SRR8879132rbin.39.gz	10
SRR8879132rbin.3.gz	43
SRR8879132rbin.40.gz	27
SRR8879132rbin.41.gz	88
SRR8879132rbin.43.gz	127
SRR8879132rbin.44.gz	84
SRR8879132rbin.45.gz	163
SRR8879132rbin.46.gz	44
SRR8879132rbin.48.gz	63
SRR8879132rbin.49.gz	58
SRR8879132rbin.4.gz	67
SRR8879132rbin.50.gz	308
SRR8879132rbin.51.gz	70
SRR8879132rbin.53.gz	150
SRR8879132rbin.54.gz	112
SRR8879132rbin.55.gz	23
SRR8879132rbin.56.gz	225
SRR8879132rbin.57.gz	172
SRR8879132rbin.58.gz	7
SRR8879132rbin.59.gz	172
SRR8879132rbin.5.gz	125
SRR8879132rbin.61.gz	44
SRR8879132rbin.62.gz	78
SRR8879132rbin.63.gz	92
SRR8879132rbin.64.gz	169
SRR8879132rbin.65.gz	113
SRR8879132rbin.66.gz	152
SRR8879132rbin.67.gz	143
SRR8879132rbin.68.gz	117
SRR8879132rbin.69.gz	84
SRR8879132rbin.6.gz	127
SRR8879132rbin.70.gz	211
SRR8879132rbin.71.gz	52
SRR8879132rbin.7.gz	136
SRR8879132rbin.8.gz	99
SRR8879133rbin.10.gz	123
SRR8879133rbin.11.gz	89
SRR8879133rbin.13.gz	56
SRR8879133rbin.15.gz	139
SRR8879133rbin.16.gz	73
SRR8879133rbin.17.gz	71
SRR8879133rbin.18.gz	173
SRR8879133rbin.19.gz	154
SRR8879133rbin.21.gz	143
SRR8879133rbin.22.gz	103
SRR8879133rbin.23.gz	21
SRR8879133rbin.24.gz	54
SRR8879133rbin.25.gz	139
SRR8879133rbin.26.gz	104
SRR8879133rbin.28.gz	213
SRR8879133rbin.2.gz	113
SRR8879133rbin.32.gz	41
SRR8879133rbin.33.gz	147
SRR8879133rbin.34.gz	346
SRR8879133rbin.35.gz	54
SRR8879133rbin.36.gz	170
SRR8879133rbin.37.gz	113
SRR8879133rbin.38.gz	110
SRR8879133rbin.39.gz	102
SRR8879133rbin.42.gz	154
SRR8879133rbin.43.gz	100
SRR8879133rbin.44.gz	19
SRR8879133rbin.45.gz	87
SRR8879133rbin.46.gz	133
SRR8879133rbin.47.gz	78
SRR8879133rbin.48.gz	78
SRR8879133rbin.4.gz	193
SRR8879133rbin.50.gz	137
SRR8879133rbin.51.gz	102
SRR8879133rbin.52.gz	101
SRR8879133rbin.53.gz	68
SRR8879133rbin.55.gz	73
SRR8879133rbin.56.gz	49
SRR8879133rbin.57.gz	100
SRR8879133rbin.59.gz	88
SRR8879133rbin.60.gz	66
SRR8879133rbin.61.gz	157
SRR8879133rbin.66.gz	134
SRR8879133rbin.67.gz	73
SRR8879133rbin.68.gz	90
SRR8879133rbin.69.gz	101
SRR8879133rbin.6.gz	106
SRR8879133rbin.70.gz	98
SRR8879133rbin.73.gz	49
SRR8879133rbin.8.gz	69
SRR8879133rbin.9.gz	95
SRR8879134rbin.10.gz	17
SRR8879134rbin.11.gz	39
SRR8879134rbin.12.gz	69
SRR8879134rbin.15.gz	18
SRR8879134rbin.17.gz	125
SRR8879134rbin.1.gz	258
SRR8879134rbin.20.gz	128
SRR8879134rbin.27.gz	94
SRR8879134rbin.29.gz	82
SRR8879134rbin.30.gz	121
SRR8879134rbin.32.gz	127
SRR8879134rbin.34.gz	61
SRR8879134rbin.37.gz	35
SRR8879134rbin.38.gz	23
SRR8879134rbin.39.gz	70
SRR8879134rbin.3.gz	40
SRR8879134rbin.40.gz	67
SRR8879134rbin.41.gz	6
SRR8879134rbin.42.gz	48
SRR8879134rbin.43.gz	181
SRR8879134rbin.45.gz	216
SRR8879134rbin.47.gz	56
SRR8879134rbin.48.gz	171
SRR8879134rbin.4.gz	51
SRR8879134rbin.50.gz	133
SRR8879134rbin.52.gz	70
SRR8879134rbin.54.gz	127
SRR8879134rbin.55.gz	147
SRR10360640bin.8.gz	70
SRR10360640bin.9.gz	58
SRR10360641bin.10.gz	36
SRR10360641bin.12.gz	122
SRR10360641bin.13.gz	41
SRR10360641bin.14.gz	43
SRR10360641bin.16.gz	76
SRR10360641bin.18.gz	112
SRR10360641bin.1.gz	170
SRR10360641bin.20.gz	111
SRR10360641bin.21.gz	42
SRR10360641bin.5.gz	75
SRR10360641bin.8.gz	60
SRR10360641bin.9.gz	158
SRR10360642bin.4.gz	46
SRR10360643bin.11.gz	104
SRR10360643bin.13.gz	45
SRR10360643bin.15.gz	112
SRR10360643bin.1.gz	49
SRR10360643bin.3.gz	44
SRR10360643bin.7.gz	61
SRR10360643bin.8.gz	62
SRR10360644bin.10.gz	58
SRR10360644bin.11.gz	172
SRR10360644bin.12.gz	39
SRR10360644bin.15.gz	80
SRR10360644bin.16.gz	42
SRR10360644bin.1.gz	263
SRR10360644bin.23.gz	50
SRR10360644bin.27.gz	74
SRR10360644bin.2.gz	36
SRR10360644bin.3.gz	51
SRR10360644bin.4.gz	45
SRR10360644bin.5.gz	51
SRR10360644bin.6.gz	39
SRR10360644bin.7.gz	83
SRR10360645bin.5.gz	66
SRR10360646bin.14.gz	52
SRR10360646bin.6.gz	66
SRR10360646bin.9.gz	19
SRR10360647bin.10.gz	64
SRR10360647bin.15.gz	47
SRR10360647bin.18.gz	44
SRR10360647bin.2.gz	196
SRR10360649bin.11.gz	44
SRR10360649bin.15.gz	38
SRR10360649bin.18.gz	29
SRR10360649bin.19.gz	20
SRR10360649bin.1.gz	57
SRR10360649bin.20.gz	53
SRR10360649bin.21.gz	42
SRR10360649bin.25.gz	51
SRR10360649bin.2.gz	27
SRR10360649bin.9.gz	25
SRR10360650bin.17.gz	77
SRR10360650bin.19.gz	83
SRR10360650bin.6.gz	59
SRR10360650bin.9.gz	56
SRR10360651bin.12.gz	37
SRR10360651bin.13.gz	48
SRR10360651bin.16.gz	40
SRR10360651bin.21.gz	25
SRR10360651bin.22.gz	47
SRR10360651bin.27.gz	114
SRR10360651bin.29.gz	99
SRR10360651bin.3.gz	44
SRR10360651bin.4.gz	78
SRR10360651bin.6.gz	60
SRR10360654bin.1.gz	11
SRR10360654bin.21.gz	59
SRR10360654bin.23.gz	67
SRR10360654bin.25.gz	85
SRR10360654bin.4.gz	59
SRR10360655bin.10.gz	24
SRR10360655bin.12.gz	20
SRR10360655bin.13.gz	77
SRR10360655bin.2.gz	26
SRR10360655bin.3.gz	20
SRR10360655bin.4.gz	52
SRR10360655bin.5.gz	65
SRR10360655bin.6.gz	34
SRR10360655bin.7.gz	51
SRR10376087bin.100.gz	57
SRR10376087bin.101.gz	29
SRR10376087bin.102.gz	109
SRR10376087bin.103.gz	30
SRR10376087bin.104.gz	39
SRR10376087bin.105.gz	116
SRR10376087bin.106.gz	34
SRR10376087bin.107.gz	27
SRR10376087bin.108.gz	39
SRR10376087bin.109.gz	50
SRR10376087bin.10.gz	71
SRR10376087bin.110.gz	65
SRR10376087bin.111.gz	83
SRR10376087bin.112.gz	32
SRR10376087bin.113.gz	10
SRR10376087bin.114.gz	73
SRR10376087bin.115.gz	76
SRR10376087bin.116.gz	50
SRR10376087bin.117.gz	7
SRR10376087bin.118.gz	111
SRR10376087bin.11.gz	55
SRR10376087bin.120.gz	43
SRR10376087bin.121.gz	59
SRR10376087bin.123.gz	63
SRR10376087bin.124.gz	49
SRR10376087bin.125.gz	48
SRR10376087bin.126.gz	31
SRR10376087bin.127.gz	54
SRR10376087bin.128.gz	112
SRR10376087bin.129.gz	64
SRR10376087bin.130.gz	12
SRR10376087bin.13.gz	87
SRR10376087bin.14.gz	40
SRR10376087bin.15.gz	65
SRR10376087bin.16.gz	43
SRR10376087bin.17.gz	71
SRR10376087bin.18.gz	36
SRR10376087bin.19.gz	14
SRR10376087bin.1.gz	35
SRR10376087bin.20.gz	109
SRR10376087bin.21.gz	23
SRR10376087bin.22.gz	67
SRR10376087bin.23.gz	28
SRR10376087bin.24.gz	37
SRR10376087bin.25.gz	10
SRR10376087bin.26.gz	27
SRR10376087bin.27.gz	46
SRR10376087bin.28.gz	64
SRR10376087bin.29.gz	64
SRR10376087bin.2.gz	38
SRR10376087bin.31.gz	54
SRR10376087bin.32.gz	48
SRR10376087bin.33.gz	12
SRR10376087bin.34.gz	32
SRR10376087bin.35.gz	45
SRR10376087bin.36.gz	92
SRR10376087bin.37.gz	71
SRR10376087bin.38.gz	41
SRR10376087bin.39.gz	22
SRR10376087bin.3.gz	40
SRR10376087bin.40.gz	42
SRR10376087bin.41.gz	4
SRR10376087bin.42.gz	26
SRR10376087bin.43.gz	248
SRR10376087bin.44.gz	45
SRR10376087bin.45.gz	24
SRR10376087bin.46.gz	28
SRR10376087bin.47.gz	75
SRR10376087bin.48.gz	39
SRR10376087bin.4.gz	17
SRR10376087bin.51.gz	19
SRR10376087bin.52.gz	40
SRR10376087bin.53.gz	23
SRR10376087bin.54.gz	111
SRR10376087bin.55.gz	22
SRR10376087bin.56.gz	44
SRR10376087bin.57.gz	50
SRR10376087bin.58.gz	73
SRR10376087bin.59.gz	56
SRR10376087bin.5.gz	38
SRR10376087bin.60.gz	96
SRR10376087bin.61.gz	20
SRR10376087bin.62.gz	25
SRR10376087bin.63.gz	66
SRR10376087bin.64.gz	28
SRR10376087bin.65.gz	38
SRR10376087bin.66.gz	55
SRR10376087bin.67.gz	44
SRR10376087bin.69.gz	46
SRR10376087bin.6.gz	49
SRR10376087bin.70.gz	19
SRR10376087bin.71.gz	20
SRR10376087bin.72.gz	32
SRR10376087bin.73.gz	64
SRR10376087bin.74.gz	35
SRR10376087bin.75.gz	6
SRR10376087bin.76.gz	30
SRR10376087bin.77.gz	83
SRR10376087bin.80.gz	17
SRR10376087bin.81.gz	16
SRR10376087bin.82.gz	42
SRR10376087bin.83.gz	53
SRR10376087bin.84.gz	65
SRR10376087bin.85.gz	17
SRR10376087bin.86.gz	42
SRR10376087bin.87.gz	57
SRR10376087bin.88.gz	68
SRR10376087bin.8.gz	58
SRR10376087bin.90.gz	20
SRR10376087bin.91.gz	32
SRR10376087bin.92.gz	23
SRR10376087bin.93.gz	33
SRR10376087bin.94.gz	32
SRR10376087bin.95.gz	108
SRR10376087bin.96.gz	38
SRR10376087bin.97.gz	52
SRR10376087bin.99.gz	56
SRR10376087bin.9.gz	129
SRR10376091bin.10.gz	52
SRR10376091bin.11.gz	132
SRR10376091bin.13.gz	31
SRR10376091bin.14.gz	150
SRR10376091bin.15.gz	41
SRR10376091bin.16.gz	13
SRR10376091bin.17.gz	9
SRR10376091bin.18.gz	29
SRR10376091bin.19.gz	89
SRR10376091bin.1.gz	26
SRR10376091bin.20.gz	20
SRR10376091bin.21.gz	15
SRR10376091bin.22.gz	32
SRR10376091bin.23.gz	28
SRR10376091bin.24.gz	10
SRR10376091bin.25.gz	17
SRR10376091bin.26.gz	57
SRR10376091bin.27.gz	26
SRR10376091bin.29.gz	26
SRR10376091bin.2.gz	22
SRR10376091bin.30.gz	37
SRR10376091bin.31.gz	11
SRR10376091bin.32.gz	36
SRR10376091bin.33.gz	42
SRR10376091bin.34.gz	50
SRR10376091bin.35.gz	124
SRR10376091bin.36.gz	37
SRR10376091bin.37.gz	16
SRR10376091bin.38.gz	23
SRR10376091bin.3.gz	87
SRR10376091bin.40.gz	23
SRR10376091bin.4.gz	14
SRR10376091bin.5.gz	2
SRR10376091bin.7.gz	30
SRR10376091bin.9.gz	24
SRR10412088bin.1.gz	49
SRR10412088bin.2.gz	11
SRR10412088bin.5.gz	99
SRR10445787bin.2.gz	27
SRR10466945bin.11.gz	45
SRR10466945bin.15.gz	80
SRR10466945bin.19.gz	69
SRR10466945bin.20.gz	68
SRR10489811bin.13.gz	22
SRR10489811bin.14.gz	78
SRR10489811bin.20.gz	28
SRR10489811bin.7.gz	49
SRR10489812bin.1.gz	48
SRR10489812bin.2.gz	158
SRR10489814bin.10.gz	66
SRR10489814bin.11.gz	28
SRR10489814bin.17.gz	31
SRR10489814bin.19.gz	88
SRR10489814bin.1.gz	30
SRR10489814bin.2.gz	135
SRR10489814bin.3.gz	17
SRR10489814bin.7.gz	89
SRR10489814bin.8.gz	55
SRR10489814bin.9.gz	44
SRR10489815bin.10.gz	74
SRR10489815bin.11.gz	24
SRR10489815bin.14.gz	94
SRR10489815bin.15.gz	29
SRR10489815bin.16.gz	99
SRR10489815bin.17.gz	78
SRR10489815bin.18.gz	22
SRR10489815bin.19.gz	36
SRR10489815bin.21.gz	15
SRR10489815bin.22.gz	148
SRR10489815bin.23.gz	78
SRR10489815bin.2.gz	45
SRR10489815bin.30.gz	61
SRR10489815bin.33.gz	79
SRR10489815bin.34.gz	3
SRR10489815bin.36.gz	68
SRR10489815bin.37.gz	39
SRR10489815bin.38.gz	65
SRR10489815bin.3.gz	74
SRR10489815bin.40.gz	46
SRR10489815bin.41.gz	91
SRR10489815bin.43.gz	32
SRR10489815bin.6.gz	117
SRR10489816bin.2.gz	81
SRR10489816bin.5.gz	26
SRR10489817bin.11.gz	41
SRR10489817bin.13.gz	33
SRR10489817bin.16.gz	98
SRR10489817bin.17.gz	107
SRR10489817bin.6.gz	102
SRR10489817bin.7.gz	41
SRR10489817bin.8.gz	51
SRR10489818bin.10.gz	86
SRR10489818bin.11.gz	73
SRR10489818bin.17.gz	29
SRR10489818bin.3.gz	7
SRR10489818bin.7.gz	44
SRR10489819bin.2.gz	74
SRR10489819bin.4.gz	35
SRR10489820bin.2.gz	17
SRR10489820bin.4.gz	66
SRR10489820bin.6.gz	26
SRR10489821bin.10.gz	47
SRR10489821bin.14.gz	15
SRR10489821bin.15.gz	64
SRR10489821bin.16.gz	32
SRR10489821bin.20.gz	124
SRR10489821bin.21.gz	46
SRR10489821bin.22.gz	128
SRR10489821bin.23.gz	130
SRR10489821bin.4.gz	18
SRR10489821bin.5.gz	165
SRR10489821bin.6.gz	30
SRR10489821bin.8.gz	28
SRR10489822bin.2.gz	20
SRR10489822bin.4.gz	41
SRR10489822bin.5.gz	44
SRR10489823bin.12.gz	99
SRR10489823bin.6.gz	24
SRR10489824bin.1.gz	72
SRR10489824bin.2.gz	19
SRR10489824bin.3.gz	97
SRR10489824bin.4.gz	21
SRR10489824bin.5.gz	156
SRR10489824bin.6.gz	28
SRR10489824bin.7.gz	48
SRR10489824bin.8.gz	31
SRR10489824bin.9.gz	54
SRR10489825bin.2.gz	39
SRR10489825bin.3.gz	41
SRR10489825bin.5.gz	96
SRR10489826bin.10.gz	44
SRR10489826bin.12.gz	52
SRR10489826bin.15.gz	42
SRR10489826bin.6.gz	57
SRR10489826bin.8.gz	15
SRR10489827bin.2.gz	30
SRR10489828bin.11.gz	40
SRR10489828bin.12.gz	45
SRR10489828bin.14.gz	103
SRR10489828bin.17.gz	75
SRR10489828bin.19.gz	73
SRR10489828bin.20.gz	56
SRR10489828bin.21.gz	48
SRR10489828bin.23.gz	70
SRR10489828bin.28.gz	15
SRR10489828bin.2.gz	123
SRR10489828bin.5.gz	85
SRR10489828bin.6.gz	49
SRR10489829bin.11.gz	11
SRR10489829bin.3.gz	67
SRR10489829bin.8.gz	19
SRR10489830bin.14.gz	55
SRR10489830bin.19.gz	41
SRR10489830bin.2.gz	16
SRR10489830bin.3.gz	25
SRR10489830bin.4.gz	20
SRR10489830bin.9.gz	26
SRR10489831bin.10.gz	78
SRR10489831bin.11.gz	97
SRR10489831bin.12.gz	62
SRR10489831bin.1.gz	63
SRR10489831bin.5.gz	79
SRR10489831bin.6.gz	16
SRR10489831bin.7.gz	71
SRR10489832bin.1.gz	52
SRR10489832bin.2.gz	27
SRR10489832bin.4.gz	71
SRR10489832bin.5.gz	59
SRR10489832bin.7.gz	173
SRR10489832bin.9.gz	9
SRR10489833bin.10.gz	47
SRR10489833bin.13.gz	5
SRR10489833bin.14.gz	115
SRR10489833bin.18.gz	39
SRR10489833bin.19.gz	29
SRR10489833bin.21.gz	186
SRR10489833bin.27.gz	152
SRR10489833bin.32.gz	47
SRR10489833bin.35.gz	61
SRR10489833bin.37.gz	47
SRR10489833bin.4.gz	77
SRR10489833bin.6.gz	95
SRR10489833bin.7.gz	40
SRR10489833bin.8.gz	125
SRR10489834bin.10.gz	154
SRR10489834bin.11.gz	55
SRR10489834bin.13.gz	175
SRR10489834bin.14.gz	7
SRR10489834bin.16.gz	63
SRR10489834bin.18.gz	35
SRR10489834bin.1.gz	45
SRR10489834bin.21.gz	56
SRR10489834bin.26.gz	14
SRR10489834bin.29.gz	78
SRR10489834bin.30.gz	136
SRR10489834bin.32.gz	21
SRR10489834bin.33.gz	19
SRR10489834bin.34.gz	22
SRR10489834bin.3.gz	17
SRR10489834bin.7.gz	50
SRR10489835bin.2.gz	80
SRR10489837bin.12.gz	45
SRR10489837bin.20.gz	63
SRR10489837bin.7.gz	34
SRR10489838bin.1.gz	33
SRR10489838bin.2.gz	166
SRR10489838bin.3.gz	103
SRR10489838bin.4.gz	198
SRR10489839bin.10.gz	62
SRR10489839bin.11.gz	49
SRR10489839bin.1.gz	50
SRR10489839bin.2.gz	55
SRR10489839bin.4.gz	139
SRR10489839bin.5.gz	67
SRR10489839bin.7.gz	54
SRR10489839bin.8.gz	25
SRR10492801bin.1.gz	8
SRR10492801bin.2.gz	121
SRR10492801bin.3.gz	23
SRR10498315bin.1.gz	190
SRR10498315bin.2.gz	56
SRR10498315bin.3.gz	34
SRR10498315bin.4.gz	103
SRR10498315bin.6.gz	103
SRR10498315bin.7.gz	79
SRR10498315bin.8.gz	179
SRR10498315bin.9.gz	30
SRR10520895bin.1.gz	78
SRR10520895bin.3.gz	40
SRR10520895bin.6.gz	68
SRR10520895bin.8.gz	37
SRR10585487bin.3.gz	68
SRR10585487bin.4.gz	118
SRR10585487bin.5.gz	150
SRR10585487bin.7.gz	152
SRR10585488bin.10.gz	47
SRR10585488bin.11.gz	97
SRR10585488bin.12.gz	96
SRR10585488bin.2.gz	83
SRR10585488bin.4.gz	49
SRR10585488bin.9.gz	73
SRR10585489bin.10.gz	137
SRR10585489bin.2.gz	23
SRR10585489bin.5.gz	18
SRR10585489bin.7.gz	80
SRR10585490bin.2.gz	85
SRR10585490bin.3.gz	74
SRR10585490bin.4.gz	53
SRR10585490bin.7.gz	46
SRR10585490bin.8.gz	12
SRR10585504bin.12.gz	54
SRR10585504bin.13.gz	38
SRR10585504bin.1.gz	103
SRR10585504bin.2.gz	67
SRR10585504bin.3.gz	81
SRR10585504bin.4.gz	123
SRR10585504bin.5.gz	179
SRR10585504bin.6.gz	20
SRR10585504bin.7.gz	77
SRR10585504bin.8.gz	48
SRR10585504bin.9.gz	40
SRR10585506bin.2.gz	66
SRR10585506bin.5.gz	46
SRR10585506bin.7.gz	113
SRR10585506bin.8.gz	47
SRR10585508bin.3.gz	72
SRR10585522bin.1.gz	44
SRR10585522bin.2.gz	64
SRR10585524bin.2.gz	84
SRR10585552bin.1.gz	18
SRR10585567bin.1.gz	70
SRR10586121bin.1.gz	98
SRR10586122bin.1.gz	58
SRR10586123bin.1.gz	49
SRR10586126bin.1.gz	7
SRR10586129bin.1.gz	169
SRR10695388bin.1.gz	84
SRR10695388bin.2.gz	147
SRR10695388bin.3.gz	37
SRR10695388bin.5.gz	75
SRR10695388bin.6.gz	59
SRR10695388bin.7.gz	156
SRR10695390bin.1.gz	77
SRR10695390bin.2.gz	101
SRR10695390bin.3.gz	56
SRR10695390bin.4.gz	64
SRR10695390bin.5.gz	41
SRR10695390bin.6.gz	50
SRR10695391bin.11.gz	48
SRR10695391bin.12.gz	49
SRR10695391bin.13.gz	118
SRR10695391bin.14.gz	135
SRR10695391bin.1.gz	86
SRR10695391bin.2.gz	28
SRR10695391bin.3.gz	194
SRR10695391bin.4.gz	44
SRR10695391bin.5.gz	116
SRR10695391bin.6.gz	152
SRR10695391bin.7.gz	138
SRR10695391bin.8.gz	251
SRR10695391bin.9.gz	65
SRR10695392bin.11.gz	66
SRR10695392bin.12.gz	145
SRR10695392bin.13.gz	55
SRR10695392bin.1.gz	43
SRR10695392bin.3.gz	169
SRR10695392bin.4.gz	54
SRR10695392bin.5.gz	55
SRR10695392bin.6.gz	83
SRR10695392bin.8.gz	125
SRR10695393bin.10.gz	150
SRR10695393bin.1.gz	11
SRR10695393bin.3.gz	119
SRR10695393bin.5.gz	129
SRR10695393bin.6.gz	115
SRR10695393bin.7.gz	65
SRR10695393bin.9.gz	416
SRR10695394bin.10.gz	22
SRR10695394bin.11.gz	56
SRR10695394bin.5.gz	199
SRR10695394bin.6.gz	65
SRR10695395bin.3.gz	74
SRR10695395bin.5.gz	69
SRR10695396bin.1.gz	97
SRR10695396bin.2.gz	79
SRR10695396bin.3.gz	82
SRR10695396bin.4.gz	115
SRR10695396bin.5.gz	39
SRR10695396bin.6.gz	57
SRR10695397bin.10.gz	96
SRR10695397bin.1.gz	115
SRR10695397bin.2.gz	37
SRR10695397bin.3.gz	43
SRR10695397bin.4.gz	92
SRR10695397bin.5.gz	280
SRR10695397bin.7.gz	84
SRR10695397bin.8.gz	62
SRR10695397bin.9.gz	110
SRR10695399bin.1.gz	24
SRR10695399bin.2.gz	113
SRR10695399bin.3.gz	36
SRR10695399bin.4.gz	99
SRR10695399bin.5.gz	53
SRR10695399bin.6.gz	183
SRR10695399bin.7.gz	63
SRR10695399bin.8.gz	46
SRR10695399bin.9.gz	112
SRR10695400bin.1.gz	52
SRR10695400bin.3.gz	47
SRR10695400bin.4.gz	32
SRR10695400bin.6.gz	28
SRR10695401bin.1.gz	129
SRR10695401bin.6.gz	76
SRR10695402bin.4.gz	243
SRR10695402bin.7.gz	150
SRR10861768bin.1.gz	123
SRR10861768bin.2.gz	63
SRR10861768bin.3.gz	39
SRR10861768bin.4.gz	35
SRR10861768bin.5.gz	83
SRR10861768bin.6.gz	74
SRR10861768bin.7.gz	93
SRR10929040bin.1.gz	114
SRR10929040bin.2.gz	62
SRR10929040bin.3.gz	54
SRR10946703bin.1.gz	89
SRR10946703bin.2.gz	99
SRR10946703bin.4.gz	52
SRR10948222bin.1.gz	38
SRR10948222bin.2.gz	112
SRR10948296bin.1.gz	74
SRR10948296bin.3.gz	19
SRR10948296bin.4.gz	146
SRR10948380bin.1.gz	115
SRR10948449bin.10.gz	133
SRR10948449bin.11.gz	73
SRR10948449bin.1.gz	36
SRR10948449bin.2.gz	87
SRR10948449bin.3.gz	30
SRR10948449bin.4.gz	147
SRR10948449bin.5.gz	69
SRR10948449bin.6.gz	79
SRR10948449bin.7.gz	107
SRR10948449bin.8.gz	125
SRR10948449bin.9.gz	126
SRR10953297bin.1.gz	42
SRR10953297bin.2.gz	129
SRR10953297bin.3.gz	20
SRR10953297bin.4.gz	179
SRR10953297bin.5.gz	3
SRR10953300bin.1.gz	52
SRR10953300bin.3.gz	93
SRR10953300bin.4.gz	133
SRR10953300bin.5.gz	94
SRR10953302bin.1.gz	234
SRR10953302bin.2.gz	107
SRR10953302bin.5.gz	71
SRR10953302bin.6.gz	167
SRR10953302bin.7.gz	157
SRR10953302bin.8.gz	203
SRR10953303bin.1.gz	131
SRR10953303bin.4.gz	90
SRR10953933bin.10.gz	66
SRR10953933bin.1.gz	157
SRR10953933bin.2.gz	61
SRR10953933bin.4.gz	47
SRR10953933bin.5.gz	116
SRR10953933bin.6.gz	128
SRR10953933bin.7.gz	138
SRR10953933bin.9.gz	165
SRR10953934bin.11.gz	36
SRR10953934bin.12.gz	26
SRR10953934bin.13.gz	62
SRR10953934bin.14.gz	108
SRR10953934bin.15.gz	70
SRR10953934bin.16.gz	53
SRR10953934bin.1.gz	91
SRR10953934bin.3.gz	121
SRR10953934bin.4.gz	29
SRR10953934bin.6.gz	153
SRR10953934bin.7.gz	52
SRR10953934bin.8.gz	123
SRR10953934bin.9.gz	238
SRR10953936bin.10.gz	37
SRR10953936bin.1.gz	76
SRR10953936bin.2.gz	168
SRR10953936bin.4.gz	123
SRR10953936bin.5.gz	30
SRR10953936bin.7.gz	173
SRR10953936bin.8.gz	70
SRR10953936bin.9.gz	68
SRR10953937bin.10.gz	93
SRR10953937bin.11.gz	101
SRR10953937bin.13.gz	33
SRR10953937bin.15.gz	119
SRR10953937bin.16.gz	24
SRR10953937bin.17.gz	63
SRR10953937bin.18.gz	50
SRR10953937bin.19.gz	101
SRR10953937bin.20.gz	100
SRR10953937bin.22.gz	129
SRR10953937bin.23.gz	58
SRR10953937bin.2.gz	89
SRR10953937bin.4.gz	174
SRR10953937bin.5.gz	48
SRR10953937bin.6.gz	36
SRR10953937bin.9.gz	137
SRR10954383bin.1.gz	86
SRR10954383bin.2.gz	96
SRR10954383bin.3.gz	255
SRR10954383bin.4.gz	37
SRR10954383bin.5.gz	108
SRR10954383bin.6.gz	25
SRR10954383bin.7.gz	141
SRR10954383bin.8.gz	254
SRR10954964bin.10.gz	41
SRR10954964bin.12.gz	85
SRR10954964bin.13.gz	117
SRR10954964bin.1.gz	174
SRR10954964bin.2.gz	170
SRR10954964bin.4.gz	104
SRR10954964bin.5.gz	65
SRR10954964bin.6.gz	129
SRR10954964bin.8.gz	54
SRR10954964bin.9.gz	50
SRR10954965bin.10.gz	271
SRR10954965bin.12.gz	56
SRR10954965bin.14.gz	38
SRR10954965bin.15.gz	75
SRR10954965bin.16.gz	105
SRR10954965bin.17.gz	83
SRR10954965bin.18.gz	70
SRR10954965bin.19.gz	42
SRR10954965bin.1.gz	75
SRR10954965bin.20.gz	75
SRR10954965bin.21.gz	172
SRR10954965bin.22.gz	50
SRR10954965bin.23.gz	124
SRR10954965bin.24.gz	152
SRR10954965bin.2.gz	62
SRR10954965bin.3.gz	110
SRR10954965bin.4.gz	105
SRR10954965bin.5.gz	59
SRR10954965bin.6.gz	51
SRR10954965bin.7.gz	109
SRR10954965bin.8.gz	92
SRR10954965bin.9.gz	62
SRR10954966bin.1.gz	122
SRR10954966bin.2.gz	184
SRR10954966bin.3.gz	51
SRR10954966bin.5.gz	158
SRR10954966bin.6.gz	31
SRR10954967bin.1.gz	70
SRR10954967bin.2.gz	19
SRR10954967bin.3.gz	224
SRR10954967bin.7.gz	110
SRR10954968bin.1.gz	119
SRR10954968bin.3.gz	123
SRR10954968bin.4.gz	93
SRR10954968bin.5.gz	137
SRR10954969bin.1.gz	280
SRR10954969bin.4.gz	113
SRR10954969bin.5.gz	48
SRR10954969bin.6.gz	130
SRR10954969bin.7.gz	73
SRR10954969bin.9.gz	117
SRR10954970bin.1.gz	23
SRR10954970bin.2.gz	69
SRR10954970bin.5.gz	90
SRR10954970bin.7.gz	91
SRR10954970bin.8.gz	84
SRR10954971bin.10.gz	50
SRR10954971bin.1.gz	84
SRR10954971bin.2.gz	87
SRR10954971bin.3.gz	75
SRR10954971bin.5.gz	84
SRR10954971bin.6.gz	153
SRR10954971bin.7.gz	68
SRR10954971bin.9.gz	184
SRR10954972bin.1.gz	74
SRR10954972bin.2.gz	32
SRR10954972bin.4.gz	89
SRR10954973bin.11.gz	59
SRR10954973bin.12.gz	6
SRR10954973bin.1.gz	47
SRR10954973bin.2.gz	76
SRR10954973bin.3.gz	183
SRR10954973bin.4.gz	189
SRR10954973bin.6.gz	184
SRR10954973bin.7.gz	252
SRR10954973bin.8.gz	44
SRR10954973bin.9.gz	129
SRR10954974bin.1.gz	102
SRR10954974bin.3.gz	184
SRR10954974bin.4.gz	127
SRR10954974bin.5.gz	48
SRR10954974bin.6.gz	72
SRR10954974bin.7.gz	57
SRR10954975bin.1.gz	41
SRR10954975bin.3.gz	30
SRR10954975bin.6.gz	119
SRR10954975bin.7.gz	35
SRR10954975bin.8.gz	46
SRR10954976bin.10.gz	135
SRR10954976bin.1.gz	73
SRR10954976bin.3.gz	115
SRR10954976bin.4.gz	75
SRR10954976bin.5.gz	49
SRR10954976bin.6.gz	74
SRR10954976bin.7.gz	36
SRR10954976bin.9.gz	56
SRR10954977bin.1.gz	115
SRR10954977bin.2.gz	82
SRR10954977bin.3.gz	76
SRR10954977bin.4.gz	152
SRR10954977bin.5.gz	133
SRR10954977bin.7.gz	132
SRR10954977bin.8.gz	137
SRR10954978bin.1.gz	28
SRR10954978bin.2.gz	55
SRR10954978bin.3.gz	125
SRR10954978bin.4.gz	83
SRR10954978bin.6.gz	150
SRR10954979bin.2.gz	66
SRR10954979bin.3.gz	172
SRR10954979bin.4.gz	52
SRR10954979bin.5.gz	111
SRR10954979bin.6.gz	131
SRR10954979bin.7.gz	79
SRR10954979bin.8.gz	45
SRR10954979bin.9.gz	54
SRR10954980bin.1.gz	50
SRR10954980bin.2.gz	94
SRR10954980bin.3.gz	54
SRR10954980bin.5.gz	49
SRR10954980bin.7.gz	140
SRR10954981bin.1.gz	137
SRR10954981bin.2.gz	166
SRR10954981bin.3.gz	40
SRR10954981bin.4.gz	22
SRR10954981bin.6.gz	102
SRR10954981bin.7.gz	175
SRR10954981bin.8.gz	107
SRR10954982bin.2.gz	84
SRR10954982bin.3.gz	55
SRR10954982bin.4.gz	125
SRR10954982bin.5.gz	67
SRR10954982bin.6.gz	135
SRR10954982bin.7.gz	61
SRR10954982bin.8.gz	189
SRR10954982bin.9.gz	69
SRR10954983bin.10.gz	102
SRR10954983bin.11.gz	33
SRR10954983bin.2.gz	133
SRR10954983bin.3.gz	56
SRR10954983bin.4.gz	114
SRR10954983bin.7.gz	37
SRR10954983bin.9.gz	150
SRR10954984bin.10.gz	84
SRR10954984bin.11.gz	66
SRR10954984bin.12.gz	86
SRR10954984bin.13.gz	93
SRR10954984bin.15.gz	43
SRR10954984bin.16.gz	12
SRR10954984bin.17.gz	59
SRR10954984bin.18.gz	102
SRR10954984bin.1.gz	60
SRR10954984bin.2.gz	155
SRR10954984bin.3.gz	116
SRR10954984bin.4.gz	48
SRR10954984bin.5.gz	67
SRR10954984bin.6.gz	197
SRR10954984bin.7.gz	139
SRR10954984bin.8.gz	71
SRR10954984bin.9.gz	42
SRR10954987bin.1.gz	121
SRR10954987bin.2.gz	23
SRR10954988bin.11.gz	131
SRR10954988bin.1.gz	152
SRR10954988bin.2.gz	52
SRR10954988bin.3.gz	31
SRR10954988bin.4.gz	21
SRR10954988bin.5.gz	127
SRR10954988bin.6.gz	96
SRR10954988bin.9.gz	35
SRR10955009bin.1.gz	119
SRR10955009bin.3.gz	36
SRR10955009bin.4.gz	132
SRR10955009bin.6.gz	37
SRR10955009bin.7.gz	15
SRR10968225bin.1.gz	48
SRR10968225bin.2.gz	75
SRR10968225bin.3.gz	28
SRR10968226bin.1.gz	153
SRR10968226bin.2.gz	44
SRR10968229bin.1.gz	33
SRR10968246bin.10.gz	105
SRR10968246bin.11.gz	95
SRR10968246bin.12.gz	114
SRR10968246bin.13.gz	44
SRR10968246bin.14.gz	139
SRR10968246bin.15.gz	103
SRR10968246bin.16.gz	72
SRR10968246bin.17.gz	41
SRR10968246bin.18.gz	96
SRR10968246bin.19.gz	101
SRR10968246bin.1.gz	46
SRR10968246bin.20.gz	90
SRR10968246bin.21.gz	111
SRR10968246bin.22.gz	77
SRR10968246bin.23.gz	92
SRR10968246bin.24.gz	96
SRR10968246bin.25.gz	48
SRR10968246bin.26.gz	153
SRR10968246bin.27.gz	89
SRR10968246bin.28.gz	186
SRR10968246bin.29.gz	224
SRR10968246bin.2.gz	352
SRR10968246bin.30.gz	30
SRR10968246bin.31.gz	114
SRR10968246bin.32.gz	99
SRR10968246bin.33.gz	264
SRR10968246bin.35.gz	25
SRR10968246bin.36.gz	64
SRR10968246bin.37.gz	79
SRR10968246bin.38.gz	34
SRR10968246bin.39.gz	65
SRR10968246bin.3.gz	93
SRR10968246bin.40.gz	297
SRR10968246bin.41.gz	321
SRR10968246bin.42.gz	58
SRR10968246bin.43.gz	98
SRR10968246bin.44.gz	132
SRR10968246bin.45.gz	81
SRR10968246bin.46.gz	152
SRR10968246bin.47.gz	64
SRR10968246bin.48.gz	61
SRR10968246bin.49.gz	19
SRR10968246bin.4.gz	299
SRR10968246bin.50.gz	122
SRR10968246bin.51.gz	60
SRR10968246bin.52.gz	92
SRR10968246bin.53.gz	116
SRR10968246bin.54.gz	79
SRR10968246bin.55.gz	175
SRR10968246bin.56.gz	26
SRR10968246bin.57.gz	130
SRR10968246bin.58.gz	42
SRR10968246bin.59.gz	238
SRR10968246bin.5.gz	73
SRR10968246bin.60.gz	82
SRR10968246bin.61.gz	72
SRR10968246bin.62.gz	142
SRR10968246bin.63.gz	48
SRR10968246bin.64.gz	176
SRR10968246bin.65.gz	27
SRR10968246bin.66.gz	95
SRR10968246bin.67.gz	25
SRR10968246bin.68.gz	97
SRR10968246bin.69.gz	52
SRR10968246bin.6.gz	44
SRR10968246bin.70.gz	48
SRR10968246bin.71.gz	33
SRR10968246bin.72.gz	61
SRR10968246bin.73.gz	7
SRR10968246bin.74.gz	81
SRR10968246bin.75.gz	47
SRR10968246bin.76.gz	49
SRR10968246bin.77.gz	74
SRR10968246bin.78.gz	96
SRR10968246bin.7.gz	94
SRR10968246bin.8.gz	77
SRR10968246bin.9.gz	33
SRR10968252bin.1.gz	126
SRR10968252bin.3.gz	137
SRR10968252bin.4.gz	62
SRR10968254bin.1.gz	79
SRR10968254bin.2.gz	37
SRR10968258bin.1.gz	93
SRR10968263bin.1.gz	68
SRR10968263bin.2.gz	59
SRR10968263bin.3.gz	35
SRR10968263bin.4.gz	94
SRR10968264bin.1.gz	107
SRR10968264bin.2.gz	128
SRR10968264bin.3.gz	58
SRR10968264bin.4.gz	41
SRR10968264bin.5.gz	13
SRR10968268bin.1.gz	76
SRR10968268bin.2.gz	58
SRR10968268bin.3.gz	33
SRR10968268bin.5.gz	81
SRR10968268bin.6.gz	84
SRR10968269bin.1.gz	31
SRR10968269bin.2.gz	51
SRR10968269bin.3.gz	20
SRR10998558bin.2.gz	132
SRR10998558bin.3.gz	87
SRR10998558bin.4.gz	112
SRR10998558bin.5.gz	99
SRR10998558bin.6.gz	79
SRR10998558bin.8.gz	101
SRR10998558bin.9.gz	60
SRR10998589bin.3.gz	84
SRR10998589bin.4.gz	39
SRR10998589bin.5.gz	46
SRR10998589bin.6.gz	54
SRR10998589bin.7.gz	35
SRR10998589bin.8.gz	25
SRR10998590bin.10.gz	61
SRR10998590bin.1.gz	99
SRR10998590bin.2.gz	65
SRR10998590bin.3.gz	53
SRR10998590bin.4.gz	101
SRR10998590bin.5.gz	180
SRR10998590bin.6.gz	110
SRR10998590bin.7.gz	73
SRR10998590bin.8.gz	54
SRR10998590bin.9.gz	167
SRR10998591bin.11.gz	89
SRR10998591bin.2.gz	74
SRR10998591bin.4.gz	125
SRR10998591bin.5.gz	86
SRR10998591bin.6.gz	47
SRR10998591bin.9.gz	103
SRR10998592bin.10.gz	80
SRR10998592bin.11.gz	38
SRR10998592bin.12.gz	73
SRR10998592bin.13.gz	81
SRR10998592bin.15.gz	73
SRR10998592bin.16.gz	85
SRR10998592bin.17.gz	38
SRR10998592bin.19.gz	66
SRR10998592bin.20.gz	70
SRR10998592bin.21.gz	181
SRR10998592bin.22.gz	116
SRR10998592bin.23.gz	79
SRR10998592bin.24.gz	54
SRR10998592bin.25.gz	69
SRR10998592bin.26.gz	102
SRR10998592bin.27.gz	141
SRR10998592bin.28.gz	68
SRR10998592bin.29.gz	329
SRR10998592bin.2.gz	411
SRR10998592bin.30.gz	83
SRR10998592bin.31.gz	74
SRR10998592bin.32.gz	71
SRR10998592bin.3.gz	86
SRR10998592bin.4.gz	14
SRR10998592bin.5.gz	70
SRR10998592bin.6.gz	103
SRR10998592bin.7.gz	65
SRR10998592bin.8.gz	73
SRR10998593bin.10.gz	51
SRR10998593bin.12.gz	243
SRR10998593bin.13.gz	143
SRR10998593bin.14.gz	36
SRR10998593bin.15.gz	58
SRR10998593bin.1.gz	227
SRR10998593bin.2.gz	50
SRR10998593bin.3.gz	228
SRR10998593bin.4.gz	55
SRR10998593bin.5.gz	199
SRR10998593bin.6.gz	140
SRR10998593bin.7.gz	92
SRR10998593bin.9.gz	79
SRR11031422bin.10.gz	78
SRR11031422bin.11.gz	100
SRR11031422bin.12.gz	203
SRR11031422bin.13.gz	74
SRR11031422bin.14.gz	80
SRR11031422bin.15.gz	51
SRR11031422bin.16.gz	130
SRR11031422bin.1.gz	110
SRR11031422bin.2.gz	116
SRR11031422bin.3.gz	85
SRR11031422bin.4.gz	95
SRR11031422bin.6.gz	65
SRR11031422bin.7.gz	81
SRR11031422bin.8.gz	61
SRR11051935bin.2.gz	214
SRR11051935bin.4.gz	166
SRR11051936bin.1.gz	80
SRR11051936bin.3.gz	120
SRR5195127rbin.16.gz	69
SRR5195127rbin.17.gz	68
SRR5195127rbin.19.gz	44
SRR5195127rbin.20.gz	36
SRR5195127rbin.21.gz	73
SRR5195127rbin.22.gz	95
SRR5195127rbin.23.gz	68
SRR5195127rbin.24.gz	68
SRR5195127rbin.25.gz	75
SRR5195127rbin.2.gz	37
SRR5195127rbin.3.gz	15
SRR5195127rbin.4.gz	50
SRR5195127rbin.5.gz	59
SRR5195127rbin.6.gz	91
SRR5195127rbin.7.gz	101
SRR5195127rbin.8.gz	124
SRR5195127rbin.9.gz	138
SRR5195129rbin.10.gz	240
SRR5195129rbin.11.gz	41
SRR5195129rbin.12.gz	63
SRR5195129rbin.13.gz	98
SRR5195129rbin.14.gz	75
SRR5195129rbin.15.gz	95
SRR5195129rbin.16.gz	69
SRR5195129rbin.17.gz	82
SRR5195129rbin.18.gz	164
SRR5195129rbin.19.gz	28
SRR5195129rbin.1.gz	40
SRR5195129rbin.20.gz	71
SRR5195129rbin.21.gz	61
SRR5195129rbin.22.gz	123
SRR5195129rbin.23.gz	143
SRR5195129rbin.24.gz	64
SRR5195129rbin.25.gz	55
SRR5195129rbin.26.gz	98
SRR5195129rbin.27.gz	87
SRR5195129rbin.28.gz	95
SRR5195129rbin.29.gz	29
SRR5195129rbin.2.gz	66
SRR5195129rbin.30.gz	70
SRR5195129rbin.31.gz	98
SRR5195129rbin.32.gz	15
SRR5195129rbin.33.gz	202
SRR5195129rbin.34.gz	99
SRR5195129rbin.4.gz	75
SRR5195129rbin.5.gz	156
SRR5195129rbin.6.gz	183
SRR5195129rbin.7.gz	58
SRR5195129rbin.9.gz	62
SRR5195131rbin.12.gz	90
SRR5195131rbin.14.gz	37
SRR5195131rbin.15.gz	139
SRR5195131rbin.16.gz	50
SRR5195131rbin.18.gz	86
SRR5195131rbin.22.gz	46
SRR5195131rbin.23.gz	74
SRR5195131rbin.2.gz	54
SRR5195131rbin.3.gz	36
SRR5195131rbin.4.gz	68
SRR5195131rbin.7.gz	29
SRR5195131rbin.8.gz	68
SRR5195132rbin.10.gz	120
SRR5195132rbin.11.gz	19
SRR5195132rbin.12.gz	141
SRR5195132rbin.13.gz	24
SRR5195132rbin.15.gz	24
SRR5195132rbin.16.gz	26
SRR5195132rbin.17.gz	41
SRR5195132rbin.18.gz	26
SRR5195132rbin.19.gz	37
SRR5195132rbin.2.gz	134
SRR5195132rbin.4.gz	65
SRR5195132rbin.5.gz	68
SRR5195132rbin.6.gz	99
SRR5195132rbin.7.gz	178
SRR5195132rbin.8.gz	168
SRR5195132rbin.9.gz	96
SRR5195133rbin.11.gz	89
SRR5195133rbin.12.gz	133
SRR5195133rbin.13.gz	78
SRR5195133rbin.14.gz	100
SRR5195133rbin.15.gz	108
SRR5195133rbin.17.gz	68
SRR5195133rbin.18.gz	82
SRR5195133rbin.19.gz	72
SRR5195133rbin.1.gz	146
SRR5195133rbin.20.gz	82
SRR5195133rbin.21.gz	63
SRR5195133rbin.3.gz	37
SRR5195133rbin.4.gz	81
SRR5195133rbin.6.gz	83
SRR5195133rbin.7.gz	117
SRR5195133rbin.8.gz	61
SRR5195133rbin.9.gz	79
SRR5195135rbin.10.gz	371
SRR5195135rbin.12.gz	148
SRR5195135rbin.13.gz	10
SRR5195135rbin.15.gz	88
SRR5195135rbin.16.gz	54
SRR5195135rbin.18.gz	102
SRR5195135rbin.19.gz	35
SRR5195135rbin.1.gz	52
SRR5195135rbin.20.gz	30
SRR5195135rbin.21.gz	79
SRR5195135rbin.23.gz	79
SRR5195135rbin.24.gz	111
SRR5195135rbin.25.gz	33
SRR5195135rbin.29.gz	41
SRR5195135rbin.2.gz	81
SRR5195135rbin.30.gz	175
SRR5195135rbin.3.gz	80
SRR5195135rbin.4.gz	126
SRR5195135rbin.7.gz	117
SRR5195135rbin.8.gz	138
SRR5195136rbin.12.gz	181
SRR5195136rbin.14.gz	85
SRR5195136rbin.15.gz	129
SRR5195136rbin.17.gz	32
SRR5195136rbin.19.gz	65
SRR5195136rbin.21.gz	67
SRR5195136rbin.22.gz	67
SRR5195136rbin.23.gz	165
SRR5195136rbin.24.gz	92
SRR5195136rbin.25.gz	15
SRR5195136rbin.2.gz	93
SRR5195136rbin.4.gz	63
SRR5195136rbin.6.gz	79
SRR5195136rbin.8.gz	8
SRR5195136rbin.9.gz	43
SRR5195137rbin.16.gz	87
SRR5195137rbin.1.gz	50
SRR5195137rbin.3.gz	104
SRR5195137rbin.4.gz	120
SRR5195137rbin.9.gz	74
SRR5195138rbin.10.gz	49
SRR5195138rbin.1.gz	36
SRR5195138rbin.2.gz	129
SRR5195138rbin.3.gz	69
SRR5195138rbin.4.gz	92
SRR5195138rbin.6.gz	71
SRR5195138rbin.8.gz	91
SRR5195138rbin.9.gz	20
SRR5195139rbin.10.gz	79
SRR5195139rbin.11.gz	179
SRR5195139rbin.1.gz	62
SRR5195139rbin.2.gz	109
SRR5195139rbin.3.gz	88
SRR5195139rbin.4.gz	146
SRR5195139rbin.5.gz	50
SRR5195139rbin.6.gz	30
SRR5195139rbin.8.gz	51
SRR5195139rbin.9.gz	26
SRR5195140rbin.10.gz	101
SRR5195140rbin.11.gz	124
SRR5195140rbin.12.gz	8
SRR5195140rbin.1.gz	55
SRR5195140rbin.2.gz	87
SRR5195140rbin.3.gz	22
SRR5195140rbin.4.gz	115
SRR5195140rbin.5.gz	138
SRR5195140rbin.6.gz	112
SRR5195140rbin.7.gz	114
SRR5195140rbin.8.gz	55
SRR5195140rbin.9.gz	94
SRR5195141rbin.11.gz	25
SRR5195141rbin.14.gz	154
SRR5195141rbin.2.gz	173
SRR5195141rbin.3.gz	88
SRR5195141rbin.4.gz	157
SRR5195141rbin.5.gz	87
SRR5195141rbin.6.gz	141
SRR5195141rbin.8.gz	18
SRR5195141rbin.9.gz	64
SRR5195142rbin.11.gz	66
SRR5195142rbin.12.gz	58
SRR5195142rbin.2.gz	83
SRR5195142rbin.3.gz	19
SRR5195142rbin.4.gz	50
SRR5195142rbin.5.gz	94
SRR5195142rbin.6.gz	140
SRR5195142rbin.7.gz	67
SRR5195142rbin.8.gz	151
SRR5195143rbin.10.gz	90
SRR5195143rbin.11.gz	115
SRR5195143rbin.12.gz	102
SRR5195143rbin.14.gz	84
SRR5195143rbin.15.gz	80
SRR5195143rbin.16.gz	70
SRR5195143rbin.17.gz	77
SRR5195143rbin.18.gz	45
SRR5195143rbin.19.gz	67
SRR5195143rbin.1.gz	32
SRR5195143rbin.20.gz	125
SRR5195143rbin.21.gz	37
SRR5195143rbin.22.gz	229
SRR5195143rbin.23.gz	69
SRR5195143rbin.24.gz	72
SRR5195143rbin.25.gz	297
SRR5195143rbin.27.gz	25
SRR5195143rbin.2.gz	27
SRR5195143rbin.3.gz	142
SRR5195143rbin.4.gz	29
SRR5195143rbin.6.gz	77
SRR5195143rbin.8.gz	64
SRR5195143rbin.9.gz	56
SRR5195144rbin.10.gz	7
SRR5195144rbin.11.gz	126
SRR5195144rbin.12.gz	51
SRR5195144rbin.13.gz	105
SRR5195144rbin.14.gz	123
SRR5195144rbin.15.gz	104
SRR5195144rbin.16.gz	211
SRR5195144rbin.17.gz	76
SRR5195144rbin.19.gz	27
SRR5195144rbin.1.gz	48
SRR5195144rbin.21.gz	53
SRR5195144rbin.24.gz	114
SRR5195144rbin.25.gz	99
SRR5195144rbin.26.gz	104
SRR5195144rbin.27.gz	105
SRR5195144rbin.28.gz	111
SRR5195144rbin.29.gz	24
SRR5195144rbin.30.gz	96
SRR5195144rbin.3.gz	108
SRR5195144rbin.4.gz	56
SRR5195144rbin.5.gz	139
SRR5195144rbin.6.gz	88
SRR5195144rbin.7.gz	73
SRR5195144rbin.8.gz	20
SRR5195144rbin.9.gz	158
SRR5195145rbin.10.gz	41
SRR5195145rbin.11.gz	220
SRR5195145rbin.14.gz	99
SRR5195145rbin.15.gz	30
SRR5195145rbin.17.gz	58
SRR5195145rbin.1.gz	58
SRR5195145rbin.2.gz	89
SRR5195145rbin.3.gz	81
SRR5195145rbin.4.gz	62
SRR5195145rbin.5.gz	101
SRR5195145rbin.6.gz	144
SRR5195145rbin.7.gz	22
SRR5195145rbin.8.gz	28
SRR5195145rbin.9.gz	34
SRR5195146rbin.10.gz	18
SRR5195146rbin.11.gz	43
SRR5195146rbin.1.gz	43
SRR5195146rbin.2.gz	59
SRR5195146rbin.4.gz	73
SRR5195146rbin.5.gz	28
SRR5195146rbin.6.gz	122
SRR5195146rbin.7.gz	65
SRR5195147rbin.11.gz	12
SRR5195147rbin.13.gz	57
SRR5195147rbin.1.gz	110
SRR5195147rbin.2.gz	175
SRR5195147rbin.3.gz	117
SRR5195147rbin.5.gz	46
SRR5195147rbin.6.gz	43
SRR5195147rbin.7.gz	112
SRR5195147rbin.8.gz	117
SRR5195147rbin.9.gz	262
SRR5195148rbin.10.gz	79
SRR5195148rbin.11.gz	58
SRR5195148rbin.12.gz	74
SRR5195148rbin.14.gz	11
SRR5195148rbin.1.gz	174
SRR5195148rbin.2.gz	86
SRR5195148rbin.3.gz	52
SRR5195148rbin.4.gz	94
SRR5195148rbin.5.gz	223
SRR5195148rbin.6.gz	84
SRR5195148rbin.7.gz	90
SRR5195148rbin.8.gz	28
SRR5195148rbin.9.gz	159
SRR5205085rbin.11.gz	82
SRR5205085rbin.1.gz	48
SRR5205085rbin.2.gz	47
SRR5205085rbin.4.gz	118
SRR5205085rbin.5.gz	60
SRR5205085rbin.6.gz	33
SRR5205085rbin.9.gz	80
SRR5205807bin.40.gz	106
SRR5205809rbin.10.gz	21
SRR5205814rbin.12.gz	80
SRR5205814rbin.5.gz	74
SRR5207236rbin.10.gz	92
SRR5207236rbin.11.gz	95
SRR5207236rbin.13.gz	45
SRR5207236rbin.14.gz	64
SRR5207236rbin.6.gz	94
SRR5207236rbin.8.gz	106
SRR5207237rbin.10.gz	42
SRR5207237rbin.1.gz	57
SRR5207237rbin.7.gz	49
SRR5207244rbin.13.gz	69
SRR5207244rbin.17.gz	30
SRR5207244rbin.3.gz	195
SRR5207244rbin.7.gz	61
SRR5207245rbin.11.gz	5
SRR5207245rbin.15.gz	11
SRR5207245rbin.4.gz	145
SRR5207245rbin.8.gz	36
SRR5207247rbin.12.gz	82
SRR5207247rbin.19.gz	51
SRR5207247rbin.21.gz	21
SRR5207247rbin.2.gz	33
SRR5207247rbin.6.gz	114
SRR5207247rbin.9.gz	46
SRR5207248rbin.12.gz	169
SRR5207248rbin.2.gz	33
SRR5207248rbin.5.gz	16
SRR5207249rbin.14.gz	115
SRR5207249rbin.26.gz	49
SRR5207253rbin.13.gz	88
SRR5207253rbin.15.gz	26
SRR5207253rbin.2.gz	60
SRR5207253rbin.9.gz	54
SRR5207302rbin.15.gz	46
SRR5207341rbin.1.gz	5
SRR5207342rbin.1.gz	43
SRR5207342rbin.2.gz	22
SRR5207342rbin.3.gz	33
SRR5207344rbin.2.gz	25
SRR5207570rbin.1.gz	35
SRR5208282rbin.10.gz	123
SRR5208282rbin.11.gz	75
SRR5208282rbin.12.gz	56
SRR5208282rbin.13.gz	95
SRR5208282rbin.14.gz	87
SRR5208282rbin.15.gz	96
SRR5208282rbin.16.gz	63
SRR5208282rbin.18.gz	42
SRR5208282rbin.19.gz	25
SRR5208282rbin.1.gz	62
SRR5208282rbin.20.gz	93
SRR5208282rbin.21.gz	35
SRR5208282rbin.24.gz	93
SRR5208282rbin.25.gz	39
SRR5208282rbin.2.gz	47
SRR5208282rbin.5.gz	26
SRR5208282rbin.6.gz	180
SRR5208282rbin.8.gz	35
SRR5208337rbin.10.gz	37
SRR5208337rbin.11.gz	69
SRR5208337rbin.12.gz	89
SRR5208337rbin.13.gz	40
SRR5208337rbin.15.gz	11
SRR5208337rbin.16.gz	73
SRR5208337rbin.17.gz	70
SRR5208337rbin.18.gz	95
SRR5208337rbin.19.gz	66
SRR5208337rbin.20.gz	78
SRR5208337rbin.22.gz	134
SRR5208337rbin.24.gz	79
SRR5208337rbin.25.gz	22
SRR5208337rbin.26.gz	98
SRR5208337rbin.2.gz	32
SRR5208337rbin.3.gz	132
SRR5208337rbin.4.gz	37
SRR5208337rbin.6.gz	114
SRR5208337rbin.7.gz	107
SRR5208337rbin.9.gz	144
SRR5209019rbin.1.gz	136
SRR5209019rbin.2.gz	77
SRR5209019rbin.3.gz	54
SRR5209020rbin.3.gz	125
SRR5209020rbin.4.gz	70
SRR5209021rbin.2.gz	70
SRR5209023rbin.2.gz	72
SRR5209023rbin.4.gz	79
SRR5209023rbin.5.gz	124
SRR5209023rbin.6.gz	108
SRR5209025rbin.1.gz	110
SRR5209026rbin.5.gz	111
SRR5209027rbin.2.gz	168
SRR5209028rbin.10.gz	36
SRR5209028rbin.11.gz	16
SRR5209028rbin.12.gz	32
SRR5209028rbin.13.gz	49
SRR5209028rbin.14.gz	29
SRR5209028rbin.15.gz	210
SRR5209028rbin.16.gz	17
SRR5209028rbin.17.gz	14
SRR5209028rbin.18.gz	20
SRR5209028rbin.19.gz	28
SRR5209028rbin.1.gz	127
SRR5209028rbin.20.gz	37
SRR5209028rbin.21.gz	63
SRR5209028rbin.22.gz	80
SRR5209028rbin.23.gz	66
SRR5209028rbin.25.gz	144
SRR5209028rbin.26.gz	55
SRR5209028rbin.27.gz	29
SRR5209028rbin.28.gz	66
SRR5209028rbin.29.gz	60
SRR5209028rbin.2.gz	144
SRR5209028rbin.30.gz	25
SRR5209028rbin.31.gz	26
SRR5209028rbin.32.gz	19
SRR5209028rbin.33.gz	46
SRR5209028rbin.34.gz	23
SRR5209028rbin.35.gz	28
SRR5209028rbin.36.gz	79
SRR5209028rbin.37.gz	27
SRR5209028rbin.38.gz	10
SRR5209028rbin.39.gz	22
SRR5209028rbin.40.gz	37
SRR5209028rbin.41.gz	162
SRR5209028rbin.42.gz	29
SRR5209028rbin.43.gz	31
SRR5209028rbin.44.gz	97
SRR5209028rbin.45.gz	17
SRR5209028rbin.46.gz	58
SRR5209028rbin.47.gz	15
SRR5209028rbin.48.gz	16
SRR5209028rbin.49.gz	87
SRR5209028rbin.4.gz	54
SRR5209028rbin.50.gz	18
SRR5209028rbin.51.gz	26
SRR5209028rbin.52.gz	61
SRR5209028rbin.53.gz	21
SRR5209028rbin.54.gz	49
SRR5209028rbin.55.gz	53
SRR5209028rbin.56.gz	58
SRR5209028rbin.57.gz	26
SRR5209028rbin.58.gz	37
SRR5209028rbin.59.gz	33
SRR5209028rbin.5.gz	56
SRR5209028rbin.60.gz	14
SRR5209028rbin.61.gz	30
SRR5209028rbin.62.gz	16
SRR5209028rbin.63.gz	22
SRR5209028rbin.64.gz	71
SRR5209028rbin.66.gz	23
SRR5209028rbin.67.gz	17
SRR5209028rbin.68.gz	22
SRR5209028rbin.6.gz	71
SRR5209028rbin.7.gz	33
SRR5209028rbin.8.gz	34
SRR5209028rbin.9.gz	20
SRR5209029rbin.10.gz	35
SRR5209029rbin.11.gz	7
SRR5209029rbin.12.gz	44
SRR5209029rbin.13.gz	118
SRR5209029rbin.14.gz	8
SRR5209029rbin.15.gz	30
SRR5209029rbin.16.gz	18
SRR5209029rbin.17.gz	10
SRR5209029rbin.19.gz	39
SRR5209029rbin.1.gz	97
SRR5209029rbin.20.gz	28
SRR5209029rbin.21.gz	28
SRR5209029rbin.22.gz	31
SRR5209029rbin.23.gz	3
SRR5209029rbin.24.gz	26
SRR5209029rbin.25.gz	8
SRR5209029rbin.26.gz	5
SRR5209029rbin.27.gz	15
SRR5209029rbin.28.gz	42
SRR5209029rbin.29.gz	40
SRR5209029rbin.2.gz	93
SRR5209029rbin.30.gz	21
SRR5209029rbin.31.gz	11
SRR5209029rbin.32.gz	20
SRR5209029rbin.33.gz	28
SRR5209029rbin.34.gz	113
SRR5209029rbin.35.gz	26
SRR5209029rbin.36.gz	65
SRR5209029rbin.37.gz	8
SRR5209029rbin.38.gz	74
SRR5209029rbin.39.gz	31
SRR5209029rbin.41.gz	75
SRR5209029rbin.42.gz	87
SRR5209029rbin.43.gz	25
SRR5209029rbin.44.gz	64
SRR5209029rbin.45.gz	36
SRR5209029rbin.46.gz	19
SRR5209029rbin.47.gz	24
SRR5209029rbin.48.gz	39
SRR5209029rbin.49.gz	6
SRR5209029rbin.4.gz	69
SRR5209029rbin.50.gz	100
SRR5209029rbin.5.gz	59
SRR5209029rbin.6.gz	75
SRR5209029rbin.7.gz	26
SRR5209029rbin.8.gz	1
SRR5209029rbin.9.gz	173
SRR5209942rbin.10.gz	35
SRR5209942rbin.11.gz	29
SRR5209942rbin.13.gz	62
SRR5209942rbin.15.gz	49
SRR5209942rbin.16.gz	69
SRR5209942rbin.18.gz	73
SRR5209942rbin.24.gz	75
SRR5209942rbin.25.gz	123
SRR5209942rbin.28.gz	59
SRR5209942rbin.35.gz	28
SRR5209942rbin.37.gz	30
SRR5209942rbin.3.gz	30
SRR5209942rbin.6.gz	56
SRR5209942rbin.9.gz	36
SRR5209943rbin.11.gz	22
SRR5209943rbin.12.gz	33
SRR5209943rbin.15.gz	20
SRR5209943rbin.16.gz	61
SRR5209943rbin.17.gz	25
SRR5209943rbin.21.gz	1
SRR5209943rbin.22.gz	14
SRR5209943rbin.24.gz	15
SRR5209943rbin.28.gz	19
SRR5209943rbin.29.gz	15
SRR5209943rbin.30.gz	8
SRR5209943rbin.31.gz	31
SRR5209943rbin.34.gz	62
SRR5209943rbin.39.gz	56
SRR5209943rbin.3.gz	18
SRR5209943rbin.40.gz	35
SRR5209943rbin.41.gz	38
SRR5209944rbin.15.gz	19
SRR5209944rbin.18.gz	46
SRR5209944rbin.19.gz	18
SRR5209944rbin.1.gz	55
SRR5209944rbin.20.gz	131
SRR5209944rbin.22.gz	40
SRR5209944rbin.24.gz	45
SRR5209944rbin.36.gz	0
SRR5209944rbin.5.gz	52
SRR5209945rbin.12.gz	29
SRR5209945rbin.16.gz	64
SRR5209945rbin.19.gz	7
SRR5209945rbin.1.gz	27
SRR5209945rbin.20.gz	44
SRR5209945rbin.3.gz	146
SRR5209946rbin.14.gz	41
SRR5209946rbin.16.gz	30
SRR5209946rbin.17.gz	35
SRR5209946rbin.28.gz	24
SRR5209946rbin.34.gz	46
SRR5209946rbin.37.gz	26
SRR5209946rbin.38.gz	19
SRR5209946rbin.3.gz	46
SRR5209946rbin.41.gz	47
SRR5209946rbin.5.gz	44
SRR5209946rbin.7.gz	19
SRR5209946rbin.8.gz	17
SRR5209946rbin.9.gz	29
SRR5210208rbin.12.gz	39
SRR5210208rbin.15.gz	15
SRR5210208rbin.16.gz	171
SRR5210208rbin.1.gz	50
SRR5210208rbin.21.gz	76
SRR5210208rbin.24.gz	30
SRR5210208rbin.25.gz	27
SRR5210208rbin.26.gz	34
SRR5210208rbin.28.gz	51
SRR5210208rbin.2.gz	80
SRR5210208rbin.31.gz	44
SRR5210208rbin.32.gz	35
SRR5210208rbin.33.gz	23
SRR5210208rbin.34.gz	104
SRR5210208rbin.37.gz	127
SRR5210208rbin.38.gz	33
SRR5210208rbin.3.gz	45
SRR5210208rbin.42.gz	39
SRR5210208rbin.5.gz	137
SRR5210208rbin.8.gz	47
SRR5210208rbin.9.gz	25
SRR5210210rbin.13.gz	54
SRR5210210rbin.14.gz	54
SRR5210210rbin.16.gz	49
SRR5210210rbin.17.gz	49
SRR5210210rbin.20.gz	58
SRR5210210rbin.22.gz	64
SRR5210210rbin.23.gz	55
SRR5210210rbin.25.gz	87
SRR5210210rbin.26.gz	63
SRR5210210rbin.29.gz	22
SRR5210210rbin.2.gz	51
SRR5210210rbin.31.gz	61
SRR5210210rbin.4.gz	215
SRR5210210rbin.6.gz	19
SRR5210210rbin.7.gz	50
SRR5210210rbin.8.gz	89
SRR5210212rbin.10.gz	51
SRR5210212rbin.1.gz	6
SRR5210212rbin.2.gz	104
SRR5210212rbin.3.gz	29
SRR5210212rbin.4.gz	56
SRR5210212rbin.5.gz	32
SRR5210212rbin.6.gz	36
SRR5210212rbin.9.gz	17
SRR5210213rbin.10.gz	86
SRR5210213rbin.11.gz	42
SRR5210213rbin.12.gz	53
SRR5210213rbin.13.gz	24
SRR5210213rbin.14.gz	112
SRR5210213rbin.15.gz	52
SRR5210213rbin.16.gz	28
SRR5210213rbin.17.gz	34
SRR5210213rbin.18.gz	50
SRR5210213rbin.19.gz	23
SRR5210213rbin.1.gz	43
SRR5210213rbin.20.gz	39
SRR5210213rbin.21.gz	45
SRR5210213rbin.23.gz	29
SRR5210213rbin.25.gz	62
SRR5210213rbin.26.gz	50
SRR5210213rbin.2.gz	40
SRR5210213rbin.3.gz	188
SRR5210213rbin.4.gz	22
SRR5210213rbin.5.gz	209
SRR5210213rbin.6.gz	86
SRR5210213rbin.7.gz	25
SRR5210213rbin.9.gz	137
SRR5210214rbin.10.gz	25
SRR5210214rbin.11.gz	24
SRR5210214rbin.12.gz	35
SRR5210214rbin.13.gz	49
SRR5210214rbin.14.gz	91
SRR5210214rbin.1.gz	3
SRR5210214rbin.3.gz	49
SRR5210214rbin.5.gz	48
SRR5210214rbin.6.gz	59
SRR5210214rbin.7.gz	41
SRR5210214rbin.8.gz	16
SRR5210214rbin.9.gz	45
SRR5210316rbin.11.gz	20
SRR5210316rbin.14.gz	45
SRR5210316rbin.2.gz	60
SRR5210316rbin.3.gz	41
SRR5210316rbin.4.gz	10
SRR5210316rbin.5.gz	50
SRR5210316rbin.6.gz	74
SRR5210316rbin.7.gz	91
SRR5210466rbin.10.gz	137
SRR5210466rbin.2.gz	37
SRR5210466rbin.3.gz	39
SRR5210466rbin.4.gz	39
SRR5210466rbin.5.gz	10
SRR5210466rbin.6.gz	70
SRR5210466rbin.7.gz	49
SRR5210466rbin.8.gz	184
SRR5210466rbin.9.gz	46
SRR5210469rbin.1.gz	16
SRR5210469rbin.6.gz	79
SRR5210469rbin.7.gz	16
SRR5210469rbin.8.gz	32
SRR5210470rbin.10.gz	192
SRR5210470rbin.11.gz	41
SRR5210470rbin.12.gz	224
SRR5210470rbin.13.gz	54
SRR5210470rbin.15.gz	54
SRR5210470rbin.16.gz	72
SRR5210470rbin.17.gz	25
SRR5210470rbin.18.gz	115
SRR5210470rbin.19.gz	66
SRR5210470rbin.20.gz	47
SRR5210470rbin.21.gz	67
SRR5210470rbin.22.gz	31
SRR5210470rbin.23.gz	46
SRR5210470rbin.24.gz	45
SRR5210470rbin.25.gz	53
SRR5210470rbin.26.gz	51
SRR5210470rbin.27.gz	40
SRR5210470rbin.28.gz	86
SRR5210470rbin.2.gz	115
SRR5210470rbin.33.gz	36
SRR5210470rbin.34.gz	53
SRR5210470rbin.35.gz	29
SRR5210470rbin.36.gz	17
SRR5210470rbin.38.gz	23
SRR5210470rbin.39.gz	24
SRR5210470rbin.3.gz	28
SRR5210470rbin.4.gz	47
SRR5210470rbin.5.gz	30
SRR5210470rbin.6.gz	36
SRR5210470rbin.7.gz	111
SRR5210470rbin.8.gz	189
SRR5210470rbin.9.gz	83
SRR5213078rbin.9.gz	11
SRR5213080rbin.7.gz	107
SRR5213082rbin.3.gz	49
SRR5213083rbin.2.gz	20
SRR5213083rbin.4.gz	49
SRR5213593rbin.4.gz	55
SRR5213593rbin.6.gz	10
SRR5213594rbin.11.gz	71
SRR5213596rbin.5.gz	77
SRR5214707rbin.10.gz	34
SRR5214707rbin.11.gz	112
SRR5214707rbin.21.gz	52
SRR5214707rbin.24.gz	55
SRR5214707rbin.25.gz	35
SRR5214707rbin.6.gz	99
SRR5214707rbin.8.gz	81
SRR5214708rbin.10.gz	86
SRR5214708rbin.16.gz	25
SRR5214708rbin.28.gz	86
SRR5214708rbin.4.gz	175
SRR5215203rbin.11.gz	33
SRR5215203rbin.12.gz	54
SRR5215203rbin.14.gz	156
SRR5215203rbin.16.gz	38
SRR5215203rbin.1.gz	35
SRR5215203rbin.20.gz	44
SRR5215203rbin.2.gz	47
SRR5215204rbin.11.gz	4
SRR5215204rbin.13.gz	18
SRR5215204rbin.14.gz	105
SRR5215204rbin.16.gz	40
SRR5215204rbin.19.gz	10
SRR5215204rbin.2.gz	29
SRR5215204rbin.7.gz	205
SRR5215204rbin.8.gz	62
SRR5215204rbin.9.gz	131
SRR5215207rbin.11.gz	160
SRR5215207rbin.12.gz	36
SRR5215207rbin.13.gz	52
SRR5215207rbin.14.gz	32
SRR5215207rbin.15.gz	86
SRR5215207rbin.1.gz	57
SRR5215207rbin.20.gz	72
SRR5215207rbin.21.gz	69
SRR5215207rbin.23.gz	67
SRR5215207rbin.24.gz	37
SRR5215207rbin.25.gz	41
SRR5215207rbin.29.gz	39
SRR5215207rbin.3.gz	19
SRR5215207rbin.4.gz	26
SRR5215207rbin.6.gz	38
SRR5215207rbin.7.gz	33
SRR5215207rbin.8.gz	54
SRR5215207rbin.9.gz	75
SRR5215208rbin.11.gz	56
SRR5215208rbin.1.gz	62
SRR5215208rbin.4.gz	23
SRR5215208rbin.5.gz	195
SRR5215208rbin.6.gz	96
SRR5215208rbin.7.gz	28
SRR5215208rbin.8.gz	19
SRR5215210rbin.10.gz	62
SRR5215210rbin.11.gz	149
SRR5215210rbin.13.gz	42
SRR5215210rbin.1.gz	62
SRR5215210rbin.2.gz	42
SRR5215210rbin.3.gz	67
SRR5215210rbin.4.gz	71
SRR5215210rbin.7.gz	94
SRR5215210rbin.8.gz	21
SRR5215210rbin.9.gz	45
SRR5215213rbin.10.gz	131
SRR5215213rbin.11.gz	113
SRR5215213rbin.14.gz	28
SRR5215213rbin.1.gz	16
SRR5215213rbin.3.gz	130
SRR5215213rbin.4.gz	158
SRR5215213rbin.5.gz	49
SRR5215213rbin.7.gz	81
SRR5215213rbin.8.gz	84
SRR5215213rbin.9.gz	35
SRR5215216rbin.6.gz	54
SRR5215216rbin.7.gz	34
SRR5215217rbin.11.gz	44
SRR5215217rbin.12.gz	27
SRR5215217rbin.16.gz	73
SRR5215217rbin.19.gz	27
SRR5215217rbin.2.gz	59
SRR5215217rbin.4.gz	52
SRR5215217rbin.5.gz	6
SRR5215217rbin.6.gz	63
SRR5215217rbin.7.gz	195
SRR5215217rbin.8.gz	202
SRR5215218rbin.12.gz	117
SRR5215218rbin.13.gz	88
SRR5215218rbin.14.gz	59
SRR5215218rbin.15.gz	59
SRR5215218rbin.16.gz	74
SRR5215218rbin.17.gz	58
SRR5215218rbin.2.gz	31
SRR5215218rbin.3.gz	72
SRR5215218rbin.4.gz	100
SRR5215218rbin.7.gz	51
SRR5215467rbin.2.gz	222
SRR5215467rbin.5.gz	63
SRR5215468bin.14.gz	52
SRR5215469rbin.13.gz	63
SRR5215469rbin.14.gz	37
SRR5215469rbin.1.gz	41
SRR5215469rbin.7.gz	80
SRR5215470rbin.10.gz	77
SRR5215470rbin.3.gz	49
SRR5215470rbin.6.gz	85
SRR5215470rbin.8.gz	90
SRR5215470rbin.9.gz	81
SRR5215471rbin.10.gz	64
SRR5215471rbin.1.gz	94
SRR5215471rbin.3.gz	122
SRR5215472rbin.11.gz	65
SRR5215472rbin.12.gz	208
SRR5215472rbin.16.gz	99
SRR5215472rbin.17.gz	116
SRR5215472rbin.19.gz	42
SRR5215472rbin.2.gz	99
SRR5215472rbin.3.gz	135
SRR5215472rbin.7.gz	56
SRR5215472rbin.8.gz	89
SRR5215473rbin.10.gz	143
SRR5215473rbin.11.gz	183
SRR5215473rbin.12.gz	45
SRR5215473rbin.13.gz	60
SRR5215473rbin.14.gz	106
SRR5215473rbin.15.gz	82
SRR5215473rbin.16.gz	10
SRR5215473rbin.18.gz	120
SRR5215473rbin.19.gz	68
SRR5215473rbin.1.gz	73
SRR5215473rbin.20.gz	124
SRR5215473rbin.21.gz	71
SRR5215473rbin.23.gz	57
SRR5215473rbin.3.gz	23
SRR5215473rbin.4.gz	79
SRR5215473rbin.5.gz	100
SRR5215473rbin.8.gz	79
SRR5215473rbin.9.gz	145
SRR5215474rbin.1.gz	51
SRR5215474rbin.7.gz	84
SRR5215474rbin.9.gz	106
SRR5215510rbin.2.gz	58
SRR5215545rbin.10.gz	50
SRR5215545rbin.11.gz	396
SRR5215545rbin.13.gz	95
SRR5215545rbin.14.gz	62
SRR5215545rbin.15.gz	32
SRR5215545rbin.16.gz	50
SRR5215545rbin.18.gz	86
SRR5215545rbin.19.gz	54
SRR5215545rbin.21.gz	57
SRR5215545rbin.22.gz	196
SRR5215545rbin.23.gz	26
SRR5215545rbin.25.gz	142
SRR5215545rbin.27.gz	66
SRR5215545rbin.28.gz	76
SRR5215545rbin.29.gz	97
SRR5215545rbin.2.gz	106
SRR5215545rbin.31.gz	33
SRR5215545rbin.32.gz	116
SRR5215545rbin.33.gz	43
SRR5215545rbin.34.gz	78
SRR5215545rbin.3.gz	74
SRR5215545rbin.4.gz	61
SRR5215545rbin.5.gz	70
SRR5215545rbin.6.gz	84
SRR5215545rbin.7.gz	124
SRR5215813bin.42.gz	91
SRR5215831rbin.11.gz	94
SRR5215831rbin.12.gz	107
SRR5215831rbin.13.gz	65
SRR5215831rbin.16.gz	65
SRR5215831rbin.17.gz	58
SRR5215831rbin.18.gz	105
SRR5215831rbin.22.gz	127
SRR5215831rbin.3.gz	75
SRR5215831rbin.7.gz	62
SRR5215831rbin.8.gz	46
SRR5215831rbin.9.gz	46
SRR5216117rbin.12.gz	47
SRR5216117rbin.14.gz	25
SRR5216117rbin.15.gz	64
SRR5216683rbin.15.gz	22
SRR5229473rbin.1.gz	85
SRR5229473rbin.8.gz	74
SRR5229473rbin.9.gz	16
SRR5234506rbin.1.gz	51
SRR5234506rbin.2.gz	39
SRR5234506rbin.3.gz	16
SRR5234507rbin.1.gz	111
SRR5234508rbin.1.gz	289
SRR5234508rbin.2.gz	79
SRR5234511rbin.1.gz	113
SRR5246127rbin.1.gz	54
SRR5256712rbin.1.gz	28
SRR5256712rbin.2.gz	76
SRR5256714rbin.4.gz	99
SRR5256714rbin.7.gz	46
SRR5256884rbin.3.gz	64
SRR5256884rbin.6.gz	121
SRR5256885bin.12.gz	4
SRR5258705rbin.1.gz	39
SRR5258705rbin.2.gz	44
SRR5258705rbin.3.gz	81
SRR5258705rbin.4.gz	46
SRR5258705rbin.5.gz	86
SRR5258705rbin.8.gz	92
SRR5258706rbin.11.gz	69
SRR5258706rbin.12.gz	59
SRR5258706rbin.14.gz	75
SRR5258706rbin.16.gz	26
SRR5258706rbin.17.gz	34
SRR5258706rbin.19.gz	32
SRR5258706rbin.20.gz	36
SRR5258706rbin.2.gz	93
SRR5258706rbin.4.gz	149
SRR5258706rbin.9.gz	61
SRR5258708rbin.10.gz	33
SRR5258708rbin.11.gz	84
SRR5258708rbin.15.gz	109
SRR5258708rbin.25.gz	21
SRR5258708rbin.26.gz	131
SRR5258708rbin.28.gz	21
SRR5258708rbin.29.gz	44
SRR5258708rbin.2.gz	81
SRR5258708rbin.4.gz	84
SRR5258708rbin.5.gz	120
SRR5258708rbin.7.gz	36
SRR5259839rbin.1.gz	71
SRR5259839rbin.2.gz	42
SRR5259839rbin.3.gz	47
SRR5259839rbin.4.gz	47
SRR5259839rbin.5.gz	67
SRR5259839rbin.6.gz	142
SRR5259839rbin.7.gz	16
SRR5259839rbin.8.gz	92
SRR5259839rbin.9.gz	77
SRR5260221rbin.11.gz	94
SRR5260221rbin.12.gz	227
SRR5260221rbin.17.gz	106
SRR5260221rbin.1.gz	51
SRR5260221rbin.22.gz	15
SRR5260221rbin.23.gz	50
SRR5260221rbin.25.gz	15
SRR5260221rbin.3.gz	101
SRR5260221rbin.8.gz	122
SRR5260370rbin.10.gz	54
SRR5260370rbin.4.gz	65
SRR5260370rbin.5.gz	115
SRR5260370rbin.7.gz	49
SRR5260370rbin.9.gz	75
SRR5262245rbin.12.gz	24
SRR5262245rbin.14.gz	26
SRR5262245rbin.1.gz	59
SRR5262245rbin.2.gz	29
SRR5262245rbin.9.gz	50
SRR5262246rbin.10.gz	133
SRR5262246rbin.11.gz	43
SRR5262246rbin.14.gz	57
SRR5262246rbin.15.gz	46
SRR5262246rbin.17.gz	30
SRR5262246rbin.2.gz	19
SRR5262246rbin.3.gz	72
SRR5262246rbin.4.gz	36
SRR5262246rbin.5.gz	84
SRR5262246rbin.6.gz	56
SRR5262246rbin.8.gz	105
SRR5262247rbin.2.gz	68
SRR5262248rbin.10.gz	119
SRR5262248rbin.12.gz	58
SRR5262248rbin.13.gz	143
SRR5262248rbin.14.gz	62
SRR5262248rbin.18.gz	94
SRR5262248rbin.19.gz	212
SRR5262248rbin.1.gz	109
SRR5262248rbin.21.gz	242
SRR5262248rbin.22.gz	79
SRR5262248rbin.23.gz	118
SRR5262248rbin.26.gz	61
SRR5262248rbin.28.gz	58
SRR5262248rbin.29.gz	91
SRR5262248rbin.2.gz	37
SRR5262248rbin.30.gz	99
SRR5262248rbin.31.gz	73
SRR5262248rbin.32.gz	87
SRR5262248rbin.33.gz	17
SRR5262248rbin.34.gz	68
SRR5262248rbin.35.gz	145
SRR5262248rbin.37.gz	64
SRR5262248rbin.39.gz	113
SRR5262248rbin.3.gz	36
SRR5262248rbin.40.gz	172
SRR5262248rbin.41.gz	138
SRR5262248rbin.42.gz	29
SRR5262248rbin.43.gz	85
SRR5262248rbin.44.gz	64
SRR5262248rbin.5.gz	71
SRR5262248rbin.6.gz	176
SRR5262248rbin.7.gz	81
SRR5262248rbin.8.gz	111
SRR5262248rbin.9.gz	71
SRR5262249rbin.12.gz	45
SRR5262249rbin.17.gz	68
SRR5262249rbin.1.gz	75
SRR5262249rbin.22.gz	180
SRR5262249rbin.23.gz	73
SRR5262249rbin.2.gz	58
SRR5262249rbin.3.gz	48
SRR5262249rbin.7.gz	53
SRR5262254rbin.11.gz	50
SRR5262254rbin.12.gz	173
SRR5262254rbin.14.gz	223
SRR5262254rbin.15.gz	77
SRR5262254rbin.20.gz	34
SRR5262254rbin.2.gz	110
SRR5262254rbin.3.gz	41
SRR5262254rbin.4.gz	73
SRR5262254rbin.5.gz	34
SRR5262254rbin.9.gz	116
SRR5269546rbin.11.gz	8
SRR5269546rbin.12.gz	43
SRR5269546rbin.1.gz	128
SRR5269546rbin.2.gz	35
SRR5269546rbin.3.gz	86
SRR5269546rbin.5.gz	52
SRR5269546rbin.6.gz	38
SRR5271154rbin.1.gz	89
SRR5271155rbin.2.gz	72
SRR5271157rbin.10.gz	79
SRR5271157rbin.11.gz	198
SRR5271157rbin.12.gz	94
SRR5271157rbin.15.gz	83
SRR5271157rbin.16.gz	81
SRR5271157rbin.17.gz	56
SRR5271157rbin.18.gz	34
SRR5271157rbin.19.gz	68
SRR5271157rbin.1.gz	103
SRR8879134rbin.56.gz	108
SRR8879134rbin.57.gz	64
SRR8879134rbin.58.gz	12
SRR8879134rbin.62.gz	179
SRR8879134rbin.63.gz	33
SRR8879134rbin.64.gz	64
SRR8879134rbin.65.gz	9
SRR8879134rbin.66.gz	91
SRR8879134rbin.67.gz	44
SRR8879134rbin.68.gz	46
SRR8879134rbin.69.gz	77
SRR8879134rbin.6.gz	108
SRR8879134rbin.70.gz	19
SRR8879134rbin.72.gz	10
SRR8879134rbin.73.gz	66
SRR8879134rbin.74.gz	98
SRR8879134rbin.75.gz	51
SRR8879134rbin.76.gz	119
SRR8879134rbin.77.gz	194
SRR8879134rbin.79.gz	35
SRR8879134rbin.7.gz	11
SRR8879134rbin.80.gz	24
SRR8879134rbin.84.gz	70
SRR8879134rbin.85.gz	196
SRR8879134rbin.8.gz	59
SRR8879134rbin.9.gz	54
SRR8879135rbin.10.gz	113
SRR8879135rbin.13.gz	108
SRR8879135rbin.14.gz	88
SRR8879135rbin.15.gz	58
SRR8879135rbin.16.gz	89
SRR8879135rbin.17.gz	71
SRR8879135rbin.18.gz	57
SRR8879135rbin.19.gz	258
SRR8879135rbin.1.gz	148
SRR8879135rbin.20.gz	138
SRR8879135rbin.21.gz	98
SRR8879135rbin.23.gz	123
SRR8879135rbin.25.gz	73
SRR8879135rbin.26.gz	34
SRR8879135rbin.27.gz	76
SRR8879135rbin.28.gz	58
SRR8879135rbin.29.gz	134
SRR8879135rbin.2.gz	70
SRR8879135rbin.30.gz	73
SRR8879135rbin.32.gz	14
SRR8879135rbin.33.gz	188
SRR8879135rbin.34.gz	170
SRR8879135rbin.36.gz	109
SRR8879135rbin.39.gz	76
SRR8879135rbin.3.gz	98
SRR8879135rbin.40.gz	91
SRR8879135rbin.43.gz	28
SRR8879135rbin.44.gz	95
SRR8879135rbin.45.gz	57
SRR8879135rbin.46.gz	127
SRR8879135rbin.47.gz	224
SRR8879135rbin.48.gz	60
SRR8879135rbin.49.gz	63
SRR8879135rbin.4.gz	106
SRR8879135rbin.50.gz	115
SRR8879135rbin.51.gz	104
SRR8879135rbin.52.gz	87
SRR8879135rbin.53.gz	84
SRR8879135rbin.55.gz	105
SRR8879135rbin.56.gz	84
SRR8879135rbin.57.gz	83
SRR8879135rbin.58.gz	155
SRR8879135rbin.59.gz	144
SRR8879135rbin.5.gz	19
SRR8879135rbin.61.gz	76
SRR8879135rbin.62.gz	182
SRR8879135rbin.63.gz	83
SRR8879135rbin.66.gz	13
SRR8879135rbin.6.gz	75
SRR8879135rbin.70.gz	88
SRR8879135rbin.7.gz	130
SRR8879135rbin.8.gz	84
SRR8879135rbin.9.gz	58
SRR8879137rbin.10.gz	120
SRR8879137rbin.12.gz	135
SRR8879137rbin.13.gz	143
SRR8879137rbin.14.gz	100
SRR8879137rbin.15.gz	47
SRR8879137rbin.16.gz	124
SRR8879137rbin.17.gz	117
SRR8879137rbin.18.gz	74
SRR8879137rbin.1.gz	156
SRR8879137rbin.20.gz	162
SRR8879137rbin.21.gz	159
SRR8879137rbin.22.gz	78
SRR8879137rbin.23.gz	94
SRR8879137rbin.24.gz	297
SRR8879137rbin.26.gz	75
SRR8879137rbin.28.gz	144
SRR8879137rbin.29.gz	313
SRR8879137rbin.2.gz	105
SRR8879137rbin.30.gz	184
SRR8879137rbin.31.gz	131
SRR8879137rbin.32.gz	87
SRR8879137rbin.34.gz	110
SRR8879137rbin.35.gz	96
SRR8879137rbin.36.gz	102
SRR8879137rbin.37.gz	88
SRR8879137rbin.38.gz	156
SRR8879137rbin.39.gz	77
SRR8879137rbin.3.gz	104
SRR8879137rbin.40.gz	152
SRR8879137rbin.41.gz	104
SRR8879137rbin.43.gz	57
SRR8879137rbin.44.gz	80
SRR8879137rbin.45.gz	162
SRR8879137rbin.46.gz	147
SRR8879137rbin.47.gz	71
SRR8879137rbin.48.gz	190
SRR8879137rbin.49.gz	153
SRR8879137rbin.4.gz	165
SRR8879137rbin.51.gz	18
SRR8879137rbin.52.gz	18
SRR8879137rbin.53.gz	80
SRR8879137rbin.55.gz	74
SRR8879137rbin.56.gz	75
SRR8879137rbin.60.gz	72
SRR8879137rbin.65.gz	64
SRR8879137rbin.6.gz	84
SRR8879137rbin.7.gz	64
SRR8879137rbin.8.gz	29
SRR8879137rbin.9.gz	66
SRR8881005rbin.12.gz	174
SRR8881005rbin.15.gz	42
SRR8881005rbin.16.gz	55
SRR8881005rbin.18.gz	80
SRR8881005rbin.19.gz	289
SRR8881005rbin.1.gz	125
SRR8881005rbin.21.gz	27
SRR8881005rbin.22.gz	33
SRR8881005rbin.24.gz	42
SRR8881005rbin.26.gz	74
SRR8881005rbin.27.gz	55
SRR8881005rbin.2.gz	18
SRR8881005rbin.30.gz	117
SRR8881005rbin.31.gz	16
SRR8881005rbin.34.gz	61
SRR8881005rbin.36.gz	88
SRR8881005rbin.39.gz	140
SRR8881005rbin.3.gz	44
SRR8881005rbin.40.gz	219
SRR8881005rbin.41.gz	55
SRR8881005rbin.42.gz	88
SRR8881005rbin.45.gz	121
SRR8881005rbin.46.gz	66
SRR8881005rbin.48.gz	72
SRR8881005rbin.49.gz	257
SRR8881005rbin.52.gz	59
SRR8881005rbin.53.gz	48
SRR8881005rbin.55.gz	263
SRR8881005rbin.56.gz	161
SRR8881005rbin.60.gz	81
SRR8881005rbin.64.gz	93
SRR8881005rbin.66.gz	89
SRR8881005rbin.67.gz	113
SRR8881005rbin.6.gz	42
SRR8881005rbin.70.gz	320
SRR8881005rbin.72.gz	299
SRR8881005rbin.74.gz	115
SRR8881005rbin.75.gz	134
SRR8881005rbin.7.gz	25
SRR8881005rbin.8.gz	43
SRR8881006rbin.10.gz	109
SRR8881006rbin.11.gz	140
SRR8881006rbin.12.gz	46
SRR8881006rbin.13.gz	137
SRR8881006rbin.14.gz	200
SRR8881006rbin.18.gz	74
SRR8881006rbin.19.gz	61
SRR8881006rbin.20.gz	146
SRR8881006rbin.21.gz	205
SRR8881006rbin.22.gz	261
SRR8881006rbin.23.gz	94
SRR8881006rbin.24.gz	25
SRR8881006rbin.25.gz	74
SRR8881006rbin.27.gz	25
SRR8881006rbin.2.gz	67
SRR8881006rbin.30.gz	68
SRR8881006rbin.31.gz	92
SRR8881006rbin.32.gz	165
SRR8881006rbin.34.gz	96
SRR8881006rbin.35.gz	190
SRR8881006rbin.36.gz	171
SRR8881006rbin.37.gz	80
SRR8881006rbin.38.gz	86
SRR8881006rbin.3.gz	61
SRR8881006rbin.40.gz	53
SRR8881006rbin.42.gz	23
SRR8881006rbin.43.gz	77
SRR8881006rbin.45.gz	171
SRR8881006rbin.46.gz	32
SRR8881006rbin.48.gz	76
SRR8881006rbin.49.gz	81
SRR8881006rbin.50.gz	276
SRR8881006rbin.51.gz	105
SRR8881006rbin.52.gz	145
SRR8881006rbin.53.gz	72
SRR8881006rbin.54.gz	32
SRR8881006rbin.55.gz	73
SRR8881006rbin.56.gz	53
SRR8881006rbin.57.gz	50
SRR8881006rbin.59.gz	66
SRR8881006rbin.60.gz	88
SRR8881006rbin.61.gz	67
SRR8881006rbin.62.gz	75
SRR8881006rbin.63.gz	213
SRR8881006rbin.64.gz	75
SRR8881006rbin.65.gz	157
SRR8881006rbin.66.gz	137
SRR8881006rbin.67.gz	41
SRR8881006rbin.68.gz	145
SRR8881006rbin.69.gz	61
SRR8881006rbin.70.gz	57
SRR8881006rbin.71.gz	151
SRR8881006rbin.72.gz	119
SRR8881006rbin.73.gz	98
SRR8881006rbin.74.gz	41
SRR8881006rbin.75.gz	300
SRR8881006rbin.76.gz	213
SRR8881006rbin.77.gz	147
SRR8881006rbin.78.gz	212
SRR8881006rbin.79.gz	68
SRR8881006rbin.7.gz	151
SRR8881006rbin.80.gz	60
SRR8881006rbin.81.gz	89
SRR8881006rbin.84.gz	83
SRR8881006rbin.8.gz	278
SRR8881006rbin.9.gz	17
SRR8881008rbin.10.gz	63
SRR8881008rbin.13.gz	110
SRR8881008rbin.16.gz	109
SRR8881008rbin.18.gz	252
SRR8881008rbin.19.gz	233
SRR8881008rbin.20.gz	132
SRR8881008rbin.24.gz	64
SRR8881008rbin.25.gz	57
SRR8881008rbin.26.gz	42
SRR8881008rbin.29.gz	78
SRR8881008rbin.30.gz	23
SRR8881008rbin.31.gz	14
SRR8881008rbin.32.gz	115
SRR8881008rbin.33.gz	79
SRR8881008rbin.34.gz	84
SRR8881008rbin.35.gz	252
SRR8881008rbin.36.gz	45
SRR8881008rbin.39.gz	16
SRR8881008rbin.41.gz	12
SRR8881008rbin.42.gz	72
SRR8881008rbin.43.gz	85
SRR8881008rbin.45.gz	29
SRR8881008rbin.46.gz	93
SRR8881008rbin.47.gz	49
SRR8881008rbin.49.gz	41
SRR8881008rbin.5.gz	41
SRR8881008rbin.6.gz	68
SRR8881008rbin.7.gz	84
SRR8881009rbin.10.gz	139
SRR8881009rbin.11.gz	96
SRR8881009rbin.12.gz	141
SRR8881009rbin.13.gz	54
SRR8881009rbin.16.gz	98
SRR8881009rbin.18.gz	74
SRR8881009rbin.1.gz	53
SRR8881009rbin.20.gz	149
SRR8881009rbin.21.gz	34
SRR8881009rbin.22.gz	75
SRR8881009rbin.23.gz	95
SRR8881009rbin.24.gz	71
SRR8881009rbin.25.gz	112
SRR8881009rbin.27.gz	53
SRR8881009rbin.28.gz	28
SRR8881009rbin.29.gz	54
SRR8881009rbin.2.gz	98
SRR8881009rbin.30.gz	62
SRR8881009rbin.31.gz	61
SRR8881009rbin.32.gz	93
SRR8881009rbin.33.gz	214
SRR8881009rbin.34.gz	54
SRR8881009rbin.35.gz	61
SRR8881009rbin.36.gz	62
SRR8881009rbin.38.gz	94
SRR8881009rbin.39.gz	46
SRR8881009rbin.3.gz	73
SRR8881009rbin.40.gz	47
SRR8881009rbin.41.gz	133
SRR8881009rbin.42.gz	108
SRR8881009rbin.43.gz	14
SRR8881009rbin.44.gz	265
SRR8881009rbin.45.gz	59
SRR8881009rbin.46.gz	64
SRR8881009rbin.47.gz	113
SRR8881009rbin.48.gz	81
SRR8881009rbin.49.gz	53
SRR8881009rbin.4.gz	49
SRR8881009rbin.50.gz	52
SRR8881009rbin.51.gz	27
SRR8881009rbin.52.gz	163
SRR8881009rbin.53.gz	26
SRR8881009rbin.54.gz	38
SRR8881009rbin.55.gz	83
SRR8881009rbin.56.gz	64
SRR8881009rbin.57.gz	36
SRR8881009rbin.58.gz	44
SRR8881009rbin.59.gz	51
SRR8881009rbin.60.gz	140
SRR8881009rbin.61.gz	76
SRR8881009rbin.62.gz	79
SRR8881009rbin.63.gz	15
SRR8881009rbin.64.gz	80
SRR8881009rbin.65.gz	119
SRR8881009rbin.68.gz	58
SRR8881009rbin.6.gz	8
SRR8881009rbin.7.gz	74
SRR8881009rbin.8.gz	68
SRR8881009rbin.9.gz	47
SRR8881010rbin.10.gz	116
SRR8881010rbin.12.gz	57
SRR8881010rbin.14.gz	107
SRR8881010rbin.16.gz	11
SRR8881010rbin.20.gz	88
SRR8881010rbin.21.gz	14
SRR8881010rbin.22.gz	73
SRR8881010rbin.25.gz	78
SRR8881010rbin.28.gz	24
SRR8881010rbin.29.gz	46
SRR8881010rbin.2.gz	10
SRR8881010rbin.31.gz	37
SRR8881010rbin.34.gz	27
SRR8881010rbin.36.gz	46
SRR8881010rbin.39.gz	79
SRR8881010rbin.3.gz	56
SRR8881010rbin.41.gz	88
SRR8881010rbin.43.gz	24
SRR8881010rbin.44.gz	108
SRR8881010rbin.46.gz	30
SRR8881010rbin.48.gz	50
SRR8881010rbin.49.gz	54
SRR8881010rbin.50.gz	54
SRR8881010rbin.51.gz	52
SRR8881010rbin.52.gz	146
SRR8881010rbin.56.gz	59
SRR8881010rbin.59.gz	106
SRR8881010rbin.5.gz	140
SRR8881010rbin.61.gz	68
SRR8881010rbin.62.gz	39
SRR8881010rbin.63.gz	15
SRR8881010rbin.64.gz	12
SRR8881010rbin.65.gz	74
SRR8881010rbin.68.gz	125
SRR8881010rbin.6.gz	54
SRR8881010rbin.70.gz	77
SRR8881010rbin.7.gz	64
SRR8881010rbin.8.gz	47
SRR8881010rbin.9.gz	64
SRR8881011rbin.100.gz	55
SRR8881011rbin.101.gz	133
SRR8881011rbin.102.gz	237
SRR8881011rbin.104.gz	22
SRR8881011rbin.105.gz	89
SRR8881011rbin.106.gz	92
SRR8881011rbin.107.gz	90
SRR8881011rbin.10.gz	102
SRR8881011rbin.110.gz	37
SRR8881011rbin.111.gz	55
SRR8881011rbin.114.gz	39
SRR8881011rbin.11.gz	68
SRR8881011rbin.12.gz	255
SRR8881011rbin.14.gz	63
SRR8881011rbin.15.gz	53
SRR8881011rbin.17.gz	41
SRR8881011rbin.18.gz	73
SRR8881011rbin.19.gz	38
SRR8881011rbin.1.gz	83
SRR8881011rbin.20.gz	91
SRR8881011rbin.23.gz	119
SRR8881011rbin.24.gz	65
SRR8881011rbin.27.gz	46
SRR8881011rbin.2.gz	94
SRR8881011rbin.30.gz	25
SRR8881011rbin.31.gz	63
SRR8881011rbin.32.gz	61
SRR8881011rbin.33.gz	221
SRR8881011rbin.34.gz	121
SRR8881011rbin.35.gz	176
SRR8881011rbin.36.gz	66
SRR8881011rbin.37.gz	39
SRR8881011rbin.38.gz	57
SRR8881011rbin.39.gz	83
SRR8881011rbin.3.gz	32
SRR8881011rbin.40.gz	109
SRR8881011rbin.41.gz	89
SRR8881011rbin.45.gz	71
SRR8881011rbin.49.gz	90
SRR8881011rbin.50.gz	10
SRR8881011rbin.52.gz	187
SRR8881011rbin.54.gz	196
SRR8881011rbin.55.gz	87
SRR8881011rbin.56.gz	137
SRR8881011rbin.57.gz	48
SRR8881011rbin.58.gz	60
SRR8881011rbin.5.gz	94
SRR8881011rbin.60.gz	226
SRR8881011rbin.61.gz	172
SRR8881011rbin.62.gz	43
SRR8881011rbin.63.gz	102
SRR8881011rbin.64.gz	52
SRR8881011rbin.65.gz	52
SRR8881011rbin.67.gz	7
SRR8881011rbin.68.gz	7
SRR8881011rbin.6.gz	149
SRR8881011rbin.70.gz	176
SRR8881011rbin.71.gz	63
SRR8881011rbin.72.gz	103
SRR8881011rbin.76.gz	24
SRR8881011rbin.77.gz	105
SRR8881011rbin.78.gz	6
SRR8881011rbin.79.gz	1
SRR8881011rbin.80.gz	8
SRR8881011rbin.82.gz	56
SRR8881011rbin.88.gz	93
SRR8881011rbin.89.gz	7
SRR8881011rbin.8.gz	208
SRR8881011rbin.91.gz	77
SRR8881011rbin.92.gz	81
SRR8881011rbin.93.gz	45
SRR8881011rbin.94.gz	71
SRR8881011rbin.96.gz	114
SRR8881011rbin.97.gz	51
SRR8881011rbin.9.gz	8
SRR8931197rbin.11.gz	44
SRR8931197rbin.14.gz	48
SRR8931197rbin.15.gz	33
SRR8931197rbin.19.gz	27
SRR8931197rbin.20.gz	132
SRR8931197rbin.21.gz	42
SRR8931197rbin.22.gz	63
SRR8931197rbin.23.gz	89
SRR8931197rbin.25.gz	95
SRR8931197rbin.7.gz	61
SRR8931197rbin.9.gz	20
SRR8931198rbin.10.gz	58
SRR8931198rbin.12.gz	71
SRR8931198rbin.15.gz	45
SRR8931198rbin.17.gz	32
SRR8931198rbin.18.gz	34
SRR8931198rbin.19.gz	37
SRR8931198rbin.1.gz	61
SRR8931198rbin.21.gz	22
SRR8931198rbin.22.gz	26
SRR8931198rbin.25.gz	35
SRR8931198rbin.27.gz	44
SRR8931198rbin.28.gz	29
SRR8931198rbin.29.gz	100
SRR8931198rbin.2.gz	55
SRR8931198rbin.32.gz	21
SRR8931198rbin.33.gz	15
SRR8931198rbin.39.gz	22
SRR8931198rbin.3.gz	12
SRR8931198rbin.9.gz	44
SRR8931205rbin.1.gz	21
SRR8931206rbin.12.gz	45
SRR8931206rbin.13.gz	81
SRR8931206rbin.14.gz	46
SRR8931206rbin.16.gz	101
SRR8931206rbin.19.gz	9
SRR8931206rbin.20.gz	52
SRR8931206rbin.25.gz	50
SRR8931206rbin.26.gz	21
SRR8931206rbin.32.gz	28
SRR8931206rbin.33.gz	35
SRR8931206rbin.5.gz	40
SRR8931206rbin.8.gz	49
SRR8931207rbin.12.gz	28
SRR8931207rbin.13.gz	39
SRR8931207rbin.25.gz	61
SRR8931207rbin.26.gz	39
SRR8931207rbin.28.gz	53
SRR8931207rbin.31.gz	70
SRR8931207rbin.5.gz	48
SRR8931223rbin.10.gz	57
SRR8931223rbin.3.gz	65
SRR8931223rbin.5.gz	57
SRR8931224rbin.1.gz	82
SRR8931225rbin.7.gz	45
SRR8931225rbin.8.gz	34
SRR8931226rbin.3.gz	52
SRR8931227rbin.2.gz	82
SRR8931227rbin.3.gz	40
SRR8931228rbin.1.gz	37
SRR8931228rbin.2.gz	306
SRR8931228rbin.3.gz	129
SRR8931228rbin.4.gz	91
SRR8931235rbin.11.gz	81
SRR8931235rbin.12.gz	118
SRR8931235rbin.13.gz	99
SRR8931235rbin.14.gz	47
SRR8931235rbin.17.gz	80
SRR8931235rbin.18.gz	44
SRR8931235rbin.1.gz	46
SRR8931235rbin.20.gz	123
SRR8931235rbin.21.gz	57
SRR8931235rbin.24.gz	51
SRR8931236rbin.12.gz	33
SRR8931236rbin.13.gz	64
SRR8931236rbin.14.gz	58
SRR8931236rbin.15.gz	76
SRR8931236rbin.17.gz	54
SRR8931236rbin.18.gz	33
SRR8931236rbin.19.gz	117
SRR8931236rbin.1.gz	67
SRR8931236rbin.20.gz	55
SRR8931236rbin.21.gz	73
SRR8931236rbin.22.gz	62
SRR8931236rbin.23.gz	246
SRR8931236rbin.24.gz	39
SRR8931236rbin.25.gz	35
SRR8931236rbin.26.gz	46
SRR8931236rbin.28.gz	204
SRR8931236rbin.3.gz	70
SRR8931236rbin.4.gz	194
SRR8931236rbin.8.gz	43
SRR8931236rbin.9.gz	332
SRR9009773bin.102.gz	100
SRR9009773bin.103.gz	61
SRR9009773bin.106.gz	49
SRR9009773bin.110.gz	133
SRR9009773bin.114.gz	85
SRR9009773bin.116.gz	62
SRR9009773bin.118.gz	83
SRR9009773bin.120.gz	191
SRR9009773bin.122.gz	94
SRR9009773bin.123.gz	125
SRR9009773bin.128.gz	167
SRR9009773bin.139.gz	75
SRR9009773bin.143.gz	80
SRR9009773bin.156.gz	47
SRR9009773bin.157.gz	222
SRR9009773bin.161.gz	83
SRR9009773bin.163.gz	104
SRR9009773bin.169.gz	82
SRR9009773bin.174.gz	48
SRR9009773bin.177.gz	63
SRR9009773bin.178.gz	14
SRR9009773bin.183.gz	69
SRR9009773bin.184.gz	104
SRR9009773bin.192.gz	27
SRR9009773bin.199.gz	41
SRR9009773bin.19.gz	57
SRR9009773bin.200.gz	166
SRR9009773bin.214.gz	120
SRR9009773bin.219.gz	104
SRR9009773bin.220.gz	102
SRR9009773bin.223.gz	186
SRR9009773bin.232.gz	72
SRR9009773bin.234.gz	217
SRR9009773bin.244.gz	30
SRR9009773bin.250.gz	41
SRR9009773bin.251.gz	84
SRR9009773bin.254.gz	32
SRR9009773bin.256.gz	73
SRR9009773bin.262.gz	100
SRR9009773bin.264.gz	156
SRR9009773bin.271.gz	78
SRR9009773bin.280.gz	24
SRR9009773bin.281.gz	124
SRR9009773bin.286.gz	41
SRR9009773bin.287.gz	74
SRR9009773bin.289.gz	70
SRR9009773bin.290.gz	100
SRR9009773bin.291.gz	19
SRR9009773bin.294.gz	125
SRR9009773bin.297.gz	53
SRR9009773bin.300.gz	49
SRR9009773bin.302.gz	175
SRR9009773bin.303.gz	96
SRR9009773bin.308.gz	95
SRR9009773bin.310.gz	289
SRR9009773bin.312.gz	174
SRR9009773bin.316.gz	47
SRR9009773bin.317.gz	60
SRR9009773bin.318.gz	54
SRR9009773bin.327.gz	15
SRR9009773bin.330.gz	71
SRR9009773bin.334.gz	78
SRR9009773bin.337.gz	32
SRR9009773bin.338.gz	35
SRR9009773bin.339.gz	74
SRR9009773bin.33.gz	117
SRR9009773bin.344.gz	140
SRR9009773bin.36.gz	50
SRR9009773bin.39.gz	101
SRR9009773bin.3.gz	46
SRR9009773bin.42.gz	46
SRR9009773bin.43.gz	173
SRR9009773bin.44.gz	96
SRR9009773bin.50.gz	77
SRR9009773bin.57.gz	16
SRR9009773bin.60.gz	17
SRR9009773bin.61.gz	107
SRR9009773bin.67.gz	48
SRR9009773bin.76.gz	20
SRR9009773bin.7.gz	92
SRR9009773bin.82.gz	54
SRR9009773bin.84.gz	151
SRR9009773bin.86.gz	60
SRR9009773bin.8.gz	40
SRR9009774bin.103.gz	23
SRR9009774bin.115.gz	193
SRR9009774bin.116.gz	50
SRR9009774bin.118.gz	57
SRR9009774bin.122.gz	112
SRR9009774bin.124.gz	92
SRR9009774bin.126.gz	220
SRR9009774bin.12.gz	100
SRR9009774bin.130.gz	212
SRR9009774bin.133.gz	72
SRR9009774bin.138.gz	94
SRR9009774bin.141.gz	138
SRR9009774bin.142.gz	79
SRR9009774bin.148.gz	90
SRR9009774bin.14.gz	101
SRR9009774bin.154.gz	113
SRR9009774bin.155.gz	72
SRR9009774bin.165.gz	61
SRR9009774bin.169.gz	44
SRR9009774bin.170.gz	48
SRR9009774bin.171.gz	100
SRR9009774bin.184.gz	247
SRR9009774bin.195.gz	130
SRR9009774bin.197.gz	74
SRR9009774bin.202.gz	47
SRR9009774bin.203.gz	22
SRR9009774bin.206.gz	50
SRR9009774bin.209.gz	106
SRR9009774bin.211.gz	342
SRR9009774bin.225.gz	86
SRR9009774bin.231.gz	73
SRR9009774bin.233.gz	143
SRR9009774bin.236.gz	39
SRR9009774bin.243.gz	399
SRR9009774bin.244.gz	48
SRR9009774bin.249.gz	63
SRR9009774bin.252.gz	41
SRR9009774bin.25.gz	26
SRR9009774bin.26.gz	126
SRR9009774bin.277.gz	70
SRR9009774bin.294.gz	74
SRR9009774bin.295.gz	34
SRR9009774bin.299.gz	55
SRR9009774bin.302.gz	45
SRR9009774bin.30.gz	95
SRR9009774bin.312.gz	213
SRR9009774bin.318.gz	105
SRR9009774bin.320.gz	62
SRR9009774bin.322.gz	159
SRR9009774bin.324.gz	114
SRR9009774bin.325.gz	266
SRR9009774bin.335.gz	90
SRR9009774bin.336.gz	262
SRR9009774bin.337.gz	461
SRR9009774bin.344.gz	226
SRR9009774bin.349.gz	355
SRR9009774bin.351.gz	96
SRR9009774bin.36.gz	92
SRR9009774bin.374.gz	12
SRR9009774bin.376.gz	90
SRR9009774bin.378.gz	149
SRR9009774bin.379.gz	93
SRR9009774bin.380.gz	110
SRR9009774bin.383.gz	66
SRR9009774bin.385.gz	163
SRR9009774bin.44.gz	126
SRR9009774bin.50.gz	133
SRR9009774bin.54.gz	109
SRR9009774bin.55.gz	129
SRR9009774bin.61.gz	41
SRR9009774bin.62.gz	47
SRR9009774bin.63.gz	40
SRR9009774bin.71.gz	11
SRR9009774bin.75.gz	23
SRR9009774bin.7.gz	62
SRR9009774bin.81.gz	313
SRR9009774bin.86.gz	59
SRR9009774bin.88.gz	39
SRR9009774bin.90.gz	101
SRR9009774bin.92.gz	82
SRR9009774bin.96.gz	27
SRR9009774bin.98.gz	106
SRR9032075rbin.10.gz	128
SRR9032075rbin.12.gz	164
SRR9032075rbin.14.gz	69
SRR9032075rbin.1.gz	207
SRR9032075rbin.3.gz	44
SRR9032075rbin.4.gz	28
SRR9032075rbin.6.gz	26
SRR9032075rbin.7.gz	66
SRR9032258rbin.4.gz	25
SRR9032509rbin.11.gz	222
SRR9032509rbin.15.gz	149
SRR9032509rbin.18.gz	35
SRR9032509rbin.6.gz	175
SRR9032509rbin.7.gz	59
SRR9032509rbin.9.gz	223
SRR9032617rbin.11.gz	47
SRR9032617rbin.12.gz	90
SRR9032617rbin.13.gz	20
SRR9032617rbin.6.gz	39
SRR9032617rbin.9.gz	27
SRR9032716rbin.10.gz	48
SRR9032716rbin.14.gz	78
SRR9044097rbin.10.gz	64
SRR9044097rbin.11.gz	41
SRR9044097rbin.12.gz	58
SRR9044097rbin.16.gz	129
SRR9044097rbin.19.gz	41
SRR9044097rbin.1.gz	26
SRR9044097rbin.20.gz	18
SRR9044097rbin.6.gz	58
SRR9044097rbin.9.gz	220
SRR908208rebin.10.gz	43
SRR908208rebin.11.gz	108
SRR908208rebin.12.gz	121
SRR908208rebin.1.gz	70
SRR908208rebin.7.gz	283
SRR908211rebin.1.gz	23
SRR908211rebin.3.gz	45
SRR908211rebin.6.gz	57
SRR908211rebin.7.gz	221
SRR908272rebin.10.gz	49
SRR908272rebin.11.gz	172
SRR908272rebin.13.gz	118
SRR908272rebin.1.gz	85
SRR908272rebin.2.gz	91
SRR908272rebin.4.gz	105
SRR908272rebin.7.gz	76
SRR908272rebin.8.gz	62
SRR908272rebin.9.gz	202
SRR908273rebin.1.gz	56
SRR908275rebin.1.gz	102
SRR908276rebin.2.gz	82
SRR908276rebin.3.gz	102
SRR908276rebin.4.gz	168
SRR908276rebin.5.gz	70
SRR908279rebin.1.gz	70
SRR908279rebin.2.gz	81
SRR908279rebin.3.gz	43
SRR908279rebin.4.gz	82
SRR908281rebin.2.gz	51
SRR908291rebin.1.gz	36
SRR9093167rbin.1.gz	9
SRR9093167rbin.2.gz	63
SRR9179559rbin.10.gz	26
SRR9179559rbin.11.gz	14
SRR9179559rbin.14.gz	18
SRR9179559rbin.17.gz	17
SRR9179559rbin.1.gz	17
SRR9179559rbin.2.gz	20
SRR9179559rbin.4.gz	42
SRR9179559rbin.5.gz	21
SRR9179559rbin.7.gz	20
SRR9179559rbin.8.gz	18
SRR9179560rbin.11.gz	17
SRR9179560rbin.12.gz	41
SRR9179560rbin.15.gz	37
SRR9179560rbin.16.gz	17
SRR9179560rbin.18.gz	34
SRR9179560rbin.19.gz	22
SRR9179560rbin.1.gz	39
SRR9179560rbin.20.gz	20
SRR9179560rbin.21.gz	11
SRR9179560rbin.23.gz	28
SRR9179560rbin.24.gz	30
SRR9179560rbin.25.gz	41
SRR9179560rbin.27.gz	34
SRR9179560rbin.28.gz	34
SRR9179560rbin.29.gz	41
SRR9179560rbin.30.gz	33
SRR9179560rbin.31.gz	38
SRR9179560rbin.32.gz	13
SRR9179560rbin.33.gz	43
SRR9179560rbin.35.gz	31
SRR9179560rbin.38.gz	28
SRR9179560rbin.3.gz	39
SRR9179560rbin.40.gz	35
SRR9179560rbin.41.gz	50
SRR9179560rbin.42.gz	33
SRR9179560rbin.43.gz	36
SRR9179560rbin.44.gz	18
SRR9179560rbin.45.gz	91
SRR9179560rbin.47.gz	28
SRR9179560rbin.49.gz	50
SRR9179560rbin.4.gz	12
SRR9179560rbin.50.gz	78
SRR9179560rbin.52.gz	38
SRR9179560rbin.56.gz	35
SRR9179560rbin.5.gz	54
SRR9179560rbin.7.gz	41
SRR9179560rbin.9.gz	20
SRR9179561rbin.2.gz	15
SRR9179561rbin.3.gz	22
SRR9179561rbin.8.gz	12
SRR9179562rbin.10.gz	30
SRR9179562rbin.11.gz	49
SRR9179562rbin.16.gz	78
SRR9179562rbin.17.gz	45
SRR9179562rbin.1.gz	10
SRR9179562rbin.20.gz	19
SRR9179562rbin.23.gz	26
SRR9179562rbin.24.gz	34
SRR9179562rbin.29.gz	33
SRR9179562rbin.30.gz	35
SRR9179562rbin.31.gz	49
SRR9179562rbin.32.gz	34
SRR9179562rbin.33.gz	36
SRR9179562rbin.35.gz	11
SRR9179562rbin.36.gz	31
SRR9179562rbin.38.gz	41
SRR9179562rbin.41.gz	29
SRR9179562rbin.5.gz	11
SRR9179562rbin.6.gz	25
SRR9179562rbin.7.gz	23
SRR9179562rbin.8.gz	40
SRR9179562rbin.9.gz	33
SRR9289415rbin.1.gz	22
SRR9289415rbin.2.gz	84
SRR9289415rbin.3.gz	33
SRR9289417rbin.10.gz	22
SRR9289417rbin.11.gz	33
SRR9289417rbin.12.gz	12
SRR9289417rbin.13.gz	27
SRR9289417rbin.14.gz	19
SRR9289417rbin.15.gz	189
SRR9289417rbin.16.gz	49
SRR9289417rbin.17.gz	45
SRR9289417rbin.18.gz	97
SRR9289417rbin.19.gz	42
SRR9289417rbin.1.gz	78
SRR9289417rbin.20.gz	102
SRR9289417rbin.21.gz	34
SRR9289417rbin.22.gz	223
SRR9289417rbin.23.gz	4
SRR9289417rbin.24.gz	8
SRR9289417rbin.25.gz	36
SRR9289417rbin.26.gz	77
SRR9289417rbin.27.gz	24
SRR9289417rbin.28.gz	33
SRR9289417rbin.2.gz	34
SRR9289417rbin.3.gz	59
SRR9289417rbin.4.gz	53
SRR9289417rbin.5.gz	52
SRR9289417rbin.6.gz	19
SRR9289417rbin.7.gz	23
SRR9289417rbin.8.gz	71
SRR9289417rbin.9.gz	260
SRR9597092rbin.10.gz	82
SRR9597092rbin.11.gz	68
SRR9597092rbin.12.gz	65
SRR9597092rbin.1.gz	55
SRR9597092rbin.4.gz	63
SRR9597092rbin.5.gz	69
SRR9597092rbin.7.gz	52
SRR9597092rbin.8.gz	53
SRR9597092rbin.9.gz	64
SRR9597093rbin.1.gz	61
SRR9597093rbin.2.gz	110
SRR9648393rbin.1.gz	67
SRR9648393rbin.2.gz	75
SRR9648393rbin.3.gz	25
SRR9648401rbin.10.gz	31
SRR9648401rbin.11.gz	23
SRR9648401rbin.2.gz	61
SRR9648401rbin.3.gz	33
SRR9648401rbin.4.gz	33
SRR9648401rbin.5.gz	112
SRR9648401rbin.6.gz	31
SRR9648401rbin.7.gz	24
SRR9648401rbin.8.gz	45
SRR9648401rbin.9.gz	63
SRR9650391rbin.10.gz	88
SRR9650391rbin.12.gz	94
SRR9650391rbin.13.gz	143
SRR9650391rbin.14.gz	195
SRR9650391rbin.15.gz	49
SRR9650391rbin.16.gz	61
SRR9650391rbin.18.gz	50
SRR9650391rbin.19.gz	35
SRR9650391rbin.1.gz	88
SRR9650391rbin.20.gz	35
SRR9650391rbin.23.gz	205
SRR9650391rbin.24.gz	62
SRR9650391rbin.25.gz	155
SRR9650391rbin.27.gz	77
SRR9650391rbin.28.gz	88
SRR9650391rbin.2.gz	46
SRR9650391rbin.30.gz	43
SRR9650391rbin.31.gz	62
SRR9650391rbin.3.gz	225
SRR9650391rbin.4.gz	64
SRR9650391rbin.5.gz	38
SRR9650391rbin.6.gz	98
SRR9650391rbin.7.gz	183
SRR9650391rbin.8.gz	115
SRR9650391rbin.9.gz	63
SRR9650533rbin.10.gz	34
SRR9650533rbin.11.gz	93
SRR9650533rbin.12.gz	118
SRR9650533rbin.13.gz	124
SRR9650533rbin.14.gz	82
SRR9650533rbin.15.gz	82
SRR9650533rbin.16.gz	56
SRR9650533rbin.17.gz	108
SRR9650533rbin.18.gz	117
SRR9650533rbin.19.gz	49
SRR9650533rbin.1.gz	49
SRR9650533rbin.20.gz	101
SRR9650533rbin.2.gz	138
SRR9650533rbin.3.gz	58
SRR9650533rbin.4.gz	116
SRR9650533rbin.5.gz	95
SRR9650533rbin.6.gz	291
SRR9650533rbin.8.gz	181
SRR9650533rbin.9.gz	92
SRR9656163rbin.10.gz	100
SRR9656163rbin.11.gz	139
SRR9656163rbin.12.gz	119
SRR9656163rbin.13.gz	66
SRR9656163rbin.14.gz	147
SRR9656163rbin.15.gz	34
SRR9656163rbin.1.gz	77
SRR9656163rbin.3.gz	94
SRR9656163rbin.4.gz	114
SRR9656163rbin.5.gz	55
SRR9656163rbin.6.gz	25
SRR9656163rbin.7.gz	90
SRR9656163rbin.8.gz	53
SRR9656163rbin.9.gz	44
SRR9656164rbin.1.gz	19
SRR9656164rbin.2.gz	70
SRR9656164rbin.4.gz	94
SRR9656164rbin.5.gz	37
SRR9656164rbin.6.gz	43
SRR9656164rbin.7.gz	111
SRR9656164rbin.8.gz	59
SRR9656164rbin.9.gz	24
SRR9656165rbin.10.gz	76
SRR9656165rbin.11.gz	57
SRR9656165rbin.12.gz	120
SRR9656165rbin.13.gz	37
SRR9656165rbin.14.gz	65
SRR9656165rbin.15.gz	69
SRR9656165rbin.17.gz	51
SRR9656165rbin.18.gz	38
SRR9656165rbin.19.gz	24
SRR9656165rbin.1.gz	84
SRR9656165rbin.21.gz	25
SRR9656165rbin.22.gz	57
SRR9656165rbin.2.gz	70
SRR9656165rbin.3.gz	56
SRR9656165rbin.4.gz	47
SRR9656165rbin.6.gz	30
SRR9656165rbin.7.gz	126
SRR9656165rbin.8.gz	90
SRR9656165rbin.9.gz	89
SRR9656166rbin.10.gz	57
SRR9656166rbin.11.gz	98
SRR9656166rbin.13.gz	55
SRR9656166rbin.14.gz	14
SRR9656166rbin.4.gz	101
SRR9656166rbin.6.gz	44
SRR9656166rbin.7.gz	40
SRR9656166rbin.8.gz	71
SRR9656168rbin.10.gz	45
SRR9656168rbin.12.gz	5
SRR9656168rbin.1.gz	64
SRR9656168rbin.2.gz	144
SRR9656168rbin.3.gz	91
SRR9656168rbin.4.gz	34
SRR9656168rbin.5.gz	94
SRR9656168rbin.6.gz	60
SRR9656168rbin.7.gz	39
SRR9656168rbin.9.gz	137
SRR9656206rbin.1.gz	24
SRR9656207rbin.1.gz	43
SRR9656207rbin.2.gz	37
SRR9656207rbin.3.gz	12
SRR9656207rbin.4.gz	99
SRR9656207rbin.5.gz	22
SRR9656207rbin.6.gz	105
SRR9656207rbin.7.gz	3
SRR9656207rbin.8.gz	18
SRR9691018rbin.1.gz	27
SRR9691018rbin.2.gz	35
SRR9691019rbin.10.gz	58
SRR9691019rbin.11.gz	141
SRR9691019rbin.12.gz	23
SRR9691019rbin.13.gz	93
SRR9691019rbin.14.gz	69
SRR9691019rbin.16.gz	24
SRR9691019rbin.1.gz	34
SRR9691019rbin.2.gz	62
SRR9691019rbin.3.gz	47
SRR9691019rbin.4.gz	8
SRR9691019rbin.5.gz	35
SRR9691019rbin.7.gz	14
SRR9691019rbin.9.gz	27
SRR11051936bin.6.gz	39
SRR11051937bin.2.gz	116
SRR11051937bin.4.gz	161
SRR11051937bin.7.gz	177
SRR11051938bin.1.gz	176
SRR11051938bin.2.gz	36
SRR11051938bin.3.gz	46
SRR11051938bin.4.gz	167
SRR11051938bin.5.gz	267
SRR11051939bin.1.gz	21
SRR11051939bin.3.gz	56
SRR11051940bin.2.gz	73
SRR11051940bin.3.gz	83
SRR11051941bin.1.gz	122
SRR11051944bin.1.gz	121
SRR11051944bin.3.gz	99
SRR11051945bin.2.gz	274
SRR11051946bin.2.gz	88
SRR11051946bin.4.gz	76
SRR11051947bin.1.gz	91
SRR11051947bin.3.gz	44
SRR11051947bin.4.gz	42
SRR11051947bin.5.gz	14
SRR11051947bin.6.gz	47
SRR11051949bin.2.gz	47
SRR11051950bin.2.gz	36
SRR11051950bin.3.gz	51
SRR11051952bin.1.gz	51
SRR11051955bin.1.gz	118
SRR11051955bin.3.gz	37
SRR11051955bin.4.gz	56
SRR11051956bin.1.gz	66
SRR11051962bin.1.gz	52
SRR11051963bin.1.gz	52
SRR11051967bin.1.gz	118
SRR11051967bin.3.gz	185
SRR11051968bin.1.gz	54
SRR11051969bin.1.gz	94
SRR11051969bin.4.gz	123
SRR11086695bin.1.gz	43
SRR11271801bin.1.gz	86
SRR11271801bin.2.gz	44
SRR11271802bin.1.gz	100
SRR11271804bin.1.gz	55
SRR11271804bin.2.gz	170
SRR11271805bin.2.gz	151
SRR11271805bin.3.gz	94
SRR11271805bin.4.gz	154
SRR11271805bin.5.gz	136
SRR11271805bin.6.gz	184
SRR11271806bin.1.gz	108
SRR11271806bin.2.gz	143
SRR11271806bin.3.gz	100
SRR11271806bin.4.gz	151
SRR11271806bin.5.gz	159
SRR11271806bin.7.gz	47
SRR11271807bin.2.gz	100
SRR11271807bin.3.gz	65
SRR11271807bin.5.gz	33
SRR11271808bin.2.gz	73
SRR11285378bin.10.gz	77
SRR11285378bin.12.gz	255
SRR11285378bin.13.gz	21
SRR11285378bin.14.gz	43
SRR11285378bin.15.gz	60
SRR11285378bin.16.gz	92
SRR11285378bin.17.gz	152
SRR11285378bin.18.gz	292
SRR11285378bin.19.gz	146
SRR11285378bin.1.gz	91
SRR11285378bin.21.gz	74
SRR11285378bin.22.gz	53
SRR11285378bin.23.gz	182
SRR11285378bin.24.gz	85
SRR11285378bin.2.gz	80
SRR11285378bin.3.gz	93
SRR11285378bin.4.gz	53
SRR11285378bin.5.gz	40
SRR11285378bin.6.gz	57
SRR11285378bin.7.gz	124
SRR11285378bin.9.gz	105
SRR11449177bin.15.gz	117
SRR11449177bin.19.gz	22
SRR11449177bin.22.gz	48
SRR11449177bin.26.gz	152
SRR11449177bin.49.gz	24
SRR11449177bin.5.gz	182
SRR11449178bin.16.gz	181
SRR11449178bin.22.gz	75
SRR11449178bin.41.gz	38
SRR11449178bin.44.gz	64
SRR11449178bin.7.gz	102
SRR11449178bin.8.gz	121
SRR11449179bin.14.gz	76
SRR11449179bin.28.gz	55
SRR11449179bin.30.gz	59
SRR11449179bin.33.gz	8
SRR11449179bin.39.gz	79
SRR11449179bin.9.gz	21
SRR11449180bin.21.gz	68
SRR11449180bin.23.gz	4
SRR11449180bin.29.gz	11
SRR11449180bin.2.gz	60
SRR11449180bin.32.gz	103
SRR11449180bin.36.gz	115
SRR11449180bin.6.gz	69
SRR11449181bin.1.gz	21
SRR11449181bin.27.gz	51
SRR11449181bin.2.gz	51
SRR11449181bin.35.gz	56
SRR11449181bin.4.gz	83
SRR11449181bin.9.gz	202
SRR11449182bin.12.gz	102
SRR11449182bin.15.gz	47
SRR11449182bin.16.gz	87
SRR11449182bin.26.gz	92
SRR11449182bin.27.gz	158
SRR11449182bin.28.gz	28
SRR11449182bin.29.gz	59
SRR11449182bin.30.gz	133
SRR11449182bin.33.gz	76
SRR11449182bin.3.gz	66
SRR11449182bin.6.gz	32
SRR11449183bin.28.gz	10
SRR11449184bin.23.gz	65
SRR11449184bin.27.gz	115
SRR11449184bin.31.gz	52
SRR11449184bin.43.gz	85
SRR11449184bin.48.gz	68
SRR11449184bin.50.gz	36
SRR11449184bin.6.gz	151
SRR11449184bin.7.gz	77
SRR11449185bin.20.gz	18
SRR11449185bin.24.gz	35
SRR11449185bin.25.gz	46
SRR11449185bin.33.gz	49
SRR11449185bin.38.gz	11
SRR11449185bin.41.gz	29
SRR11449185bin.48.gz	54
SRR11449185bin.8.gz	55
SRR11449185bin.9.gz	126
SRR11449186bin.19.gz	3
SRR11449186bin.21.gz	40
SRR11449186bin.25.gz	14
SRR11449186bin.26.gz	77
SRR11449186bin.2.gz	16
SRR11449186bin.30.gz	52
SRR11449186bin.34.gz	43
SRR11449186bin.36.gz	72
SRR11449186bin.37.gz	20
SRR11449186bin.40.gz	2
SRR11449186bin.42.gz	43
SRR11449186bin.44.gz	56
SRR11449186bin.46.gz	41
SRR11449186bin.4.gz	21
SRR11449186bin.50.gz	181
SRR11449186bin.51.gz	67
SRR11449186bin.52.gz	115
SRR11449186bin.53.gz	35
SRR11449186bin.6.gz	40
SRR11449187bin.10.gz	264
SRR11449187bin.12.gz	48
SRR11449187bin.13.gz	203
SRR11449187bin.18.gz	127
SRR11449187bin.25.gz	122
SRR11449187bin.2.gz	78
SRR11449187bin.43.gz	45
SRR11449187bin.47.gz	116
SRR11449187bin.48.gz	49
SRR11449187bin.8.gz	28
SRR11449188bin.16.gz	31
SRR11449188bin.18.gz	133
SRR11449188bin.19.gz	151
SRR11449188bin.44.gz	57
SRR11449188bin.47.gz	28
SRR11449188bin.7.gz	42
SRR11449188bin.8.gz	31
SRR11449188bin.9.gz	150
SRR11467474bin.10.gz	247
SRR11467474bin.1.gz	135
SRR11467474bin.2.gz	38
SRR11467474bin.3.gz	354
SRR11467474bin.4.gz	83
SRR11467474bin.5.gz	44
SRR11467474bin.6.gz	317
SRR11467474bin.7.gz	290
SRR11467474bin.8.gz	60
SRR11467474bin.9.gz	48
SRR11467475bin.10.gz	138
SRR11467475bin.11.gz	87
SRR11467475bin.13.gz	79
SRR11467475bin.1.gz	133
SRR11467475bin.2.gz	144
SRR11467475bin.3.gz	289
SRR11467475bin.5.gz	143
SRR11467475bin.9.gz	97
SRR11467476bin.1.gz	86
SRR11467476bin.3.gz	66
SRR11467476bin.6.gz	33
SRR11467476bin.7.gz	130
SRR11467476bin.9.gz	42
SRR11467478bin.10.gz	188
SRR11467478bin.12.gz	161
SRR11467478bin.13.gz	283
SRR11467478bin.1.gz	60
SRR11467478bin.2.gz	280
SRR11467478bin.3.gz	51
SRR11467478bin.4.gz	94
SRR11467478bin.5.gz	42
SRR11467479bin.2.gz	26
SRR11467479bin.3.gz	95
SRR11467479bin.4.gz	92
SRR11467479bin.6.gz	69
SRR11467479bin.7.gz	81
SRR11467480bin.1.gz	369
SRR11467480bin.3.gz	33
SRR11467480bin.4.gz	217
SRR11467480bin.7.gz	69
SRR11467480bin.8.gz	170
SRR11467481bin.1.gz	124
SRR11467481bin.3.gz	95
SRR11467481bin.4.gz	175
SRR11467481bin.5.gz	61
SRR11467481bin.6.gz	272
SRR1152189rbin.3.gz	41
SRR1153387rbin.2.gz	40
SRR1153387rbin.4.gz	28
SRR1153387rbin.5.gz	64
SRR1153387rbin.7.gz	11
SRR1157607rbin.10.gz	23
SRR1157607rbin.11.gz	210
SRR1157607rbin.12.gz	52
SRR1157607rbin.13.gz	37
SRR1157607rbin.14.gz	138
SRR1157607rbin.15.gz	45
SRR1157607rbin.2.gz	55
SRR1157607rbin.3.gz	86
SRR1157607rbin.4.gz	77
SRR1157607rbin.6.gz	23
SRR1157607rbin.7.gz	36
SRR1157607rbin.8.gz	189
SRR1157607rbin.9.gz	63
SRR1157608rbin.10.gz	80
SRR1157608rbin.14.gz	117
SRR1157608rbin.15.gz	74
SRR1157608rbin.16.gz	88
SRR1157608rbin.17.gz	214
SRR1157608rbin.19.gz	78
SRR1157608rbin.2.gz	103
SRR1157608rbin.3.gz	27
SRR1157608rbin.4.gz	226
SRR1157608rbin.5.gz	234
SRR1157608rbin.7.gz	87
SRR1157608rbin.8.gz	8
SRR1157609rbin.10.gz	52
SRR1157609rbin.11.gz	87
SRR1157609rbin.14.gz	52
SRR1157609rbin.16.gz	137
SRR1157609rbin.1.gz	144
SRR1157609rbin.6.gz	101
SRR1157615rbin.1.gz	26
SRR1157615rbin.2.gz	120
SRR1157615rbin.3.gz	120
SRR1157616rbin.1.gz	35
SRR1157616rbin.3.gz	14
SRR1157616rbin.4.gz	70
SRR11613032bin.10.gz	177
SRR11613032bin.11.gz	226
SRR11613032bin.14.gz	168
SRR11613032bin.15.gz	67
SRR11613032bin.16.gz	106
SRR11613032bin.18.gz	103
SRR11613032bin.20.gz	119
SRR11613032bin.23.gz	104
SRR11613032bin.24.gz	56
SRR11613032bin.27.gz	70
SRR11613032bin.28.gz	65
SRR11613032bin.2.gz	6
SRR11613032bin.30.gz	98
SRR11613032bin.32.gz	90
SRR11613032bin.34.gz	40
SRR11613032bin.35.gz	84
SRR11613032bin.38.gz	17
SRR11613032bin.41.gz	100
SRR11613032bin.43.gz	252
SRR11613032bin.44.gz	32
SRR11613032bin.46.gz	60
SRR11613032bin.47.gz	74
SRR11613032bin.48.gz	161
SRR11613032bin.51.gz	71
SRR11613032bin.52.gz	56
SRR11613032bin.53.gz	56
SRR11613032bin.54.gz	61
SRR11613032bin.55.gz	144
SRR11613032bin.56.gz	90
SRR11613032bin.57.gz	70
SRR11613032bin.58.gz	74
SRR11613032bin.59.gz	101
SRR11613032bin.5.gz	81
SRR11613032bin.61.gz	146
SRR11613032bin.62.gz	91
SRR11613032bin.63.gz	64
SRR11613032bin.67.gz	151
SRR11613032bin.68.gz	28
SRR11613032bin.69.gz	48
SRR11613032bin.70.gz	85
SRR11613032bin.72.gz	33
SRR11613032bin.73.gz	163
SRR11613032bin.74.gz	103
SRR11613032bin.77.gz	57
SRR11613032bin.7.gz	58
SRR11613032bin.80.gz	56
SRR11613032bin.81.gz	135
SRR11613032bin.85.gz	200
SRR11613032bin.88.gz	72
SRR11613357bin.10.gz	68
SRR11613357bin.13.gz	53
SRR11613357bin.15.gz	145
SRR11613357bin.21.gz	71
SRR11613357bin.23.gz	117
SRR11613357bin.24.gz	33
SRR11613357bin.25.gz	143
SRR11613357bin.30.gz	59
SRR11613357bin.31.gz	76
SRR11613357bin.35.gz	94
SRR11613357bin.37.gz	143
SRR11613357bin.39.gz	23
SRR11613357bin.3.gz	43
SRR11613357bin.40.gz	54
SRR11613357bin.42.gz	65
SRR11613357bin.44.gz	43
SRR11613357bin.46.gz	75
SRR11613357bin.47.gz	100
SRR11613357bin.48.gz	124
SRR11613357bin.49.gz	50
SRR11613357bin.4.gz	205
SRR11613357bin.51.gz	45
SRR11613357bin.52.gz	65
SRR11613357bin.53.gz	77
SRR11613357bin.55.gz	87
SRR11613357bin.57.gz	82
SRR11613357bin.5.gz	93
SRR11613357bin.60.gz	164
SRR11613357bin.61.gz	229
SRR11613357bin.62.gz	51
SRR11613357bin.63.gz	108
SRR11613357bin.64.gz	52
SRR11613357bin.66.gz	151
SRR11613357bin.68.gz	61
SRR11613357bin.69.gz	71
SRR11613357bin.6.gz	129
SRR11613357bin.70.gz	53
SRR11613357bin.71.gz	39
SRR11613357bin.72.gz	51
SRR11613357bin.75.gz	77
SRR11613357bin.76.gz	84
SRR11613357bin.7.gz	110
SRR11613357bin.81.gz	182
SRR11613357bin.82.gz	140
SRR11613357bin.84.gz	145
SRR11613357bin.85.gz	62
SRR11613357bin.86.gz	165
SRR11613357bin.87.gz	25
SRR11613357bin.8.gz	164
SRR11613357bin.90.gz	157
SRR11613357bin.91.gz	274
SRR11613357bin.93.gz	220
SRR11613357bin.95.gz	120
SRR11613357bin.97.gz	125
SRR11613357bin.9.gz	102
SRR11613358bin.11.gz	98
SRR11613358bin.12.gz	41
SRR11613358bin.13.gz	134
SRR11613358bin.14.gz	100
SRR11613358bin.15.gz	120
SRR11613358bin.16.gz	51
SRR11613358bin.17.gz	121
SRR11613358bin.18.gz	64
SRR11613358bin.21.gz	113
SRR11613358bin.23.gz	50
SRR11613358bin.24.gz	121
SRR11613358bin.25.gz	75
SRR11613358bin.28.gz	138
SRR11613358bin.29.gz	60
SRR11613358bin.2.gz	86
SRR11613358bin.32.gz	68
SRR11613358bin.33.gz	88
SRR11613358bin.35.gz	44
SRR11613358bin.36.gz	25
SRR11613358bin.37.gz	53
SRR11613358bin.39.gz	148
SRR11613358bin.3.gz	102
SRR11613358bin.42.gz	45
SRR11613358bin.45.gz	160
SRR11613358bin.46.gz	234
SRR11613358bin.48.gz	134
SRR11613358bin.49.gz	261
SRR11613358bin.4.gz	126
SRR11613358bin.52.gz	122
SRR11613358bin.58.gz	87
SRR11613358bin.59.gz	71
SRR11613358bin.5.gz	105
SRR11613358bin.60.gz	149
SRR11613358bin.62.gz	98
SRR11613358bin.63.gz	55
SRR11613358bin.64.gz	128
SRR11613358bin.66.gz	144
SRR11613358bin.6.gz	92
SRR11613358bin.70.gz	52
SRR11613358bin.71.gz	63
SRR11613358bin.72.gz	39
SRR11613358bin.73.gz	144
SRR11613400bin.10.gz	48
SRR11613400bin.11.gz	45
SRR11613400bin.1.gz	42
SRR11613400bin.20.gz	72
SRR11613400bin.23.gz	59
SRR11613400bin.24.gz	139
SRR11613400bin.29.gz	2
SRR11613400bin.34.gz	78
SRR11613400bin.39.gz	53
SRR11613400bin.3.gz	77
SRR11613400bin.40.gz	83
SRR11613400bin.44.gz	54
SRR11613400bin.47.gz	66
SRR11613400bin.48.gz	29
SRR11613400bin.51.gz	39
SRR11613400bin.6.gz	49
SRR11613413bin.11.gz	152
SRR11613413bin.22.gz	93
SRR11613413bin.2.gz	7
SRR11613413bin.5.gz	99
SRR11613413bin.6.gz	110
SRR11613413bin.7.gz	63
SRR11613413bin.8.gz	132
SRR11614242bin.12.gz	96
SRR11614242bin.13.gz	85
SRR11614242bin.15.gz	50
SRR11614242bin.21.gz	47
SRR11614242bin.22.gz	27
SRR11614242bin.25.gz	5
SRR11614242bin.26.gz	50
SRR11614242bin.28.gz	63
SRR11614242bin.2.gz	212
SRR11614242bin.30.gz	27
SRR11614242bin.32.gz	34
SRR11614242bin.33.gz	55
SRR11614242bin.35.gz	79
SRR11614242bin.36.gz	75
SRR11614242bin.39.gz	45
SRR11614242bin.40.gz	62
SRR11614242bin.41.gz	38
SRR11614242bin.43.gz	93
SRR11614242bin.45.gz	66
SRR11614242bin.47.gz	58
SRR11614242bin.49.gz	70
SRR11614242bin.4.gz	32
SRR11614242bin.50.gz	111
SRR11614242bin.51.gz	121
SRR11614242bin.52.gz	37
SRR11614242bin.53.gz	48
SRR11614242bin.54.gz	47
SRR11614242bin.56.gz	43
SRR11614242bin.57.gz	57
SRR11614242bin.58.gz	67
SRR11614242bin.59.gz	51
SRR11614242bin.60.gz	36
SRR11614242bin.6.gz	31
SRR11614242bin.8.gz	95
SRR11615275bin.13.gz	72
SRR11615275bin.14.gz	122
SRR11615275bin.16.gz	117
SRR11615275bin.18.gz	76
SRR11615275bin.23.gz	145
SRR11615275bin.24.gz	29
SRR11615275bin.26.gz	234
SRR11615275bin.27.gz	75
SRR11615275bin.3.gz	112
SRR11615275bin.6.gz	81
SRR11615275bin.7.gz	170
SRR11615276bin.11.gz	15
SRR11615276bin.13.gz	41
SRR11615276bin.16.gz	37
SRR11615276bin.18.gz	119
SRR11615276bin.19.gz	22
SRR11615276bin.1.gz	53
SRR11615276bin.29.gz	105
SRR11615276bin.30.gz	38
SRR11615276bin.5.gz	61
SRR11615276bin.8.gz	57
SRR11615638bin.10.gz	22
SRR11615638bin.12.gz	23
SRR11615638bin.14.gz	47
SRR11615638bin.18.gz	55
SRR11615638bin.20.gz	25
SRR11615638bin.22.gz	72
SRR11615638bin.26.gz	35
SRR11615638bin.27.gz	49
SRR11615638bin.29.gz	64
SRR11615638bin.2.gz	20
SRR11615638bin.32.gz	58
SRR11615638bin.34.gz	52
SRR11615638bin.37.gz	33
SRR11615638bin.38.gz	65
SRR11615638bin.42.gz	65
SRR11615638bin.5.gz	32
SRR11615638bin.6.gz	41
SRR11615638bin.7.gz	48
SRR11615638bin.9.gz	35
SRR11622287bin.19.gz	40
SRR11622287bin.22.gz	96
SRR11622287bin.23.gz	41
SRR11622287bin.2.gz	29
SRR11622294bin.12.gz	30
SRR11622294bin.13.gz	47
SRR11622294bin.15.gz	55
SRR11622294bin.22.gz	53
SRR11622294bin.23.gz	93
SRR11622294bin.25.gz	25
SRR11622294bin.2.gz	100
SRR11622294bin.9.gz	45
SRR11622295bin.13.gz	60
SRR11622295bin.19.gz	14
SRR11622295bin.21.gz	38
SRR11622295bin.24.gz	64
SRR11622295bin.25.gz	13
SRR11622295bin.29.gz	75
SRR11622295bin.2.gz	103
SRR11622295bin.30.gz	32
SRR11622295bin.31.gz	25
SRR11622295bin.32.gz	40
SRR11622295bin.34.gz	133
SRR11622295bin.3.gz	34
SRR11622295bin.5.gz	36
SRR11622295bin.8.gz	53
SRR11635549bin.1.gz	114
SRR11635628bin.2.gz	59
SRR11635629bin.1.gz	58
SRR11635629bin.2.gz	72
SRR1164896rbin.10.gz	104
SRR1164896rbin.11.gz	42
SRR1164896rbin.12.gz	29
SRR1164896rbin.1.gz	21
SRR1164896rbin.3.gz	25
SRR1164896rbin.4.gz	85
SRR1164896rbin.5.gz	56
SRR1164896rbin.6.gz	110
SRR1164896rbin.7.gz	22
SRR1164896rbin.8.gz	25
SRR1164896rbin.9.gz	8
SRR11671580bin.10.gz	86
SRR11671580bin.13.gz	64
SRR11671580bin.14.gz	69
SRR11671580bin.17.gz	72
SRR11671580bin.19.gz	64
SRR11671580bin.1.gz	102
SRR11671580bin.26.gz	75
SRR11671580bin.27.gz	146
SRR11671580bin.32.gz	61
SRR11671580bin.3.gz	42
SRR11671580bin.6.gz	51
SRR11671581bin.10.gz	22
SRR11671581bin.11.gz	53
SRR11671581bin.13.gz	22
SRR11671581bin.14.gz	98
SRR11671581bin.22.gz	80
SRR11671581bin.23.gz	34
SRR11671581bin.24.gz	103
SRR11671581bin.25.gz	48
SRR11671581bin.26.gz	82
SRR11671581bin.29.gz	43
SRR11671581bin.33.gz	56
SRR11671581bin.34.gz	25
SRR11671581bin.38.gz	73
SRR11671581bin.3.gz	46
SRR11671581bin.44.gz	50
SRR11671581bin.49.gz	107
SRR11671581bin.51.gz	67
SRR11671581bin.52.gz	57
SRR11671581bin.5.gz	86
SRR11671581bin.6.gz	65
SRR11671581bin.7.gz	49
SRR11671581bin.9.gz	24
SRR11671582bin.21.gz	65
SRR11671582bin.22.gz	15
SRR11671582bin.24.gz	34
SRR11671582bin.5.gz	47
SRR11671582bin.6.gz	47
SRR11671584bin.13.gz	43
SRR11671584bin.14.gz	81
SRR11671584bin.15.gz	76
SRR11671584bin.16.gz	75
SRR11671584bin.18.gz	94
SRR11671584bin.19.gz	89
SRR11671584bin.2.gz	57
SRR11671584bin.30.gz	85
SRR11671584bin.32.gz	95
SRR11671584bin.38.gz	51
SRR11671584bin.3.gz	62
SRR11671584bin.41.gz	44
SRR11671584bin.7.gz	66
SRR11671587bin.2.gz	50
SRR11671587bin.9.gz	106
SRR11671588bin.12.gz	37
SRR11671588bin.14.gz	68
SRR11671588bin.15.gz	75
SRR11671588bin.1.gz	66
SRR11671588bin.20.gz	147
SRR11671588bin.21.gz	59
SRR11671588bin.28.gz	54
SRR11671588bin.33.gz	71
SRR11671808bin.12.gz	53
SRR11671808bin.1.gz	62
SRR11671808bin.7.gz	33
SRR11672838bin.10.gz	60
SRR11672838bin.11.gz	38
SRR11672838bin.12.gz	52
SRR11672838bin.13.gz	94
SRR11672838bin.15.gz	45
SRR11672838bin.22.gz	110
SRR11672838bin.24.gz	78
SRR11672838bin.3.gz	51
SRR11672838bin.4.gz	137
SRR11672838bin.5.gz	97
SRR11672839bin.10.gz	24
SRR11672839bin.1.gz	41
SRR11672839bin.8.gz	29
SRR11672840bin.10.gz	60
SRR11672840bin.11.gz	30
SRR11672840bin.14.gz	84
SRR11672840bin.15.gz	74
SRR11672840bin.18.gz	33
SRR11672840bin.19.gz	78
SRR11672840bin.1.gz	70
SRR11672840bin.20.gz	57
SRR11672840bin.24.gz	48
SRR11672840bin.25.gz	103
SRR11672840bin.26.gz	39
SRR11672840bin.27.gz	72
SRR11672840bin.28.gz	55
SRR11672840bin.4.gz	90
SRR11672841bin.1.gz	45
SRR11672841bin.3.gz	37
SRR11672841bin.4.gz	11
SRR11673296bin.10.gz	30
SRR11673296bin.15.gz	100
SRR11673296bin.16.gz	95
SRR11673296bin.19.gz	51
SRR11673296bin.1.gz	42
SRR11673296bin.25.gz	50
SRR11673296bin.26.gz	50
SRR11673296bin.27.gz	52
SRR11673296bin.2.gz	70
SRR11673296bin.30.gz	71
SRR11673296bin.31.gz	42
SRR11673296bin.32.gz	146
SRR11673296bin.36.gz	90
SRR11673296bin.38.gz	101
SRR11673296bin.39.gz	171
SRR11673296bin.40.gz	88
SRR11673296bin.7.gz	28
SRR11673297bin.10.gz	13
SRR11673297bin.11.gz	64
SRR11673297bin.15.gz	73
SRR11673297bin.16.gz	45
SRR11673297bin.18.gz	155
SRR11673297bin.19.gz	58
SRR11673297bin.1.gz	95
SRR11673297bin.21.gz	23
SRR11673297bin.22.gz	21
SRR11673297bin.24.gz	88
SRR11673297bin.25.gz	21
SRR11673297bin.26.gz	15
SRR11673297bin.27.gz	19
SRR11673297bin.28.gz	36
SRR11673297bin.2.gz	35
SRR11673297bin.3.gz	34
SRR11673297bin.8.gz	47
SRR11673298bin.16.gz	116
SRR11673298bin.19.gz	85
SRR11673298bin.21.gz	94
SRR11673298bin.22.gz	161
SRR11673298bin.23.gz	103
SRR11673298bin.25.gz	31
SRR11673298bin.26.gz	71
SRR11673298bin.27.gz	63
SRR11673298bin.5.gz	118
SRR11673299bin.15.gz	31
SRR11673299bin.1.gz	72
SRR11673299bin.2.gz	93
SRR11673299bin.7.gz	43
SRR11673299bin.8.gz	24
SRR11673319bin.12.gz	81
SRR11673319bin.14.gz	119
SRR11673319bin.16.gz	40
SRR11673319bin.2.gz	43
SRR11673319bin.8.gz	57
SRR11673319bin.9.gz	27
SRR11673482bin.14.gz	37
SRR11673482bin.16.gz	86
SRR11673482bin.17.gz	44
SRR11673482bin.21.gz	71
SRR11673482bin.22.gz	35
SRR11673482bin.23.gz	71
SRR11673482bin.5.gz	37
SRR11673482bin.6.gz	59
SRR11673482bin.7.gz	56
SRR11673482bin.8.gz	70
SRR11674055bin.10.gz	51
SRR11674055bin.14.gz	52
SRR11674055bin.17.gz	77
SRR11674055bin.19.gz	60
SRR11674055bin.20.gz	71
SRR11674055bin.21.gz	50
SRR11674055bin.24.gz	136
SRR11674055bin.33.gz	62
SRR11674055bin.38.gz	55
SRR11674055bin.3.gz	80
SRR11674055bin.42.gz	47
SRR11674055bin.44.gz	63
SRR11674055bin.4.gz	57
SRR11674058bin.12.gz	71
SRR11674058bin.15.gz	89
SRR11674058bin.16.gz	84
SRR11674058bin.17.gz	81
SRR11674058bin.1.gz	65
SRR11674058bin.20.gz	88
SRR11674058bin.24.gz	62
SRR11674058bin.30.gz	47
SRR11674058bin.7.gz	68
SRR11674058bin.9.gz	81
SRR11674061bin.4.gz	90
SRR11674063bin.12.gz	48
SRR11674063bin.14.gz	132
SRR11674063bin.15.gz	48
SRR11674063bin.16.gz	93
SRR11674063bin.17.gz	113
SRR11674063bin.18.gz	44
SRR11674063bin.23.gz	11
SRR11674063bin.24.gz	72
SRR11674063bin.25.gz	10
SRR11674063bin.27.gz	99
SRR11674063bin.28.gz	103
SRR11674063bin.29.gz	47
SRR11674063bin.2.gz	78
SRR11674063bin.31.gz	63
SRR11674063bin.32.gz	61
SRR11674063bin.34.gz	57
SRR11674063bin.36.gz	89
SRR11674063bin.37.gz	67
SRR11674063bin.39.gz	36
SRR11674063bin.40.gz	56
SRR11674063bin.46.gz	147
SRR11674063bin.6.gz	63
SRR11674063bin.7.gz	47
SRR11674120bin.1.gz	22
SRR11674120bin.3.gz	148
SRR11676618bin.10.gz	290
SRR11676618bin.1.gz	23
SRR11676618bin.2.gz	51
SRR11676618bin.3.gz	102
SRR11676618bin.4.gz	65
SRR11676618bin.5.gz	138
SRR11676618bin.6.gz	187
SRR11676618bin.7.gz	96
SRR11676618bin.8.gz	70
SRR11676618bin.9.gz	156
SRR11676645bin.1.gz	57
SRR11676645bin.2.gz	126
SRR11676645bin.3.gz	170
SRR11676645bin.4.gz	48
SRR11676645bin.5.gz	11
SRR11676645bin.6.gz	84
SRR11676933bin.2.gz	143
SRR11678132bin.10.gz	156
SRR11678132bin.11.gz	106
SRR11678132bin.12.gz	237
SRR11678132bin.13.gz	53
SRR11678132bin.14.gz	92
SRR11678132bin.15.gz	52
SRR11678132bin.1.gz	127
SRR11678132bin.2.gz	205
SRR11678132bin.3.gz	114
SRR11678132bin.4.gz	274
SRR11678132bin.5.gz	59
SRR11678132bin.6.gz	138
SRR11678132bin.8.gz	66
SRR11678133bin.3.gz	89
SRR11678133bin.4.gz	71
SRR11678133bin.5.gz	157
SRR11678133bin.6.gz	83
SRR11678143bin.1.gz	66
SRR11678143bin.2.gz	63
SRR11678143bin.3.gz	156
SRR11678143bin.4.gz	124
SRR11678144bin.1.gz	210
SRR11678144bin.2.gz	72
SRR11678144bin.3.gz	240
SRR11678144bin.4.gz	97
SRR11678156bin.10.gz	117
SRR11678156bin.11.gz	252
SRR11678156bin.12.gz	113
SRR11678156bin.13.gz	46
SRR11678156bin.14.gz	88
SRR11678156bin.1.gz	187
SRR11678156bin.2.gz	117
SRR11678156bin.3.gz	62
SRR11678156bin.4.gz	117
SRR11678156bin.5.gz	53
SRR11678156bin.6.gz	90
SRR11678156bin.7.gz	291
SRR11678156bin.8.gz	166
SRR11678156bin.9.gz	89
SRR11678221bin.1.gz	129
SRR11678221bin.2.gz	31
SRR11678221bin.3.gz	127
SRR11678221bin.4.gz	205
SRR11678221bin.5.gz	119
SRR11678221bin.6.gz	120
SRR11678222bin.2.gz	108
SRR11678222bin.3.gz	69
SRR11678222bin.4.gz	72
SRR11678222bin.6.gz	160
SRR11678222bin.7.gz	89
SRR11678222bin.8.gz	85
SRR11678224bin.10.gz	85
SRR11678224bin.11.gz	120
SRR11678224bin.12.gz	55
SRR11678224bin.13.gz	161
SRR11678224bin.14.gz	311
SRR11678224bin.15.gz	65
SRR11678224bin.1.gz	82
SRR11678224bin.2.gz	129
SRR11678224bin.3.gz	95
SRR11678224bin.4.gz	113
SRR11678224bin.5.gz	63
SRR11678224bin.6.gz	130
SRR11678224bin.7.gz	52
SRR11678224bin.8.gz	81
SRR11678224bin.9.gz	74
SRR11678563bin.10.gz	70
SRR11678563bin.11.gz	120
SRR11678563bin.12.gz	189
SRR11678563bin.13.gz	105
SRR11678563bin.14.gz	104
SRR11678563bin.15.gz	94
SRR11678563bin.16.gz	46
SRR11678563bin.2.gz	46
SRR11678563bin.3.gz	128
SRR11678563bin.4.gz	63
SRR11678563bin.6.gz	59
SRR11678563bin.7.gz	131
SRR11678563bin.8.gz	52
SRR11678563bin.9.gz	84
SRR11678566bin.10.gz	71
SRR11678566bin.11.gz	17
SRR11678566bin.12.gz	41
SRR11678566bin.13.gz	106
SRR11678566bin.14.gz	96
SRR11678566bin.15.gz	155
SRR11678566bin.16.gz	65
SRR11678566bin.17.gz	180
SRR11678566bin.18.gz	49
SRR11678566bin.19.gz	32
SRR11678566bin.1.gz	66
SRR11678566bin.20.gz	104
SRR11678566bin.21.gz	92
SRR11678566bin.22.gz	66
SRR11678566bin.23.gz	24
SRR11678566bin.24.gz	29
SRR11678566bin.25.gz	52
SRR11678566bin.26.gz	116
SRR11678566bin.27.gz	13
SRR11678566bin.28.gz	137
SRR11678566bin.29.gz	38
SRR11678566bin.2.gz	94
SRR11678566bin.31.gz	139
SRR11678566bin.32.gz	54
SRR11678566bin.3.gz	124
SRR11678566bin.4.gz	37
SRR11678566bin.5.gz	65
SRR11678566bin.6.gz	72
SRR11678566bin.7.gz	79
SRR11678566bin.8.gz	124
SRR11678566bin.9.gz	70
SRR11678605bin.10.gz	78
SRR11678605bin.11.gz	40
SRR11678605bin.12.gz	66
SRR11678605bin.13.gz	119
SRR11678605bin.14.gz	98
SRR11678605bin.15.gz	54
SRR11678605bin.16.gz	35
SRR11678605bin.17.gz	72
SRR11678605bin.18.gz	90
SRR11678605bin.19.gz	123
SRR11678605bin.1.gz	98
SRR11678605bin.20.gz	69
SRR11678605bin.22.gz	92
SRR11678605bin.23.gz	72
SRR11678605bin.24.gz	52
SRR11678605bin.25.gz	61
SRR11678605bin.26.gz	50
SRR11678605bin.27.gz	103
SRR11678605bin.2.gz	111
SRR11678605bin.3.gz	94
SRR11678605bin.4.gz	66
SRR11678605bin.5.gz	94
SRR11678605bin.6.gz	75
SRR11678605bin.7.gz	75
SRR11678605bin.9.gz	129
SRR11678609bin.10.gz	45
SRR11678609bin.11.gz	72
SRR11678609bin.12.gz	80
SRR11678609bin.13.gz	46
SRR11678609bin.14.gz	248
SRR11678609bin.15.gz	115
SRR11678609bin.16.gz	99
SRR11678609bin.18.gz	144
SRR11678609bin.19.gz	53
SRR11678609bin.1.gz	190
SRR11678609bin.20.gz	136
SRR11678609bin.21.gz	181
SRR11678609bin.22.gz	5
SRR11678609bin.23.gz	53
SRR11678609bin.25.gz	151
SRR11678609bin.26.gz	107
SRR11678609bin.27.gz	124
SRR11678609bin.28.gz	143
SRR11678609bin.29.gz	88
SRR11678609bin.2.gz	80
SRR11678609bin.4.gz	74
SRR11678609bin.5.gz	80
SRR11678609bin.6.gz	20
SRR11678609bin.7.gz	156
SRR11678609bin.8.gz	60
SRR11678609bin.9.gz	136
SRR11678610bin.10.gz	63
SRR11678610bin.11.gz	70
SRR11678610bin.12.gz	60
SRR11678610bin.13.gz	66
SRR11678610bin.14.gz	119
SRR11678610bin.15.gz	46
SRR11678610bin.16.gz	72
SRR11678610bin.17.gz	137
SRR11678610bin.19.gz	77
SRR11678610bin.1.gz	81
SRR11678610bin.21.gz	82
SRR11678610bin.23.gz	92
SRR11678610bin.24.gz	58
SRR11678610bin.2.gz	65
SRR11678610bin.3.gz	37
SRR11678610bin.5.gz	55
SRR11678610bin.7.gz	73
SRR11678610bin.8.gz	114
SRR11678610bin.9.gz	22
SRR11678612bin.11.gz	49
SRR11678612bin.14.gz	89
SRR11678612bin.16.gz	39
SRR11678612bin.17.gz	40
SRR11678612bin.1.gz	47
SRR11678612bin.2.gz	120
SRR11678612bin.3.gz	60
SRR11678612bin.4.gz	119
SRR11678612bin.6.gz	112
SRR11678612bin.7.gz	92
SRR11678612bin.8.gz	188
SRR11678612bin.9.gz	76
SRR11679235bin.10.gz	53
SRR11679235bin.11.gz	55
SRR11679235bin.12.gz	43
SRR11679235bin.13.gz	262
SRR11679235bin.14.gz	86
SRR11679235bin.15.gz	59
SRR11679235bin.16.gz	168
SRR11679235bin.17.gz	95
SRR11679235bin.18.gz	194
SRR11679235bin.19.gz	111
SRR11679235bin.1.gz	117
SRR11679235bin.2.gz	19
SRR11679235bin.3.gz	21
SRR11679235bin.4.gz	60
SRR11679235bin.5.gz	258
SRR11679235bin.6.gz	26
SRR11679235bin.7.gz	167
SRR11679235bin.8.gz	115
SRR11679235bin.9.gz	17
SRR11679676bin.10.gz	66
SRR11679676bin.11.gz	116
SRR11679676bin.12.gz	68
SRR11679676bin.14.gz	28
SRR11679676bin.15.gz	47
SRR11679676bin.18.gz	65
SRR11679676bin.19.gz	89
SRR11679676bin.21.gz	179
SRR11679676bin.23.gz	21
SRR11679676bin.25.gz	46
SRR11679676bin.26.gz	147
SRR11679676bin.3.gz	39
SRR11679676bin.8.gz	106
SRR11679676bin.9.gz	68
SRR11679678bin.11.gz	55
SRR11679678bin.12.gz	48
SRR11679678bin.16.gz	199
SRR11679678bin.18.gz	106
SRR11679678bin.22.gz	71
SRR11679678bin.23.gz	63
SRR11679678bin.26.gz	70
SRR11679678bin.2.gz	47
SRR11679678bin.34.gz	57
SRR11679678bin.35.gz	70
SRR11679678bin.36.gz	123
SRR11679678bin.37.gz	87
SRR11679678bin.3.gz	136
SRR11679678bin.4.gz	70
SRR11679678bin.6.gz	22
SRR11679678bin.8.gz	53
SRR11679678bin.9.gz	52
SRR1168413rbin.4.gz	50
SRR1168413rbin.5.gz	7
SRR1168413rbin.6.gz	39
SRR1168459rbin.2.gz	66
SRR1168459rbin.3.gz	17
SRR11719862bin.10.gz	73
SRR11719862bin.11.gz	235
SRR5271157rbin.20.gz	55
SRR5271157rbin.21.gz	79
SRR5271157rbin.22.gz	217
SRR5271157rbin.23.gz	11
SRR5271157rbin.24.gz	119
SRR5271157rbin.25.gz	8
SRR5271157rbin.26.gz	114
SRR5271157rbin.28.gz	13
SRR5271157rbin.29.gz	115
SRR5271157rbin.2.gz	108
SRR5271157rbin.31.gz	130
SRR5271157rbin.32.gz	56
SRR5271157rbin.33.gz	247
SRR5271157rbin.34.gz	4
SRR5271157rbin.4.gz	61
SRR5271157rbin.5.gz	79
SRR5271157rbin.6.gz	46
SRR5271157rbin.7.gz	7
SRR5271163rbin.1.gz	82
SRR5271163rbin.4.gz	58
SRR5271165rbin.10.gz	107
SRR5271165rbin.11.gz	60
SRR5271165rbin.15.gz	110
SRR5271165rbin.16.gz	35
SRR5271165rbin.17.gz	124
SRR5271165rbin.18.gz	62
SRR5271165rbin.19.gz	93
SRR5271165rbin.1.gz	72
SRR5271165rbin.20.gz	45
SRR5271165rbin.21.gz	103
SRR5271165rbin.2.gz	120
SRR5271165rbin.4.gz	67
SRR5271165rbin.5.gz	100
SRR5271165rbin.7.gz	41
SRR5271165rbin.8.gz	81
SRR5271166rbin.13.gz	65
SRR5271166rbin.14.gz	84
SRR5271166rbin.15.gz	95
SRR5271166rbin.1.gz	113
SRR5271166rbin.2.gz	60
SRR5271166rbin.4.gz	135
SRR5271166rbin.7.gz	38
SRR5271167rbin.1.gz	117
SRR5271167rbin.2.gz	44
SRR5271168rbin.1.gz	48
SRR5271168rbin.2.gz	33
SRR5271169rbin.2.gz	97
SRR5271169rbin.3.gz	28
SRR5271169rbin.5.gz	18
SRR5271170rbin.1.gz	77
SRR5271170rbin.3.gz	25
SRR5271170rbin.5.gz	94
SRR5271196rbin.2.gz	41
SRR5271510rbin.1.gz	152
SRR5272128rbin.1.gz	17
SRR5272158rbin.1.gz	38
SRR5272171rbin.1.gz	34
SRR5277367rbin.1.gz	52
SRR5277367rbin.2.gz	38
SRR5277367rbin.3.gz	138
SRR5436189rbin.1.gz	125
SRR5436190rbin.10.gz	47
SRR5436190rbin.12.gz	133
SRR5436190rbin.14.gz	192
SRR5436190rbin.15.gz	99
SRR5436190rbin.16.gz	54
SRR5436190rbin.23.gz	39
SRR5436190rbin.27.gz	115
SRR5436190rbin.28.gz	38
SRR5436190rbin.2.gz	31
SRR5436190rbin.32.gz	163
SRR5436190rbin.3.gz	106
SRR5436190rbin.5.gz	30
SRR5436190rbin.6.gz	107
SRR5436190rbin.7.gz	261
SRR5436305rbin.2.gz	59
SRR5436305rbin.3.gz	83
SRR5436305rbin.5.gz	96
SRR5436305rbin.7.gz	53
SRR5436309rbin.13.gz	39
SRR5436309rbin.22.gz	79
SRR5436853rbin.6.gz	35
SRR5436853rbin.7.gz	56
SRR5437016rbin.2.gz	57
SRR5437016rbin.4.gz	94
SRR5437588rbin.17.gz	35
SRR5437588rbin.18.gz	38
SRR5437588rbin.19.gz	236
SRR5437588rbin.3.gz	61
SRR5437660rbin.12.gz	35
SRR5437660rbin.3.gz	50
SRR5437660rbin.5.gz	63
SRR5437660rbin.6.gz	178
SRR5437667rbin.20.gz	88
SRR5437667rbin.6.gz	59
SRR5437667rbin.8.gz	35
SRR5437762rbin.5.gz	90
SRR5437762rbin.6.gz	24
SRR5437764rbin.1.gz	81
SRR5437764rbin.2.gz	84
SRR5437764rbin.8.gz	36
SRR5437773rbin.15.gz	61
SRR5437773rbin.20.gz	12
SRR5437773rbin.5.gz	76
SRR5437867rbin.14.gz	79
SRR5437867rbin.16.gz	45
SRR5437867rbin.2.gz	76
SRR5437867rbin.7.gz	59
SRR5437867rbin.8.gz	38
SRR5437868rbin.1.gz	39
SRR5437868rbin.4.gz	122
SRR5437879rbin.12.gz	6
SRR5437899rbin.11.gz	34
SRR5437899rbin.12.gz	44
SRR5438034rbin.19.gz	40
SRR5438034rbin.23.gz	85
SRR5438067bin.16.gz	133
SRR5438093rbin.11.gz	22
SRR5438093rbin.27.gz	101
SRR5438094rbin.2.gz	176
SRR5438094rbin.3.gz	57
SRR5438094rbin.5.gz	31
SRR5438094rbin.7.gz	38
SRR5438105rbin.13.gz	25
SRR5438105rbin.1.gz	51
SRR5438105rbin.4.gz	27
SRR5438128rbin.2.gz	47
SRR5438128rbin.7.gz	91
SRR5438132rbin.11.gz	54
SRR5438132rbin.21.gz	50
SRR5438132rbin.5.gz	43
SRR5438132rbin.6.gz	39
SRR5438270rbin.11.gz	60
SRR5438270rbin.13.gz	62
SRR5438270rbin.14.gz	59
SRR5438270rbin.6.gz	76
SRR5438270rbin.9.gz	46
SRR5438309rbin.3.gz	32
SRR5438309rbin.5.gz	36
SRR5438445rbin.12.gz	93
SRR5438445rbin.15.gz	30
SRR5438445rbin.18.gz	32
SRR5438445rbin.1.gz	208
SRR5438445rbin.26.gz	32
SRR5438445rbin.3.gz	53
SRR5438445rbin.9.gz	56
SRR5438477rbin.10.gz	31
SRR5438477rbin.12.gz	56
SRR5438477rbin.2.gz	39
SRR5438477rbin.9.gz	73
SRR5438552rbin.6.gz	55
SRR5438552rbin.7.gz	39
SRR5438874rbin.9.gz	69
SRR5438876rbin.17.gz	21
SRR5439720bin.109.gz	245
SRR5439720bin.113.gz	59
SRR5439720bin.118.gz	93
SRR5439720bin.119.gz	43
SRR5439720bin.122.gz	62
SRR5439720bin.132.gz	115
SRR5439720bin.137.gz	29
SRR5439720bin.150.gz	55
SRR5439720bin.157.gz	87
SRR5439720bin.161.gz	69
SRR5439720bin.181.gz	62
SRR5439720bin.186.gz	123
SRR5439720bin.191.gz	81
SRR5439720bin.198.gz	72
SRR5439720bin.199.gz	146
SRR5439720bin.200.gz	67
SRR5439720bin.25.gz	163
SRR5439720bin.36.gz	27
SRR5439720bin.37.gz	42
SRR5439720bin.54.gz	74
SRR5439720bin.7.gz	101
SRR5439720bin.81.gz	167
SRR5439720bin.95.gz	38
SRR5450438rbin.1.gz	66
SRR5450438rbin.2.gz	126
SRR5450438rbin.3.gz	87
SRR5450438rbin.4.gz	165
SRR5450438rbin.6.gz	71
SRR5450747rbin.2.gz	62
SRR5450747rbin.3.gz	63
SRR5450747rbin.4.gz	97
SRR5450747rbin.5.gz	53
SRR5450757rbin.10.gz	45
SRR5450757rbin.11.gz	88
SRR5450757rbin.16.gz	30
SRR5450757rbin.1.gz	40
SRR5450757rbin.4.gz	66
SRR5450757rbin.7.gz	27
SRR5450873rbin.1.gz	40
SRR5450873rbin.2.gz	26
SRR5467141rbin.2.gz	43
SRR5467142rbin.1.gz	99
SRR5467142rbin.3.gz	101
SRR5467142rbin.4.gz	12
SRR5467142rbin.7.gz	69
SRR5468416rbin.14.gz	34
SRR5468416rbin.16.gz	84
SRR5468416rbin.20.gz	52
SRR5468416rbin.8.gz	57
SRR5468417rbin.10.gz	81
SRR5468417rbin.1.gz	128
SRR5468417rbin.2.gz	36
SRR5468417rbin.3.gz	21
SRR5468417rbin.4.gz	40
SRR5468417rbin.5.gz	31
SRR5468417rbin.6.gz	88
SRR5468417rbin.7.gz	112
SRR5468417rbin.8.gz	116
SRR5468417rbin.9.gz	43
SRR5468418rbin.2.gz	57
SRR5468419rbin.10.gz	34
SRR5468419rbin.11.gz	83
SRR5468419rbin.12.gz	16
SRR5468419rbin.14.gz	45
SRR5468419rbin.15.gz	19
SRR5468419rbin.17.gz	18
SRR5468419rbin.18.gz	34
SRR5468419rbin.20.gz	31
SRR5468419rbin.21.gz	32
SRR5468419rbin.23.gz	31
SRR5468419rbin.24.gz	20
SRR5468419rbin.26.gz	27
SRR5468419rbin.27.gz	70
SRR5468419rbin.29.gz	27
SRR5468419rbin.2.gz	100
SRR5468419rbin.30.gz	12
SRR5468419rbin.31.gz	16
SRR5468419rbin.34.gz	39
SRR5468419rbin.35.gz	11
SRR5468419rbin.36.gz	14
SRR5468419rbin.37.gz	70
SRR5468419rbin.38.gz	72
SRR5468419rbin.39.gz	60
SRR5468419rbin.3.gz	63
SRR5468419rbin.43.gz	35
SRR5468419rbin.44.gz	4
SRR5468419rbin.46.gz	19
SRR5468419rbin.5.gz	9
SRR5468419rbin.6.gz	49
SRR5499427rbin.2.gz	82
SRR5499427rbin.3.gz	95
SRR5499427rbin.6.gz	82
SRR5499433rbin.1.gz	70
SRR5512133rbin.1.gz	105
SRR5512133rbin.3.gz	24
SRR5512133rbin.4.gz	198
SRR5512135rbin.1.gz	36
SRR5512135rbin.2.gz	71
SRR5512135rbin.3.gz	104
SRR5512135rbin.5.gz	42
SRR5512135rbin.6.gz	56
SRR5512136rbin.1.gz	13
SRR5512138rbin.2.gz	100
SRR5512138rbin.3.gz	42
SRR5512138rbin.4.gz	43
SRR5512139rbin.1.gz	22
SRR5512139rbin.2.gz	39
SRR5512139rbin.3.gz	52
SRR5512139rbin.4.gz	49
SRR5512140rbin.1.gz	68
SRR5512140rbin.2.gz	88
SRR5512140rbin.3.gz	37
SRR5512141rbin.1.gz	47
SRR5512143rbin.1.gz	85
SRR5512143rbin.2.gz	54
SRR5512143rbin.3.gz	30
SRR5512143rbin.4.gz	45
SRR5512143rbin.5.gz	46
SRR5512144rbin.1.gz	75
SRR5512145rbin.1.gz	27
SRR5512146rbin.2.gz	41
SRR5512146rbin.3.gz	28
SRR5512146rbin.4.gz	89
SRR5579859rbin.10.gz	106
SRR5579859rbin.11.gz	37
SRR5579859rbin.12.gz	106
SRR5579859rbin.14.gz	86
SRR5579859rbin.15.gz	160
SRR5579859rbin.16.gz	112
SRR5579859rbin.18.gz	106
SRR5579859rbin.19.gz	49
SRR5579859rbin.1.gz	33
SRR5579859rbin.20.gz	84
SRR5579859rbin.21.gz	37
SRR5579859rbin.22.gz	80
SRR5579859rbin.23.gz	85
SRR5579859rbin.24.gz	60
SRR5579859rbin.25.gz	227
SRR5579859rbin.26.gz	166
SRR5579859rbin.27.gz	60
SRR5579859rbin.28.gz	123
SRR5579859rbin.29.gz	99
SRR5579859rbin.2.gz	63
SRR5579859rbin.30.gz	27
SRR5579859rbin.31.gz	119
SRR5579859rbin.32.gz	71
SRR5579859rbin.33.gz	42
SRR5579859rbin.34.gz	29
SRR5579859rbin.35.gz	60
SRR5579859rbin.36.gz	117
SRR5579859rbin.37.gz	42
SRR5579859rbin.38.gz	54
SRR5579859rbin.39.gz	38
SRR5579859rbin.3.gz	179
SRR5579859rbin.40.gz	165
SRR5579859rbin.41.gz	78
SRR5579859rbin.42.gz	46
SRR5579859rbin.43.gz	62
SRR5579859rbin.44.gz	10
SRR5579859rbin.45.gz	136
SRR5579859rbin.4.gz	76
SRR5579859rbin.5.gz	101
SRR5579859rbin.6.gz	56
SRR5579859rbin.7.gz	32
SRR5579859rbin.8.gz	140
SRR5579859rbin.9.gz	30
SRR5579862rbin.10.gz	173
SRR5579862rbin.11.gz	84
SRR5579862rbin.12.gz	111
SRR5579862rbin.13.gz	81
SRR5579862rbin.14.gz	79
SRR5579862rbin.15.gz	51
SRR5579862rbin.16.gz	43
SRR5579862rbin.17.gz	194
SRR5579862rbin.18.gz	55
SRR5579862rbin.19.gz	74
SRR5579862rbin.1.gz	58
SRR5579862rbin.21.gz	80
SRR5579862rbin.22.gz	128
SRR5579862rbin.23.gz	186
SRR5579862rbin.24.gz	153
SRR5579862rbin.25.gz	213
SRR5579862rbin.26.gz	68
SRR5579862rbin.27.gz	131
SRR5579862rbin.28.gz	55
SRR5579862rbin.29.gz	125
SRR5579862rbin.2.gz	107
SRR5579862rbin.30.gz	27
SRR5579862rbin.31.gz	58
SRR5579862rbin.32.gz	69
SRR5579862rbin.33.gz	65
SRR5579862rbin.34.gz	90
SRR5579862rbin.35.gz	261
SRR5579862rbin.36.gz	68
SRR5579862rbin.37.gz	108
SRR5579862rbin.38.gz	214
SRR5579862rbin.39.gz	116
SRR5579862rbin.3.gz	47
SRR5579862rbin.40.gz	76
SRR5579862rbin.41.gz	45
SRR5579862rbin.4.gz	207
SRR5579862rbin.5.gz	101
SRR5579862rbin.6.gz	52
SRR5579862rbin.7.gz	79
SRR5579862rbin.8.gz	37
SRR5579862rbin.9.gz	142
SRR5579863rbin.10.gz	73
SRR5579863rbin.11.gz	100
SRR5579863rbin.12.gz	60
SRR5579863rbin.13.gz	67
SRR5579863rbin.14.gz	77
SRR5579863rbin.15.gz	70
SRR5579863rbin.17.gz	79
SRR5579863rbin.18.gz	150
SRR5579863rbin.1.gz	138
SRR5579863rbin.20.gz	96
SRR5579863rbin.21.gz	178
SRR5579863rbin.22.gz	65
SRR5579863rbin.23.gz	48
SRR5579863rbin.24.gz	77
SRR5579863rbin.25.gz	117
SRR5579863rbin.26.gz	15
SRR5579863rbin.27.gz	63
SRR5579863rbin.28.gz	11
SRR5579863rbin.29.gz	31
SRR5579863rbin.2.gz	74
SRR5579863rbin.30.gz	46
SRR5579863rbin.31.gz	86
SRR5579863rbin.3.gz	58
SRR5579863rbin.4.gz	81
SRR5579863rbin.5.gz	118
SRR5579863rbin.6.gz	69
SRR5579863rbin.7.gz	88
SRR5579863rbin.8.gz	50
SRR5579863rbin.9.gz	31
SRR5579864rbin.12.gz	45
SRR5579864rbin.14.gz	105
SRR5579864rbin.15.gz	81
SRR5579864rbin.16.gz	23
SRR5579864rbin.17.gz	47
SRR5579864rbin.18.gz	84
SRR5579864rbin.19.gz	83
SRR5579864rbin.1.gz	31
SRR5579864rbin.20.gz	78
SRR5579864rbin.2.gz	47
SRR5579864rbin.4.gz	88
SRR5579864rbin.5.gz	88
SRR5579864rbin.8.gz	57
SRR5579864rbin.9.gz	61
SRR5579871rbin.10.gz	86
SRR5579871rbin.11.gz	223
SRR5579871rbin.12.gz	174
SRR5579871rbin.13.gz	114
SRR5579871rbin.15.gz	112
SRR5579871rbin.16.gz	191
SRR5579871rbin.17.gz	97
SRR5579871rbin.18.gz	69
SRR5579871rbin.1.gz	105
SRR5579871rbin.20.gz	240
SRR5579871rbin.21.gz	196
SRR5579871rbin.22.gz	126
SRR5579871rbin.23.gz	41
SRR5579871rbin.24.gz	34
SRR5579871rbin.25.gz	331
SRR5579871rbin.26.gz	111
SRR5579871rbin.27.gz	80
SRR5579871rbin.28.gz	101
SRR5579871rbin.29.gz	61
SRR5579871rbin.2.gz	60
SRR5579871rbin.30.gz	142
SRR5579871rbin.31.gz	162
SRR5579871rbin.32.gz	34
SRR5579871rbin.33.gz	12
SRR5579871rbin.34.gz	268
SRR5579871rbin.35.gz	195
SRR5579871rbin.36.gz	223
SRR5579871rbin.37.gz	154
SRR5579871rbin.38.gz	108
SRR5579871rbin.3.gz	95
SRR5579871rbin.42.gz	63
SRR5579871rbin.43.gz	68
SRR5579871rbin.44.gz	114
SRR5579871rbin.4.gz	89
SRR5579871rbin.5.gz	36
SRR5579871rbin.6.gz	187
SRR5579871rbin.8.gz	99
SRR5579871rbin.9.gz	122
SRR5579872rbin.10.gz	149
SRR5579872rbin.11.gz	36
SRR5579872rbin.12.gz	41
SRR5579872rbin.13.gz	71
SRR5579872rbin.14.gz	19
SRR5579872rbin.15.gz	96
SRR5579872rbin.16.gz	106
SRR5579872rbin.18.gz	37
SRR5579872rbin.19.gz	144
SRR5579872rbin.1.gz	129
SRR5579872rbin.20.gz	67
SRR5579872rbin.21.gz	22
SRR5579872rbin.22.gz	157
SRR5579872rbin.23.gz	41
SRR5579872rbin.24.gz	70
SRR5579872rbin.25.gz	104
SRR5579872rbin.26.gz	44
SRR5579872rbin.27.gz	43
SRR5579872rbin.28.gz	280
SRR5579872rbin.29.gz	57
SRR5579872rbin.30.gz	63
SRR5579872rbin.31.gz	54
SRR5579872rbin.32.gz	24
SRR5579872rbin.33.gz	169
SRR5579872rbin.34.gz	99
SRR5579872rbin.35.gz	69
SRR5579872rbin.36.gz	93
SRR5579872rbin.39.gz	18
SRR5579872rbin.3.gz	67
SRR5579872rbin.40.gz	115
SRR5579872rbin.41.gz	58
SRR5579872rbin.42.gz	188
SRR5579872rbin.44.gz	71
SRR5579872rbin.45.gz	103
SRR5579872rbin.46.gz	86
SRR5579872rbin.47.gz	81
SRR5579872rbin.4.gz	77
SRR5579872rbin.6.gz	73
SRR5579872rbin.7.gz	28
SRR5579872rbin.8.gz	87
SRR5579872rbin.9.gz	57
SRR5579875rbin.10.gz	77
SRR5579875rbin.11.gz	54
SRR5579875rbin.12.gz	98
SRR5579875rbin.13.gz	80
SRR5579875rbin.14.gz	91
SRR5579875rbin.16.gz	76
SRR5579875rbin.17.gz	65
SRR5579875rbin.18.gz	126
SRR5579875rbin.19.gz	91
SRR5579875rbin.1.gz	57
SRR5579875rbin.20.gz	115
SRR5579875rbin.22.gz	97
SRR5579875rbin.23.gz	40
SRR5579875rbin.24.gz	26
SRR5579875rbin.25.gz	76
SRR5579875rbin.26.gz	133
SRR5579875rbin.27.gz	69
SRR5579875rbin.28.gz	101
SRR5579875rbin.2.gz	113
SRR5579875rbin.30.gz	152
SRR5579875rbin.32.gz	58
SRR5579875rbin.33.gz	81
SRR5579875rbin.34.gz	23
SRR5579875rbin.35.gz	143
SRR5579875rbin.36.gz	60
SRR5579875rbin.37.gz	56
SRR5579875rbin.39.gz	51
SRR5579875rbin.3.gz	81
SRR5579875rbin.41.gz	56
SRR5579875rbin.43.gz	100
SRR5579875rbin.44.gz	89
SRR5579875rbin.45.gz	45
SRR5579875rbin.46.gz	24
SRR5579875rbin.47.gz	121
SRR5579875rbin.48.gz	126
SRR5579875rbin.4.gz	188
SRR5579875rbin.51.gz	69
SRR5579875rbin.52.gz	82
SRR5579875rbin.53.gz	54
SRR5579875rbin.54.gz	49
SRR5579875rbin.55.gz	43
SRR5579875rbin.56.gz	49
SRR5579875rbin.57.gz	151
SRR5579875rbin.58.gz	95
SRR5579875rbin.59.gz	52
SRR5579875rbin.5.gz	90
SRR5579875rbin.61.gz	90
SRR5579875rbin.63.gz	119
SRR5579875rbin.64.gz	127
SRR5579875rbin.65.gz	97
SRR5579875rbin.66.gz	137
SRR5579875rbin.67.gz	152
SRR5579875rbin.68.gz	56
SRR5579875rbin.69.gz	91
SRR5579875rbin.6.gz	81
SRR5579875rbin.70.gz	65
SRR5579875rbin.71.gz	100
SRR5579875rbin.74.gz	59
SRR5579875rbin.75.gz	71
SRR5579875rbin.76.gz	109
SRR5579875rbin.77.gz	102
SRR5579875rbin.78.gz	35
SRR5579875rbin.79.gz	83
SRR5579875rbin.7.gz	96
SRR5579875rbin.81.gz	108
SRR5579875rbin.82.gz	177
SRR5579875rbin.83.gz	151
SRR5579875rbin.84.gz	54
SRR5579875rbin.85.gz	51
SRR5579875rbin.86.gz	121
SRR5579875rbin.87.gz	89
SRR5579875rbin.90.gz	6
SRR5579875rbin.91.gz	106
SRR5579875rbin.93.gz	54
SRR5579883rbin.11.gz	241
SRR5579883rbin.12.gz	121
SRR5579883rbin.15.gz	88
SRR5579883rbin.16.gz	120
SRR5579883rbin.18.gz	57
SRR5579883rbin.1.gz	129
SRR5579883rbin.20.gz	58
SRR5579883rbin.21.gz	124
SRR5579883rbin.23.gz	114
SRR5579883rbin.24.gz	175
SRR5579883rbin.2.gz	67
SRR5579883rbin.34.gz	38
SRR5579883rbin.36.gz	95
SRR5579883rbin.39.gz	199
SRR5579883rbin.3.gz	171
SRR5579883rbin.40.gz	46
SRR5579883rbin.42.gz	81
SRR5579883rbin.45.gz	203
SRR5579883rbin.46.gz	151
SRR5579883rbin.47.gz	29
SRR5579883rbin.50.gz	70
SRR5579883rbin.51.gz	71
SRR5579883rbin.52.gz	180
SRR5579883rbin.53.gz	62
SRR5579883rbin.54.gz	93
SRR5579883rbin.55.gz	36
SRR5579883rbin.57.gz	39
SRR5579883rbin.58.gz	163
SRR5579883rbin.59.gz	116
SRR5579883rbin.60.gz	147
SRR5579883rbin.64.gz	100
SRR5579883rbin.66.gz	84
SRR5579883rbin.68.gz	127
SRR5579883rbin.69.gz	100
SRR5579883rbin.72.gz	130
SRR5579883rbin.73.gz	117
SRR5579883rbin.74.gz	179
SRR5579883rbin.75.gz	46
SRR5579883rbin.76.gz	101
SRR5579883rbin.78.gz	246
SRR5579883rbin.79.gz	141
SRR5579883rbin.7.gz	107
SRR5579883rbin.81.gz	241
SRR5579883rbin.82.gz	120
SRR5579883rbin.83.gz	116
SRR5579883rbin.84.gz	44
SRR5579883rbin.85.gz	70
SRR5579883rbin.86.gz	163
SRR5579883rbin.87.gz	145
SRR5579883rbin.88.gz	92
SRR5579883rbin.90.gz	103
SRR5579883rbin.91.gz	35
SRR5579883rbin.93.gz	85
SRR5579883rbin.94.gz	159
SRR5579883rbin.9.gz	3
SRR5579884rbin.11.gz	30
SRR5579884rbin.14.gz	63
SRR5579884rbin.16.gz	38
SRR5579884rbin.17.gz	94
SRR5579884rbin.18.gz	102
SRR5579884rbin.1.gz	163
SRR5579884rbin.20.gz	70
SRR5579884rbin.21.gz	55
SRR5579884rbin.23.gz	175
SRR5579884rbin.24.gz	120
SRR5579884rbin.25.gz	101
SRR5579884rbin.27.gz	101
SRR5579884rbin.29.gz	114
SRR5579884rbin.2.gz	105
SRR5579884rbin.30.gz	51
SRR5579884rbin.31.gz	121
SRR5579884rbin.32.gz	107
SRR5579884rbin.33.gz	162
SRR5579884rbin.34.gz	148
SRR5579884rbin.37.gz	70
SRR5579884rbin.38.gz	87
SRR5579884rbin.39.gz	139
SRR5579884rbin.3.gz	297
SRR5579884rbin.40.gz	79
SRR5579884rbin.41.gz	166
SRR5579884rbin.43.gz	95
SRR5579884rbin.46.gz	32
SRR5579884rbin.49.gz	39
SRR5579884rbin.50.gz	89
SRR5579884rbin.51.gz	163
SRR5579884rbin.52.gz	78
SRR5579884rbin.53.gz	49
SRR5579884rbin.54.gz	252
SRR5579884rbin.55.gz	91
SRR5579884rbin.56.gz	72
SRR5579884rbin.58.gz	110
SRR5579884rbin.59.gz	83
SRR5579884rbin.5.gz	33
SRR5579884rbin.60.gz	43
SRR5579884rbin.63.gz	86
SRR5579884rbin.66.gz	116
SRR5579884rbin.67.gz	65
SRR5579884rbin.70.gz	97
SRR5579884rbin.72.gz	102
SRR5579884rbin.73.gz	134
SRR5579884rbin.74.gz	116
SRR5579884rbin.75.gz	53
SRR5579884rbin.78.gz	74
SRR5579884rbin.79.gz	40
SRR5579884rbin.7.gz	113
SRR5579884rbin.80.gz	174
SRR5579884rbin.83.gz	55
SRR5579884rbin.86.gz	83
SRR5579884rbin.87.gz	146
SRR5579885rbin.10.gz	207
SRR5579885rbin.11.gz	86
SRR5579885rbin.13.gz	49
SRR5579885rbin.14.gz	179
SRR5579885rbin.15.gz	237
SRR5579885rbin.16.gz	140
SRR5579885rbin.19.gz	204
SRR5579885rbin.1.gz	173
SRR5579885rbin.21.gz	170
SRR5579885rbin.22.gz	265
SRR5579885rbin.24.gz	12
SRR5579885rbin.25.gz	40
SRR5579885rbin.26.gz	64
SRR5579885rbin.27.gz	77
SRR5579885rbin.28.gz	223
SRR5579885rbin.29.gz	76
SRR5579885rbin.2.gz	49
SRR5579885rbin.30.gz	52
SRR5579885rbin.31.gz	119
SRR5579885rbin.32.gz	65
SRR5579885rbin.33.gz	63
SRR5579885rbin.38.gz	90
SRR5579885rbin.40.gz	110
SRR5579885rbin.44.gz	148
SRR5579885rbin.45.gz	18
SRR5579885rbin.46.gz	33
SRR5579885rbin.51.gz	54
SRR5579885rbin.52.gz	97
SRR5579885rbin.54.gz	17
SRR5579885rbin.59.gz	95
SRR5579885rbin.61.gz	96
SRR5579885rbin.62.gz	62
SRR5579885rbin.64.gz	100
SRR5579885rbin.66.gz	112
SRR5579885rbin.67.gz	79
SRR5579885rbin.68.gz	50
SRR5579885rbin.70.gz	174
SRR5579885rbin.73.gz	72
SRR5579885rbin.9.gz	88
SRR5580765rbin.10.gz	25
SRR5580765rbin.11.gz	22
SRR5580765rbin.12.gz	22
SRR5580765rbin.2.gz	18
SRR5580765rbin.3.gz	92
SRR5580765rbin.6.gz	60
SRR5580765rbin.7.gz	148
SRR5580765rbin.8.gz	29
SRR5581483rbin.100.gz	11
SRR5581483rbin.101.gz	153
SRR5581483rbin.102.gz	124
SRR5581483rbin.103.gz	112
SRR5581483rbin.105.gz	109
SRR5581483rbin.107.gz	125
SRR5581483rbin.108.gz	206
SRR5581483rbin.109.gz	132
SRR5581483rbin.10.gz	38
SRR5581483rbin.110.gz	73
SRR5581483rbin.111.gz	80
SRR5581483rbin.113.gz	14
SRR5581483rbin.114.gz	130
SRR5581483rbin.115.gz	108
SRR5581483rbin.116.gz	67
SRR5581483rbin.117.gz	76
SRR5581483rbin.119.gz	159
SRR5581483rbin.11.gz	254
SRR5581483rbin.120.gz	94
SRR5581483rbin.121.gz	60
SRR5581483rbin.122.gz	60
SRR5581483rbin.124.gz	105
SRR5581483rbin.125.gz	45
SRR5581483rbin.126.gz	94
SRR5581483rbin.127.gz	76
SRR5581483rbin.128.gz	205
SRR5581483rbin.129.gz	126
SRR5581483rbin.12.gz	59
SRR5581483rbin.130.gz	119
SRR5581483rbin.131.gz	217
SRR5581483rbin.132.gz	48
SRR5581483rbin.133.gz	119
SRR5581483rbin.134.gz	95
SRR5581483rbin.136.gz	168
SRR5581483rbin.137.gz	96
SRR5581483rbin.138.gz	100
SRR5581483rbin.139.gz	85
SRR5581483rbin.13.gz	154
SRR5581483rbin.140.gz	74
SRR5581483rbin.141.gz	83
SRR5581483rbin.142.gz	102
SRR5581483rbin.143.gz	95
SRR5581483rbin.144.gz	138
SRR5581483rbin.145.gz	120
SRR5581483rbin.146.gz	124
SRR5581483rbin.147.gz	127
SRR5581483rbin.148.gz	54
SRR5581483rbin.149.gz	195
SRR5581483rbin.14.gz	147
SRR5581483rbin.150.gz	140
SRR5581483rbin.152.gz	108
SRR5581483rbin.154.gz	238
SRR5581483rbin.155.gz	49
SRR5581483rbin.156.gz	137
SRR5581483rbin.157.gz	76
SRR5581483rbin.158.gz	101
SRR5581483rbin.159.gz	136
SRR5581483rbin.15.gz	81
SRR5581483rbin.160.gz	252
SRR5581483rbin.161.gz	286
SRR5581483rbin.162.gz	195
SRR5581483rbin.163.gz	114
SRR5581483rbin.164.gz	78
SRR5581483rbin.165.gz	100
SRR5581483rbin.166.gz	14
SRR5581483rbin.168.gz	234
SRR5581483rbin.169.gz	119
SRR5581483rbin.16.gz	111
SRR5581483rbin.170.gz	120
SRR5581483rbin.171.gz	194
SRR5581483rbin.172.gz	158
SRR5581483rbin.175.gz	78
SRR5581483rbin.17.gz	136
SRR5581483rbin.18.gz	80
SRR5581483rbin.19.gz	19
SRR5581483rbin.1.gz	50
SRR5581483rbin.21.gz	143
SRR5581483rbin.22.gz	293
SRR5581483rbin.23.gz	31
SRR5581483rbin.25.gz	75
SRR5581483rbin.26.gz	73
SRR5581483rbin.27.gz	67
SRR5581483rbin.28.gz	242
SRR5581483rbin.31.gz	190
SRR5581483rbin.33.gz	57
SRR5581483rbin.34.gz	52
SRR5581483rbin.35.gz	104
SRR5581483rbin.36.gz	57
SRR5581483rbin.37.gz	139
SRR5581483rbin.38.gz	77
SRR5581483rbin.39.gz	231
SRR5581483rbin.3.gz	61
SRR5581483rbin.40.gz	275
SRR5581483rbin.41.gz	55
SRR5581483rbin.42.gz	75
SRR5581483rbin.43.gz	50
SRR5581483rbin.44.gz	44
SRR5581483rbin.46.gz	79
SRR5581483rbin.48.gz	24
SRR5581483rbin.49.gz	109
SRR5581483rbin.4.gz	69
SRR5581483rbin.50.gz	219
SRR5581483rbin.51.gz	51
SRR5581483rbin.52.gz	102
SRR5581483rbin.53.gz	103
SRR5581483rbin.54.gz	49
SRR5581483rbin.55.gz	223
SRR5581483rbin.56.gz	253
SRR5581483rbin.57.gz	84
SRR5581483rbin.58.gz	64
SRR5581483rbin.59.gz	66
SRR5581483rbin.5.gz	64
SRR5581483rbin.60.gz	74
SRR5581483rbin.61.gz	103
SRR5581483rbin.62.gz	351
SRR5581483rbin.64.gz	86
SRR5581483rbin.65.gz	98
SRR5581483rbin.66.gz	91
SRR5581483rbin.67.gz	69
SRR5581483rbin.68.gz	65
SRR5581483rbin.69.gz	78
SRR5581483rbin.70.gz	18
SRR5581483rbin.71.gz	266
SRR5581483rbin.72.gz	102
SRR5581483rbin.73.gz	81
SRR5581483rbin.74.gz	107
SRR5581483rbin.75.gz	63
SRR5581483rbin.76.gz	106
SRR5581483rbin.77.gz	165
SRR5581483rbin.78.gz	211
SRR5581483rbin.79.gz	78
SRR5581483rbin.7.gz	35
SRR5581483rbin.80.gz	28
SRR5581483rbin.81.gz	26
SRR5581483rbin.82.gz	82
SRR5581483rbin.83.gz	38
SRR5581483rbin.85.gz	36
SRR5581483rbin.86.gz	91
SRR5581483rbin.87.gz	79
SRR5581483rbin.88.gz	13
SRR5581483rbin.89.gz	40
SRR5581483rbin.8.gz	126
SRR5581483rbin.90.gz	89
SRR5581483rbin.91.gz	47
SRR5581483rbin.92.gz	114
SRR5581483rbin.93.gz	92
SRR5581483rbin.94.gz	68
SRR5581483rbin.95.gz	72
SRR5581483rbin.96.gz	13
SRR5581483rbin.97.gz	86
SRR5581483rbin.98.gz	46
SRR5581483rbin.99.gz	181
SRR5581483rbin.9.gz	78
SRR5582390rbin.10.gz	59
SRR5582390rbin.15.gz	85
SRR5582390rbin.17.gz	94
SRR5582390rbin.18.gz	60
SRR5582390rbin.19.gz	170
SRR5582390rbin.20.gz	154
SRR5582390rbin.21.gz	137
SRR5582390rbin.23.gz	112
SRR5582390rbin.24.gz	69
SRR5582390rbin.25.gz	87
SRR5582390rbin.26.gz	208
SRR5582390rbin.27.gz	46
SRR5582390rbin.28.gz	34
SRR5582390rbin.29.gz	56
SRR5582390rbin.31.gz	197
SRR5582390rbin.32.gz	276
SRR5582390rbin.33.gz	92
SRR5582390rbin.36.gz	92
SRR5582390rbin.38.gz	70
SRR5582390rbin.39.gz	103
SRR5582390rbin.3.gz	44
SRR5582390rbin.40.gz	68
SRR5582390rbin.41.gz	20
SRR5582390rbin.42.gz	130
SRR5582390rbin.43.gz	72
SRR5582390rbin.44.gz	36
SRR5582390rbin.47.gz	10
SRR5582390rbin.48.gz	6
SRR5582390rbin.4.gz	64
SRR5582390rbin.5.gz	74
SRR5582390rbin.6.gz	86
SRR5582390rbin.8.gz	112
SRR5582436rbin.10.gz	78
SRR5582436rbin.11.gz	66
SRR5582436rbin.12.gz	20
SRR5582436rbin.14.gz	64
SRR5582436rbin.15.gz	30
SRR5582436rbin.16.gz	90
SRR5582436rbin.17.gz	195
SRR5582436rbin.18.gz	113
SRR5582436rbin.19.gz	16
SRR5582436rbin.1.gz	106
SRR5582436rbin.20.gz	43
SRR5582436rbin.21.gz	74
SRR5582436rbin.23.gz	110
SRR5582436rbin.24.gz	88
SRR5582436rbin.26.gz	40
SRR5582436rbin.27.gz	75
SRR5582436rbin.29.gz	121
SRR5582436rbin.2.gz	106
SRR5582436rbin.32.gz	22
SRR5582436rbin.35.gz	194
SRR5582436rbin.36.gz	83
SRR5582436rbin.37.gz	379
SRR5582436rbin.38.gz	71
SRR5582436rbin.3.gz	95
SRR5582436rbin.40.gz	95
SRR5582436rbin.41.gz	110
SRR5582436rbin.42.gz	97
SRR5582436rbin.43.gz	104
SRR5582436rbin.44.gz	46
SRR5582436rbin.45.gz	46
SRR5582436rbin.46.gz	104
SRR5582436rbin.47.gz	44
SRR5582436rbin.49.gz	117
SRR5582436rbin.50.gz	39
SRR5582436rbin.51.gz	105
SRR5582436rbin.52.gz	68
SRR5582436rbin.53.gz	118
SRR5582436rbin.54.gz	229
SRR5582436rbin.55.gz	94
SRR5582436rbin.56.gz	75
SRR5582436rbin.57.gz	106
SRR5582436rbin.59.gz	40
SRR5582436rbin.60.gz	188
SRR5582436rbin.61.gz	103
SRR5582436rbin.63.gz	131
SRR5582436rbin.6.gz	160
SRR5582436rbin.7.gz	120
SRR5582436rbin.9.gz	22
SRR5639138rbin.1.gz	78
SRR5639179rbin.1.gz	39
SRR5639180rbin.1.gz	55
SRR5659263rbin.10.gz	72
SRR5659263rbin.1.gz	9
SRR5659263rbin.4.gz	32
SRR5659263rbin.5.gz	23
SRR5659263rbin.7.gz	32
SRR5659263rbin.9.gz	28
SRR5660398rbin.3.gz	26
SRR5664279rbin.10.gz	98
SRR5664279rbin.11.gz	30
SRR5664279rbin.16.gz	16
SRR5664279rbin.17.gz	86
SRR5664279rbin.18.gz	27
SRR5664279rbin.8.gz	63
SRR5664280rbin.10.gz	68
SRR5664280rbin.13.gz	34
SRR5664280rbin.15.gz	59
SRR5664280rbin.16.gz	33
SRR5664280rbin.19.gz	117
SRR5664280rbin.23.gz	32
SRR5664280rbin.24.gz	43
SRR5664280rbin.26.gz	68
SRR5664280rbin.2.gz	101
SRR5664280rbin.3.gz	21
SRR5664280rbin.5.gz	336
SRR5664280rbin.6.gz	168
SRR5664280rbin.7.gz	222
SRR5664280rbin.9.gz	120
SRR5665213rbin.12.gz	17
SRR5665213rbin.13.gz	70
SRR5665213rbin.14.gz	111
SRR5665213rbin.15.gz	73
SRR5665213rbin.16.gz	57
SRR5665213rbin.17.gz	45
SRR5665213rbin.18.gz	32
SRR5665213rbin.19.gz	50
SRR5665213rbin.1.gz	71
SRR5665213rbin.20.gz	235
SRR5665213rbin.21.gz	32
SRR5665213rbin.22.gz	99
SRR5665213rbin.23.gz	69
SRR5665213rbin.24.gz	193
SRR5665213rbin.25.gz	33
SRR5665213rbin.26.gz	66
SRR5665213rbin.27.gz	48
SRR5665213rbin.2.gz	188
SRR5665213rbin.30.gz	48
SRR5665213rbin.31.gz	16
SRR5665213rbin.32.gz	16
SRR5665213rbin.33.gz	173
SRR5665213rbin.34.gz	251
SRR5665213rbin.35.gz	35
SRR5665213rbin.36.gz	103
SRR5665213rbin.37.gz	109
SRR5665213rbin.38.gz	67
SRR5665213rbin.5.gz	158
SRR5665213rbin.6.gz	44
SRR5665213rbin.7.gz	48
SRR5665213rbin.8.gz	76
SRR5665647rbin.11.gz	45
SRR5665647rbin.12.gz	17
SRR5665647rbin.13.gz	68
SRR5665647rbin.14.gz	63
SRR5665647rbin.15.gz	107
SRR5665647rbin.19.gz	294
SRR5665647rbin.20.gz	14
SRR5665647rbin.21.gz	94
SRR5665647rbin.4.gz	43
SRR5665647rbin.6.gz	14
SRR9691020rbin.1.gz	36
SRR9691023rbin.2.gz	44
SRR9691023rbin.3.gz	67
SRR9691023rbin.4.gz	36
SRR9691023rbin.5.gz	28
SRR9691023rbin.6.gz	11
SRR9691024rbin.1.gz	76
SRR9691024rbin.2.gz	64
SRR9691025rbin.1.gz	48
SRR9691025rbin.2.gz	65
SRR9691026rbin.10.gz	95
SRR9691026rbin.2.gz	19
SRR9691026rbin.3.gz	70
SRR9691026rbin.4.gz	46
SRR9691026rbin.5.gz	43
SRR9691026rbin.6.gz	51
SRR9691026rbin.7.gz	116
SRR9691026rbin.8.gz	71
SRR9691026rbin.9.gz	58
SRR9691027rbin.1.gz	87
SRR9691027rbin.2.gz	25
SRR9691027rbin.3.gz	30
SRR9691027rbin.4.gz	28
SRR9691027rbin.6.gz	15
SRR9691027rbin.7.gz	36
SRR9691028rbin.1.gz	19
SRR9691028rbin.2.gz	85
SRR9691028rbin.3.gz	19
SRR9691029rbin.1.gz	45
SRR9691029rbin.2.gz	22
SRR9691029rbin.3.gz	26
SRR9691029rbin.4.gz	17
SRR9691029rbin.5.gz	42
SRR9691030rbin.10.gz	26
SRR9691030rbin.11.gz	29
SRR9691030rbin.12.gz	67
SRR9691030rbin.13.gz	42
SRR9691030rbin.1.gz	38
SRR9691030rbin.2.gz	112
SRR9691030rbin.3.gz	28
SRR9691030rbin.4.gz	44
SRR9691030rbin.5.gz	127
SRR9691030rbin.6.gz	26
SRR9691030rbin.7.gz	63
SRR9691030rbin.8.gz	14
SRR9691030rbin.9.gz	68
SRR9691031rbin.1.gz	6
SRR9691031rbin.2.gz	76
SRR9691031rbin.4.gz	32
SRR9691031rbin.5.gz	14
SRR9691031rbin.6.gz	11
SRR9691031rbin.7.gz	4
SRR9691032rbin.10.gz	81
SRR9691032rbin.11.gz	30
SRR9691032rbin.12.gz	35
SRR9691032rbin.14.gz	126
SRR9691032rbin.1.gz	52
SRR9691032rbin.2.gz	44
SRR9691032rbin.3.gz	151
SRR9691032rbin.4.gz	64
SRR9691032rbin.5.gz	58
SRR9691032rbin.6.gz	105
SRR9691032rbin.7.gz	66
SRR9691032rbin.9.gz	47
SRR9691033rbin.10.gz	54
SRR9691033rbin.11.gz	60
SRR9691033rbin.12.gz	43
SRR9691033rbin.14.gz	66
SRR9691033rbin.15.gz	35
SRR9691033rbin.16.gz	42
SRR9691033rbin.17.gz	18
SRR9691033rbin.18.gz	43
SRR9691033rbin.1.gz	43
SRR9691033rbin.2.gz	58
SRR9691033rbin.3.gz	29
SRR9691033rbin.4.gz	35
SRR9691033rbin.5.gz	77
SRR9691033rbin.6.gz	75
SRR9691033rbin.7.gz	82
SRR9691033rbin.8.gz	42
SRR9691033rbin.9.gz	51
SRR9691034rbin.11.gz	34
SRR9691034rbin.1.gz	58
SRR9691034rbin.2.gz	67
SRR9691034rbin.3.gz	23
SRR9691034rbin.4.gz	79
SRR9691034rbin.5.gz	58
SRR9691034rbin.6.gz	64
SRR9691034rbin.7.gz	63
SRR9691034rbin.8.gz	81
SRR9691034rbin.9.gz	19
SRR9691035rbin.1.gz	15
SRR9691035rbin.2.gz	52
SRR9691035rbin.4.gz	29
SRR9691035rbin.5.gz	44
SRR9691036rbin.10.gz	118
SRR9691036rbin.1.gz	25
SRR9691036rbin.2.gz	34
SRR9691036rbin.3.gz	23
SRR9691036rbin.4.gz	19
SRR9691036rbin.5.gz	52
SRR9691036rbin.6.gz	68
SRR9691036rbin.8.gz	39
SRR9691036rbin.9.gz	70
SRR9691037rbin.1.gz	67
SRR9691037rbin.2.gz	5
SRR9691037rbin.3.gz	23
SRR9691037rbin.5.gz	86
SRR9691037rbin.6.gz	33
SRR9691038rbin.10.gz	77
SRR9691038rbin.1.gz	280
SRR9691038rbin.2.gz	19
SRR9691038rbin.3.gz	33
SRR9691038rbin.5.gz	118
SRR9691038rbin.6.gz	41
SRR9691038rbin.7.gz	30
SRR9691038rbin.8.gz	25
SRR9691038rbin.9.gz	130
SRR9691039rbin.1.gz	66
SRR9691039rbin.2.gz	54
SRR9691039rbin.3.gz	15
SRR9691040rbin.1.gz	53
SRR9691040rbin.2.gz	135
SRR9691040rbin.3.gz	30
SRR9691040rbin.4.gz	50
SRR9691040rbin.5.gz	37
SRR9691040rbin.7.gz	46
SRR9691040rbin.8.gz	10
SRR9691041rbin.2.gz	51
SRR9691041rbin.3.gz	82
SRR9691041rbin.4.gz	61
SRR9691041rbin.5.gz	37
SRR9691041rbin.6.gz	64
SRR9691043rbin.1.gz	34
SRR9691043rbin.2.gz	40
SRR9691043rbin.3.gz	85
SRR9691043rbin.4.gz	31
SRR9691043rbin.5.gz	21
SRR9691043rbin.6.gz	77
SRR9691043rbin.7.gz	48
SRR9691043rbin.8.gz	63
SRR9691044rbin.1.gz	53
SRR9691044rbin.2.gz	18
SRR9691044rbin.3.gz	75
SRR9691044rbin.4.gz	26
SRR9691044rbin.5.gz	47
SRR9691044rbin.6.gz	35
SRR9691044rbin.7.gz	125
SRR9691044rbin.8.gz	69
SRR9691045rbin.1.gz	22
SRR9691045rbin.2.gz	23
SRR9691046rbin.10.gz	27
SRR9691046rbin.11.gz	65
SRR9691046rbin.12.gz	42
SRR9691046rbin.14.gz	280
SRR9691046rbin.15.gz	98
SRR9691046rbin.16.gz	18
SRR9691046rbin.17.gz	37
SRR9691046rbin.18.gz	44
SRR9691046rbin.19.gz	55
SRR9691046rbin.1.gz	42
SRR9691046rbin.20.gz	114
SRR9691046rbin.21.gz	27
SRR9691046rbin.22.gz	74
SRR9691046rbin.23.gz	60
SRR9691046rbin.24.gz	42
SRR9691046rbin.3.gz	54
SRR9691046rbin.4.gz	38
SRR9691046rbin.5.gz	105
SRR9691046rbin.8.gz	50
SRR9691046rbin.9.gz	61
SRR9691047rbin.10.gz	67
SRR9691047rbin.11.gz	21
SRR9691047rbin.12.gz	45
SRR9691047rbin.13.gz	53
SRR9691047rbin.14.gz	30
SRR9691047rbin.15.gz	49
SRR9691047rbin.16.gz	56
SRR9691047rbin.17.gz	61
SRR9691047rbin.18.gz	11
SRR9691047rbin.1.gz	45
SRR9691047rbin.2.gz	44
SRR9691047rbin.3.gz	36
SRR9691047rbin.4.gz	27
SRR9691047rbin.5.gz	70
SRR9691047rbin.6.gz	14
SRR9691047rbin.7.gz	90
SRR9691047rbin.8.gz	41
SRR9691047rbin.9.gz	26
SRR9691048rbin.10.gz	28
SRR9691048rbin.11.gz	20
SRR9691048rbin.12.gz	62
SRR9691048rbin.13.gz	45
SRR9691048rbin.14.gz	50
SRR9691048rbin.15.gz	37
SRR9691048rbin.16.gz	52
SRR9691048rbin.17.gz	130
SRR9691048rbin.18.gz	36
SRR9691048rbin.19.gz	66
SRR9691048rbin.1.gz	149
SRR9691048rbin.20.gz	34
SRR9691048rbin.21.gz	90
SRR9691048rbin.2.gz	9
SRR9691048rbin.3.gz	85
SRR9691048rbin.4.gz	19
SRR9691048rbin.5.gz	63
SRR9691048rbin.6.gz	37
SRR9691048rbin.7.gz	66
SRR9691048rbin.8.gz	55
SRR9691048rbin.9.gz	74
SRR9691049rbin.10.gz	21
SRR9691049rbin.11.gz	102
SRR9691049rbin.12.gz	23
SRR9691049rbin.13.gz	22
SRR9691049rbin.1.gz	34
SRR9691049rbin.2.gz	24
SRR9691049rbin.3.gz	58
SRR9691049rbin.5.gz	63
SRR9691049rbin.6.gz	63
SRR9691049rbin.7.gz	22
SRR9691049rbin.8.gz	165
SRR9691050rbin.1.gz	71
SRR9691051rbin.11.gz	56
SRR9691051rbin.12.gz	133
SRR9691051rbin.13.gz	90
SRR9691051rbin.15.gz	76
SRR9691051rbin.16.gz	64
SRR9691051rbin.17.gz	204
SRR9691051rbin.18.gz	68
SRR9691051rbin.21.gz	46
SRR9691051rbin.22.gz	59
SRR9691051rbin.23.gz	54
SRR9691051rbin.24.gz	245
SRR9691051rbin.25.gz	67
SRR9691051rbin.27.gz	65
SRR9691051rbin.28.gz	56
SRR9691051rbin.2.gz	63
SRR9691051rbin.3.gz	81
SRR9691051rbin.4.gz	85
SRR9691051rbin.5.gz	83
SRR9691051rbin.6.gz	75
SRR9691051rbin.7.gz	41
SRR9691051rbin.8.gz	78
SRR9691051rbin.9.gz	15
SRR9691053rbin.1.gz	86
SRR9691054rbin.1.gz	79
SRR9691054rbin.2.gz	26
SRR9691054rbin.3.gz	73
SRR9691054rbin.4.gz	136
SRR9691054rbin.5.gz	47
SRR9691054rbin.6.gz	305
SRR9691054rbin.7.gz	59
SRR9691054rbin.8.gz	81
SRR9691054rbin.9.gz	71
SRR9691055rbin.1.gz	64
SRR9691055rbin.2.gz	156
SRR9691055rbin.5.gz	138
SRR9691056rbin.2.gz	26
SRR9691056rbin.3.gz	70
SRR9691056rbin.4.gz	81
SRR9691056rbin.5.gz	56
SRR9691056rbin.6.gz	25
SRR9691056rbin.7.gz	51
SRR9691057rbin.1.gz	150
SRR9691057rbin.2.gz	24
SRR9691058rbin.10.gz	35
SRR9691058rbin.12.gz	72
SRR9691058rbin.13.gz	67
SRR9691058rbin.14.gz	34
SRR9691058rbin.15.gz	33
SRR9691058rbin.16.gz	44
SRR9691058rbin.17.gz	79
SRR9691058rbin.18.gz	89
SRR9691058rbin.19.gz	122
SRR9691058rbin.1.gz	43
SRR9691058rbin.20.gz	42
SRR9691058rbin.21.gz	82
SRR9691058rbin.22.gz	38
SRR9691058rbin.23.gz	64
SRR9691058rbin.25.gz	38
SRR9691058rbin.26.gz	78
SRR9691058rbin.27.gz	128
SRR9691058rbin.28.gz	184
SRR9691058rbin.29.gz	53
SRR9691058rbin.2.gz	87
SRR9691058rbin.31.gz	34
SRR9691058rbin.32.gz	21
SRR9691058rbin.33.gz	53
SRR9691058rbin.34.gz	35
SRR9691058rbin.35.gz	67
SRR9691058rbin.36.gz	88
SRR9691058rbin.37.gz	70
SRR9691058rbin.38.gz	64
SRR9691058rbin.39.gz	48
SRR9691058rbin.3.gz	48
SRR9691058rbin.40.gz	42
SRR9691058rbin.41.gz	37
SRR9691058rbin.42.gz	102
SRR9691058rbin.43.gz	98
SRR9691058rbin.44.gz	27
SRR9691058rbin.4.gz	94
SRR9691058rbin.5.gz	39
SRR9691058rbin.6.gz	30
SRR9691058rbin.7.gz	91
SRR9691058rbin.8.gz	34
SRR9691058rbin.9.gz	186
SRR9691060rbin.1.gz	26
SRR9694538rbin.10.gz	104
SRR9694538rbin.12.gz	120
SRR9694538rbin.15.gz	52
SRR9694538rbin.16.gz	271
SRR9694538rbin.17.gz	30
SRR9694538rbin.18.gz	79
SRR9694538rbin.19.gz	50
SRR9694538rbin.1.gz	50
SRR9694538rbin.20.gz	118
SRR9694538rbin.22.gz	31
SRR9694538rbin.23.gz	239
SRR9694538rbin.24.gz	56
SRR9694538rbin.26.gz	110
SRR9694538rbin.27.gz	108
SRR9694538rbin.28.gz	85
SRR9694538rbin.29.gz	45
SRR9694538rbin.2.gz	99
SRR9694538rbin.3.gz	31
SRR9694538rbin.4.gz	27
SRR9694538rbin.5.gz	138
SRR9694538rbin.6.gz	29
SRR9694538rbin.7.gz	38
SRR9694538rbin.8.gz	119
SRR9694538rbin.9.gz	60
SRR9694539rbin.10.gz	74
SRR9694539rbin.11.gz	43
SRR9694539rbin.13.gz	28
SRR9694539rbin.14.gz	51
SRR9694539rbin.15.gz	106
SRR9694539rbin.16.gz	52
SRR9694539rbin.3.gz	60
SRR9694539rbin.4.gz	64
SRR9694539rbin.5.gz	39
SRR9694539rbin.6.gz	191
SRR9694539rbin.7.gz	296
SRR9694540rbin.3.gz	24
SRR9694540rbin.4.gz	35
SRR9694540rbin.5.gz	31
SRR9694540rbin.6.gz	61
SRR9694540rbin.7.gz	29
SRR9721663rbin.10.gz	17
SRR9721663rbin.11.gz	22
SRR9721663rbin.12.gz	33
SRR9721663rbin.1.gz	24
SRR9721663rbin.2.gz	39
SRR9721663rbin.3.gz	15
SRR9721663rbin.4.gz	21
SRR9721663rbin.5.gz	32
SRR9721663rbin.6.gz	39
SRR9721663rbin.7.gz	40
SRR9721663rbin.8.gz	9
SRR9721663rbin.9.gz	12
SRR9721664rbin.1.gz	54
SRR9865947rbin.11.gz	23
SRR9865947rbin.12.gz	20
SRR9865947rbin.13.gz	44
SRR9865947rbin.1.gz	122
SRR9865947rbin.3.gz	28
SRR9865947rbin.4.gz	84
SRR9865947rbin.5.gz	51
SRR9865947rbin.6.gz	30
SRR9865947rbin.7.gz	22
SRR9865947rbin.8.gz	195
SRR9865947rbin.9.gz	76
SRR9865948rbin.1.gz	29
SRR9865948rbin.2.gz	155
SRR9865948rbin.4.gz	28
SRR9865948rbin.5.gz	42
SRR9865948rbin.6.gz	51
SRR9865949rbin.2.gz	45
SRR9865949rbin.3.gz	18
SRR9865949rbin.4.gz	51
SRR9865949rbin.6.gz	18
SRR9865949rbin.7.gz	36
SRR9865949rbin.8.gz	33
Z1jian_bin.10.gz	23
Z1jian_bin.12.gz	43
Z1jian_bin.13.gz	97
Z1jian_bin.15.gz	34
Z1jian_bin.2.gz	80
Z1jian_bin.6.gz	40
Z1xia_Bbin.1.gz	16
Z1xia_Bbin.2.gz	67
Z1xia_Bbin.3.gz	27
Z1xia_Bbin.4.gz	88
Z1xia_Bbin.5.gz	50
Z1xia_Bbin.6.gz	25
Z1xia_Bbin.7.gz	43
Z1xia_Bbin.9.gz	91
Z2jian_bin.2.gz	1
Z2tu_BDbin.12.gz	6
Z2tu_BDbin.13.gz	19
Z2tu_BDbin.22.gz	35
Z2tu_BDbin.24.gz	54
Z2tu_BDbin.25.gz	118
Z2tu_BDbin.3.gz	46
Z2tu_BDbin.9.gz	63
Z2xia_Bbin.6.gz	3
Z3jian_bin.12.gz	43
Z3jian_bin.16.gz	30
Z3jian_bin.18.gz	26
Z3jian_bin.22.gz	26
Z3jian_bin.5.gz	39
Z3jian_bin.9.gz	29
Z4jian_bin.16.gz	17
Z4jian_bin.17.gz	40
Z4jian_bin.18.gz	38
Z4jian_bin.21.gz	27
Z4jian_bin.22.gz	9
Z4jian_bin.23.gz	39
Z4jian_bin.25.gz	78
Z4jian_bin.27.gz	36
Z4jian_bin.28.gz	43
Z4jian_bin.2.gz	54
Z4jian_bin.30.gz	109
Z4jian_bin.31.gz	58
Z4jian_bin.3.gz	34
Z4jian_bin.4.gz	38
Z4jian_bin.5.gz	45
Z4tu_BDbin.13.gz	43
Z4tu_BDbin.14.gz	16
Z4tu_BDbin.5.gz	35
Z4xia_Bbin.6.gz	45
Z5W_BDMbin.11.gz	51
Z5W_BDMbin.13.gz	83
Z5W_BDMbin.15.gz	43
Z5W_BDMbin.2.gz	43
Z5W_BDMbin.4.gz	30
Z5W_BDMbin.5.gz	37
Z5W_BDMbin.7.gz	72
Z5jian_bin.3.gz	37
Z5jian_bin.5.gz	24
Z5xia_Bbin.6.gz	31
Z5xia_Bbin.8.gz	45
innerS10bin.1.gz	74
innerS10bin.2.gz	87
innerS10bin.3.gz	113
innerS10bin.4.gz	128
innerS10bin.5.gz	45
innerS10bin.6.gz	24
innerS10bin.7.gz	31
innerS10bin.8.gz	4
innerS10bin.9.gz	22
innerS11bin.1.gz	53
innerS1rbin.3.gz	63
innerS1rbin.4.gz	115
innerS2rbin.10.gz	44
innerS2rbin.8.gz	68
innerS3rbin.1.gz	35
innerS3rbin.2.gz	65
innerS3rbin.5.gz	69
innerS3rbin.6.gz	20
innerS4rbin.10.gz	21
innerS4rbin.12.gz	132
innerS4rbin.13.gz	21
innerS4rbin.14.gz	26
innerS4rbin.2.gz	57
innerS4rbin.3.gz	31
innerS4rbin.4.gz	31
innerS4rbin.5.gz	48
innerS4rbin.7.gz	118
innerS5rbin.12.gz	40
innerS5rbin.13.gz	52
innerS5rbin.1.gz	85
innerS5rbin.4.gz	73
innerS5rbin.5.gz	83
innerS5rbin.6.gz	12
innerS5rbin.7.gz	29
innerS5rbin.9.gz	52
innerS6rbin.10.gz	43
innerS6rbin.11.gz	20
innerS6rbin.2.gz	45
innerS6rbin.4.gz	82
innerS6rbin.7.gz	37
innerS6rbin.8.gz	156
innerS6rbin.9.gz	133
innerS7rbin.10.gz	28
innerS7rbin.11.gz	25
innerS7rbin.1.gz	30
innerS7rbin.3.gz	42
innerS7rbin.4.gz	58
innerS7rbin.6.gz	14
innerS7rbin.9.gz	18
innerS8rbin.10.gz	92
innerS8rbin.11.gz	60
innerS8rbin.3.gz	69
innerS8rbin.8.gz	32
innerS9rbin.10.gz	50
innerS9rbin.12.gz	135
innerS9rbin.14.gz	53
innerS9rbin.2.gz	78
innerS9rbin.4.gz	171
innerS9rbin.5.gz	111
innerS9rbin.7.gz	28
innerS9rbin.8.gz	73
neis41rebin.1.gz	36
neis43rebin.1.gz	138
neis43rebin.2.gz	302
neis43rebin.3.gz	62
neis44rebin.1.gz	72
neis44rebin.2.gz	23
neis44rebin.3.gz	31
neis44rebin.4.gz	46
neis44rebin.5.gz	200
neis64rebin.1.gz	45
neis65rebin.1.gz	66
neis65rebin.2.gz	67
neis65rebin.3.gz	58
neis65rebin.4.gz	187
neis65rebin.5.gz	139
zpcx_11bin.11.gz	11
zpcx_11bin.12.gz	38
zpcx_11bin.13.gz	51
zpcx_11bin.14.gz	67
zpcx_11bin.1.gz	52
zpcx_11bin.2.gz	103
zpcx_11bin.3.gz	42
zpcx_11bin.4.gz	44
zpcx_11bin.5.gz	76
zpcx_11bin.6.gz	133
zpcx_11bin.7.gz	138
zpcx_11bin.8.gz	23
zpcx_11bin.9.gz	70
zpcx_12bin.12.gz	48
zpcx_12bin.2.gz	37
zpcx_12bin.4.gz	56
zpcx_12bin.7.gz	15
zpcx_13bin.10.gz	32
zpcx_13bin.11.gz	30
zpcx_13bin.14.gz	32
zpcx_13bin.15.gz	6
zpcx_13bin.18.gz	21
zpcx_13bin.19.gz	54
zpcx_13bin.1.gz	53
zpcx_13bin.21.gz	55
zpcx_13bin.23.gz	59
zpcx_13bin.2.gz	44
zpcx_13bin.3.gz	26
zpcx_16bin.14.gz	40
zpcx_16bin.15.gz	64
zpcx_16bin.17.gz	27
zpcx_16bin.19.gz	54
zpcx_16bin.1.gz	55
zpcx_16bin.20.gz	11
zpcx_16bin.2.gz	155
zpcx_16bin.5.gz	39
zpcx_16bin.6.gz	56
zpcx_16bin.8.gz	119
zpcx_16bin.9.gz	107
zpcx_17bin.11.gz	81
zpcx_17bin.16.gz	155
zpcx_17bin.17.gz	98
zpcx_17bin.18.gz	15
zpcx_17bin.21.gz	77
zpcx_17bin.22.gz	85
zpcx_17bin.23.gz	19
zpcx_17bin.28.gz	53
zpcx_17bin.2.gz	31
zpcx_17bin.3.gz	9
zpcx_17bin.4.gz	61
zpcx_17bin.6.gz	45
zpcx_17bin.8.gz	47
zpcx_18bin.11.gz	42
zpcx_18bin.15.gz	152
zpcx_18bin.19.gz	70
zpcx_18bin.20.gz	172
zpcx_18bin.2.gz	196
zpcx_18bin.3.gz	64
zpcx_18bin.4.gz	52
zpcx_18bin.6.gz	48
zpcx_18bin.7.gz	43
zpcx_1rbin.12.gz	40
zpcx_1rbin.13.gz	77
zpcx_1rbin.14.gz	90
zpcx_1rbin.16.gz	41
zpcx_1rbin.2.gz	86
zpcx_1rbin.5.gz	33
zpcx_1rbin.6.gz	37
zpcx_21bin.10.gz	51
zpcx_21bin.11.gz	35
zpcx_21bin.12.gz	35
zpcx_21bin.15.gz	21
zpcx_21bin.16.gz	29
zpcx_21bin.1.gz	64
zpcx_21bin.2.gz	95
zpcx_21bin.3.gz	83
zpcx_21bin.6.gz	46
zpcx_21bin.7.gz	75
zpcx_21bin.8.gz	24
zpcx_21bin.9.gz	5
zpcx_22bin.1.gz	39
zpcx_22bin.2.gz	17
zpcx_22bin.4.gz	55
zpcx_23bin.10.gz	55
zpcx_23bin.11.gz	45
zpcx_23bin.12.gz	32
zpcx_23bin.13.gz	77
zpcx_23bin.14.gz	38
zpcx_23bin.15.gz	29
zpcx_23bin.19.gz	111
zpcx_23bin.20.gz	92
zpcx_23bin.23.gz	28
zpcx_23bin.25.gz	85
zpcx_23bin.27.gz	52
zpcx_23bin.3.gz	48
zpcx_23bin.4.gz	53
zpcx_23bin.5.gz	81
zpcx_23bin.7.gz	22
zpcx_23bin.8.gz	8
zpcx_26bin.10.gz	100
zpcx_26bin.11.gz	40
zpcx_26bin.12.gz	146
zpcx_26bin.14.gz	67
zpcx_26bin.15.gz	51
zpcx_26bin.16.gz	50
zpcx_26bin.17.gz	77
zpcx_26bin.18.gz	38
zpcx_26bin.19.gz	75
zpcx_26bin.1.gz	70
zpcx_26bin.20.gz	174
zpcx_26bin.3.gz	82
zpcx_26bin.4.gz	166
zpcx_26bin.5.gz	213
zpcx_26bin.6.gz	63
zpcx_26bin.7.gz	288
zpcx_26bin.8.gz	105
zpcx_27bin.10.gz	57
zpcx_27bin.13.gz	13
zpcx_27bin.14.gz	28
zpcx_27bin.1.gz	36
zpcx_27bin.3.gz	59
zpcx_27bin.4.gz	57
zpcx_27bin.5.gz	66
zpcx_27bin.7.gz	78
zpcx_27bin.8.gz	43
zpcx_27bin.9.gz	42
zpcx_28bin.10.gz	54
zpcx_28bin.12.gz	137
zpcx_28bin.14.gz	101
zpcx_28bin.1.gz	60
zpcx_28bin.2.gz	32
zpcx_28bin.4.gz	56
zpcx_28bin.6.gz	64
zpcx_28bin.7.gz	67
zpcx_28bin.9.gz	68
zpcx_2rbin.10.gz	58
zpcx_2rbin.12.gz	73
zpcx_2rbin.14.gz	25
zpcx_2rbin.3.gz	117
zpcx_2rbin.7.gz	56
zpcx_2rbin.8.gz	3
zpcx_2rbin.9.gz	44
zpcx_31bin.5.gz	28
zpcx_32bin.10.gz	53
zpcx_32bin.1.gz	19
zpcx_32bin.2.gz	61
zpcx_32bin.3.gz	70
zpcx_32bin.4.gz	54
zpcx_32bin.5.gz	78
zpcx_32bin.6.gz	45
zpcx_32bin.7.gz	38
zpcx_32bin.9.gz	31
zpcx_33bin.10.gz	63
zpcx_33bin.11.gz	14
zpcx_33bin.12.gz	17
zpcx_33bin.13.gz	113
zpcx_33bin.14.gz	111
zpcx_33bin.16.gz	289
zpcx_33bin.17.gz	55
zpcx_33bin.18.gz	7
zpcx_33bin.19.gz	116
zpcx_33bin.1.gz	61
zpcx_33bin.20.gz	64
zpcx_33bin.21.gz	49
zpcx_33bin.22.gz	46
zpcx_33bin.23.gz	40
zpcx_33bin.24.gz	128
zpcx_33bin.25.gz	22
zpcx_33bin.26.gz	66
zpcx_33bin.28.gz	4
zpcx_33bin.3.gz	22
zpcx_33bin.4.gz	19
zpcx_33bin.5.gz	23
zpcx_33bin.6.gz	38
zpcx_33bin.8.gz	71
zpcx_3rbin.10.gz	66
zpcx_3rbin.11.gz	63
zpcx_3rbin.12.gz	35
zpcx_3rbin.13.gz	5
zpcx_3rbin.15.gz	10
zpcx_3rbin.16.gz	105
zpcx_3rbin.18.gz	63
zpcx_3rbin.2.gz	56
zpcx_3rbin.3.gz	96
zpcx_3rbin.7.gz	62
zpcx_6rbin.10.gz	61
zpcx_6rbin.12.gz	41
zpcx_6rbin.13.gz	38
zpcx_6rbin.6.gz	77
zpcx_6rbin.8.gz	37
zpcx_7rbin.13.gz	27
zpcx_7rbin.14.gz	63
zpcx_7rbin.17.gz	0
zpcx_7rbin.18.gz	25
zpcx_7rbin.21.gz	190
zpcx_7rbin.3.gz	3
zpcx_7rbin.4.gz	16
zpcx_7rbin.5.gz	28
zpcx_7rbin.6.gz	105
zpcx_7rbin.8.gz	2
zpcx_7rbin.9.gz	46
zpcx_8rbin.11.gz	67
zpcx_8rbin.13.gz	9
zpcx_8rbin.14.gz	28
zpcx_8rbin.16.gz	29
zpcx_8rbin.17.gz	3
zpcx_8rbin.22.gz	38
zpcx_8rbin.23.gz	50
zpcx_8rbin.24.gz	38
zpcx_8rbin.26.gz	58
zpcx_8rbin.28.gz	57
zpcx_8rbin.30.gz	79
zpcx_8rbin.31.gz	42
zpcx_8rbin.33.gz	21
zpcx_8rbin.35.gz	131
zpcx_8rbin.37.gz	50
zpcx_8rbin.39.gz	63
zpcx_8rbin.3.gz	8
zpcx_8rbin.40.gz	28
zpcx_8rbin.4.gz	54
zpcx_8rbin.5.gz	11
zpcx_8rbin.7.gz	39
zpcx_8rbin.8.gz	16
zpcx_8rbin.9.gz	33
SRR11719862bin.12.gz	118
SRR11719862bin.13.gz	175
SRR11719862bin.14.gz	95
SRR11719862bin.15.gz	78
SRR11719862bin.16.gz	120
SRR11719862bin.17.gz	29
SRR11719862bin.18.gz	148
SRR11719862bin.19.gz	28
SRR11719862bin.1.gz	85
SRR11719862bin.20.gz	85
SRR11719862bin.21.gz	85
SRR11719862bin.22.gz	90
SRR11719862bin.23.gz	202
SRR11719862bin.24.gz	12
SRR11719862bin.25.gz	31
SRR11719862bin.2.gz	62
SRR11719862bin.3.gz	64
SRR11719862bin.4.gz	115
SRR11719862bin.5.gz	91
SRR11719862bin.6.gz	86
SRR11719862bin.7.gz	95
SRR11719862bin.8.gz	36
SRR11719862bin.9.gz	74
SRR11719863bin.10.gz	47
SRR11719863bin.12.gz	45
SRR11719863bin.13.gz	44
SRR11719863bin.14.gz	56
SRR11719863bin.15.gz	57
SRR11719863bin.16.gz	37
SRR11719863bin.17.gz	39
SRR11719863bin.18.gz	43
SRR11719863bin.19.gz	27
SRR11719863bin.2.gz	54
SRR11719863bin.4.gz	51
SRR11719863bin.5.gz	41
SRR11719863bin.6.gz	46
SRR11719863bin.7.gz	53
SRR11719863bin.9.gz	22
SRR11719864bin.13.gz	27
SRR11719864bin.14.gz	129
SRR11719864bin.2.gz	51
SRR11719864bin.3.gz	83
SRR11719864bin.5.gz	48
SRR11719864bin.6.gz	31
SRR11719864bin.7.gz	40
SRR11719864bin.9.gz	62
SRR11719865bin.10.gz	49
SRR11719865bin.11.gz	85
SRR11719865bin.13.gz	62
SRR11719865bin.14.gz	104
SRR11719865bin.1.gz	42
SRR11719865bin.3.gz	27
SRR11719865bin.4.gz	130
SRR11719865bin.6.gz	29
SRR11719865bin.7.gz	45
SRR11719866bin.10.gz	27
SRR11719866bin.11.gz	41
SRR11719866bin.1.gz	76
SRR11719866bin.2.gz	48
SRR11719866bin.3.gz	15
SRR11719866bin.4.gz	70
SRR11719866bin.5.gz	35
SRR11719866bin.6.gz	69
SRR11719866bin.7.gz	46
SRR11719866bin.9.gz	55
SRR11719867bin.10.gz	24
SRR11719867bin.11.gz	28
SRR11719867bin.12.gz	130
SRR11719867bin.13.gz	75
SRR11719867bin.14.gz	9
SRR11719867bin.15.gz	30
SRR11719867bin.16.gz	31
SRR11719867bin.2.gz	82
SRR11719867bin.3.gz	37
SRR11719867bin.4.gz	28
SRR11719867bin.5.gz	34
SRR11719867bin.6.gz	18
SRR11719867bin.7.gz	65
SRR11719867bin.8.gz	35
SRR11719867bin.9.gz	21
SRR11719868bin.10.gz	34
SRR11719868bin.11.gz	41
SRR11719868bin.12.gz	46
SRR11719868bin.6.gz	26
SRR11719868bin.7.gz	32
SRR11719868bin.8.gz	26
SRR11719868bin.9.gz	27
SRR11719869bin.10.gz	82
SRR11719869bin.11.gz	24
SRR11719869bin.12.gz	35
SRR11719869bin.1.gz	56
SRR11719869bin.2.gz	14
SRR11719869bin.3.gz	26
SRR11719869bin.4.gz	33
SRR11719869bin.5.gz	83
SRR11719869bin.6.gz	43
SRR11719869bin.7.gz	89
SRR11719869bin.8.gz	38
SRR11719869bin.9.gz	17
SRR11719871bin.10.gz	38
SRR11719871bin.11.gz	37
SRR11719871bin.12.gz	107
SRR11719871bin.13.gz	52
SRR11719871bin.14.gz	94
SRR11719871bin.15.gz	100
SRR11719871bin.16.gz	68
SRR11719871bin.17.gz	51
SRR11719871bin.19.gz	59
SRR11719871bin.1.gz	79
SRR11719871bin.20.gz	64
SRR11719871bin.3.gz	45
SRR11719871bin.4.gz	40
SRR11719871bin.5.gz	74
SRR11719871bin.6.gz	34
SRR11719871bin.7.gz	70
SRR11719871bin.8.gz	36
SRR11719871bin.9.gz	70
SRR11719872bin.10.gz	37
SRR11719872bin.12.gz	27
SRR11719872bin.13.gz	37
SRR11719872bin.14.gz	108
SRR11719872bin.15.gz	63
SRR11719872bin.18.gz	45
SRR11719872bin.19.gz	54
SRR11719872bin.1.gz	45
SRR11719872bin.20.gz	23
SRR11719872bin.21.gz	42
SRR11719872bin.22.gz	43
SRR11719872bin.23.gz	41
SRR11719872bin.24.gz	73
SRR11719872bin.2.gz	59
SRR11719872bin.4.gz	47
SRR11719872bin.6.gz	42
SRR11719872bin.7.gz	48
SRR11719872bin.8.gz	47
SRR11719872bin.9.gz	42
SRR11719873bin.10.gz	77
SRR11719873bin.11.gz	55
SRR11719873bin.12.gz	22
SRR11719873bin.13.gz	57
SRR11719873bin.14.gz	30
SRR11719873bin.15.gz	48
SRR11719873bin.16.gz	111
SRR11719873bin.18.gz	40
SRR11719873bin.19.gz	123
SRR11719873bin.1.gz	60
SRR11719873bin.20.gz	49
SRR11719873bin.21.gz	26
SRR11719873bin.23.gz	25
SRR11719873bin.2.gz	79
SRR11719873bin.3.gz	34
SRR11719873bin.4.gz	78
SRR11719873bin.5.gz	42
SRR11719873bin.6.gz	55
SRR11719873bin.7.gz	24
SRR11719873bin.8.gz	32
SRR11719873bin.9.gz	50
SRR11719874bin.1.gz	100
SRR11719874bin.2.gz	28
SRR11719874bin.3.gz	32
SRR11719874bin.4.gz	74
SRR11719874bin.5.gz	98
SRR11719874bin.6.gz	36
SRR11719874bin.7.gz	110
SRR11719875bin.10.gz	75
SRR11719875bin.11.gz	56
SRR11719875bin.12.gz	65
SRR11719875bin.13.gz	49
SRR11719875bin.14.gz	135
SRR11719875bin.16.gz	58
SRR11719875bin.17.gz	29
SRR11719875bin.18.gz	56
SRR11719875bin.19.gz	54
SRR11719875bin.1.gz	48
SRR11719875bin.20.gz	77
SRR11719875bin.21.gz	80
SRR11719875bin.22.gz	83
SRR11719875bin.23.gz	32
SRR11719875bin.24.gz	69
SRR11719875bin.25.gz	72
SRR11719875bin.26.gz	41
SRR11719875bin.27.gz	10
SRR11719875bin.2.gz	156
SRR11719875bin.3.gz	53
SRR11719875bin.4.gz	124
SRR11719875bin.6.gz	78
SRR11719875bin.8.gz	193
SRR11719875bin.9.gz	84
SRR11719876bin.10.gz	24
SRR11719876bin.11.gz	58
SRR11719876bin.13.gz	54
SRR11719876bin.14.gz	37
SRR11719876bin.15.gz	47
SRR11719876bin.16.gz	42
SRR11719876bin.17.gz	23
SRR11719876bin.1.gz	65
SRR11719876bin.2.gz	30
SRR11719876bin.4.gz	37
SRR11719876bin.7.gz	51
SRR11719876bin.8.gz	60
SRR11719876bin.9.gz	44
SRR11719877bin.10.gz	32
SRR11719877bin.11.gz	78
SRR11719877bin.13.gz	64
SRR11719877bin.14.gz	19
SRR11719877bin.17.gz	47
SRR11719877bin.18.gz	27
SRR11719877bin.1.gz	19
SRR11719877bin.3.gz	21
SRR11719877bin.4.gz	139
SRR11719877bin.6.gz	33
SRR11719877bin.7.gz	44
SRR11719877bin.8.gz	59
SRR11719877bin.9.gz	81
SRR11730654bin.1.gz	43
SRR11730654bin.2.gz	9
SRR11730654bin.3.gz	10
SRR11731553bin.1.gz	49
SRR11731553bin.4.gz	24
SRR11731554bin.3.gz	44
SRR11731666bin.11.gz	53
SRR11731666bin.12.gz	62
SRR11731666bin.13.gz	65
SRR11731666bin.14.gz	131
SRR11731666bin.1.gz	27
SRR11731666bin.2.gz	71
SRR11731666bin.3.gz	67
SRR11731666bin.4.gz	47
SRR11731666bin.5.gz	46
SRR11731666bin.6.gz	69
SRR11731666bin.8.gz	58
SRR11742809bin.10.gz	120
SRR11742809bin.11.gz	110
SRR11742809bin.12.gz	95
SRR11742809bin.13.gz	51
SRR11742809bin.14.gz	177
SRR11742809bin.15.gz	108
SRR11742809bin.17.gz	17
SRR11742809bin.19.gz	84
SRR11742809bin.1.gz	76
SRR11742809bin.20.gz	81
SRR11742809bin.21.gz	191
SRR11742809bin.22.gz	52
SRR11742809bin.23.gz	112
SRR11742809bin.24.gz	121
SRR11742809bin.25.gz	78
SRR11742809bin.26.gz	76
SRR11742809bin.27.gz	56
SRR11742809bin.28.gz	89
SRR11742809bin.29.gz	44
SRR11742809bin.2.gz	60
SRR11742809bin.30.gz	82
SRR11742809bin.3.gz	73
SRR11742809bin.4.gz	133
SRR11742809bin.5.gz	104
SRR11742809bin.6.gz	25
SRR11742809bin.7.gz	165
SRR11742809bin.8.gz	74
SRR11742809bin.9.gz	49
SRR11742812bin.1.gz	58
SRR11742812bin.2.gz	54
SRR11742812bin.3.gz	77
SRR11742812bin.5.gz	98
SRR11742812bin.6.gz	75
SRR11742812bin.9.gz	77
SRR11742948bin.10.gz	50
SRR11742948bin.11.gz	40
SRR11742948bin.12.gz	35
SRR11742948bin.15.gz	285
SRR11742948bin.16.gz	75
SRR11742948bin.17.gz	38
SRR11742948bin.19.gz	105
SRR11742948bin.21.gz	97
SRR11742948bin.22.gz	72
SRR11742948bin.23.gz	107
SRR11742948bin.24.gz	29
SRR11742948bin.25.gz	18
SRR11742948bin.28.gz	77
SRR11742948bin.29.gz	98
SRR11742948bin.2.gz	125
SRR11742948bin.30.gz	205
SRR11742948bin.31.gz	68
SRR11742948bin.32.gz	69
SRR11742948bin.34.gz	30
SRR11742948bin.38.gz	93
SRR11742948bin.39.gz	82
SRR11742948bin.3.gz	92
SRR11742948bin.40.gz	60
SRR11742948bin.41.gz	125
SRR11742948bin.42.gz	75
SRR11742948bin.43.gz	64
SRR11742948bin.45.gz	68
SRR11742948bin.48.gz	77
SRR11742948bin.49.gz	175
SRR11742948bin.4.gz	117
SRR11742948bin.50.gz	62
SRR11742948bin.56.gz	133
SRR11742948bin.57.gz	48
SRR11742948bin.60.gz	82
SRR11742948bin.61.gz	28
SRR11742948bin.63.gz	104
SRR11742948bin.64.gz	71
SRR11742948bin.65.gz	91
SRR11742948bin.68.gz	201
SRR11742948bin.69.gz	18
SRR11742948bin.70.gz	76
SRR11742948bin.72.gz	34
SRR11742948bin.73.gz	209
SRR11742948bin.74.gz	56
SRR11742948bin.9.gz	83
SRR11742949bin.10.gz	90
SRR11742949bin.11.gz	57
SRR11742949bin.12.gz	51
SRR11742949bin.14.gz	47
SRR11742949bin.15.gz	69
SRR11742949bin.17.gz	78
SRR11742949bin.18.gz	61
SRR11742949bin.1.gz	135
SRR11742949bin.20.gz	103
SRR11742949bin.21.gz	107
SRR11742949bin.22.gz	88
SRR11742949bin.24.gz	61
SRR11742949bin.25.gz	46
SRR11742949bin.29.gz	114
SRR11742949bin.30.gz	62
SRR11742949bin.31.gz	131
SRR11742949bin.33.gz	202
SRR11742949bin.35.gz	175
SRR11742949bin.36.gz	75
SRR11742949bin.37.gz	40
SRR11742949bin.3.gz	129
SRR11742949bin.4.gz	100
SRR11742949bin.7.gz	115
SRR11742949bin.8.gz	130
SRR11742949bin.9.gz	95
SRR11742962bin.100.gz	41
SRR11742962bin.10.gz	89
SRR11742962bin.11.gz	77
SRR11742962bin.14.gz	83
SRR11742962bin.15.gz	40
SRR11742962bin.16.gz	56
SRR11742962bin.18.gz	303
SRR11742962bin.19.gz	80
SRR11742962bin.20.gz	17
SRR11742962bin.22.gz	85
SRR11742962bin.24.gz	68
SRR11742962bin.26.gz	94
SRR11742962bin.29.gz	58
SRR11742962bin.2.gz	141
SRR11742962bin.31.gz	40
SRR11742962bin.33.gz	63
SRR11742962bin.34.gz	45
SRR11742962bin.35.gz	65
SRR11742962bin.36.gz	30
SRR11742962bin.38.gz	72
SRR11742962bin.39.gz	229
SRR11742962bin.41.gz	89
SRR11742962bin.42.gz	75
SRR11742962bin.44.gz	203
SRR11742962bin.45.gz	33
SRR11742962bin.46.gz	139
SRR11742962bin.47.gz	72
SRR11742962bin.48.gz	163
SRR11742962bin.4.gz	64
SRR11742962bin.50.gz	66
SRR11742962bin.51.gz	47
SRR11742962bin.52.gz	23
SRR11742962bin.53.gz	15
SRR11742962bin.55.gz	44
SRR11742962bin.57.gz	109
SRR11742962bin.59.gz	29
SRR11742962bin.5.gz	16
SRR11742962bin.63.gz	116
SRR11742962bin.64.gz	84
SRR11742962bin.65.gz	102
SRR11742962bin.67.gz	34
SRR11742962bin.69.gz	103
SRR11742962bin.6.gz	34
SRR11742962bin.70.gz	88
SRR11742962bin.74.gz	79
SRR11742962bin.75.gz	59
SRR11742962bin.76.gz	137
SRR11742962bin.77.gz	128
SRR11742962bin.78.gz	137
SRR11742962bin.79.gz	55
SRR11742962bin.7.gz	102
SRR11742962bin.80.gz	60
SRR11742962bin.81.gz	71
SRR11742962bin.82.gz	46
SRR11742962bin.83.gz	36
SRR11742962bin.84.gz	63
SRR11742962bin.87.gz	35
SRR11742962bin.88.gz	195
SRR11742962bin.89.gz	66
SRR11742962bin.8.gz	72
SRR11742962bin.90.gz	54
SRR11742962bin.91.gz	92
SRR11742962bin.92.gz	64
SRR11742962bin.93.gz	180
SRR11742962bin.94.gz	50
SRR11742962bin.98.gz	97
SRR11742962bin.99.gz	116
SRR11743025bin.10.gz	24
SRR11743025bin.11.gz	82
SRR11743025bin.12.gz	126
SRR11743025bin.14.gz	79
SRR11743025bin.1.gz	219
SRR11743025bin.20.gz	41
SRR11743025bin.21.gz	31
SRR11743025bin.24.gz	81
SRR11743025bin.25.gz	130
SRR11743025bin.26.gz	116
SRR11743025bin.28.gz	65
SRR11743025bin.30.gz	138
SRR11743025bin.33.gz	100
SRR11743025bin.34.gz	125
SRR11743025bin.36.gz	61
SRR11743025bin.38.gz	79
SRR11743025bin.40.gz	71
SRR11743025bin.41.gz	83
SRR11743025bin.45.gz	33
SRR11743025bin.48.gz	124
SRR11743025bin.49.gz	132
SRR11743025bin.53.gz	39
SRR11743025bin.54.gz	26
SRR11743025bin.55.gz	43
SRR11743025bin.57.gz	123
SRR11743025bin.58.gz	183
SRR11743025bin.59.gz	191
SRR11743025bin.5.gz	68
SRR11743025bin.63.gz	134
SRR11743025bin.64.gz	32
SRR11743025bin.6.gz	84
SRR11743025bin.7.gz	68
SRR11743025bin.8.gz	61
SRR11743025bin.9.gz	16
SRR11743028bin.13.gz	49
SRR11743028bin.14.gz	93
SRR11743028bin.15.gz	104
SRR11743028bin.16.gz	180
SRR11743028bin.17.gz	65
SRR11743028bin.19.gz	16
SRR11743028bin.1.gz	53
SRR11743028bin.20.gz	118
SRR11743028bin.22.gz	37
SRR11743028bin.23.gz	77
SRR11743028bin.24.gz	5
SRR11743028bin.25.gz	106
SRR11743028bin.26.gz	141
SRR11743028bin.27.gz	37
SRR11743028bin.31.gz	50
SRR11743028bin.32.gz	71
SRR11743028bin.33.gz	80
SRR11743028bin.34.gz	52
SRR11743028bin.35.gz	153
SRR11743028bin.38.gz	115
SRR11743028bin.3.gz	47
SRR11743028bin.40.gz	47
SRR11743028bin.41.gz	27
SRR11743028bin.42.gz	78
SRR11743028bin.43.gz	82
SRR11743028bin.45.gz	104
SRR11743028bin.46.gz	81
SRR11743028bin.47.gz	51
SRR11743028bin.4.gz	49
SRR11743028bin.8.gz	104
SRR11743028bin.9.gz	201
SRR11743100bin.10.gz	104
SRR11743100bin.12.gz	58
SRR11743100bin.13.gz	87
SRR11743100bin.14.gz	34
SRR11743100bin.15.gz	75
SRR11743100bin.17.gz	13
SRR11743100bin.18.gz	52
SRR11743100bin.20.gz	101
SRR11743100bin.21.gz	121
SRR11743100bin.23.gz	35
SRR11743100bin.2.gz	70
SRR11743100bin.32.gz	30
SRR11743100bin.33.gz	149
SRR11743100bin.34.gz	70
SRR11743100bin.36.gz	67
SRR11743100bin.39.gz	126
SRR11743100bin.3.gz	21
SRR11743100bin.40.gz	89
SRR11743100bin.41.gz	24
SRR11743100bin.42.gz	26
SRR11743100bin.45.gz	107
SRR11743100bin.46.gz	62
SRR11743100bin.47.gz	48
SRR11743100bin.48.gz	131
SRR11743100bin.52.gz	52
SRR11743100bin.53.gz	99
SRR11743100bin.54.gz	119
SRR11743100bin.57.gz	56
SRR11743100bin.61.gz	73
SRR11743100bin.62.gz	62
SRR11743100bin.66.gz	43
SRR11743100bin.9.gz	121
SRR11794808bin.10.gz	34
SRR11794808bin.11.gz	278
SRR11794808bin.12.gz	95
SRR11794808bin.13.gz	91
SRR11794808bin.14.gz	226
SRR11794808bin.15.gz	39
SRR11794808bin.16.gz	95
SRR11794808bin.17.gz	45
SRR11794808bin.18.gz	56
SRR11794808bin.19.gz	76
SRR11794808bin.1.gz	73
SRR11794808bin.20.gz	61
SRR11794808bin.21.gz	44
SRR11794808bin.22.gz	115
SRR11794808bin.23.gz	75
SRR11794808bin.24.gz	140
SRR11794808bin.25.gz	397
SRR11794808bin.26.gz	464
SRR11794808bin.27.gz	314
SRR11794808bin.28.gz	51
SRR11794808bin.29.gz	52
SRR11794808bin.2.gz	113
SRR11794808bin.30.gz	98
SRR11794808bin.31.gz	66
SRR11794808bin.32.gz	115
SRR11794808bin.33.gz	62
SRR11794808bin.34.gz	54
SRR11794808bin.35.gz	118
SRR11794808bin.36.gz	64
SRR11794808bin.37.gz	91
SRR11794808bin.38.gz	141
SRR11794808bin.39.gz	241
SRR11794808bin.3.gz	32
SRR11794808bin.40.gz	170
SRR11794808bin.41.gz	151
SRR11794808bin.42.gz	334
SRR11794808bin.43.gz	161
SRR11794808bin.44.gz	94
SRR11794808bin.45.gz	236
SRR11794808bin.46.gz	60
SRR11794808bin.47.gz	26
SRR11794808bin.48.gz	81
SRR11794808bin.4.gz	18
SRR11794808bin.5.gz	129
SRR11794808bin.6.gz	54
SRR11794808bin.7.gz	91
SRR11794808bin.8.gz	142
SRR11794808bin.9.gz	126
SRR11823711bin.1.gz	22
SRR11823711bin.3.gz	135
SRR11823712bin.1.gz	68
SRR11823712bin.2.gz	21
SRR11823713bin.2.gz	35
SRR11823713bin.3.gz	197
SRR11823713bin.5.gz	11
SRR11823713bin.6.gz	177
SRR11823713bin.7.gz	71
SRR11823713bin.8.gz	36
SRR11823714bin.3.gz	27
SRR11823714bin.4.gz	84
SRR11823714bin.5.gz	16
SRR11829107bin.3.gz	64
SRR11829109bin.4.gz	141
SRR11829110bin.7.gz	36
SRR11829112bin.10.gz	179
SRR11829112bin.1.gz	235
SRR11829113bin.11.gz	40
SRR11829113bin.2.gz	340
SRR11829114bin.11.gz	82
SRR11829114bin.16.gz	79
SRR11829114bin.1.gz	55
SRR11829114bin.4.gz	37
SRR11829114bin.8.gz	52
SRR11829115bin.12.gz	51
SRR11829115bin.14.gz	120
SRR11829115bin.4.gz	56
SRR11829116bin.11.gz	343
SRR11829116bin.4.gz	294
SRR11829117bin.1.gz	155
SRR11829118bin.2.gz	43
SRR11829119bin.10.gz	128
SRR11829128bin.2.gz	20
SRR11829131bin.5.gz	37
SRR11829133bin.3.gz	40
SRR11829133bin.4.gz	60
SRR11829135bin.9.gz	41
SRR11829139bin.9.gz	54
SRR11829140bin.4.gz	77
SRR11829140bin.9.gz	103
SRR11832861bin.10.gz	262
SRR11832861bin.11.gz	37
SRR11832861bin.12.gz	38
SRR11832861bin.13.gz	108
SRR11832861bin.14.gz	82
SRR11832861bin.15.gz	96
SRR11832861bin.2.gz	53
SRR11832861bin.3.gz	73
SRR11832861bin.4.gz	56
SRR11832861bin.5.gz	68
SRR11832861bin.6.gz	213
SRR11832861bin.7.gz	68
SRR11833234bin.10.gz	65
SRR11833234bin.11.gz	93
SRR11833234bin.13.gz	107
SRR11833234bin.14.gz	57
SRR11833234bin.15.gz	66
SRR11833234bin.16.gz	45
SRR11833234bin.17.gz	127
SRR11833234bin.18.gz	87
SRR11833234bin.19.gz	132
SRR11833234bin.1.gz	105
SRR11833234bin.20.gz	64
SRR11833234bin.21.gz	117
SRR11833234bin.25.gz	46
SRR11833234bin.28.gz	86
SRR11833234bin.29.gz	168
SRR11833234bin.30.gz	71
SRR11833234bin.31.gz	199
SRR11833234bin.32.gz	125
SRR11833234bin.33.gz	81
SRR11833234bin.34.gz	110
SRR11833234bin.4.gz	51
SRR11833234bin.5.gz	59
SRR11833234bin.6.gz	178
SRR11833234bin.7.gz	205
SRR11833234bin.8.gz	45
SRR11833234bin.9.gz	55
SRR11833492bin.10.gz	248
SRR11833492bin.11.gz	247
SRR11833492bin.12.gz	73
SRR11833492bin.13.gz	71
SRR11833492bin.14.gz	138
SRR11833492bin.16.gz	186
SRR11833492bin.17.gz	65
SRR11833492bin.18.gz	89
SRR11833492bin.19.gz	79
SRR11833492bin.1.gz	79
SRR11833492bin.21.gz	208
SRR11833492bin.22.gz	93
SRR11833492bin.23.gz	135
SRR11833492bin.24.gz	144
SRR11833492bin.25.gz	145
SRR11833492bin.27.gz	108
SRR11833492bin.28.gz	227
SRR11833492bin.29.gz	80
SRR11833492bin.2.gz	93
SRR11833492bin.30.gz	65
SRR11833492bin.31.gz	53
SRR11833492bin.32.gz	27
SRR11833492bin.33.gz	38
SRR11833492bin.35.gz	293
SRR11833492bin.36.gz	203
SRR11833492bin.38.gz	95
SRR11833492bin.39.gz	92
SRR11833492bin.3.gz	117
SRR11833492bin.40.gz	65
SRR11833492bin.41.gz	234
SRR11833492bin.42.gz	38
SRR11833492bin.43.gz	68
SRR11833492bin.44.gz	52
SRR11833492bin.45.gz	68
SRR11833492bin.46.gz	140
SRR11833492bin.48.gz	328
SRR11833492bin.49.gz	65
SRR11833492bin.4.gz	214
SRR11833492bin.51.gz	103
SRR11833492bin.52.gz	85
SRR11833492bin.54.gz	80
SRR11833492bin.55.gz	46
SRR11833492bin.57.gz	82
SRR11833492bin.58.gz	74
SRR11833492bin.59.gz	123
SRR11833492bin.5.gz	173
SRR11833492bin.61.gz	122
SRR11833492bin.62.gz	43
SRR11833492bin.63.gz	65
SRR11833492bin.64.gz	70
SRR11833492bin.66.gz	153
SRR11833492bin.67.gz	95
SRR11833492bin.68.gz	169
SRR11833492bin.69.gz	112
SRR11833492bin.6.gz	70
SRR11833492bin.70.gz	44
SRR11833492bin.71.gz	186
SRR11833492bin.72.gz	228
SRR11833492bin.75.gz	72
SRR11833492bin.77.gz	136
SRR11833492bin.78.gz	149
SRR11833492bin.7.gz	184
SRR11833492bin.80.gz	99
SRR11833492bin.81.gz	31
SRR11833492bin.82.gz	134
SRR11833492bin.83.gz	36
SRR11833492bin.9.gz	199
SRR11833493bin.2.gz	86
SRR11833493bin.3.gz	30
SRR11833493bin.4.gz	89
SRR11833493bin.9.gz	252
SRR11833494bin.10.gz	162
SRR11833494bin.11.gz	102
SRR11833494bin.12.gz	142
SRR11833494bin.13.gz	121
SRR11833494bin.14.gz	266
SRR11833494bin.1.gz	81
SRR11833494bin.2.gz	90
SRR11833494bin.4.gz	82
SRR11833494bin.6.gz	68
SRR11833494bin.7.gz	119
SRR11833494bin.8.gz	69
SRR11833507bin.10.gz	274
SRR11833507bin.11.gz	54
SRR11833507bin.12.gz	70
SRR11833507bin.13.gz	135
SRR11833507bin.14.gz	32
SRR11833507bin.15.gz	69
SRR11833507bin.17.gz	138
SRR11833507bin.18.gz	117
SRR11833507bin.1.gz	164
SRR11833507bin.20.gz	88
SRR11833507bin.21.gz	84
SRR11833507bin.22.gz	69
SRR11833507bin.23.gz	292
SRR11833507bin.24.gz	32
SRR11833507bin.25.gz	57
SRR11833507bin.26.gz	220
SRR11833507bin.27.gz	160
SRR11833507bin.28.gz	67
SRR11833507bin.29.gz	290
SRR11833507bin.2.gz	165
SRR11833507bin.30.gz	16
SRR11833507bin.31.gz	35
SRR11833507bin.32.gz	88
SRR11833507bin.33.gz	53
SRR11833507bin.34.gz	247
SRR11833507bin.35.gz	113
SRR11833507bin.36.gz	70
SRR11833507bin.38.gz	38
SRR11833507bin.39.gz	62
SRR11833507bin.3.gz	66
SRR11833507bin.40.gz	104
SRR11833507bin.41.gz	47
SRR11833507bin.42.gz	77
SRR11833507bin.43.gz	38
SRR11833507bin.44.gz	35
SRR11833507bin.45.gz	106
SRR11833507bin.46.gz	172
SRR11833507bin.47.gz	152
SRR11833507bin.48.gz	284
SRR11833507bin.49.gz	123
SRR11833507bin.4.gz	63
SRR11833507bin.50.gz	93
SRR11833507bin.51.gz	19
SRR11833507bin.52.gz	139
SRR11833507bin.53.gz	48
SRR11833507bin.54.gz	127
SRR11833507bin.55.gz	38
SRR11833507bin.56.gz	65
SRR11833507bin.57.gz	87
SRR11833507bin.58.gz	33
SRR11833507bin.59.gz	100
SRR11833507bin.5.gz	89
SRR11833507bin.61.gz	109
SRR11833507bin.62.gz	162
SRR11833507bin.63.gz	58
SRR11833507bin.64.gz	127
SRR11833507bin.65.gz	60
SRR11833507bin.66.gz	198
SRR11833507bin.67.gz	82
SRR11833507bin.68.gz	325
SRR11833507bin.69.gz	124
SRR11833507bin.6.gz	154
SRR11833507bin.70.gz	100
SRR11833507bin.71.gz	44
SRR11833507bin.72.gz	37
SRR11833507bin.73.gz	56
SRR11833507bin.74.gz	73
SRR11833507bin.75.gz	78
SRR11833507bin.76.gz	45
SRR11833507bin.78.gz	54
SRR11833507bin.79.gz	147
SRR11833507bin.7.gz	107
SRR11833507bin.80.gz	184
SRR11833507bin.81.gz	198
SRR11833507bin.82.gz	75
SRR11833507bin.83.gz	338
SRR11833507bin.84.gz	97
SRR11833507bin.85.gz	112
SRR11833507bin.86.gz	75
SRR11833507bin.87.gz	160
SRR11833507bin.89.gz	250
SRR11833507bin.8.gz	65
SRR11833507bin.90.gz	97
SRR11833507bin.91.gz	133
SRR11833507bin.92.gz	228
SRR11833507bin.93.gz	51
SRR11833507bin.9.gz	287
SRR11833508bin.10.gz	142
SRR11833508bin.11.gz	49
SRR11833508bin.12.gz	111
SRR11833508bin.13.gz	119
SRR11833508bin.14.gz	42
SRR11833508bin.15.gz	34
SRR11833508bin.16.gz	221
SRR11833508bin.17.gz	117
SRR11833508bin.18.gz	47
SRR11833508bin.1.gz	126
SRR11833508bin.21.gz	78
SRR11833508bin.22.gz	290
SRR11833508bin.5.gz	66
SRR11833508bin.7.gz	62
SRR11833508bin.8.gz	180
SRR11833508bin.9.gz	79
SRR11833617bin.11.gz	26
SRR11833617bin.12.gz	135
SRR11833617bin.13.gz	92
SRR11833617bin.14.gz	87
SRR11833617bin.15.gz	92
SRR11833617bin.17.gz	99
SRR11833617bin.19.gz	54
SRR11833617bin.1.gz	48
SRR11833617bin.21.gz	55
SRR11833617bin.23.gz	44
SRR11833617bin.2.gz	36
SRR11833617bin.3.gz	40
SRR11833617bin.4.gz	94
SRR11833617bin.6.gz	31
SRR11833617bin.7.gz	47
SRR11833617bin.9.gz	69
SRR11833744bin.10.gz	49
SRR11833744bin.11.gz	77
SRR11833744bin.13.gz	64
SRR11833744bin.14.gz	207
SRR11833744bin.15.gz	36
SRR11833744bin.17.gz	43
SRR11833744bin.18.gz	38
SRR11833744bin.19.gz	71
SRR11833744bin.1.gz	28
SRR11833744bin.20.gz	64
SRR11833744bin.21.gz	72
SRR11833744bin.22.gz	37
SRR11833744bin.23.gz	63
SRR11833744bin.26.gz	46
SRR11833744bin.27.gz	29
SRR11833744bin.2.gz	53
SRR11833744bin.4.gz	82
SRR11833744bin.5.gz	155
SRR11833744bin.7.gz	26
SRR11833745bin.15.gz	58
SRR11833745bin.17.gz	115
SRR11833745bin.18.gz	65
SRR11833745bin.19.gz	305
SRR11833745bin.1.gz	163
SRR11833745bin.20.gz	98
SRR11833745bin.21.gz	49
SRR11833745bin.23.gz	87
SRR11833745bin.26.gz	98
SRR11833745bin.27.gz	49
SRR11833745bin.28.gz	100
SRR11833745bin.29.gz	102
SRR11833745bin.2.gz	72
SRR11833745bin.30.gz	171
SRR11833745bin.31.gz	80
SRR11833745bin.33.gz	104
SRR11833745bin.34.gz	106
SRR11833745bin.35.gz	81
SRR11833745bin.37.gz	131
SRR11833745bin.38.gz	51
SRR11833745bin.39.gz	74
SRR11833745bin.3.gz	158
SRR11833745bin.40.gz	39
SRR11833745bin.44.gz	152
SRR11833745bin.45.gz	77
SRR11833745bin.4.gz	87
SRR11833745bin.5.gz	86
SRR11833745bin.8.gz	110
SRR11833745bin.9.gz	29
SRR11833918bin.10.gz	163
SRR11833918bin.11.gz	81
SRR11833918bin.12.gz	150
SRR11833918bin.13.gz	164
SRR11833918bin.14.gz	149
SRR11833918bin.15.gz	81
SRR11833918bin.16.gz	227
SRR11833918bin.19.gz	15
SRR11833918bin.1.gz	227
SRR11833918bin.20.gz	75
SRR11833918bin.21.gz	43
SRR11833918bin.22.gz	253
SRR11833918bin.24.gz	81
SRR11833918bin.25.gz	79
SRR11833918bin.26.gz	134
SRR11833918bin.27.gz	79
SRR11833918bin.28.gz	141
SRR11833918bin.29.gz	204
SRR11833918bin.2.gz	82
SRR11833918bin.30.gz	179
SRR11833918bin.31.gz	76
SRR11833918bin.32.gz	104
SRR11833918bin.34.gz	41
SRR11833918bin.35.gz	145
SRR11833918bin.36.gz	138
SRR11833918bin.37.gz	88
SRR11833918bin.38.gz	139
SRR11833918bin.3.gz	147
SRR11833918bin.40.gz	132
SRR11833918bin.41.gz	168
SRR11833918bin.44.gz	76
SRR11833918bin.45.gz	25
SRR11833918bin.46.gz	178
SRR11833918bin.48.gz	88
SRR11833918bin.49.gz	66
SRR11833918bin.4.gz	90
SRR11833918bin.50.gz	65
SRR11833918bin.51.gz	85
SRR11833918bin.52.gz	97
SRR11833918bin.54.gz	84
SRR11833918bin.55.gz	40
SRR11833918bin.56.gz	207
SRR11833918bin.58.gz	93
SRR11833918bin.59.gz	10
SRR11833918bin.5.gz	100
SRR11833918bin.61.gz	128
SRR11833918bin.62.gz	41
SRR11833918bin.64.gz	94
SRR11833918bin.65.gz	134
SRR11833918bin.66.gz	104
SRR11833918bin.67.gz	111
SRR11833918bin.68.gz	207
SRR11833918bin.69.gz	43
SRR11833918bin.6.gz	222
SRR11833918bin.70.gz	154
SRR11833918bin.73.gz	59
SRR11833918bin.76.gz	97
SRR11833918bin.77.gz	37
SRR11833918bin.78.gz	71
SRR11833918bin.79.gz	411
SRR11833918bin.80.gz	147
SRR11833918bin.81.gz	69
SRR11833918bin.82.gz	79
SRR11833918bin.83.gz	152
SRR11833918bin.84.gz	66
SRR11833918bin.85.gz	181
SRR11833918bin.86.gz	108
SRR11833918bin.87.gz	67
SRR11833918bin.88.gz	52
SRR11833918bin.89.gz	111
SRR11833918bin.91.gz	151
SRR11833918bin.92.gz	81
SRR11833918bin.9.gz	75
SRR11833939bin.10.gz	54
SRR11833939bin.11.gz	100
SRR11833939bin.12.gz	112
SRR11833939bin.13.gz	104
SRR11833939bin.14.gz	78
SRR11833939bin.15.gz	67
SRR11833939bin.16.gz	57
SRR11833939bin.17.gz	58
SRR11833939bin.18.gz	57
SRR11833939bin.1.gz	53
SRR11833939bin.22.gz	204
SRR11833939bin.23.gz	39
SRR11833939bin.24.gz	62
SRR11833939bin.2.gz	21
SRR11833939bin.4.gz	113
SRR11833939bin.6.gz	52
SRR11833939bin.8.gz	68
SRR11834592bin.10.gz	77
SRR11834592bin.11.gz	47
SRR11834592bin.13.gz	198
SRR11834592bin.14.gz	81
SRR11834592bin.15.gz	86
SRR11834592bin.16.gz	105
SRR11834592bin.18.gz	110
SRR11834592bin.19.gz	103
SRR11834592bin.1.gz	77
SRR11834592bin.20.gz	101
SRR11834592bin.22.gz	120
SRR11834592bin.24.gz	90
SRR11834592bin.25.gz	99
SRR11834592bin.27.gz	202
SRR11834592bin.28.gz	199
SRR11834592bin.29.gz	128
SRR11834592bin.2.gz	67
SRR11834592bin.30.gz	98
SRR11834592bin.31.gz	62
SRR11834592bin.32.gz	53
SRR11834592bin.34.gz	227
SRR11834592bin.35.gz	84
SRR11834592bin.3.gz	48
SRR11834592bin.4.gz	35
SRR11834592bin.5.gz	111
SRR11834592bin.7.gz	96
SRR11834592bin.8.gz	111
SRR11834592bin.9.gz	69
SRR11834594bin.11.gz	57
SRR11834594bin.12.gz	109
SRR11834594bin.14.gz	85
SRR11834594bin.15.gz	245
SRR11834594bin.16.gz	44
SRR11834594bin.17.gz	95
SRR11834594bin.18.gz	105
SRR11834594bin.19.gz	71
SRR11834594bin.1.gz	117
SRR11834594bin.2.gz	72
SRR11834594bin.5.gz	103
SRR11834594bin.6.gz	101
SRR11834594bin.7.gz	148
SRR11834594bin.8.gz	127
SRR11834594bin.9.gz	122
SRR11834599bin.11.gz	100
SRR11834599bin.12.gz	59
SRR11834599bin.13.gz	91
SRR11834599bin.14.gz	45
SRR11834599bin.15.gz	63
SRR11834599bin.16.gz	49
SRR11834599bin.2.gz	55
SRR11834599bin.4.gz	107
SRR11834599bin.5.gz	70
SRR11834599bin.9.gz	77
SRR11834726bin.10.gz	77
SRR11834726bin.13.gz	51
SRR11834726bin.17.gz	169
SRR11834726bin.18.gz	130
SRR5665647rbin.7.gz	17
SRR5665647rbin.8.gz	51
SRR5665647rbin.9.gz	18
SRR5665648rbin.10.gz	31
SRR5665648rbin.12.gz	381
SRR5665648rbin.13.gz	55
SRR5665648rbin.14.gz	38
SRR5665648rbin.1.gz	43
SRR5665648rbin.2.gz	43
SRR5665648rbin.3.gz	323
SRR5665648rbin.4.gz	43
SRR5665648rbin.5.gz	64
SRR5665648rbin.6.gz	26
SRR5665648rbin.7.gz	27
SRR5665648rbin.8.gz	22
SRR5665648rbin.9.gz	73
SRR5665809rbin.1.gz	37
SRR5665811rbin.11.gz	16
SRR5665811rbin.2.gz	91
SRR5665811rbin.5.gz	38
SRR5665811rbin.6.gz	22
SRR5665811rbin.8.gz	49
SRR5674476rbin.2.gz	22
SRR5674476rbin.8.gz	20
SRR5678805rbin.10.gz	23
SRR5678805rbin.14.gz	27
SRR5678805rbin.16.gz	21
SRR5678805rbin.21.gz	22
SRR5678805rbin.24.gz	16
SRR5678805rbin.25.gz	11
SRR5678805rbin.27.gz	10
SRR5678805rbin.3.gz	18
SRR5678805rbin.7.gz	15
SRR5678806rbin.10.gz	66
SRR5678806rbin.11.gz	34
SRR5678806rbin.13.gz	28
SRR5678806rbin.14.gz	54
SRR5678806rbin.16.gz	29
SRR5678806rbin.17.gz	34
SRR5678806rbin.1.gz	116
SRR5678806rbin.20.gz	74
SRR5678806rbin.2.gz	23
SRR5678806rbin.30.gz	67
SRR5678806rbin.35.gz	45
SRR5678806rbin.36.gz	7
SRR5678806rbin.37.gz	14
SRR5678806rbin.39.gz	24
SRR5678806rbin.3.gz	40
SRR5678806rbin.43.gz	10
SRR5678806rbin.47.gz	42
SRR5678806rbin.51.gz	3
SRR5678806rbin.59.gz	20
SRR5678806rbin.8.gz	13
SRR5678807rbin.10.gz	32
SRR5678807rbin.12.gz	29
SRR5678807rbin.13.gz	74
SRR5678807rbin.16.gz	10
SRR5678807rbin.18.gz	24
SRR5678807rbin.24.gz	53
SRR5678807rbin.25.gz	10
SRR5678807rbin.29.gz	91
SRR5678807rbin.2.gz	45
SRR5678807rbin.30.gz	17
SRR5678807rbin.33.gz	55
SRR5678807rbin.35.gz	8
SRR5678807rbin.36.gz	63
SRR5678807rbin.39.gz	36
SRR5678807rbin.41.gz	72
SRR5678807rbin.44.gz	25
SRR5678807rbin.47.gz	27
SRR5678807rbin.48.gz	83
SRR5678807rbin.49.gz	25
SRR5678807rbin.4.gz	26
SRR5678807rbin.50.gz	51
SRR5678807rbin.51.gz	13
SRR5678807rbin.55.gz	26
SRR5678807rbin.59.gz	29
SRR5678807rbin.5.gz	88
SRR5678807rbin.62.gz	18
SRR5678807rbin.63.gz	36
SRR5678807rbin.64.gz	24
SRR5678807rbin.66.gz	10
SRR5678807rbin.70.gz	8
SRR5678807rbin.71.gz	34
SRR5678807rbin.72.gz	8
SRR5678808rbin.15.gz	71
SRR5678808rbin.22.gz	7
SRR5678808rbin.28.gz	47
SRR5678811rbin.21.gz	16
SRR5678811rbin.3.gz	25
SRR5678811rbin.9.gz	26
SRR5678814rbin.10.gz	61
SRR5678814rbin.11.gz	132
SRR5678814rbin.12.gz	27
SRR5678814rbin.13.gz	112
SRR5678814rbin.14.gz	105
SRR5678814rbin.15.gz	79
SRR5678814rbin.18.gz	132
SRR5678814rbin.2.gz	181
SRR5678814rbin.3.gz	73
SRR5678814rbin.5.gz	82
SRR5678814rbin.6.gz	49
SRR5680860rbin.10.gz	48
SRR5680860rbin.11.gz	21
SRR5680860rbin.12.gz	59
SRR5680860rbin.13.gz	34
SRR5680860rbin.14.gz	14
SRR5680860rbin.15.gz	18
SRR5680860rbin.16.gz	41
SRR5680860rbin.17.gz	65
SRR5680860rbin.18.gz	33
SRR5680860rbin.19.gz	50
SRR5680860rbin.1.gz	61
SRR5680860rbin.21.gz	27
SRR5680860rbin.22.gz	23
SRR5680860rbin.23.gz	51
SRR5680860rbin.25.gz	58
SRR5680860rbin.27.gz	22
SRR5680860rbin.28.gz	26
SRR5680860rbin.31.gz	83
SRR5680860rbin.32.gz	11
SRR5680860rbin.4.gz	50
SRR5680860rbin.5.gz	2
SRR5680860rbin.6.gz	20
SRR5680860rbin.7.gz	61
SRR5680860rbin.8.gz	61
SRR5680860rbin.9.gz	66
SRR5687768rbin.10.gz	26
SRR5687768rbin.5.gz	139
SRR5687768rbin.6.gz	105
SRR5688500rbin.2.gz	64
SRR5688500rbin.9.gz	68
SRR5688572rbin.10.gz	35
SRR5688572rbin.11.gz	41
SRR5688572rbin.12.gz	39
SRR5688572rbin.13.gz	71
SRR5688572rbin.14.gz	72
SRR5688572rbin.16.gz	87
SRR5688572rbin.18.gz	62
SRR5688572rbin.3.gz	83
SRR5688572rbin.4.gz	121
SRR5688572rbin.8.gz	94
SRR5688572rbin.9.gz	28
SRR5689334rbin.10.gz	54
SRR5689334rbin.3.gz	70
SRR5689334rbin.4.gz	20
SRR5689334rbin.5.gz	59
SRR5689334rbin.6.gz	127
SRR5689334rbin.7.gz	32
SRR5689334rbin.8.gz	60
SRR5690242rbin.13.gz	38
SRR5690242rbin.14.gz	15
SRR5690242rbin.4.gz	110
SRR5690242rbin.8.gz	48
SRR5690348rbin.12.gz	80
SRR5690348rbin.13.gz	36
SRR5690348rbin.1.gz	75
SRR5690348rbin.3.gz	58
SRR5690348rbin.7.gz	120
SRR5690349rbin.1.gz	66
SRR5690349rbin.7.gz	34
SRR5690554rbin.101.gz	15
SRR5690554rbin.102.gz	177
SRR5690554rbin.103.gz	26
SRR5690554rbin.104.gz	70
SRR5690554rbin.105.gz	39
SRR5690554rbin.106.gz	157
SRR5690554rbin.11.gz	19
SRR5690554rbin.12.gz	16
SRR5690554rbin.14.gz	126
SRR5690554rbin.15.gz	22
SRR5690554rbin.16.gz	48
SRR5690554rbin.17.gz	31
SRR5690554rbin.18.gz	58
SRR5690554rbin.1.gz	33
SRR5690554rbin.20.gz	34
SRR5690554rbin.21.gz	23
SRR5690554rbin.22.gz	15
SRR5690554rbin.23.gz	41
SRR5690554rbin.24.gz	30
SRR5690554rbin.26.gz	46
SRR5690554rbin.27.gz	36
SRR5690554rbin.28.gz	106
SRR5690554rbin.29.gz	121
SRR5690554rbin.2.gz	48
SRR5690554rbin.31.gz	29
SRR5690554rbin.33.gz	42
SRR5690554rbin.34.gz	31
SRR5690554rbin.36.gz	128
SRR5690554rbin.37.gz	29
SRR5690554rbin.38.gz	114
SRR5690554rbin.3.gz	23
SRR5690554rbin.40.gz	93
SRR5690554rbin.42.gz	128
SRR5690554rbin.45.gz	30
SRR5690554rbin.46.gz	27
SRR5690554rbin.47.gz	29
SRR5690554rbin.48.gz	104
SRR5690554rbin.4.gz	90
SRR5690554rbin.50.gz	42
SRR5690554rbin.53.gz	34
SRR5690554rbin.54.gz	32
SRR5690554rbin.56.gz	97
SRR5690554rbin.57.gz	27
SRR5690554rbin.58.gz	28
SRR5690554rbin.59.gz	80
SRR5690554rbin.60.gz	14
SRR5690554rbin.62.gz	32
SRR5690554rbin.63.gz	27
SRR5690554rbin.64.gz	32
SRR5690554rbin.65.gz	32
SRR5690554rbin.67.gz	146
SRR5690554rbin.68.gz	24
SRR5690554rbin.6.gz	71
SRR5690554rbin.70.gz	26
SRR5690554rbin.71.gz	39
SRR5690554rbin.74.gz	17
SRR5690554rbin.75.gz	44
SRR5690554rbin.76.gz	49
SRR5690554rbin.77.gz	37
SRR5690554rbin.79.gz	28
SRR5690554rbin.7.gz	9
SRR5690554rbin.80.gz	76
SRR5690554rbin.81.gz	50
SRR5690554rbin.84.gz	28
SRR5690554rbin.85.gz	10
SRR5690554rbin.87.gz	60
SRR5690554rbin.89.gz	155
SRR5690554rbin.8.gz	193
SRR5690554rbin.91.gz	26
SRR5690554rbin.92.gz	60
SRR5690554rbin.93.gz	181
SRR5690554rbin.95.gz	61
SRR5690554rbin.98.gz	41
SRR5690554rbin.99.gz	24
SRR5690554rbin.9.gz	27
SRR5690606rbin.101.gz	92
SRR5690606rbin.102.gz	41
SRR5690606rbin.103.gz	32
SRR5690606rbin.105.gz	119
SRR5690606rbin.108.gz	87
SRR5690606rbin.109.gz	47
SRR5690606rbin.10.gz	55
SRR5690606rbin.110.gz	47
SRR5690606rbin.111.gz	158
SRR5690606rbin.113.gz	71
SRR5690606rbin.114.gz	94
SRR5690606rbin.116.gz	122
SRR5690606rbin.118.gz	37
SRR5690606rbin.119.gz	35
SRR5690606rbin.120.gz	30
SRR5690606rbin.121.gz	161
SRR5690606rbin.123.gz	139
SRR5690606rbin.124.gz	25
SRR5690606rbin.125.gz	36
SRR5690606rbin.126.gz	49
SRR5690606rbin.127.gz	125
SRR5690606rbin.128.gz	89
SRR5690606rbin.129.gz	121
SRR5690606rbin.130.gz	51
SRR5690606rbin.131.gz	30
SRR5690606rbin.132.gz	30
SRR5690606rbin.134.gz	101
SRR5690606rbin.135.gz	51
SRR5690606rbin.136.gz	40
SRR5690606rbin.139.gz	61
SRR5690606rbin.13.gz	30
SRR5690606rbin.140.gz	80
SRR5690606rbin.141.gz	27
SRR5690606rbin.142.gz	55
SRR5690606rbin.143.gz	75
SRR5690606rbin.145.gz	39
SRR5690606rbin.146.gz	27
SRR5690606rbin.147.gz	42
SRR5690606rbin.148.gz	31
SRR5690606rbin.149.gz	169
SRR5690606rbin.14.gz	128
SRR5690606rbin.150.gz	42
SRR5690606rbin.151.gz	23
SRR5690606rbin.152.gz	46
SRR5690606rbin.153.gz	98
SRR5690606rbin.154.gz	44
SRR5690606rbin.155.gz	90
SRR5690606rbin.156.gz	29
SRR5690606rbin.158.gz	41
SRR5690606rbin.159.gz	37
SRR5690606rbin.15.gz	34
SRR5690606rbin.160.gz	41
SRR5690606rbin.161.gz	49
SRR5690606rbin.162.gz	179
SRR5690606rbin.163.gz	21
SRR5690606rbin.164.gz	20
SRR5690606rbin.166.gz	38
SRR5690606rbin.167.gz	10
SRR5690606rbin.168.gz	62
SRR5690606rbin.16.gz	68
SRR5690606rbin.170.gz	111
SRR5690606rbin.171.gz	10
SRR5690606rbin.172.gz	100
SRR5690606rbin.173.gz	151
SRR5690606rbin.174.gz	87
SRR5690606rbin.175.gz	70
SRR5690606rbin.177.gz	174
SRR5690606rbin.178.gz	142
SRR5690606rbin.179.gz	56
SRR5690606rbin.17.gz	44
SRR5690606rbin.180.gz	64
SRR5690606rbin.181.gz	87
SRR5690606rbin.182.gz	20
SRR5690606rbin.183.gz	50
SRR5690606rbin.184.gz	124
SRR5690606rbin.186.gz	46
SRR5690606rbin.187.gz	25
SRR5690606rbin.188.gz	54
SRR5690606rbin.189.gz	65
SRR5690606rbin.18.gz	37
SRR5690606rbin.190.gz	47
SRR5690606rbin.191.gz	104
SRR5690606rbin.192.gz	106
SRR5690606rbin.193.gz	63
SRR5690606rbin.195.gz	36
SRR5690606rbin.196.gz	53
SRR5690606rbin.197.gz	23
SRR5690606rbin.198.gz	37
SRR5690606rbin.199.gz	133
SRR5690606rbin.19.gz	188
SRR5690606rbin.1.gz	121
SRR5690606rbin.201.gz	121
SRR5690606rbin.202.gz	18
SRR5690606rbin.205.gz	45
SRR5690606rbin.207.gz	80
SRR5690606rbin.209.gz	39
SRR5690606rbin.20.gz	28
SRR5690606rbin.210.gz	33
SRR5690606rbin.211.gz	21
SRR5690606rbin.212.gz	28
SRR5690606rbin.213.gz	43
SRR5690606rbin.214.gz	83
SRR5690606rbin.215.gz	61
SRR5690606rbin.216.gz	112
SRR5690606rbin.217.gz	48
SRR5690606rbin.219.gz	69
SRR5690606rbin.21.gz	78
SRR5690606rbin.220.gz	65
SRR5690606rbin.221.gz	83
SRR5690606rbin.222.gz	6
SRR5690606rbin.224.gz	39
SRR5690606rbin.225.gz	55
SRR5690606rbin.226.gz	52
SRR5690606rbin.227.gz	77
SRR5690606rbin.228.gz	137
SRR5690606rbin.229.gz	103
SRR5690606rbin.22.gz	64
SRR5690606rbin.232.gz	97
SRR5690606rbin.233.gz	63
SRR5690606rbin.234.gz	25
SRR5690606rbin.235.gz	145
SRR5690606rbin.236.gz	116
SRR5690606rbin.238.gz	23
SRR5690606rbin.239.gz	70
SRR5690606rbin.23.gz	64
SRR5690606rbin.241.gz	27
SRR5690606rbin.242.gz	16
SRR5690606rbin.244.gz	74
SRR5690606rbin.246.gz	30
SRR5690606rbin.24.gz	109
SRR5690606rbin.25.gz	15
SRR5690606rbin.26.gz	177
SRR5690606rbin.27.gz	80
SRR5690606rbin.28.gz	67
SRR5690606rbin.29.gz	81
SRR5690606rbin.2.gz	51
SRR5690606rbin.31.gz	44
SRR5690606rbin.32.gz	64
SRR5690606rbin.33.gz	78
SRR5690606rbin.34.gz	26
SRR5690606rbin.35.gz	23
SRR5690606rbin.37.gz	47
SRR5690606rbin.38.gz	82
SRR5690606rbin.39.gz	94
SRR5690606rbin.3.gz	36
SRR5690606rbin.40.gz	46
SRR5690606rbin.41.gz	101
SRR5690606rbin.42.gz	37
SRR5690606rbin.43.gz	44
SRR5690606rbin.44.gz	25
SRR5690606rbin.45.gz	103
SRR5690606rbin.46.gz	8
SRR5690606rbin.47.gz	86
SRR5690606rbin.48.gz	58
SRR5690606rbin.49.gz	93
SRR5690606rbin.4.gz	15
SRR5690606rbin.50.gz	71
SRR5690606rbin.51.gz	38
SRR5690606rbin.52.gz	74
SRR5690606rbin.53.gz	39
SRR5690606rbin.54.gz	78
SRR5690606rbin.55.gz	23
SRR5690606rbin.56.gz	161
SRR5690606rbin.57.gz	22
SRR5690606rbin.58.gz	89
SRR5690606rbin.59.gz	32
SRR5690606rbin.5.gz	68
SRR5690606rbin.60.gz	61
SRR5690606rbin.61.gz	44
SRR5690606rbin.62.gz	62
SRR5690606rbin.63.gz	163
SRR5690606rbin.64.gz	33
SRR5690606rbin.65.gz	84
SRR5690606rbin.66.gz	59
SRR5690606rbin.68.gz	110
SRR5690606rbin.69.gz	36
SRR5690606rbin.70.gz	53
SRR5690606rbin.72.gz	87
SRR5690606rbin.73.gz	17
SRR5690606rbin.74.gz	51
SRR5690606rbin.75.gz	52
SRR5690606rbin.76.gz	27
SRR5690606rbin.77.gz	30
SRR5690606rbin.78.gz	63
SRR5690606rbin.7.gz	33
SRR5690606rbin.80.gz	99
SRR5690606rbin.81.gz	200
SRR5690606rbin.82.gz	21
SRR5690606rbin.83.gz	61
SRR5690606rbin.84.gz	25
SRR5690606rbin.85.gz	47
SRR5690606rbin.86.gz	167
SRR5690606rbin.88.gz	68
SRR5690606rbin.89.gz	15
SRR5690606rbin.8.gz	49
SRR5690606rbin.90.gz	50
SRR5690606rbin.91.gz	127
SRR5690606rbin.93.gz	100
SRR5690606rbin.94.gz	50
SRR5690606rbin.95.gz	51
SRR5690606rbin.97.gz	23
SRR5690606rbin.98.gz	36
SRR5690606rbin.99.gz	23
SRR5690606rbin.9.gz	55
SRR5690625rbin.10.gz	24
SRR5690625rbin.11.gz	26
SRR5690625rbin.12.gz	115
SRR5690625rbin.13.gz	25
SRR5690625rbin.14.gz	50
SRR5690625rbin.15.gz	70
SRR5690625rbin.16.gz	54
SRR5690625rbin.17.gz	27
SRR5690625rbin.18.gz	37
SRR5690625rbin.19.gz	50
SRR5690625rbin.1.gz	9
SRR5690625rbin.20.gz	19
SRR5690625rbin.21.gz	64
SRR5690625rbin.23.gz	24
SRR5690625rbin.24.gz	32
SRR5690625rbin.25.gz	29
SRR5690625rbin.26.gz	30
SRR5690625rbin.28.gz	72
SRR5690625rbin.29.gz	30
SRR5690625rbin.2.gz	89
SRR5690625rbin.30.gz	33
SRR5690625rbin.31.gz	24
SRR5690625rbin.32.gz	45
SRR5690625rbin.34.gz	42
SRR5690625rbin.35.gz	49
SRR5690625rbin.36.gz	33
SRR5690625rbin.37.gz	21
SRR5690625rbin.38.gz	13
SRR5690625rbin.39.gz	57
SRR5690625rbin.40.gz	30
SRR5690625rbin.41.gz	27
SRR5690625rbin.42.gz	72
SRR5690625rbin.43.gz	92
SRR5690625rbin.44.gz	18
SRR5690625rbin.45.gz	24
SRR5690625rbin.46.gz	31
SRR5690625rbin.47.gz	125
SRR5690625rbin.48.gz	26
SRR5690625rbin.49.gz	57
SRR5690625rbin.4.gz	33
SRR5690625rbin.50.gz	51
SRR5690625rbin.51.gz	27
SRR5690625rbin.52.gz	30
SRR5690625rbin.53.gz	24
SRR5690625rbin.54.gz	26
SRR5690625rbin.55.gz	19
SRR5690625rbin.56.gz	129
SRR5690625rbin.57.gz	34
SRR5690625rbin.58.gz	32
SRR5690625rbin.59.gz	18
SRR5690625rbin.5.gz	9
SRR5690625rbin.60.gz	31
SRR5690625rbin.61.gz	24
SRR5690625rbin.63.gz	96
SRR5690625rbin.64.gz	30
SRR5690625rbin.65.gz	43
SRR5690625rbin.66.gz	22
SRR5690625rbin.67.gz	5
SRR5690625rbin.68.gz	20
SRR5690625rbin.69.gz	78
SRR5690625rbin.6.gz	32
SRR5690625rbin.70.gz	21
SRR5690625rbin.71.gz	21
SRR5690625rbin.8.gz	51
SRR5690625rbin.9.gz	25
SRR5699024rbin.100.gz	34
SRR5699024rbin.101.gz	38
SRR5699024rbin.102.gz	19
SRR5699024rbin.103.gz	21
SRR5699024rbin.104.gz	26
SRR5699024rbin.105.gz	37
SRR5699024rbin.106.gz	28
SRR5699024rbin.107.gz	50
SRR5699024rbin.108.gz	49
SRR5699024rbin.10.gz	21
SRR5699024rbin.110.gz	19
SRR5699024rbin.111.gz	28
SRR5699024rbin.112.gz	62
SRR5699024rbin.113.gz	27
SRR5699024rbin.114.gz	19
SRR5699024rbin.115.gz	22
SRR5699024rbin.117.gz	17
SRR5699024rbin.11.gz	9
SRR5699024rbin.13.gz	20
SRR5699024rbin.14.gz	20
SRR5699024rbin.16.gz	31
SRR5699024rbin.17.gz	96
SRR5699024rbin.18.gz	14
SRR5699024rbin.1.gz	32
SRR5699024rbin.20.gz	29
SRR5699024rbin.21.gz	27
SRR5699024rbin.22.gz	37
SRR5699024rbin.23.gz	15
SRR5699024rbin.24.gz	23
SRR5699024rbin.25.gz	41
SRR5699024rbin.26.gz	40
SRR5699024rbin.27.gz	13
SRR5699024rbin.28.gz	22
SRR5699024rbin.29.gz	11
SRR5699024rbin.2.gz	28
SRR5699024rbin.30.gz	27
SRR5699024rbin.31.gz	52
SRR5699024rbin.32.gz	58
SRR5699024rbin.34.gz	13
SRR5699024rbin.36.gz	10
SRR5699024rbin.38.gz	14
SRR5699024rbin.39.gz	30
SRR5699024rbin.3.gz	28
SRR5699024rbin.40.gz	58
SRR5699024rbin.41.gz	24
SRR5699024rbin.42.gz	118
SRR5699024rbin.43.gz	21
SRR5699024rbin.44.gz	71
SRR5699024rbin.45.gz	20
SRR5699024rbin.46.gz	56
SRR5699024rbin.47.gz	13
SRR5699024rbin.48.gz	11
SRR5699024rbin.49.gz	26
SRR5699024rbin.4.gz	22
SRR5699024rbin.50.gz	16
SRR5699024rbin.51.gz	30
SRR5699024rbin.52.gz	82
SRR5699024rbin.53.gz	41
SRR5699024rbin.54.gz	29
SRR5699024rbin.56.gz	21
SRR5699024rbin.57.gz	9
SRR5699024rbin.58.gz	57
SRR5699024rbin.59.gz	30
SRR5699024rbin.60.gz	35
SRR5699024rbin.62.gz	60
SRR5699024rbin.63.gz	80
SRR5699024rbin.64.gz	55
SRR5699024rbin.65.gz	19
SRR5699024rbin.68.gz	48
SRR5699024rbin.6.gz	33
SRR5699024rbin.70.gz	30
SRR5699024rbin.71.gz	11
SRR5699024rbin.73.gz	35
SRR5699024rbin.75.gz	57
SRR5699024rbin.76.gz	101
SRR5699024rbin.77.gz	73
SRR5699024rbin.78.gz	53
SRR5699024rbin.79.gz	22
SRR5699024rbin.7.gz	40
SRR5699024rbin.80.gz	40
SRR5699024rbin.82.gz	31
SRR5699024rbin.84.gz	32
SRR5699024rbin.85.gz	19
SRR5699024rbin.86.gz	35
SRR5699024rbin.87.gz	59
SRR5699024rbin.88.gz	15
SRR5699024rbin.89.gz	100
SRR5699024rbin.8.gz	15
SRR5699024rbin.90.gz	41
SRR5699024rbin.91.gz	18
SRR5699024rbin.92.gz	20
SRR5699024rbin.93.gz	22
SRR5699024rbin.95.gz	44
SRR5699024rbin.96.gz	16
SRR5699024rbin.97.gz	25
SRR5699024rbin.98.gz	65
SRR5699024rbin.9.gz	38
SRR5712664rbin.2.gz	61
SRR5712664rbin.3.gz	102
SRR5712664rbin.5.gz	70
SRR5712664rbin.7.gz	72
SRR5712664rbin.8.gz	41
SRR5712671rbin.10.gz	70
SRR5712671rbin.1.gz	62
SRR5712671rbin.3.gz	74
SRR5712671rbin.5.gz	106
SRR5712671rbin.6.gz	43
SRR5712671rbin.9.gz	62
SRR5712675rbin.1.gz	77
SRR5712691rbin.11.gz	1
SRR5712691rbin.2.gz	39
SRR5712691rbin.4.gz	68
SRR5712691rbin.8.gz	62
SRR5712692rbin.12.gz	48
SRR5712692rbin.13.gz	13
SRR5712692rbin.14.gz	43
SRR5712692rbin.17.gz	60
SRR5712692rbin.18.gz	25
SRR5712692rbin.20.gz	98
SRR5712692rbin.24.gz	16
SRR5712692rbin.27.gz	90
SRR5712692rbin.3.gz	88
SRR5712692rbin.7.gz	65
SRR5712692rbin.8.gz	5
SRR5713101rbin.11.gz	68
SRR5713101rbin.17.gz	20
SRR5713101rbin.20.gz	84
SRR5713101rbin.8.gz	104
SRR5713226rbin.13.gz	81
SRR5713226rbin.14.gz	30
SRR5713226rbin.2.gz	56
SRR5713226rbin.8.gz	23
SRR5823598rbin.11.gz	24
SRR5823598rbin.12.gz	37
SRR5823598rbin.13.gz	35
SRR5823598rbin.14.gz	167
SRR5823598rbin.15.gz	10
SRR5823598rbin.16.gz	123
SRR5823598rbin.17.gz	17
SRR5823598rbin.1.gz	48
SRR5823598rbin.20.gz	13
SRR5823598rbin.22.gz	129
SRR5823598rbin.24.gz	69
SRR5823598rbin.25.gz	25
SRR5823598rbin.7.gz	68
SRR5823598rbin.9.gz	92
SRR5823599rbin.3.gz	251
SRR5823599rbin.7.gz	59
SRR5823600rbin.11.gz	46
SRR5823600rbin.14.gz	137
SRR5823600rbin.15.gz	336
SRR5823600rbin.16.gz	29
SRR5823600rbin.17.gz	209
SRR5823600rbin.19.gz	81
SRR5823600rbin.20.gz	85
SRR5823600rbin.22.gz	68
SRR5823600rbin.23.gz	26
SRR5823600rbin.3.gz	150
SRR5823600rbin.5.gz	43
SRR5823600rbin.7.gz	114
SRR5823600rbin.8.gz	127
SRR5823601rbin.13.gz	141
SRR5823601rbin.14.gz	185
SRR5823601rbin.15.gz	170
SRR5823601rbin.18.gz	80
SRR5823601rbin.1.gz	185
SRR5823601rbin.5.gz	66
SRR5823601rbin.9.gz	54
SRR5823602rbin.11.gz	259
SRR5823602rbin.16.gz	89
SRR5823602rbin.18.gz	69
SRR5823602rbin.1.gz	63
SRR5823602rbin.21.gz	181
SRR5823602rbin.22.gz	79
SRR5823602rbin.23.gz	58
SRR5823602rbin.24.gz	189
SRR5823602rbin.2.gz	82
SRR5823602rbin.3.gz	232
SRR5823602rbin.4.gz	70
SRR5823602rbin.6.gz	127
SRR5823602rbin.7.gz	168
SRR5823602rbin.8.gz	248
SRR5823603rbin.10.gz	108
SRR5823603rbin.14.gz	98
SRR5823603rbin.15.gz	70
SRR5823603rbin.16.gz	64
SRR5823603rbin.18.gz	76
SRR5823603rbin.19.gz	68
SRR5823603rbin.4.gz	72
SRR5823603rbin.8.gz	90
SRR5823603rbin.9.gz	126
SRR5823604rbin.10.gz	62
SRR5823604rbin.2.gz	57
SRR5823604rbin.3.gz	31
SRR5823604rbin.4.gz	20
SRR5823604rbin.9.gz	42
SRR5823605rbin.10.gz	101
SRR5823605rbin.3.gz	38
SRR5823605rbin.4.gz	31
SRR5823605rbin.8.gz	35
SRR5823605rbin.9.gz	206
SRR5823607rbin.10.gz	131
SRR5823607rbin.11.gz	101
SRR5823607rbin.13.gz	32
SRR5823607rbin.15.gz	77
SRR5823607rbin.16.gz	16
SRR5823607rbin.17.gz	77
SRR5823607rbin.1.gz	34
SRR5823607rbin.2.gz	51
SRR5823607rbin.4.gz	15
SRR5823607rbin.8.gz	32
SRR5823609rbin.11.gz	42
SRR5823609rbin.3.gz	279
SRR5823610rbin.2.gz	10
SRR5823612rbin.13.gz	154
SRR5823612rbin.14.gz	21
SRR5823612rbin.15.gz	129
SRR5823612rbin.1.gz	19
SRR5823612rbin.4.gz	140
SRR5823612rbin.6.gz	22
SRR5823612rbin.7.gz	83
SRR5823612rbin.8.gz	30
SRR5823612rbin.9.gz	54
SRR5829540rbin.1.gz	123
SRR5829540rbin.7.gz	37
SRR5829542rbin.10.gz	72
SRR5829542rbin.15.gz	67
SRR5829542rbin.16.gz	40
SRR5829542rbin.4.gz	93
SRR5829542rbin.9.gz	93
SRR5829543rbin.10.gz	80
SRR5829543rbin.17.gz	64
SRR5829543rbin.18.gz	37
SRR5829543rbin.19.gz	122
SRR5829543rbin.1.gz	63
SRR5829543rbin.20.gz	40
SRR5829543rbin.26.gz	166
SRR5829543rbin.28.gz	28
SRR5829543rbin.8.gz	65
SRR5829543rbin.9.gz	77
SRR5829544rbin.2.gz	127
SRR5829544rbin.5.gz	255
SRR5829545rbin.10.gz	27
SRR5829545rbin.13.gz	55
SRR5829545rbin.17.gz	16
SRR5829545rbin.19.gz	25
SRR5829545rbin.22.gz	53
SRR5829545rbin.25.gz	86
SRR5829545rbin.31.gz	60
SRR5829545rbin.8.gz	16
SRR5829546rbin.13.gz	54
SRR5829546rbin.1.gz	111
SRR5829546rbin.5.gz	49
SRR5829548rbin.15.gz	62
SRR5829548rbin.9.gz	153
SRR5829550rbin.13.gz	110
SRR5829696rbin.11.gz	39
SRR5829696rbin.12.gz	55
SRR5829696rbin.13.gz	24
SRR5829696rbin.14.gz	38
SRR5829696rbin.15.gz	82
SRR5829696rbin.16.gz	37
SRR5829696rbin.17.gz	21
SRR5829696rbin.19.gz	164
SRR5829696rbin.1.gz	78
SRR5829696rbin.21.gz	72
SRR5829696rbin.23.gz	32
SRR5829696rbin.24.gz	62
SRR5829696rbin.25.gz	90
SRR5829696rbin.26.gz	41
SRR5829696rbin.29.gz	22
SRR5829696rbin.2.gz	21
SRR5829696rbin.30.gz	30
SRR5829696rbin.33.gz	78
SRR5829696rbin.5.gz	72
SRR5829696rbin.7.gz	88
SRR5829696rbin.9.gz	52
SRR5855411rbin.10.gz	114
SRR5855411rbin.11.gz	43
SRR5855411rbin.4.gz	65
SRR5855411rbin.5.gz	108
SRR5855411rbin.6.gz	58
SRR5855411rbin.8.gz	69
SRR5855412rbin.1.gz	117
SRR5855413rbin.14.gz	51
SRR5855413rbin.1.gz	75
SRR5855413rbin.2.gz	148
SRR5855413rbin.4.gz	101
SRR5855413rbin.7.gz	73
SRR5855413rbin.9.gz	141
SRR5855414rbin.6.gz	18
SRR5855415rbin.1.gz	45
SRR5855415rbin.8.gz	78
SRR5855415rbin.9.gz	113
SRR5855416rbin.10.gz	93
SRR5855416rbin.11.gz	52
SRR5855416rbin.12.gz	92
SRR5855416rbin.13.gz	83
SRR5855416rbin.1.gz	37
SRR5855416rbin.2.gz	65
SRR5855416rbin.4.gz	47
SRR5855416rbin.5.gz	73
SRR5855416rbin.6.gz	285
SRR5855416rbin.8.gz	47
SRR5855416rbin.9.gz	169
SRR5855417rbin.11.gz	123
SRR5855417rbin.12.gz	15
SRR5855417rbin.3.gz	72
SRR5855417rbin.4.gz	23
SRR5855417rbin.5.gz	91
SRR5855417rbin.6.gz	80
SRR5855417rbin.7.gz	46
SRR5855417rbin.9.gz	103
SRR5855418rbin.2.gz	67
SRR5855418rbin.6.gz	249
SRR5855419rbin.10.gz	44
SRR5855419rbin.1.gz	150
SRR5855419rbin.7.gz	45
SRR5855420rbin.10.gz	48
SRR5855420rbin.11.gz	58
SRR5855420rbin.12.gz	154
SRR5855420rbin.13.gz	207
SRR5855420rbin.16.gz	76
SRR5855420rbin.17.gz	149
SRR5855420rbin.3.gz	37
SRR5855420rbin.6.gz	34
SRR5855420rbin.7.gz	278
SRR5855420rbin.8.gz	208
SRR5855420rbin.9.gz	69
SRR5855421rbin.4.gz	101
SRR5855421rbin.5.gz	167
SRR5855421rbin.7.gz	43
SRR5855421rbin.8.gz	106
SRR5855421rbin.9.gz	15
SRR5855423rbin.11.gz	48
SRR5855423rbin.2.gz	56
SRR5855423rbin.5.gz	67
SRR5855423rbin.8.gz	37
SRR5855423rbin.9.gz	95
SRR5855426rbin.11.gz	35
SRR5855426rbin.16.gz	98
SRR5855426rbin.2.gz	105
SRR5855426rbin.3.gz	13
SRR5855426rbin.4.gz	48
SRR5855426rbin.6.gz	85
SRR5855426rbin.8.gz	37
SRR5855426rbin.9.gz	44
SRR5855427rbin.11.gz	34
SRR5855427rbin.1.gz	152
SRR5855427rbin.2.gz	73
SRR5855427rbin.4.gz	47
SRR5855427rbin.5.gz	111
SRR5855427rbin.6.gz	92
SRR5855427rbin.9.gz	152
SRR5855428rbin.10.gz	76
SRR5855428rbin.11.gz	44
SRR5855428rbin.2.gz	158
SRR5855428rbin.6.gz	96
SRR5855428rbin.9.gz	110
SRR5855429rbin.1.gz	51
SRR5855430rbin.10.gz	65
SRR5855430rbin.1.gz	67
SRR5855430rbin.4.gz	55
SRR5855430rbin.6.gz	83
SRR5855430rbin.7.gz	143
SRR5855430rbin.8.gz	63
SRR5855430rbin.9.gz	299
SRR5855432rbin.12.gz	84
SRR5855432rbin.14.gz	51
SRR5855432rbin.15.gz	57
SRR5855432rbin.16.gz	46
SRR5855432rbin.17.gz	62
SRR5855432rbin.3.gz	99
SRR5855432rbin.4.gz	30
SRR5855432rbin.5.gz	107
SRR5855432rbin.6.gz	39
SRR5855432rbin.7.gz	35
SRR5855432rbin.8.gz	168
SRR5855433rbin.12.gz	215
SRR5855433rbin.16.gz	36
SRR5855433rbin.18.gz	82
SRR5855433rbin.19.gz	132
SRR5855433rbin.1.gz	32
SRR5855433rbin.20.gz	54
SRR5855433rbin.2.gz	59
SRR5855433rbin.3.gz	146
SRR5855433rbin.4.gz	74
SRR5855433rbin.5.gz	225
SRR5855433rbin.7.gz	296
SRR5855433rbin.8.gz	95
SRR5855433rbin.9.gz	222
SRR5855434rbin.10.gz	102
SRR5855434rbin.11.gz	118
SRR5855434rbin.12.gz	53
SRR5855434rbin.13.gz	118
SRR5855434rbin.16.gz	37
SRR5855434rbin.17.gz	81
SRR5855434rbin.1.gz	86
SRR5855434rbin.2.gz	79
SRR5855434rbin.4.gz	268
SRR5855434rbin.7.gz	107
SRR5855434rbin.8.gz	96
SRR5855435rbin.12.gz	58
SRR5855435rbin.1.gz	144
SRR5855435rbin.3.gz	34
SRR5855435rbin.4.gz	59
SRR5855435rbin.5.gz	125
SRR5855435rbin.6.gz	43
SRR5855435rbin.7.gz	98
SRR5855435rbin.9.gz	42
SRR5855436rbin.10.gz	114
SRR5855436rbin.11.gz	31
SRR5855436rbin.12.gz	62
SRR5855436rbin.14.gz	205
SRR5855436rbin.15.gz	135
SRR5855436rbin.3.gz	100
SRR5855436rbin.4.gz	53
SRR5855436rbin.5.gz	154
SRR5855436rbin.6.gz	262
SRR5855436rbin.8.gz	133
SRR5855437rbin.1.gz	91
SRR5855438rbin.12.gz	89
SRR5855438rbin.13.gz	99
SRR5855438rbin.15.gz	49
SRR5855438rbin.16.gz	31
SRR5855438rbin.1.gz	145
SRR5855438rbin.4.gz	123
SRR5855438rbin.5.gz	83
SRR5855438rbin.6.gz	54
SRR5855438rbin.8.gz	242
SRR5855438rbin.9.gz	39
SRR5877196rbin.10.gz	222
SRR5877196rbin.11.gz	59
SRR5877196rbin.12.gz	128
SRR5877196rbin.14.gz	174
SRR5877196rbin.15.gz	35
SRR5877196rbin.16.gz	50
SRR5877196rbin.1.gz	142
SRR5877196rbin.20.gz	69
SRR5877196rbin.21.gz	203
SRR5877196rbin.22.gz	91
SRR5877196rbin.23.gz	73
SRR5877196rbin.3.gz	64
SRR5877196rbin.4.gz	86
SRR5877196rbin.5.gz	295
SRR5877196rbin.6.gz	37
SRR5877196rbin.7.gz	100
SRR5877196rbin.8.gz	18
SRR5877197rbin.1.gz	99
SRR5877197rbin.2.gz	62
SRR5877197rbin.3.gz	34
SRR5877197rbin.4.gz	68
SRR5877197rbin.5.gz	54
SRR5877197rbin.6.gz	56
SRR5877197rbin.7.gz	46
SRR5881195rbin.1.gz	25
SRR5881275rbin.1.gz	35
SRR5881275rbin.2.gz	6
SRR5881293rbin.6.gz	30
SRR5881394rbin.1.gz	60
SRR5881394rbin.3.gz	60
SRR5881394rbin.4.gz	36
SRR5881396rbin.13.gz	19
SRR5882672rbin.10.gz	56
SRR5882672rbin.11.gz	80
SRR5882672rbin.12.gz	112
SRR5882672rbin.14.gz	99
SRR5882672rbin.1.gz	48
SRR5882672rbin.3.gz	62
SRR5882672rbin.4.gz	33
SRR5882672rbin.5.gz	60
SRR5882672rbin.6.gz	6
SRR5882672rbin.9.gz	110
SRR5882724rbin.10.gz	60
SRR5882724rbin.11.gz	62
SRR5882724rbin.12.gz	61
SRR5882724rbin.14.gz	37
SRR5882724rbin.15.gz	67
SRR5882724rbin.17.gz	126
SRR5882724rbin.18.gz	47
SRR5882724rbin.19.gz	55
SRR5882724rbin.20.gz	76
SRR5882724rbin.21.gz	118
SRR5882724rbin.22.gz	94
SRR5882724rbin.23.gz	84
SRR5882724rbin.24.gz	44
SRR5882724rbin.27.gz	171
SRR5882724rbin.28.gz	53
SRR5882724rbin.29.gz	68
SRR5882724rbin.2.gz	47
SRR5882724rbin.5.gz	36
SRR5882724rbin.6.gz	39
SRR5882724rbin.8.gz	18
SRR5882724rbin.9.gz	81
SRR5882757rbin.1.gz	72
SRR5882757rbin.2.gz	57
SRR5882757rbin.3.gz	70
SRR5882757rbin.5.gz	36
SRR5882762rbin.2.gz	52
SRR5882762rbin.3.gz	56
SRR5882762rbin.6.gz	30
SRR5882762rbin.7.gz	37
SRR5915952rbin.2.gz	55
SRR5915952rbin.3.gz	71
SRR5915956rbin.1.gz	63
SRR5915956rbin.2.gz	37
SRR5915956rbin.3.gz	64
SRR5915956rbin.4.gz	65
SRR5915997rbin.1.gz	0
SRR5915997rbin.2.gz	117
SRR5915997rbin.3.gz	12
SRR5915997rbin.4.gz	124
SRR5915997rbin.5.gz	40
SRR5915997rbin.6.gz	30
SRR5915997rbin.7.gz	26
SRR5916035rbin.1.gz	41
SRR5916035rbin.2.gz	53
SRR5916035rbin.3.gz	25
SRR5916035rbin.4.gz	36
