Name	Completeness	Contamination	Completeness_Model_Used	Translation_Table_Used	Coding_Density	Contig_N50	Average_Gene_Length	Genome_Size	GC_Content	Total_Coding_Sequences	Additional_Notes
11p_S11_bin.13	44.74	1.91	Gradient Boost (General Model)	11	0.891	13254	317.4855743059336	1958441	0.67	1837	None
11p_S11_bin.24	22.3	0.03	Neural Network (Specific Model)	11	0.926	6159	257.30103092783503	403448	0.69	485	None
11p_S11_bin.32	32.68	1.12	Neural Network (Specific Model)	11	0.914	3764	292.69169960474306	969535	0.45	1012	None
11p_S11_bin.50	26.84	0.0	Neural Network (Specific Model)	11	0.891	6848	273.71800947867297	776508	0.58	844	None
11p_S11_bin.55	21.23	0.0	Neural Network (Specific Model)	11	0.928	5478	294.14570230607967	905239	0.67	954	None
11p_S11_bin.70	42.54	1.02	Neural Network (Specific Model)	11	0.876	6175	265.7328660436137	1164819	0.55	1284	None
11p_S11_bin.80	45.91	1.61	Neural Network (Specific Model)	11	0.919	6454	277.99666825321276	1902885	0.67	2101	None
11p_S11_bin.82	41.87	1.23	Gradient Boost (General Model)	11	0.88	13374	315.96092796092796	1759776	0.67	1638	None
130_merged	37.3	1.41	Neural Network (Specific Model)	11	0.931	2997	253.32838589981446	1754767	0.71	2156	None
142_merged	50.6	0.38	Gradient Boost (General Model)	11	0.891	13522	281.15533980582524	1458255	0.65	1545	None
143_merged	49.16	0.0	Neural Network (Specific Model)	11	0.9	16408	288.74051069703245	1390344	0.65	1449	None
146_merged	37.19	0.38	Neural Network (Specific Model)	11	0.889	12885	283.0915300546448	1394113	0.69	1464	None
149_merged	80.81	0.04	Neural Network (Specific Model)	11	0.881	83655	318.7433142857143	4743527	0.6	4375	None
16p_S16_bin.13	34.89	0.14	Neural Network (Specific Model)	11	0.874	11348	316.19449225473323	1258143	0.6	1162	None
16p_S16_bin.26	46.51	0.62	Gradient Boost (General Model)	11	0.906	2819	256.5223260643821	816557	0.59	963	None
16p_S16_bin.62	48.4	0.7	Neural Network (Specific Model)	11	0.886	27665	358.2957038391225	2652027	0.65	2188	None
176_merged	70.35	0.0	Gradient Boost (General Model)	11	0.898	11861	307.0033482142857	1836788	0.36	1792	None
17_S43_bin.6	99.64	0.48	Gradient Boost (General Model)	4	0.892	13907	291.6891495601173	1002280	0.43	1023	None
17_S43_bin.7	48.59	1.7	Neural Network (Specific Model)	11	0.91	4492	272.34689389774604	1630310	0.6	1819	None
183_merged	52.28	2.48	Gradient Boost (General Model)	11	0.925	16651	281.6500802568218	1135010	0.67	1246	None
191_merged	46.98	0.06	Gradient Boost (General Model)	11	0.902	16600	294.26666666666665	1639388	0.7	1680	None
19_S45_bin.5	97.97	0.08	Gradient Boost (General Model)	11	0.893	24968	292.82608695652175	2710149	0.66	2760	None
20_S46_bin.7	49.24	0.63	Neural Network (Specific Model)	11	0.898	7797	271.9508975712777	1716664	0.67	1894	None
20_S46_bin.8	100.0	0.26	Gradient Boost (General Model)	11	0.917	540148	307.22222222222223	830799	0.46	828	None
23_S49_bin.1	33.55	0.36	Neural Network (Specific Model)	11	0.896	4418	255.2516891891892	1009698	0.69	1184	None
23_S49_bin.3	41.39	2.36	Neural Network (Specific Model)	11	0.9	4774	268.546786004882	2197269	0.63	2458	None
32_merged	89.65	0.33	Neural Network (Specific Model)	11	0.819	68975	239.85684860968075	1701738	0.48	1942	None
4p_S4_bin.8	29.38	0.01	Neural Network (Specific Model)	11	0.901	3092	248.20322085889572	1075567	0.64	1304	None
ERR4660997rbin.2	55.93	3.66	Neural Network (Specific Model)	11	0.851	3854	250.5481626828398	4937348	0.62	5606	None
GCA_003131305.1_20120500_P38_genomic	96.89	5.24	Gradient Boost (General Model)	11	0.858	31249	307.96635140050927	5904282	0.58	5498	None
GCA_003131705.1_20120500_P38_genomic	81.17	3.04	Gradient Boost (General Model)	11	0.857	12309	260.45603130755063	3940173	0.58	4344	None
GCA_003132105.1_20120500_P28_genomic	79.11	5.55	Gradient Boost (General Model)	11	0.827	7563	241.96476457748676	2805127	0.44	3207	None
GCA_003132645.1_20120500_P19_genomic	87.95	2.02	Gradient Boost (General Model)	11	0.87	12346	281.1273106738223	3243211	0.69	3354	None
GCA_003133205.1_20120500_P28_genomic	90.97	10.37	Gradient Boost (General Model)	11	0.869	24830	317.32107320540155	6149698	0.6	5628	None
GCA_003133245.1_20120500_P28_genomic	98.58	0.25	Gradient Boost (General Model)	11	0.913	93698	324.4534925805284	2938909	0.58	2763	None
GCA_003134915.1_20111000_P3D_genomic	98.0	0.44	Gradient Boost (General Model)	11	0.917	141634	328.2580359775877	3634423	0.62	3391	None
GCA_003136375.1_20111000_P1D_genomic	91.23	3.81	Gradient Boost (General Model)	11	0.864	14901	324.6542283512472	5547843	0.6	4931	None
GCA_003136415.1_20111000_P1D_genomic	91.41	2.59	Gradient Boost (General Model)	11	0.888	35839	286.55093099671416	2642691	0.62	2739	None
GCA_003139575.1_20110800_P2D_genomic	77.22	2.28	Gradient Boost (General Model)	11	0.911	11785	256.0194366197183	2979172	0.68	3550	None
GCA_003141595.1_20120800_E2X_genomic	97.73	1.91	Gradient Boost (General Model)	11	0.911	133211	368.7387211944174	3735678	0.42	3081	None
GCA_003142515.1_20120800_E2X_genomic	85.04	0.74	Gradient Boost (General Model)	11	0.906	21672	331.00190912562044	2864732	0.44	2619	None
GCA_003142575.1_20120800_E2X_genomic	98.86	1.81	Gradient Boost (General Model)	11	0.894	35391	320.92244764397907	3284985	0.43	3056	None
GCA_003151155.1_20120700_P3D_genomic	93.1	5.33	Neural Network (Specific Model)	11	0.872	32176	302.1679985470396	5709437	0.57	5506	None
GCA_003151535.1_20120700_P3D_genomic	95.53	1.45	Neural Network (Specific Model)	11	0.804	32533	227.71967871485944	3163878	0.33	3735	None
GCA_003151655.1_20120700_P3D_genomic	80.27	2.56	Neural Network (Specific Model)	11	0.88	13050	263.68799576943417	3386394	0.51	3782	None
GCA_003151735.1_20120700_P3D_genomic	97.76	5.36	Gradient Boost (General Model)	11	0.808	65930	231.0553793608197	3506105	0.42	4099	None
GCA_003151895.1_20120700_P3D_genomic	74.46	1.9	Gradient Boost (General Model)	11	0.886	13605	274.77622820919174	2924708	0.68	3155	None
GCA_003152135.1_20120700_P3D_genomic	99.52	1.26	Neural Network (Specific Model)	11	0.811	21078	232.61194316436251	4462745	0.57	5208	None
GCA_003152145.1_20120700_P3D_genomic	55.54	1.14	Gradient Boost (General Model)	11	0.887	10453	277.7761627906977	3863453	0.57	4128	None
GCA_003152455.1_20120700_P2D_genomic	96.27	2.24	Gradient Boost (General Model)	11	0.844	22465	267.80431740955424	4752134	0.62	5003	None
GCA_003154295.1_20120700_E2X_genomic	69.43	2.37	Gradient Boost (General Model)	11	0.878	17366	270.02902240325864	3612511	0.68	3928	None
GCA_003158575.1_20120600_E2D_genomic	85.06	2.38	Gradient Boost (General Model)	11	0.887	49464	317.7118245888802	2739323	0.68	2554	None
GCA_003158615.1_20120600_E2D_genomic	93.58	6.0	Gradient Boost (General Model)	11	0.842	16644	261.05755208333335	3556202	0.49	3840	None
GCA_003162235.1_20100900_E1D_genomic	77.43	0.4	Gradient Boost (General Model)	11	0.861	28071	265.08329226219814	1867748	0.66	2029	None
GCA_003162595.1_20100900_E3D_genomic	85.58	4.66	Gradient Boost (General Model)	11	0.879	13657	306.80991041433373	3731013	0.38	3572	None
GCA_003164695.1_20120700_S1D_genomic	73.89	2.93	Gradient Boost (General Model)	11	0.872	10518	278.2132352941176	3889917	0.57	4080	None
GCA_003165275.1_20120700_S1D_genomic	91.27	6.18	Gradient Boost (General Model)	11	0.865	18265	292.54512120594825	4969099	0.68	4909	None
GCA_003166755.1_20110700_S1D_genomic	84.99	1.8	Gradient Boost (General Model)	11	0.866	15945	314.31831109166484	4963643	0.62	4571	None
GCA_003167375.1_20110700_P2D_genomic	89.42	3.5	Neural Network (Specific Model)	11	0.909	23108	340.0724159597864	7126901	0.63	6366	None
GCA_003167925.1_20110700_S1D_genomic	93.22	2.47	Gradient Boost (General Model)	11	0.877	36508	314.86427875243663	4408130	0.57	4104	None
GCA_003168085.1_20110700_P2D_genomic	86.53	2.2	Gradient Boost (General Model)	11	0.92	21401	323.8740111338998	3595185	0.67	3413	None
GCA_003169655.1_20110800_P1M_genomic	81.46	0.4	Gradient Boost (General Model)	11	0.892	31482	287.29023898646705	3344747	0.69	3473	None
GCA_003169695.1_20110800_P1D_genomic	94.38	1.77	Gradient Boost (General Model)	11	0.886	88166	304.5738071570577	4138170	0.57	4024	None
GCA_003170175.1_20110800_P1M_genomic	96.01	9.08	Gradient Boost (General Model)	11	0.851	37661	274.80669020003364	5752549	0.59	5949	None
GCA_003170215.1_20110800_P1M_genomic	98.31	2.07	Gradient Boost (General Model)	11	0.916	136224	326.4606355568279	3725183	0.62	3493	None
GCA_003170855.1_20110800_E2D_genomic	81.35	4.19	Gradient Boost (General Model)	11	0.874	21757	295.46638418079095	3580613	0.68	3540	None
GCA_003170995.1_20110800_E1D_genomic	84.23	1.86	Gradient Boost (General Model)	11	0.868	13488	275.263523573201	1910730	0.64	2015	None
S22rbin.5	83.29	0.94	Gradient Boost (General Model)	11	0.867	8663	260.7150900900901	3998570	0.59	4440	None
S246bin.28	90.63	5.13	Gradient Boost (General Model)	4	0.724	1978	177.68172690763052	1453279	0.52	1992	None
S25rbin.15	92.01	3.47	Gradient Boost (General Model)	11	0.908	24085	290.1424418604651	3622380	0.64	3784	None
S262bin.2	97.59	3.58	Neural Network (Specific Model)	11	0.92	32864	320.8302459763134	3441016	0.72	3293	None
S3rebin.1	73.42	9.76	Neural Network (Specific Model)	11	0.909	4726	268.080276550797	4598164	0.66	5207	None
SRR10360606bin.3	87.17	5.29	Gradient Boost (General Model)	11	0.882	10596	301.7439236111111	4720328	0.61	4608	None
SRR10360644bin.11	81.04	5.87	Gradient Boost (General Model)	11	0.916	7922	302.74587869362364	6361865	0.66	6430	None
SRR10489811bin.13	37.32	5.52	Neural Network (Specific Model)	11	0.908	2347	253.34681795757277	1692753	0.66	2027	None
SRR10489811bin.14	96.82	4.34	Gradient Boost (General Model)	11	0.948	8989	310.7962572482868	3722361	0.67	3794	None
SRR10489814bin.10	89.9	3.83	Gradient Boost (General Model)	11	0.894	5406	284.54411764705884	3435546	0.63	3604	None
SRR10489814bin.17	75.48	2.94	Gradient Boost (General Model)	11	0.838	4416	230.76858392196434	2450327	0.55	2973	None
SRR10489814bin.19	65.86	2.14	Gradient Boost (General Model)	11	0.919	3990	293.3654311039484	2372441	0.39	2482	None
SRR10489814bin.7	89.89	2.91	Gradient Boost (General Model)	11	0.942	6995	290.43324638368506	3887233	0.63	4217	None
SRR10489814bin.9	61.24	0.2	Gradient Boost (General Model)	11	0.88	3455	255.49270386266093	2025839	0.35	2330	None
SRR10489815bin.10	96.29	0.58	Gradient Boost (General Model)	11	0.911	32812	351.34651898734177	2920028	0.44	2528	None
SRR10489815bin.14	100.0	4.35	Gradient Boost (General Model)	11	0.883	15021	286.845367278798	4661057	0.63	4792	None
SRR10489815bin.16	58.53	0.35	Gradient Boost (General Model)	11	0.882	5270	302.2644301924026	2081664	0.42	2027	None
SRR10489815bin.17	60.09	1.61	Gradient Boost (General Model)	11	0.838	10469	275.3736043515603	3432459	0.59	3493	None
SRR10489815bin.21	50.01	3.84	Neural Network (Specific Model)	11	0.852	9714	277.42006269592474	1243785	0.45	1276	None
SRR10489815bin.38	94.77	1.27	Gradient Boost (General Model)	11	0.908	39238	302.23053551082415	2621907	0.69	2633	None
SRR10489815bin.40	68.0	3.71	Gradient Boost (General Model)	11	0.905	6630	281.5013677217663	2381683	0.72	2559	None
SRR10489815bin.41	93.78	5.62	Gradient Boost (General Model)	11	0.886	6110	281.6011403746945	3507591	0.58	3683	None
SRR10489815bin.43	81.76	4.32	Neural Network (Specific Model)	11	0.945	13025	292.1869736103313	1648447	0.52	1781	None
SRR10489818bin.7	82.59	1.27	Gradient Boost (General Model)	11	0.939	37145	283.23697478991596	2144233	0.69	2380	None
SRR10489821bin.10	58.53	17.12	Gradient Boost (General Model)	11	0.952	2260	235.68678255165628	2255716	0.7	3049	None
SRR10489821bin.8	58.62	12.66	Gradient Boost (General Model)	11	0.944	2309	249.0783101494075	1532912	0.67	1941	None
SRR10489822bin.5	65.1	1.36	Gradient Boost (General Model)	11	0.933	8270	281.5810507409071	2012410	0.68	2227	None
SRR10489823bin.12	57.8	1.07	Neural Network (Specific Model)	11	0.855	7375	300.89939982852246	3688553	0.59	3499	None
SRR10489823bin.6	53.4	3.26	Gradient Boost (General Model)	11	0.902	2536	254.2875851231011	1611767	0.66	1909	None
SRR10489824bin.8	75.24	1.89	Gradient Boost (General Model)	11	0.91	3695	261.83725490196076	2637466	0.72	3060	None
SRR10489825bin.2	59.67	1.8	Gradient Boost (General Model)	11	0.925	5020	274.840040753948	1745479	0.69	1963	None
SRR10489826bin.10	91.46	0.34	Gradient Boost (General Model)	11	0.899	19053	286.59921607055367	1948746	0.66	2041	None
SRR10489828bin.11	53.39	0.77	Gradient Boost (General Model)	11	0.876	3978	273.79912472647703	2139423	0.57	2285	None
SRR10489828bin.23	97.53	1.56	Gradient Boost (General Model)	11	0.929	74743	304.91795561533286	4382063	0.65	4461	None
SRR10489831bin.5	87.25	2.34	Neural Network (Specific Model)	11	0.87	11109	277.94809623034666	5053945	0.64	5279	None
SRR10489831bin.7	59.48	5.39	Neural Network (Specific Model)	11	0.857	4295	254.89821838066678	5050516	0.61	5669	None
SRR10489833bin.10	66.8	3.41	Gradient Boost (General Model)	11	0.905	3167	247.8086500655308	1876809	0.6	2289	None
SRR10489833bin.18	73.42	2.87	Gradient Boost (General Model)	11	0.868	3831	258.794614902943	2851835	0.66	3194	None
SRR10489833bin.32	58.25	6.01	Gradient Boost (General Model)	11	0.906	5431	271.44822557122023	1846612	0.56	2057	None
SRR10489833bin.37	56.19	7.72	Gradient Boost (General Model)	11	0.891	8221	299.9314456035768	2029437	0.54	2013	None
SRR10489834bin.16	96.19	0.14	Gradient Boost (General Model)	11	0.921	52700	310.4498941425547	2860010	0.67	2834	None
SRR10489834bin.33	81.98	0.55	Gradient Boost (General Model)	11	0.901	10424	288.04110559886607	1348052	0.57	1411	None
SRR10489834bin.7	79.69	5.23	Gradient Boost (General Model)	11	0.876	8630	291.26488095238096	2340692	0.67	2352	None
SRR10489839bin.1	95.57	3.64	Gradient Boost (General Model)	11	0.938	7754	283.12747252747255	3699230	0.67	4095	None
SRR10489839bin.8	63.35	3.71	Gradient Boost (General Model)	11	0.954	8823	271.01907216494845	1647131	0.7	1940	None
SRR10861768bin.2	72.46	13.73	Gradient Boost (General Model)	11	0.916	48630	312.27311827956987	2846696	0.71	2790	None
SRR10954970bin.7	90.51	1.53	Neural Network (Specific Model)	11	0.875	48832	318.95079513564076	5834914	0.59	5345	None
SRR11031422bin.13	89.27	7.2	Neural Network (Specific Model)	11	0.912	21496	316.62578379734134	4146490	0.64	3987	None
SRR1157616rbin.1	75.29	6.22	Gradient Boost (General Model)	11	0.923	4365	257.1013734466972	2552698	0.64	3058	None
SRR11672840bin.20	86.31	5.48	Gradient Boost (General Model)	11	0.907	10060	281.9883903357389	2967448	0.63	3187	None
SRR11674063bin.29	88.31	1.69	Gradient Boost (General Model)	11	0.953	27460	286.28117607299765	2658439	0.71	2959	None
SRR11678605bin.20	76.54	7.55	Neural Network (Specific Model)	11	0.853	13901	281.1553941908714	4757877	0.63	4820	None
SRR11678605bin.4	81.47	5.76	Gradient Boost (General Model)	11	0.874	8267	274.2456533931576	3354185	0.64	3566	None
SRR11743025bin.14	99.07	3.6	Neural Network (Specific Model)	11	0.836	29104	260.4043674698795	3710873	0.57	3984	None
SRR11833492bin.29	74.73	18.89	Neural Network (Specific Model)	11	0.877	6648	265.2192048012003	6039617	0.63	6665	None
SRR11833507bin.22	100.0	6.73	Gradient Boost (General Model)	11	0.898	36694	326.6412789186379	4194323	0.57	3847	None
SRR11833744bin.13	92.72	0.59	Gradient Boost (General Model)	11	0.888	101806	297.28811227297746	3645855	0.63	3634	None
SRR11836440bin.55	95.65	4.48	Gradient Boost (General Model)	11	0.931	75921	322.3600088672135	4677312	0.7	4511	None
SRR11842108bin.17	95.06	3.5	Neural Network (Specific Model)	11	0.895	20256	295.9362777411558	4508602	0.69	4551	None
SRR12060215bin.5	83.74	3.23	Gradient Boost (General Model)	11	0.905	4717	256.7948038176034	3206688	0.66	3772	None
SRR12277191bin.9	95.1	5.13	Gradient Boost (General Model)	11	0.891	34548	324.83329277196395	4488863	0.56	4109	None
SRR12277196bin.3	92.98	4.42	Gradient Boost (General Model)	11	0.922	12305	301.61901528013584	2881084	0.61	2945	None
SRR12277197bin.2	54.86	2.08	Gradient Boost (General Model)	11	0.905	2695	240.6847782660807	1993727	0.61	2503	None
SRR12277198bin.3	74.59	0.26	Gradient Boost (General Model)	11	0.922	4875	267.0569762225213	1931815	0.7	2229	None
SRR12277198bin.4	97.49	2.27	Gradient Boost (General Model)	11	0.921	65606	291.4922084900591	3521374	0.65	3722	None
SRR12277200bin.7	99.94	2.5	Gradient Boost (General Model)	11	0.923	34599	291.8369365225391	4116991	0.69	4348	None
SRR12347921bin.3	99.98	1.15	Neural Network (Specific Model)	11	0.793	17161	249.386195783537	7009913	0.43	7447	None
SRR12377070bin.3	99.31	0.25	Gradient Boost (General Model)	11	0.881	240764	305.5470901821413	4680724	0.66	4502	None
SRR12659391bin.24	52.03	3.25	Neural Network (Specific Model)	11	0.873	27409	290.83632286995515	3115263	0.63	3122	None
SRR12917118bin.14	78.92	3.98	Neural Network (Specific Model)	11	0.871	45627	297.27673469387753	3757490	0.63	3675	None
SRR1586264rbin.1	96.05	4.42	Gradient Boost (General Model)	11	0.897	19242	292.4986100581248	3862562	0.67	3957	None
SRR1586269rbin.19	92.77	3.1	Gradient Boost (General Model)	11	0.922	30923	293.14156378600825	3465729	0.67	3645	None
SRR1586269rbin.24	96.56	4.82	Gradient Boost (General Model)	11	0.874	18414	305.1098679383712	5700696	0.71	5452	None
SRR1586270rbin.25	99.99	0.32	Neural Network (Specific Model)	11	0.913	51237	320.2609693877551	4118319	0.6	3920	None
SRR1586272rbin.6	82.22	7.69	Gradient Boost (General Model)	11	0.932	9062	269.0458624127617	2595745	0.67	3009	None
SRR1586279rbin.14	75.49	3.14	Gradient Boost (General Model)	11	0.943	4880	255.38847117794487	2259974	0.71	2793	None
SRR1586279rbin.19	71.15	2.76	Gradient Boost (General Model)	11	0.92	7325	271.5109147609148	1699776	0.68	1924	None
SRR1586279rbin.36	97.9	0.85	Gradient Boost (General Model)	11	0.883	19529	327.12802252401457	6695829	0.62	6038	None
SRR1586289rbin.7	95.0	4.32	Gradient Boost (General Model)	11	0.928	11638	282.0928518791452	2466611	0.69	2714	None
SRR1586293rbin.4	86.02	8.9	Gradient Boost (General Model)	11	0.92	10442	268.6204152249135	2523407	0.69	2890	None
SRR1586301rbin.12	98.81	0.71	Gradient Boost (General Model)	11	0.897	47523	312.4685514612452	3281537	0.68	3148	None
SRR1586303rbin.3	82.28	0.25	Neural Network (Specific Model)	11	0.873	12355	266.48312078019507	2435845	0.64	2666	None
SRR1586309rbin.2	98.66	0.06	Neural Network (Specific Model)	11	0.903	495250	293.59090909090907	749814	0.47	770	None
SRR1586311rbin.6	93.72	1.74	Gradient Boost (General Model)	11	0.918	22714	310.30195325008003	3160794	0.62	3123	None
SRR1586317rbin.11	96.06	1.32	Neural Network (Specific Model)	11	0.892	98913	356.08675534991323	6204875	0.66	5187	None
SRR1586321rbin.15	88.99	2.8	Gradient Boost (General Model)	11	0.901	9970	295.0800390434358	4019033	0.56	4098	None
SRR2901746rbin.30	99.99	1.68	Neural Network (Specific Model)	11	0.877	29608	302.11718622490616	6322292	0.65	6127	None
SRR3982075rbin.1	72.36	4.03	Neural Network (Specific Model)	11	0.843	4796	250.13181192209325	4517007	0.61	5083	None
SRR3984893rbin.7	96.23	5.25	Gradient Boost (General Model)	11	0.923	9763	283.54938420671334	3806569	0.7	4141	None
SRR3984960rbin.12	90.82	5.04	Gradient Boost (General Model)	11	0.884	9854	271.77483099323973	3536138	0.69	3846	None
SRR3984960rbin.8	62.0	1.08	Gradient Boost (General Model)	11	0.861	11991	292.4931216931217	2881734	0.58	2835	None
SRR3984960rbin.9	92.46	6.87	Gradient Boost (General Model)	11	0.852	12018	259.1415805151568	5190148	0.66	5707	None
SRR3984961rbin.1	96.29	2.78	Gradient Boost (General Model)	11	0.917	35837	291.9827748199186	3041068	0.65	3193	None
SRR3984962rbin.17	96.35	2.52	Gradient Boost (General Model)	11	0.919	35129	289.0009756097561	2891864	0.66	3075	None
SRR3984963rbin.1	80.76	3.01	Gradient Boost (General Model)	11	0.829	8040	249.41527987897126	4758964	0.66	5288	None
SRR3984963rbin.10	81.28	6.28	Neural Network (Specific Model)	11	0.858	8933	266.1000551774876	5045338	0.62	5437	None
SRR3984963rbin.18	66.2	0.36	Neural Network (Specific Model)	11	0.902	6447	276.64038727524206	1993770	0.64	2169	None
SRR3984963rbin.4	81.47	2.12	Gradient Boost (General Model)	11	0.911	5606	271.7090402045085	3839315	0.7	4303	None
SRR3985190rbin.7	46.76	7.38	Gradient Boost (General Model)	11	0.903	4547	285.5762400489896	1546791	0.58	1633	None
SRR3985382rbin.2	87.66	1.19	Neural Network (Specific Model)	11	0.865	21743	290.9680426098535	4540412	0.63	4506	None
SRR3985383rbin.3	74.58	0.97	Neural Network (Specific Model)	11	0.887	5324	269.97839654344693	1898153	0.65	2083	None
SRR3985384rbin.17	49.56	2.31	Neural Network (Specific Model)	11	0.906	3846	269.8911589895988	2398899	0.61	2692	None
SRR3985384rbin.9	60.41	4.34	Gradient Boost (General Model)	11	0.875	4150	274.74156939040205	2899661	0.56	3084	None
SRR3985394rbin.4	76.12	4.63	Gradient Boost (General Model)	11	0.921	5768	272.3202793714143	3547265	0.68	4009	None
SRR3985395rbin.18	89.59	0.63	Gradient Boost (General Model)	11	0.921	8658	286.99873697505524	2951537	0.69	3167	None
SRR3985395rbin.20	95.32	0.97	Gradient Boost (General Model)	11	0.887	21144	287.49672560576295	2960362	0.65	3054	None
SRR3985395rbin.8	65.66	6.55	Gradient Boost (General Model)	11	0.854	6616	249.85474537037038	3023058	0.66	3456	None
SRR3985396rbin.14	84.19	2.94	Neural Network (Specific Model)	11	0.875	13511	279.616264814058	2340262	0.55	2447	None
SRR3985396rbin.20	92.37	1.48	Gradient Boost (General Model)	11	0.874	82876	312.903040734366	3736607	0.57	3486	None
SRR3985396rbin.25	49.66	3.17	Gradient Boost (General Model)	11	0.915	3045	248.25858951175408	1347002	0.7	1659	None
SRR3985396rbin.3	75.27	9.43	Gradient Boost (General Model)	11	0.857	5758	252.551186680836	4975480	0.66	5646	None
SRR3985396rbin.6	94.57	0.62	Gradient Boost (General Model)	11	0.844	21410	265.4401788062056	3578738	0.71	3803	None
SRR3985419rbin.1	84.98	2.75	Neural Network (Specific Model)	11	0.902	7071	258.30193661971833	1946644	0.53	2272	None
SRR3985419rbin.13	92.21	5.04	Gradient Boost (General Model)	11	0.893	9166	272.69737493808816	1845408	0.65	2019	None
SRR3985419rbin.3	44.74	10.25	Gradient Boost (General Model)	11	0.901	3398	250.5865447419987	1274398	0.67	1531	None
SRR3985419rbin.8	46.15	2.72	Gradient Boost (General Model)	11	0.802	1522	184.13738291229066	2417477	0.5	3523	None
SRR3985420rbin.3	91.16	1.36	Gradient Boost (General Model)	11	0.929	13085	294.5511111111111	1495491	0.68	1575	None
SRR3985421rbin.12	58.11	3.42	Gradient Boost (General Model)	11	0.904	4039	262.9087269815853	2174782	0.7	2498	None
SRR3985421rbin.14	64.61	7.57	Gradient Boost (General Model)	11	0.795	1645	186.62874697449266	3766498	0.45	5371	None
SRR3985424rbin.10	98.1	1.73	Neural Network (Specific Model)	11	0.834	21615	277.48923175827707	6191459	0.69	6222	None
SRR3985527rbin.9	64.89	4.5	Gradient Boost (General Model)	11	0.847	3046	262.6826675257732	2883515	0.38	3104	None
SRR3989121rbin.27	80.39	2.53	Gradient Boost (General Model)	11	0.913	28835	297.82100898410505	1413957	0.68	1447	None
SRR3989121rbin.35	47.98	1.19	Gradient Boost (General Model)	11	0.891	4548	297.6246509772637	2505981	0.62	2507	None
SRR3989121rbin.5	54.71	11.48	Gradient Boost (General Model)	11	0.917	4082	264.5090909090909	1804484	0.73	2090	None
SRR3989239rbin.17	79.16	2.04	Gradient Boost (General Model)	11	0.928	4167	277.65340649291267	1958173	0.58	2187	None
SRR3989239rbin.2	37.1	2.74	Neural Network (Specific Model)	11	0.93	3083	250.80068965517242	1170002	0.68	1450	None
SRR3989239rbin.22	92.59	1.6	Gradient Boost (General Model)	11	0.92	38644	342.46051660516605	3021311	0.44	2710	None
SRR3989239rbin.29	82.74	0.68	Neural Network (Specific Model)	11	0.844	12733	258.06891830214516	2005266	0.51	2191	None
SRR3989239rbin.31	77.18	0.22	Neural Network (Specific Model)	11	0.73	6251	247.09867751780266	1990101	0.42	1966	None
SRR3989239rbin.32	93.51	5.03	Gradient Boost (General Model)	11	0.9	9190	297.5810606060606	2613842	0.63	2640	None
SRR3989239rbin.8	75.41	4.63	Gradient Boost (General Model)	11	0.913	13051	306.19350282485874	2132949	0.64	2124	None
SRR3989254rbin.43	69.05	2.99	Gradient Boost (General Model)	11	0.888	3606	257.82465753424657	1904328	0.53	2190	None
SRR3989254rbin.5	95.35	3.35	Gradient Boost (General Model)	11	0.862	42698	292.64323189926546	2908224	0.39	2859	None
SRR3989257rbin.29	97.8	4.18	Gradient Boost (General Model)	11	0.932	5518	301.4180473372781	3274048	0.68	3380	None
SRR3989257rbin.53	71.85	6.53	Neural Network (Specific Model)	11	0.728	5870	237.85174043833263	2274251	0.41	2327	None
SRR3989257rbin.7	87.14	0.56	Gradient Boost (General Model)	11	0.909	19393	301.6440404040404	2460381	0.63	2475	None
SRR3989258rbin.23	98.7	0.63	Gradient Boost (General Model)	11	0.892	49939	309.9460949464012	3396898	0.52	3265	None
SRR3989258rbin.24	89.47	1.64	Neural Network (Specific Model)	11	0.864	31930	308.38373374476527	4849461	0.35	4537	None
SRR3989258rbin.4	80.73	4.03	Neural Network (Specific Model)	11	0.865	7807	278.2484157160963	1519597	0.4	1578	None
SRR3989258rbin.8	97.58	0.46	Gradient Boost (General Model)	11	0.881	139294	355.83686227061906	5999114	0.4	4959	None
SRR3989339rbin.13	83.79	13.5	Gradient Boost (General Model)	11	0.903	6767	280.428046989721	3797417	0.57	4086	None
SRR3990169rbin.168	86.02	2.67	Gradient Boost (General Model)	11	0.905	12649	312.2307917888563	3525959	0.65	3410	None
SRR4021130rbin.1	85.32	2.71	Gradient Boost (General Model)	11	0.895	8733	279.41488400120517	3100277	0.68	3319	None
SRR4027827rbin.2	89.35	15.58	Neural Network (Specific Model)	11	0.897	7327	273.7868184541642	7628455	0.6	8345	None
SRR4027936rbin.1	76.63	0.0	Neural Network (Specific Model)	11	0.847	5548	243.0497886331611	1829637	0.51	2129	None
SRR4027936rbin.2	62.83	3.43	Gradient Boost (General Model)	11	0.902	4869	291.8912943344081	4208285	0.65	4342	None
SRR4027936rbin.6	82.73	5.34	Gradient Boost (General Model)	11	0.884	6266	257.2218370883882	2010198	0.66	2308	None
SRR5195139rbin.3	90.99	2.83	Gradient Boost (General Model)	11	0.894	13139	283.32501188777934	3991407	0.69	4206	None
SRR5659263rbin.1	58.85	0.36	Gradient Boost (General Model)	11	0.913	2747	242.1119221411192	978359	0.7	1233	None
SRR5659263rbin.7	83.68	4.12	Gradient Boost (General Model)	11	0.898	10718	288.0074925074925	1920772	0.57	2002	None
SRR5664279rbin.18	54.09	1.02	Gradient Boost (General Model)	11	0.914	4422	276.8018757327081	1546648	0.73	1706	None
SRR5664280rbin.15	56.33	4.13	Neural Network (Specific Model)	11	0.939	7180	368.53508030431107	1389933	0.43	1183	None
SRR5664280rbin.16	65.16	3.14	Gradient Boost (General Model)	11	0.902	9239	286.08376963350787	2359006	0.7	2483	None
SRR5664280rbin.19	84.09	7.69	Gradient Boost (General Model)	11	0.891	6169	274.9280620155039	2978593	0.57	3225	None
SRR5664280rbin.7	92.9	4.28	Gradient Boost (General Model)	11	0.882	12193	298.6612092721673	6244720	0.56	6169	None
SRR5665213rbin.13	89.79	2.48	Gradient Boost (General Model)	11	0.898	28908	289.61077071912285	2991444	0.69	3101	None
SRR5665213rbin.30	91.95	4.16	Gradient Boost (General Model)	11	0.908	64472	300.6761683791846	2994072	0.63	3017	None
SRR5665647rbin.8	62.46	2.77	Gradient Boost (General Model)	11	0.916	4418	272.34763762462075	2054643	0.69	2307	None
SRR5665648rbin.6	67.0	5.83	Gradient Boost (General Model)	11	0.856	1458	219.6954425942156	1753836	0.6	2282	None
SRR5674476rbin.8	46.21	3.4	Gradient Boost (General Model)	11	0.905	3225	252.97349709114414	1293497	0.72	1547	None
SRR5712664rbin.3	88.66	3.16	Gradient Boost (General Model)	11	0.888	6171	291.5917653390743	3656960	0.57	3716	None
SRR6152564rbin.9	78.66	4.96	Gradient Boost (General Model)	11	0.852	25530	294.5166865315852	5205996	0.59	5034	None
SRR6185369rbin.16	88.69	6.72	Neural Network (Specific Model)	11	0.927	22829	308.68806744487676	4615681	0.66	4626	None
SRR6202162rbin.6	95.84	0.0	Gradient Boost (General Model)	11	0.892	22117	314.7749937359058	4219592	0.66	3991	None
SRR6202166rbin.4	78.08	3.69	Neural Network (Specific Model)	11	0.866	9476	277.67012158660555	4822174	0.64	5017	None
SRR6266850rbin.13	100.0	8.24	Gradient Boost (General Model)	11	0.903	22150	336.2384870440869	9078904	0.66	8143	None
SRR7011028rbin.3	95.67	0.79	Gradient Boost (General Model)	11	0.915	117710	303.1684143628853	3119622	0.68	3147	None
SRR7011942rbin.1	82.69	2.11	Neural Network (Specific Model)	11	0.906	5186	284.40527322985326	4422780	0.66	4703	None
SRR7026199rbin.1	73.12	4.37	Gradient Boost (General Model)	11	0.911	5393	277.68440065681443	2778894	0.69	3045	None
SRR7026314rbin.1	94.98	3.39	Gradient Boost (General Model)	11	0.867	60113	323.23604060913704	6159707	0.55	5516	None
SRR7026564rbin.3	88.97	4.63	Gradient Boost (General Model)	11	0.929	6325	293.46286990508094	3387891	0.65	3582	None
SRR7026568rbin.4	78.78	7.79	Gradient Boost (General Model)	11	0.928	7907	265.84188582424633	2670098	0.67	3118	None
SRR7097862rbin.3	88.18	1.61	Neural Network (Specific Model)	11	0.903	50400	309.38049276098553	4040666	0.7	3937	None
SRR7102015rbin.23	50.6	4.17	Gradient Boost (General Model)	11	0.915	3422	253.64236252545825	2037630	0.63	2455	None
SRR7471324rbin.2	95.15	5.18	Gradient Boost (General Model)	11	0.885	13338	287.2234948604993	3310151	0.62	3405	None
SRR8554504rbin.36	92.81	3.6	Gradient Boost (General Model)	11	0.898	43501	328.8677144728225	5025180	0.38	4581	None
SRR8676592rbin.4	99.54	3.75	Gradient Boost (General Model)	11	0.86	53053	322.81492687846696	4460715	0.59	3966	None
SRR8879134rbin.12	90.81	0.23	Gradient Boost (General Model)	11	0.952	32222	308.23072342959216	3251329	0.72	3359	None
SRR9691032rbin.2	86.75	1.54	Gradient Boost (General Model)	11	0.89	36201	289.8847272727273	2683458	0.63	2750	None
SRR9691032rbin.7	69.63	8.97	Gradient Boost (General Model)	11	0.941	3309	237.3587584215592	3131857	0.73	4156	None
SRR9691034rbin.6	75.68	3.95	Gradient Boost (General Model)	11	0.88	4689	276.55986316989737	3300764	0.57	3508	None
SRR9691046rbin.21	73.03	4.05	Neural Network (Specific Model)	11	0.905	4676	267.26363636363635	1848335	0.6	2090	None
SRR9691050rbin.1	67.56	6.81	Neural Network (Specific Model)	11	0.901	2752	251.63445712768782	3151466	0.68	3767	None
11p_S11_bin.29	25.95	0.82	Neural Network (Specific Model)	11	0.915	6033	262.9544910179641	718727	0.69	835	None
11p_S11_bin.30	44.35	1.43	Gradient Boost (General Model)	11	0.908	7988	281.81917211328977	1705247	0.69	1836	None
11p_S11_bin.40	31.9	0.01	Neural Network (Specific Model)	11	0.888	9046	273.33011789924973	858553	0.58	933	None
11p_S11_bin.46	60.54	1.67	Gradient Boost (General Model)	11	0.898	3656	260.93907083015995	1142522	0.59	1313	None
11p_S11_bin.59	27.15	1.36	Neural Network (Specific Model)	11	0.912	4358	255.8615847542628	837596	0.68	997	None
11p_S11_bin.72	35.67	2.8	Neural Network (Specific Model)	11	0.916	3853	259.53282588011416	890758	0.53	1051	None
125_merged	82.8	0.07	Neural Network (Specific Model)	11	0.919	25146	295.23120525059664	3222926	0.68	3352	None
126_merged	72.33	0.15	Neural Network (Specific Model)	11	0.889	10159	288.2126451612903	3760939	0.58	3875	None
15_S41_bin.5	74.42	0.11	Neural Network (Specific Model)	11	0.865	15789	291.27829523003106	3570544	0.58	3543	None
162_merged	56.85	1.49	Neural Network (Specific Model)	11	0.906	12246	283.12757973733585	1993455	0.68	2132	None
163_merged	70.37	1.27	Neural Network (Specific Model)	11	0.894	16097	273.3915181315304	1488297	0.53	1627	None
16p_S16_bin.1	30.13	0.12	Neural Network (Specific Model)	11	0.92	2993	282.9451395572666	956784	0.45	1039	None
16p_S16_bin.16	39.47	0.03	Neural Network (Specific Model)	11	0.886	39510	356.3379769836463	1990056	0.64	1651	None
16p_S16_bin.38	53.88	0.11	Neural Network (Specific Model)	11	0.913	6999	288.18664477285165	1727318	0.67	1827	None
17p_S17_bin.4	81.1	0.69	Gradient Boost (General Model)	11	0.885	5743	286.514131897712	2159825	0.72	2229	None
18_S44_bin.10	72.62	1.26	Gradient Boost (General Model)	11	0.89	6114	274.2086878638603	2059168	0.6	2233	None
18_S44_bin.4	90.98	1.62	Gradient Boost (General Model)	11	0.905	8861	297.52936276551435	2363296	0.59	2401	None
20_S46_bin.5	82.41	2.01	Gradient Boost (General Model)	11	0.902	7646	284.0143540669856	2362919	0.71	2508	None
23_S49_bin.10	82.53	0.18	Gradient Boost (General Model)	11	0.921	5863	267.8328530259366	604087	0.46	694	None
23_S49_bin.13	74.54	2.14	Gradient Boost (General Model)	11	0.879	6351	269.1343830098865	2502557	0.6	2731	None
23_S49_bin.14	34.64	0.37	Neural Network (Specific Model)	11	0.88	2955	249.73426853707414	2119655	0.59	2495	None
23_S49_bin.8	80.7	2.84	Neural Network (Specific Model)	11	0.875	6891	282.97614678899083	5804319	0.59	5995	None
23_S49_bin.9	24.03	0.21	Neural Network (Specific Model)	11	0.904	3910	262.7488494411571	1323469	0.63	1521	None
5_S31_bin.10	50.29	0.45	Gradient Boost (General Model)	11	0.924	5758	269.85873015873017	551002	0.58	630	None
5_S31_bin.14	33.47	0.06	Neural Network (Specific Model)	11	0.903	3616	253.42424242424244	1219972	0.68	1452	None
8_S34_bin.14	45.73	0.11	Neural Network (Specific Model)	11	0.888	15197	291.36915887850466	1261897	0.45	1284	None
8_S34_bin.6	57.54	0.14	Neural Network (Specific Model)	11	0.916	17522	304.6776699029126	3076907	0.61	3090	None
GCA_003131365.1_20120500_P37_genomic	86.32	2.85	Gradient Boost (General Model)	11	0.908	20630	289.11	3236667	0.62	3400	None
GCA_003131845.1_20120500_P35_genomic	92.59	2.11	Gradient Boost (General Model)	11	0.918	99670	296.1673026122689	3286646	0.64	3407	None
GCA_003132145.1_20120500_P28_genomic	96.16	3.7	Gradient Boost (General Model)	11	0.863	55763	330.9339622641509	3165847	0.62	2756	None
GCA_003132205.1_20120500_P27_genomic	92.87	2.17	Gradient Boost (General Model)	11	0.877	102930	295.6133426475725	2886664	0.63	2863	None
GCA_003133325.1_20120500_P27_genomic	96.55	3.13	Gradient Boost (General Model)	11	0.877	67890	288.74410692588094	4048569	0.65	4115	None
GCA_003133695.1_20120500_P17_genomic	99.48	1.51	Neural Network (Specific Model)	11	0.87	48625	301.5259356533158	3159473	0.64	3046	None
GCA_003135435.1_20111000_P3M_genomic	99.77	3.22	Neural Network (Specific Model)	11	0.821	27970	247.14851690520638	4337406	0.57	4821	None
GCA_003135455.1_20111000_P3M_genomic	83.79	0.46	Neural Network (Specific Model)	11	0.857	27297	276.7385503065272	2679753	0.64	2773	None
GCA_003135515.1_20111000_P3M_genomic	96.63	0.53	Gradient Boost (General Model)	11	0.871	450488	333.9369991095281	5155147	0.56	4492	None
GCA_003136795.1_20111000_P2D_genomic	81.05	2.06	Gradient Boost (General Model)	11	0.917	11301	259.98539435248296	2606614	0.69	3081	None
GCA_003140945.1_20120800_E3X_genomic	93.63	1.91	Gradient Boost (General Model)	11	0.909	48023	315.01649257833975	1886883	0.57	1819	None
GCA_003141415.1_20120800_E3S_genomic	81.75	3.03	Gradient Boost (General Model)	11	0.874	34735	317.1531941285921	5256546	0.37	4837	None
GCA_003141525.1_20120800_E3D_genomic	93.73	1.71	Gradient Boost (General Model)	11	0.888	28771	330.89079130032394	4822093	0.38	4322	None
GCA_003141655.1_20120800_E2X_genomic	96.4	6.39	Gradient Boost (General Model)	11	0.863	38212	308.00095877277084	3343313	0.57	3129	None
GCA_003141715.1_20120800_E2D_genomic	94.42	4.99	Gradient Boost (General Model)	11	0.9	42801	344.9441687344913	3700549	0.38	3224	None
GCA_003142185.1_20120700_S3X_genomic	100.0	2.27	Gradient Boost (General Model)	11	0.884	72997	335.1587301587302	5791462	0.62	5103	None
GCA_003142215.1_20120700_S3X_genomic	83.43	5.56	Gradient Boost (General Model)	11	0.863	16661	305.5231710871466	3636854	0.61	3431	None
GCA_003142815.1_20120800_E1X_genomic	99.99	0.49	Neural Network (Specific Model)	11	0.87	114499	310.4230769230769	3220922	0.64	3016	None
GCA_003151435.1_20120700_P3D_genomic	94.34	4.37	Gradient Boost (General Model)	11	0.856	35078	333.29037935080174	5960205	0.59	5114	None
GCA_003151705.1_20120700_P3D_genomic	83.99	8.62	Gradient Boost (General Model)	11	0.909	26585	315.2167414050822	4858425	0.67	4683	None
GCA_003152015.1_20120700_P3D_genomic	94.3	4.52	Gradient Boost (General Model)	11	0.88	55797	289.8914664457332	3567878	0.65	3621	None
GCA_003152325.1_20120700_P3D_genomic	82.16	5.05	Gradient Boost (General Model)	11	0.911	22838	319.7635520684736	5881655	0.62	5608	None
GCA_003152715.1_20120700_E3X_genomic	96.28	7.05	Gradient Boost (General Model)	11	0.862	34927	291.61346396965865	3204247	0.44	3164	None
GCA_003153415.1_20120700_P3D_genomic	88.08	3.34	Gradient Boost (General Model)	11	0.902	22921	283.5026800670017	5616185	0.65	5970	None
GCA_003153455.1_20120700_P3D_genomic	88.39	5.4	Gradient Boost (General Model)	11	0.864	14106	261.9910520607375	6693866	0.61	7376	None
GCA_003155675.1_20120700_E2X_genomic	71.28	10.89	Gradient Boost (General Model)	11	0.882	8141	307.33949903660886	5412775	0.39	5190	None
GCA_003157385.1_20120600_E2D_genomic	85.45	0.86	Gradient Boost (General Model)	11	0.902	26687	311.0829659318637	2577300	0.64	2495	None
GCA_003157445.1_20120600_E2D_genomic	68.62	2.04	Gradient Boost (General Model)	11	0.827	8202	235.77889335118252	3815865	0.65	4482	None
GCA_003158895.1_20120600_E1D_genomic	92.15	3.22	Gradient Boost (General Model)	11	0.886	16712	280.0635548523207	3586399	0.68	3792	None
GCA_003159855.1_20120700_S3D_genomic	88.45	0.56	Gradient Boost (General Model)	11	0.868	24388	304.1826625386997	3387116	0.6	3230	None
GCA_003161635.1_20110600_P1D_genomic	94.92	1.08	Gradient Boost (General Model)	11	0.875	39845	313.9212559182656	4308035	0.57	4013	None
GCA_003164535.1_20120700_S1D_genomic	71.45	5.86	Gradient Boost (General Model)	11	0.867	11934	320.3248162992652	6619976	0.62	5988	None
GCA_003167255.1_20110700_P2D_genomic	98.85	0.39	Gradient Boost (General Model)	11	0.888	59937	339.4908949416342	7351839	0.62	6425	None
GCA_003168335.1_20110700_P1D_genomic	96.63	0.5	Gradient Boost (General Model)	11	0.871	551449	335.6204428539477	5160709	0.56	4471	None
GCA_003170355.1_20110800_P1D_genomic	78.5	2.78	Gradient Boost (General Model)	11	0.846	11854	261.2936085219707	2776534	0.64	3004	None
GCA_003170415.1_20110800_E3D_genomic	94.98	1.43	Gradient Boost (General Model)	11	0.887	93875	335.99574286930607	2665594	0.5	2349	None
GCA_003170455.1_20110800_E3D_genomic	95.23	5.07	Gradient Boost (General Model)	11	0.869	25165	309.3119605425401	3455506	0.58	3244	None
GCA_003170535.1_20110800_E3D_genomic	80.25	0.31	Gradient Boost (General Model)	11	0.907	97062	319.7057220708447	1936323	0.57	1835	None
GCA_003170795.1_20110800_E2D_genomic	74.91	9.23	Gradient Boost (General Model)	11	0.898	9936	278.2276119402985	1985677	0.57	2144	None
GCA_003171155.1_20110800_E3D_genomic	69.63	6.95	Gradient Boost (General Model)	11	0.874	10943	274.0518105849582	3366959	0.57	3590	None
S42rbin.10	93.4	1.14	Neural Network (Specific Model)	11	0.908	56566	334.7437254901961	5631691	0.64	5100	None
S46rbin.4	99.99	2.01	Neural Network (Specific Model)	11	0.89	43964	324.5633528265107	6164866	0.6	5643	None
SRR10159350bin.16	73.27	4.86	Gradient Boost (General Model)	11	0.927	4006	257.91184008200923	1624373	0.72	1951	None
SRR10360623bin.33	91.23	13.2	Gradient Boost (General Model)	11	0.858	16470	308.9644277758836	9494164	0.63	8799	None
SRR10360640bin.21	77.92	3.14	Gradient Boost (General Model)	11	0.932	6237	314.5003254502061	4654468	0.68	4609	None
SRR10489815bin.11	57.99	2.44	Neural Network (Specific Model)	11	0.896	6105	266.75415282392026	1341470	0.55	1505	None
SRR10489815bin.2	84.25	1.17	Neural Network (Specific Model)	11	0.889	95681	303.32234572633195	2664582	0.55	2609	None
SRR10489815bin.30	66.45	7.67	Gradient Boost (General Model)	11	0.923	3144	254.8457968945208	4633238	0.69	5603	None
SRR10489815bin.37	86.48	1.13	Gradient Boost (General Model)	11	0.915	4458	267.2754797441365	2051995	0.68	2345	Low confidence prediction - substantial (25%) disagreement between completeness prediction models
SRR10489815bin.6	85.87	6.83	Gradient Boost (General Model)	11	0.886	6243	296.2983061480552	3193792	0.53	3188	None
SRR10489816bin.2	75.8	6.6	Gradient Boost (General Model)	11	0.84	4131	238.17277353689568	6672833	0.62	7860	None
SRR10489818bin.10	93.39	5.32	Gradient Boost (General Model)	11	0.903	45473	307.43130990415335	2871552	0.7	2817	None
SRR10489818bin.17	68.94	1.86	Gradient Boost (General Model)	11	0.918	3711	266.26449643947103	1707632	0.67	1966	None
SRR10489819bin.2	92.51	1.42	Gradient Boost (General Model)	11	0.896	26252	297.95617816091954	2769646	0.7	2784	None
SRR10489821bin.15	80.29	1.93	Gradient Boost (General Model)	11	0.92	18992	335.2444833625219	3114160	0.67	2855	None
SRR10489821bin.16	68.87	2.83	Gradient Boost (General Model)	11	0.914	5237	276.99663784822286	1888806	0.71	2082	None
SRR10489821bin.21	92.66	5.59	Gradient Boost (General Model)	11	0.861	6729	269.29239885574174	4577287	0.54	4894	None
SRR10489821bin.23	53.07	7.57	Gradient Boost (General Model)	11	0.881	2433	246.76914498141264	4505653	0.55	5380	None
SRR10489828bin.19	98.9	2.64	Gradient Boost (General Model)	11	0.933	22126	323.1926129426129	3397533	0.66	3276	None
SRR10489828bin.2	97.38	2.15	Gradient Boost (General Model)	11	0.875	57887	320.8880012531328	7008428	0.63	6384	None
SRR10489829bin.3	61.52	10.2	Gradient Boost (General Model)	11	0.899	5031	292.4607508532423	2569696	0.38	2637	None
SRR10489830bin.19	64.05	2.67	Gradient Boost (General Model)	11	0.893	5659	279.46454265159304	1823885	0.68	1946	None
SRR10489830bin.9	64.83	0.83	Neural Network (Specific Model)	11	0.819	6674	214.82343234323432	1426354	0.48	1818	None
SRR10489833bin.8	53.26	8.66	Neural Network (Specific Model)	11	0.887	3245	250.97565406976744	2331843	0.58	2752	None
SRR10489834bin.1	65.32	3.47	Gradient Boost (General Model)	11	0.9	16990	302.74024024024027	2012606	0.67	1998	None
SRR10489834bin.10	89.63	2.62	Gradient Boost (General Model)	11	0.88	8760	318.4778138528139	4008199	0.59	3696	None
SRR10489834bin.11	89.2	10.4	Gradient Boost (General Model)	11	0.943	2969	273.40137683328345	2900307	0.68	3341	None
SRR10489834bin.18	71.76	3.99	Gradient Boost (General Model)	11	0.943	4864	300.1864831038798	2282975	0.67	2397	None
SRR10489834bin.32	64.99	2.44	Gradient Boost (General Model)	11	0.935	2931	251.25187969924812	1283001	0.64	1596	None
SRR10489837bin.20	98.13	0.61	Gradient Boost (General Model)	11	0.918	13816	335.95348837209303	3440614	0.56	3139	None
SRR10585504bin.3	77.98	1.74	Neural Network (Specific Model)	11	0.926	8245	295.9821767159651	2524396	0.72	2637	None
SRR10695402bin.4	100.0	4.44	Gradient Boost (General Model)	11	0.912	9425	322.8636431006373	7156102	0.65	6747	None
SRR10954965bin.15	66.83	4.66	Neural Network (Specific Model)	11	0.919	10657	316.01664392905866	3775182	0.64	3665	None
SRR10954973bin.3	100.0	4.59	Neural Network (Specific Model)	11	0.895	65385	343.7418578533611	7173961	0.64	6233	None
SRR1153387rbin.5	91.13	3.11	Gradient Boost (General Model)	11	0.945	15187	285.3263789654187	3158971	0.71	3499	None
SRR11678566bin.13	89.62	6.14	Gradient Boost (General Model)	11	0.924	59600	304.7287330316742	4359372	0.71	4420	None
SRR11678566bin.25	87.91	1.37	Gradient Boost (General Model)	11	0.931	18504	312.2467634366418	2561541	0.66	2549	None
SRR11742962bin.55	63.73	5.07	Gradient Boost (General Model)	11	0.91	7460	284.1904761904762	1511536	0.55	1617	None
SRR11835640bin.26	91.13	5.4	Gradient Boost (General Model)	11	0.879	11859	280.9843930635838	4970972	0.64	5190	None
SRR11835640bin.36	63.85	1.93	Gradient Boost (General Model)	11	0.936	15177	285.163813360188	2713683	0.72	2979	None
SRR11836410bin.36	83.66	3.78	Gradient Boost (General Model)	11	0.921	11897	292.7013969732247	4900152	0.7	5154	None
SRR11836514bin.4	100.0	1.63	Neural Network (Specific Model)	11	0.876	359866	327.79087584885946	6438298	0.61	5743	None
SRR12170510bin.26	89.5	2.44	Gradient Boost (General Model)	11	0.882	15812	292.27894295302013	4735498	0.65	4768	None
SRR12277191bin.8	87.22	4.65	Gradient Boost (General Model)	11	0.916	6119	277.21534227726175	2633386	0.64	2907	None
SRR12277194bin.2	79.55	5.1	Gradient Boost (General Model)	11	0.917	6735	286.86591276252017	3479045	0.63	3714	None
SRR12277197bin.4	59.0	1.45	Gradient Boost (General Model)	11	0.926	4193	249.5989645559538	2024141	0.68	2511	None
SRR12277198bin.2	96.68	5.79	Gradient Boost (General Model)	11	0.897	5033	270.05326876513317	4465552	0.63	4956	None
SRR12277199bin.7	89.54	5.53	Gradient Boost (General Model)	11	0.936	16135	277.83249581239534	2648979	0.69	2985	None
SRR12349250bin.11	100.0	3.99	Neural Network (Specific Model)	11	0.883	729067	312.4900779588944	5982446	0.63	5644	None
SRR12756227bin.3	64.95	1.89	Gradient Boost (General Model)	11	0.903	4438	264.20772946859904	1812350	0.72	2070	None
SRR12756228bin.1	81.92	0.4	Neural Network (Specific Model)	11	0.834	11825	240.2426778242678	1648591	0.49	1912	None
SRR12756228bin.2	87.14	1.47	Gradient Boost (General Model)	11	0.889	6608	250.81943048576215	2519315	0.69	2985	None
SRR12756229bin.2	74.2	8.47	Gradient Boost (General Model)	11	0.935	2217	245.7117924528302	1667670	0.66	2120	None
SRR12756241bin.3	67.97	6.91	Gradient Boost (General Model)	11	0.948	2205	254.29616588419404	2051380	0.68	2556	None
SRR1586257rbin.1	82.23	3.63	Gradient Boost (General Model)	11	0.874	12336	310.7564368770764	5131216	0.36	4816	None
SRR1586257rbin.6	83.27	1.8	Gradient Boost (General Model)	11	0.923	4473	262.6202815099168	2662715	0.64	3126	None
SRR1586260rbin.10	69.53	8.54	Gradient Boost (General Model)	11	0.923	4136	250.87854757929884	1949964	0.69	2396	None
SRR1586260rbin.8	82.57	2.35	Gradient Boost (General Model)	11	0.93	33310	290.50255972696243	2189582	0.65	2344	None
SRR1586264rbin.3	96.65	6.64	Gradient Boost (General Model)	11	0.89	18404	285.04558404558406	3700127	0.66	3861	None
SRR1586267rbin.9	99.99	1.67	Neural Network (Specific Model)	11	0.897	78227	305.8494326893591	3328209	0.54	3261	None
SRR1586270rbin.11	95.18	9.23	Gradient Boost (General Model)	11	0.923	45593	288.2571200425872	3508955	0.69	3757	None
SRR1586270rbin.7	94.87	0.17	Gradient Boost (General Model)	11	0.921	28121	306.65901814300963	1867448	0.7	1874	None
SRR1586270rbin.9	90.2	3.06	Gradient Boost (General Model)	11	0.876	11585	294.547790585975	4190100	0.6	4164	None
SRR1586276rbin.1	95.63	0.18	Gradient Boost (General Model)	11	0.895	93612	282.34245810055864	3377531	0.69	3580	None
SRR1586276rbin.13	97.0	0.75	Gradient Boost (General Model)	11	0.894	30718	296.3690046415678	3844365	0.69	3878	None
SRR1586279rbin.10	49.9	8.37	Gradient Boost (General Model)	11	0.926	24123	275.182966775854	1899267	0.67	2137	None
SRR1586279rbin.3	72.53	1.0	Gradient Boost (General Model)	11	0.944	15093	294.9145059565522	1334161	0.7	1427	None
SRR1586279rbin.35	86.77	5.84	Gradient Boost (General Model)	11	0.919	13232	277.15930787589497	3023204	0.69	3352	None
SRR1586279rbin.39	57.71	1.02	Gradient Boost (General Model)	11	0.941	18462	281.80635400907715	1774484	0.7	1983	None
SRR1586279rbin.6	85.84	4.32	Gradient Boost (General Model)	11	0.934	19356	318.68510496501165	3064729	0.66	3001	None
SRR1586279rbin.7	88.02	3.75	Gradient Boost (General Model)	11	0.925	17051	294.89657340458973	3032823	0.69	3181	None
SRR1586288rbin.2	93.05	0.92	Gradient Boost (General Model)	11	0.891	20000	286.3001551189245	3718062	0.68	3868	None
SRR1586297rbin.2	93.56	1.63	Gradient Boost (General Model)	11	0.908	8659	276.3801513877208	2167222	0.56	2378	None
SRR1586304rbin.4	92.23	1.48	Gradient Boost (General Model)	11	0.89	13395	279.6225392296719	3294490	0.67	3505	None
SRR1586305rbin.3	95.54	0.15	Gradient Boost (General Model)	11	0.892	17590	284.0347056007659	3979030	0.59	4178	None
SRR1586309rbin.8	91.46	8.45	Gradient Boost (General Model)	11	0.855	12492	280.7357483317445	5147372	0.52	5245	None
SRR1586317rbin.2	83.24	2.02	Gradient Boost (General Model)	11	0.919	8005	284.07261098570353	2456488	0.62	2658	None
SRR1586320rbin.14	100.0	1.78	Gradient Boost (General Model)	11	0.854	107295	325.2797277175069	5365068	0.41	4701	None
SRR1586321rbin.4	61.64	3.48	Gradient Boost (General Model)	11	0.905	4924	262.57625482625485	1799686	0.67	2072	None
SRR1586323rbin.7	72.37	4.57	Gradient Boost (General Model)	11	0.917	3661	260.96069730586373	2688626	0.7	3155	None
SRR1586324rbin.20	50.47	3.99	Gradient Boost (General Model)	11	0.909	2534	244.5008368200837	1922904	0.65	2390	None
SRR1586324rbin.22	93.37	0.16	Neural Network (Specific Model)	11	0.903	57145	309.49136276391556	3207503	0.68	3126	None
SRR1586324rbin.8	93.2	0.73	Gradient Boost (General Model)	11	0.933	27923	296.5483516483516	1730662	0.67	1820	None
SRR2903329rbin.28	99.55	6.19	Neural Network (Specific Model)	11	0.87	40417	297.3226016684046	7848479	0.62	7672	None
SRR3984960rbin.5	92.58	1.12	Gradient Boost (General Model)	11	0.925	26285	318.2114285714286	2522615	0.63	2450	None
SRR3984962rbin.22	95.85	0.83	Gradient Boost (General Model)	11	0.865	34758	243.13992635455023	1599268	0.42	1901	None
SRR3984962rbin.27	77.34	2.73	Gradient Boost (General Model)	11	0.925	23993	315.8483997754071	1822157	0.72	1781	None
SRR3984963rbin.11	82.41	6.08	Gradient Boost (General Model)	11	0.877	11785	274.4036697247706	3063952	0.64	3270	None
SRR3984963rbin.13	89.82	2.74	Gradient Boost (General Model)	11	0.913	9077	287.0990210843373	2500061	0.71	2656	None
SRR3985188rbin.4	77.89	1.3	Gradient Boost (General Model)	11	0.865	4859	274.7287893231649	3991755	0.59	4196	None
SRR3985190rbin.11	81.66	7.17	Gradient Boost (General Model)	11	0.918	5794	309.3276614310646	2312664	0.46	2292	None
SRR3985190rbin.4	67.37	7.74	Gradient Boost (General Model)	11	0.89	7653	264.9551451187335	1688906	0.65	1895	None
SRR3985190rbin.8	95.16	1.07	Neural Network (Specific Model)	11	0.831	12569	248.79762711864407	2641709	0.51	2950	None
SRR3985370rbin.4	78.8	4.3	Gradient Boost (General Model)	11	0.805	5372	221.56726669824727	3473255	0.58	4222	None
SRR3985383rbin.2	66.31	1.74	Gradient Boost (General Model)	11	0.924	10363	276.43797709923666	1875564	0.65	2096	None
SRR3985390rbin.12	82.59	4.2	Gradient Boost (General Model)	11	0.902	5988	279.66357308584685	2400832	0.64	2586	None
SRR3985390rbin.14	57.45	8.18	Neural Network (Specific Model)	11	0.878	6644	265.64752618273747	2507797	0.63	2769	None
SRR3985390rbin.19	44.71	5.05	Neural Network (Specific Model)	11	0.882	14734	274.4061162079511	1524024	0.64	1635	None
SRR3985390rbin.3	58.41	3.38	Gradient Boost (General Model)	11	0.91	5467	276.64664310954066	1545244	0.72	1698	None
SRR3985394rbin.13	49.12	1.8	Neural Network (Specific Model)	11	0.927	3315	249.891809908999	1595265	0.7	1978	None
SRR3985394rbin.9	98.4	0.68	Gradient Boost (General Model)	11	0.947	20053	331.1190098381466	3295754	0.68	3151	None
SRR3985396rbin.15	75.85	2.16	Gradient Boost (General Model)	11	0.925	3607	251.51116333725028	691626	0.57	851	None
SRR3985396rbin.16	67.74	4.46	Gradient Boost (General Model)	11	0.937	1613	224.65512333965845	1511997	0.66	2108	None
SRR3985396rbin.21	88.23	5.77	Neural Network (Specific Model)	11	0.89	5441	281.39171203871746	6260668	0.63	6612	None
SRR3985397rbin.5	80.35	3.73	Gradient Boost (General Model)	11	0.878	4855	281.71957156767286	2960305	0.62	3081	None
SRR3985419rbin.2	67.87	0.54	Gradient Boost (General Model)	11	0.946	7654	284.19306184012066	1191446	0.65	1326	None
SRR3985419rbin.6	47.36	9.49	Gradient Boost (General Model)	11	0.896	2989	231.35154595510377	1823316	0.63	2361	None
SRR3985421rbin.8	63.82	2.97	Gradient Boost (General Model)	11	0.872	3322	251.02396576319543	3018613	0.67	3505	None
SRR3985424rbin.7	100.0	5.86	Gradient Boost (General Model)	11	0.87	15034	276.29350649350647	4026321	0.66	4235	None
SRR3989121rbin.11	82.77	4.05	Gradient Boost (General Model)	11	0.887	7495	275.0552584670232	3646658	0.71	3927	None
SRR3989121rbin.25	63.58	0.94	Gradient Boost (General Model)	11	0.944	3705	268.7820593809223	1348347	0.66	1583	None
SRR3989121rbin.28	55.54	3.41	Gradient Boost (General Model)	11	0.921	6315	285.7852822580645	920812	0.57	992	None
SRR3989121rbin.3	84.63	7.06	Gradient Boost (General Model)	11	0.893	5781	261.9628876461617	1727781	0.67	1967	None
SRR3989121rbin.7	88.82	0.91	Gradient Boost (General Model)	11	0.923	38342	301.53964588144726	2539685	0.68	2598	None
SRR3989121rbin.8	65.72	8.06	Gradient Boost (General Model)	11	0.895	15867	301.11980548187444	2278267	0.68	2262	None
SRR3989239rbin.13	61.13	8.29	Gradient Boost (General Model)	11	0.918	4947	279.78858447488585	1998539	0.71	2190	None
SRR3989239rbin.23	97.9	4.89	Gradient Boost (General Model)	11	0.921	32045	313.0886268543172	2673281	0.71	2629	None
SRR3989239rbin.3	29.21	1.37	Neural Network (Specific Model)	11	0.927	5405	277.95368620037806	949735	0.72	1058	None
SRR3989239rbin.9	95.64	0.99	Gradient Boost (General Model)	11	0.914	18737	311.298590346006	2385677	0.5	2341	None
SRR3989254rbin.10	81.68	3.44	Gradient Boost (General Model)	11	0.883	4063	274.99642857142857	1305945	0.34	1400	None
SRR3989254rbin.11	92.21	11.23	Gradient Boost (General Model)	11	0.891	27138	364.7274886206214	6193999	0.39	5053	None
SRR3989254rbin.20	66.73	2.65	Gradient Boost (General Model)	11	0.885	3776	261.7874420998456	1720726	0.58	1943	None
SRR3989254rbin.36	45.69	3.66	Gradient Boost (General Model)	11	0.916	3225	241.17473338802296	960432	0.68	1219	None
SRR3989254rbin.8	53.25	13.83	Neural Network (Specific Model)	11	0.886	4200	308.11939102564105	2600788	0.39	2496	None
SRR3989257rbin.10	72.71	4.78	Gradient Boost (General Model)	11	0.865	3369	246.86772708246127	2042862	0.31	2389	None
SRR3989257rbin.17	59.6	4.71	Gradient Boost (General Model)	11	0.887	9809	272.55223880597015	1541515	0.66	1675	None
SRR3989257rbin.35	49.12	3.19	Gradient Boost (General Model)	11	0.907	4070	256.5958944281525	1443649	0.58	1705	None
SRR3989257rbin.36	83.7	1.94	Neural Network (Specific Model)	11	0.94	34605	340.312030075188	1729752	0.4	1596	None
SRR3989257rbin.37	50.85	7.45	Gradient Boost (General Model)	11	0.849	1634	198.3021103295076	1886918	0.52	2701	None
SRR3989257rbin.45	81.77	2.59	Neural Network (Specific Model)	11	0.913	17031	304.51101591187273	1631326	0.71	1634	None
SRR3989257rbin.52	82.87	1.35	Gradient Boost (General Model)	11	0.901	51226	329.07940904893815	2369056	0.46	2166	None
SRR3989257rbin.8	62.82	4.34	Neural Network (Specific Model)	11	0.923	4033	271.7084683017122	1902835	0.72	2161	None
SRR3989258rbin.20	98.78	2.68	Gradient Boost (General Model)	11	0.871	67487	322.782874015748	5636412	0.39	5080	None
SRR3989258rbin.25	99.95	0.32	Neural Network (Specific Model)	11	0.866	67113	297.1771159874608	3279251	0.39	3190	None
SRR3989258rbin.29	96.62	0.49	Gradient Boost (General Model)	11	0.856	57289	294.1469565217391	2367937	0.46	2300	None
SRR3989258rbin.3	87.57	9.49	Neural Network (Specific Model)	11	0.855	12849	301.1371004052229	4685358	0.36	4442	None
SRR3989258rbin.6	86.15	2.98	Gradient Boost (General Model)	11	0.867	33166	277.17485365232886	3762569	0.32	3929	None
SRR3989295rbin.107	55.33	8.6	Gradient Boost (General Model)	11	0.904	6069	266.3589468027942	1641403	0.63	1861	None
SRR3990171rbin.29	49.69	8.55	Gradient Boost (General Model)	11	0.899	4379	265.27508401344215	1841552	0.65	2083	None
SRR4027831rbin.1	76.71	2.84	Neural Network (Specific Model)	11	0.89	7462	289.2657131345689	4830949	0.59	4964	None
SRR4027936rbin.10	73.11	3.45	Gradient Boost (General Model)	11	0.89	11635	302.9598470363289	1599452	0.68	1569	None
SRR4027936rbin.12	72.87	5.54	Gradient Boost (General Model)	11	0.855	3736	243.93360045792787	1492766	0.48	1747	None
SRR5153238rbin.1	93.98	2.05	Neural Network (Specific Model)	11	0.906	20451	307.1666666666667	4351975	0.66	4284	None
SRR5450757rbin.16	48.41	2.57	Gradient Boost (General Model)	11	0.925	2188	243.52830188679246	1253083	0.69	1590	None
SRR5512140rbin.3	61.05	4.71	Gradient Boost (General Model)	11	0.933	2400	254.09442467378412	3436165	0.67	4215	None
SRR5579859rbin.3	92.78	7.04	Gradient Boost (General Model)	11	0.908	40684	313.8407974573823	7154319	0.67	6922	None
SRR5581483rbin.38	95.21	3.1	Gradient Boost (General Model)	11	0.894	51138	304.7246891651865	4023349	0.66	3941	None
SRR5659263rbin.9	55.11	7.07	Gradient Boost (General Model)	11	0.925	3753	257.70653514180026	1351396	0.65	1622	None
SRR5664279rbin.17	56.74	12.25	Gradient Boost (General Model)	11	0.842	6215	268.2308375916463	4289274	0.58	4501	None
SRR5664280rbin.10	95.24	0.06	Gradient Boost (General Model)	11	0.901	19390	326.3042912873862	3332666	0.7	3076	None
SRR5664280rbin.2	95.41	1.21	Gradient Boost (General Model)	11	0.85	14981	288.3705737549706	5357859	0.69	5281	None
SRR5664280rbin.23	64.13	5.2	Gradient Boost (General Model)	11	0.889	5209	277.81008321096425	1911250	0.67	2043	None
SRR5664280rbin.26	51.06	9.71	Gradient Boost (General Model)	11	0.817	3923	239.08224076281286	5134887	0.58	5873	None
SRR5665213rbin.1	92.36	1.34	Gradient Boost (General Model)	11	0.889	21509	303.47371547371546	3442716	0.69	3367	None
SRR5665213rbin.34	88.96	4.09	Gradient Boost (General Model)	11	0.858	14208	314.8500588004704	5607972	0.58	5102	None
SRR5665647rbin.13	71.42	5.96	Gradient Boost (General Model)	11	0.926	6398	287.25291181364395	2232085	0.72	2404	None
SRR5665648rbin.10	96.82	3.72	Gradient Boost (General Model)	11	0.9	20361	295.0582601755786	2459655	0.69	2506	None
SRR5665648rbin.2	74.55	4.75	Gradient Boost (General Model)	11	0.899	4797	270.43703358208955	1929201	0.71	2144	None
SRR5674476rbin.2	66.76	1.08	Gradient Boost (General Model)	11	0.913	3513	243.95990566037736	1694617	0.62	2120	None
SRR5882724rbin.12	72.94	2.5	Neural Network (Specific Model)	11	0.858	19278	279.73357278681596	4620477	0.62	4733	None
SRR6185369rbin.15	69.03	1.48	Gradient Boost (General Model)	11	0.914	13802	307.1287034087289	3160133	0.72	3139	None
SRR6185512rbin.17	55.97	0.41	Neural Network (Specific Model)	11	0.9	3570	259.5572619569987	1966510	0.68	2279	None
SRR6474866rbin.5	99.99	1.05	Neural Network (Specific Model)	11	0.925	213494	334.420377978636	6589576	0.68	6085	None
SRR7015918rbin.1	61.81	5.98	Neural Network (Specific Model)	11	0.857	2848	240.4749211356467	5322106	0.62	6340	None
SRR7093796rbin.5	99.84	7.37	Neural Network (Specific Model)	11	0.868	36689	298.2335219452516	6729402	0.63	6539	None
SRR7097863rbin.20	87.56	1.7	Gradient Boost (General Model)	11	0.89	26159	314.7299270072993	5515403	0.63	5206	None
SRR7102016rbin.16	83.65	0.0	Neural Network (Specific Model)	11	0.906	434305	344.0486802250108	5259634	0.63	4622	None
SRR7448200rbin.2	77.0	0.21	Neural Network (Specific Model)	11	0.882	4697	258.46196276717995	3820824	0.68	4351	None
SRR7448260rbin.7	84.92	5.54	Gradient Boost (General Model)	11	0.902	5041	284.7974484445998	5414576	0.64	5722	None
SRR7629280rbin.12	100.0	0.02	Neural Network (Specific Model)	11	0.907	104313	336.5914373088685	3635091	0.66	3270	None
SRR7741809rbin.9	99.98	0.22	Neural Network (Specific Model)	11	0.899	144080	319.5917010545621	4644927	0.68	4362	None
SRR8090375rbin.10	93.4	3.22	Gradient Boost (General Model)	11	0.901	42357	349.42308819220625	3964031	0.38	3413	None
SRR8090375rbin.11	100.0	3.09	Gradient Boost (General Model)	11	0.841	38696	300.414594884636	5978328	0.58	5591	None
SRR8443320rbin.2	100.0	0.42	Neural Network (Specific Model)	11	0.865	295290	306.79388808043393	8031377	0.64	7559	None
SRR8554483rbin.107	97.21	4.05	Gradient Boost (General Model)	11	0.935	46693	296.5520514390692	3097516	0.69	3266	None
SRR8554485rbin.58	79.75	4.57	Gradient Boost (General Model)	11	0.948	10342	278.7517658930373	2614504	0.71	2973	None
SRR8554503rbin.30	100.0	3.99	Neural Network (Specific Model)	11	0.896	136876	303.5786697919719	3463063	0.59	3413	None
SRR8554504rbin.48	87.64	5.36	Gradient Boost (General Model)	11	0.891	7441	277.93152903076566	4039471	0.64	4323	None
SRR8554504rbin.72	96.98	0.5	Neural Network (Specific Model)	11	0.908	89741	307.8035538005923	3084199	0.59	3039	None
SRR8879134rbin.43	91.97	1.21	Gradient Boost (General Model)	11	0.877	15587	342.0628125	3741975	0.64	3200	None
SRR8881005rbin.27	82.48	4.79	Gradient Boost (General Model)	11	0.901	21033	289.91608594657373	3319649	0.65	3444	None
SRR9656165rbin.8	84.11	1.59	Neural Network (Specific Model)	11	0.887	6583	278.5621840242669	3718882	0.67	3956	None
SRR9691036rbin.9	82.5	5.13	Neural Network (Specific Model)	11	0.895	8224	291.89530162412996	3368249	0.68	3448	None
104_merged	76.63	1.83	Gradient Boost (General Model)	11	0.909	9815	284.86680761099365	2661961	0.68	2838	None
11p_S11_bin.20	22.13	0.18	Neural Network (Specific Model)	11	0.908	9020	270.34806629834253	645006	0.64	724	None
11p_S11_bin.76	44.09	3.73	Gradient Boost (General Model)	11	0.908	3900	310.49455984174085	2070506	0.39	2022	None
11p_S11_bin.8	45.84	1.02	Gradient Boost (General Model)	11	0.913	6918	305.0767824497258	1641909	0.65	1641	None
11p_S11_bin.86	21.19	0.0	Neural Network (Specific Model)	11	0.891	7835	285.12191358024694	620755	0.56	648	None
11p_S11_bin.9	24.5	0.04	Neural Network (Specific Model)	11	0.936	4759	292.95021645021643	866299	0.67	924	None
132_merged	87.04	0.94	Gradient Boost (General Model)	11	0.912	10689	289.97423191278494	1920861	0.7	2018	None
139_merged	83.27	0.47	Gradient Boost (General Model)	11	0.945	8676	306.4936263736264	2208777	0.69	2275	None
15p_S15_bin.14	91.68	0.0	Gradient Boost (General Model)	11	0.895	17883	291.781695423856	2601660	0.67	2666	None
15p_S15_bin.31	23.11	0.85	Neural Network (Specific Model)	11	0.87	5425	262.47551546391753	1403028	0.63	1552	None
166_merged	48.15	3.19	Neural Network (Specific Model)	11	0.891	8698	269.5443786982249	1835212	0.66	2028	None
16_S42_bin.4	66.19	0.11	Neural Network (Specific Model)	11	0.89	57517	317.63358070500925	3459195	0.58	3234	None
16_S42_bin.6	32.5	0.06	Neural Network (Specific Model)	11	0.887	41485	325.93227848101264	1740263	0.58	1580	None
16p_S16_bin.21	22.61	0.81	Neural Network (Specific Model)	11	0.921	2707	270.1886462882096	1005219	0.66	1145	None
16p_S16_bin.70	88.52	0.75	Gradient Boost (General Model)	11	0.85	9569	312.7378672829317	3339099	0.38	3029	None
17p_S17_bin.1	24.58	0.03	Neural Network (Specific Model)	11	0.936	217383	344.44875346260386	397627	0.53	361	None
17p_S17_bin.3	56.82	0.0	Gradient Boost (General Model)	11	0.916	184774	319.12589073634206	878272	0.53	842	None
18_S44_bin.9	45.89	0.12	Gradient Boost (General Model)	11	0.912	9772	284.29919137466305	346083	0.46	371	None
23_S49_bin.7	66.4	0.01	Neural Network (Specific Model)	11	0.875	9563	313.0348659003831	2797725	0.59	2610	None
26_S52_bin.3	27.38	2.78	Neural Network (Specific Model)	11	0.814	9583	260.5345181134655	1401117	0.37	1463	None
4p_S4_bin.5	28.19	0.34	Neural Network (Specific Model)	11	0.893	3502	230.90588949605342	1272447	0.67	1647	None
8_S34_bin.1	25.79	0.01	Neural Network (Specific Model)	11	0.903	15819	298.27575757575755	652888	0.45	660	None
8_S34_bin.18	33.16	0.79	Neural Network (Specific Model)	11	0.923	6988	271.6286231884058	970981	0.66	1104	None
8_S34_bin.5	21.5	0.0	Neural Network (Specific Model)	11	0.914	12207	286.05865384615385	974946	0.61	1040	None
9_S35_bin.2	44.1	0.1	Neural Network (Specific Model)	11	0.887	4437	267.5348837209302	1476724	0.64	1634	None
9_S35_bin.3	22.38	0.0	Neural Network (Specific Model)	11	0.904	2630	243.11163522012578	511836	0.69	636	None
BRice_18rbin.14	90.35	3.49	Neural Network (Specific Model)	11	0.893	12678	279.1778452909558	4007374	0.66	4279	None
DRR101462rebin.8	48.14	6.49	Gradient Boost (General Model)	11	0.931	2412	240.48776455026456	2337958	0.72	3024	None
GCA_003131385.1_20120500_P37_genomic	95.05	4.29	Gradient Boost (General Model)	11	0.911	122170	327.5211043270507	4052323	0.59	3767	None
GCA_003132045.1_20120500_P28_genomic	63.09	10.14	Gradient Boost (General Model)	11	0.871	4872	256.58881741712025	3556643	0.66	4042	None
GCA_003132125.1_20120500_P28_genomic	79.16	4.37	Gradient Boost (General Model)	11	0.878	9956	269.6009760632117	3948296	0.66	4303	None
GCA_003132585.1_20120500_P19_genomic	91.41	2.71	Gradient Boost (General Model)	11	0.887	42797	295.4688535453943	3009642	0.67	3018	None
GCA_003132665.1_20120500_P19_genomic	77.51	0.83	Gradient Boost (General Model)	11	0.888	179456	297.80803362914526	2149995	0.66	2141	None
GCA_003132685.1_20120500_P17_genomic	97.04	7.16	Gradient Boost (General Model)	11	0.875	56199	288.4640216855594	3995419	0.65	4058	None
GCA_003132865.1_20120500_P14_genomic	85.25	7.14	Gradient Boost (General Model)	11	0.858	15055	277.9974113898845	9717417	0.62	10044	None
GCA_003133285.1_20120500_P28_genomic	82.14	2.05	Gradient Boost (General Model)	11	0.893	10473	270.9183673469388	1868928	0.68	2058	None
GCA_003133345.1_20120500_P27_genomic	83.42	2.47	Gradient Boost (General Model)	11	0.862	21271	268.073692766188	3433387	0.63	3691	None
GCA_003134505.1_20111000_P3M_genomic	81.74	2.2	Gradient Boost (General Model)	11	0.92	82974	286.14899240171786	2814252	0.7	3027	None
GCA_003134555.1_20111000_P3M_genomic	98.35	2.33	Gradient Boost (General Model)	11	0.906	85896	292.7097245409015	4630445	0.67	4792	None
GCA_003134595.1_20111000_P3M_genomic	91.49	6.29	Neural Network (Specific Model)	11	0.879	22123	286.0982920878355	2795462	0.54	2869	None
GCA_003136215.1_20111000_P2D_genomic	93.27	5.54	Gradient Boost (General Model)	11	0.91	12712	323.6135852451642	7095248	0.63	6669	None
GCA_003137035.1_20111000_E3D_genomic	88.99	2.08	Gradient Boost (General Model)	11	0.905	12217	304.22645250842754	5068287	0.65	5043	None
GCA_003139735.1_20110800_S3D_genomic	81.85	4.1	Gradient Boost (General Model)	11	0.888	9892	284.3452337803552	5281686	0.63	5518	None
GCA_003140815.1_20120800_E3X_genomic	80.92	0.1	Gradient Boost (General Model)	11	0.902	62177	315.74982381959126	1487053	0.57	1419	None
GCA_003141435.1_20120800_E3S_genomic	93.12	1.38	Gradient Boost (General Model)	11	0.905	38561	318.69094017094017	3081703	0.36	2925	None
GCA_003141455.1_20120800_E3S_genomic	92.38	1.33	Gradient Boost (General Model)	11	0.885	92514	315.96029258098224	3069137	0.68	2871	None
GCA_003141615.1_20120800_E2X_genomic	89.68	5.92	Gradient Boost (General Model)	11	0.847	25930	277.92237316329357	3539553	0.44	3607	None
GCA_003141855.1_20120800_E1X_genomic	95.97	3.05	Gradient Boost (General Model)	11	0.851	118623	254.51288756070227	2394173	0.44	2677	None
GCA_003141895.1_20120800_E1X_genomic	96.07	0.38	Gradient Boost (General Model)	11	0.892	173211	353.0913660555884	4010930	0.38	3382	None
GCA_003142355.1_20120800_E3S_genomic	79.99	8.16	Gradient Boost (General Model)	11	0.895	21635	301.729717271051	6556001	0.63	6508	None
GCA_003142495.1_20120800_E2X_genomic	84.54	1.68	Gradient Boost (General Model)	11	0.924	8908	303.4783536585366	3224932	0.66	3280	None
GCA_003142835.1_20120800_E1X_genomic	89.89	4.72	Gradient Boost (General Model)	11	0.858	19253	274.9346907414522	2494259	0.44	2603	None
GCA_003151575.1_20120700_P3D_genomic	100.0	0.54	Gradient Boost (General Model)	11	0.903	136768	324.88388440510283	4139180	0.59	3841	None
GCA_003151665.1_20120700_P3D_genomic	83.86	9.6	Gradient Boost (General Model)	11	0.912	17455	265.83993702440307	3318627	0.64	3811	None
GCA_003152165.1_20120700_P3D_genomic	92.27	1.64	Gradient Boost (General Model)	11	0.876	36110	282.1983426891206	3603921	0.68	3741	None
GCA_003152225.1_20120700_P3D_genomic	89.77	5.93	Gradient Boost (General Model)	11	0.864	22694	328.58992805755395	8379441	0.61	7367	None
GCA_003152275.1_20120700_P3D_genomic	86.01	3.53	Gradient Boost (General Model)	11	0.927	50645	283.6717299578059	3250968	0.68	3555	None
GCA_003153095.1_20120700_P3D_genomic	89.98	15.84	Gradient Boost (General Model)	11	0.896	19072	283.93416262135923	6247464	0.67	6592	None
GCA_003153115.1_20120700_P3D_genomic	71.73	2.24	Neural Network (Specific Model)	11	0.843	10475	248.9355987055016	2728597	0.64	3090	None
GCA_003153155.1_20120700_P3D_genomic	95.07	1.97	Neural Network (Specific Model)	11	0.876	168807	292.57656023222063	2752790	0.54	2756	None
GCA_003158415.1_20120600_E3D_genomic	79.95	1.23	Gradient Boost (General Model)	11	0.874	8760	265.42396718429535	3100011	0.48	3413	None
GCA_003158955.1_20120500_P39_genomic	74.89	4.4	Gradient Boost (General Model)	11	0.885	8783	246.7637618958761	4463745	0.67	5359	None
GCA_003167275.1_20110700_P2D_genomic	99.1	3.25	Neural Network (Specific Model)	11	0.876	16617	320.19394054516096	11508716	0.62	10529	None
GCA_003167355.1_20110700_P2D_genomic	75.29	0.8	Gradient Boost (General Model)	11	0.88	19080	303.5159010600707	2921808	0.57	2830	None
GCA_003167555.1_20110700_P1D_genomic	98.14	0.39	Gradient Boost (General Model)	11	0.907	320992	330.60384215991695	4202510	0.59	3852	None
GCA_003169845.1_20110800_P1D_genomic	94.27	0.99	Gradient Boost (General Model)	11	0.918	223569	311.72469746974696	3694458	0.65	3636	None
GCA_003169895.1_20110800_P1D_genomic	98.24	0.09	Gradient Boost (General Model)	11	0.919	1849418	343.2013071895425	3420454	0.66	3060	None
GCA_003170155.1_20110800_E3D_genomic	92.25	1.05	Gradient Boost (General Model)	11	0.869	32074	287.8686679174484	2113910	0.65	2132	None
GCA_003170235.1_20110800_P1M_genomic	84.74	5.24	Gradient Boost (General Model)	11	0.857	27975	273.22028052425844	4151328	0.63	4349	None
GCA_003170815.1_20110800_E2D_genomic	94.44	2.73	Gradient Boost (General Model)	11	0.924	36060	324.07530120481925	3832128	0.68	3652	None
GCA_003170935.1_20110800_E2D_genomic	77.18	0.38	Neural Network (Specific Model)	11	0.826	12585	239.61780358006774	1794462	0.49	2067	None
GCA_003171215.1_20110800_E2D_genomic	98.76	2.27	Gradient Boost (General Model)	11	0.911	38869	333.4642857142857	4138602	0.66	3780	None
GCA_003171255.1_20110800_E2D_genomic	91.46	2.34	Gradient Boost (General Model)	11	0.886	81305	326.4734570565386	2556102	0.68	2317	None
S20rbin.17	88.95	2.61	Gradient Boost (General Model)	11	0.933	15273	339.3001805350402	6632732	0.65	6093	None
S213bin.1	60.37	0.77	Neural Network (Specific Model)	11	0.907	8634	293.10758965804837	2321167	0.66	2398	None
S262bin.17	71.89	1.82	Gradient Boost (General Model)	11	0.904	6268	274.9788732394366	1811399	0.6	1988	None
S412bin.9	72.73	3.83	Neural Network (Specific Model)	11	0.907	9407	292.7142857142857	2855259	0.66	2954	None
S7rebin.1	71.43	6.33	Gradient Boost (General Model)	11	0.907	8167	301.8372013651877	2921647	0.64	2930	None
SRR10260007bin.10	86.21	1.08	Gradient Boost (General Model)	11	0.867	12220	297.8172780253685	3003254	0.62	2917	None
SRR10360647bin.2	93.28	1.59	Gradient Boost (General Model)	11	0.857	16895	282.91028062601185	7321623	0.69	7412	None
SRR10489811bin.7	87.6	1.84	Gradient Boost (General Model)	11	0.905	10650	288.6271050521251	2379744	0.65	2494	None
SRR10489812bin.2	100.0	1.76	Gradient Boost (General Model)	11	0.908	10994	309.4701950867052	5646859	0.65	5536	None
SRR10489814bin.8	69.14	1.89	Gradient Boost (General Model)	11	0.881	7826	270.1553264604811	2669460	0.67	2910	None
SRR10489815bin.15	94.67	1.23	Gradient Boost (General Model)	11	0.918	22176	295.5	1940654	0.67	2014	None
SRR10489815bin.18	52.62	7.63	Gradient Boost (General Model)	11	0.895	4950	270.8124199743918	1414634	0.66	1562	None
SRR10489815bin.23	97.38	1.57	Gradient Boost (General Model)	11	0.871	8708	301.8167361835245	3980485	0.65	3836	None
SRR10489815bin.3	87.13	3.21	Gradient Boost (General Model)	11	0.872	11230	302.8735632183908	2805859	0.53	2697	None
SRR10489817bin.11	97.14	0.14	Gradient Boost (General Model)	11	0.931	14408	309.0426214482126	2168368	0.66	2182	None
SRR10489817bin.8	80.41	2.59	Gradient Boost (General Model)	11	0.916	7403	291.58267195767195	2882274	0.72	3024	None
SRR10489820bin.6	68.54	3.5	Gradient Boost (General Model)	11	0.834	2902	204.38567493112947	1331029	0.41	1815	None
SRR10489821bin.5	91.63	2.87	Gradient Boost (General Model)	11	0.902	32064	345.5625187406297	3828512	0.38	3335	None
SRR10489824bin.6	83.6	5.35	Gradient Boost (General Model)	11	0.925	7242	272.2273381294964	1838161	0.69	2085	None
SRR10489825bin.5	89.94	0.74	Gradient Boost (General Model)	11	0.896	23147	283.8047976011994	3160331	0.7	3335	None
SRR10489826bin.15	86.07	2.66	Neural Network (Specific Model)	11	0.915	14481	298.9989417989418	1849020	0.7	1890	None
SRR10489828bin.12	97.89	1.04	Gradient Boost (General Model)	11	0.933	19155	311.4647749510763	4087376	0.7	4088	None
SRR10489828bin.14	91.49	2.2	Gradient Boost (General Model)	11	0.9	31289	301.8287778825008	3193933	0.58	3183	None
SRR10489828bin.20	93.19	1.52	Gradient Boost (General Model)	11	0.914	29412	296.3843021103295	2622301	0.7	2701	None
SRR10489828bin.21	72.52	5.86	Gradient Boost (General Model)	11	0.937	4230	269.205047318612	1907385	0.66	2219	None
SRR10489828bin.6	65.6	4.52	Gradient Boost (General Model)	11	0.902	16752	308.1778364116095	1940490	0.66	1895	None
SRR10489830bin.14	69.26	1.88	Gradient Boost (General Model)	11	0.893	7280	281.4381313131313	2242061	0.52	2376	None
SRR10489831bin.1	90.78	1.83	Gradient Boost (General Model)	11	0.909	8299	292.84822646657574	2827945	0.69	2932	None
SRR10489831bin.11	88.93	5.97	Gradient Boost (General Model)	11	0.893	6374	281.65351589695985	4068702	0.54	4309	None
SRR10489833bin.14	95.87	0.94	Gradient Boost (General Model)	11	0.89	10359	287.5085675119945	2824556	0.36	2918	None
SRR10489833bin.19	53.58	12.31	Gradient Boost (General Model)	11	0.892	2644	242.91877058177826	2228285	0.67	2733	None
SRR10489833bin.4	62.55	6.63	Gradient Boost (General Model)	11	0.898	3374	263.57163742690057	2404978	0.6	2736	None
SRR10489834bin.13	99.43	0.36	Neural Network (Specific Model)	11	0.879	49302	340.8043633762518	3250343	0.37	2796	None
SRR10489834bin.21	90.74	0.56	Gradient Boost (General Model)	11	0.895	10566	288.80235089246844	2219857	0.56	2297	None
SRR10489834bin.26	87.73	6.63	Gradient Boost (General Model)	11	0.918	3001	246.76892950391644	615836	0.34	766	None
SRR10489834bin.29	73.6	3.14	Gradient Boost (General Model)	11	0.899	17202	306.310405643739	3471998	0.68	3402	None
SRR10489834bin.30	66.82	3.85	Gradient Boost (General Model)	11	0.886	4333	284.6001253525541	3072039	0.41	3191	None
SRR10489839bin.4	100.0	0.53	Gradient Boost (General Model)	11	0.882	126718	317.8019598545914	6820381	0.62	6327	None
SRR10968263bin.3	55.8	0.75	Neural Network (Specific Model)	11	0.914	11740	288.7126789366053	1851741	0.64	1956	None
SRR10998558bin.6	94.52	3.7	Gradient Boost (General Model)	11	0.922	61865	311.111234705228	2724161	0.69	2697	None
SRR11271806bin.7	59.95	4.15	Neural Network (Specific Model)	11	0.908	2683	259.9850194951775	4178707	0.63	4873	None
SRR11678563bin.6	72.94	4.66	Neural Network (Specific Model)	11	0.887	5932	271.17800528401585	2771972	0.68	3028	None
SRR11719862bin.6	99.35	4.04	Gradient Boost (General Model)	11	0.908	19152	299.96643013100436	3625992	0.63	3664	None
SRR11719873bin.13	99.87	1.29	Neural Network (Specific Model)	11	0.843	18337	264.89605734767025	3408724	0.51	3627	None
SRR11719874bin.1	84.98	1.09	Neural Network (Specific Model)	11	0.858	5997	250.7461486939049	3917246	0.42	4479	None
SRR11742949bin.18	92.91	0.42	Gradient Boost (General Model)	11	0.925	28238	316.53269754768394	3009690	0.71	2936	None
SRR11743028bin.1	74.11	6.03	Neural Network (Specific Model)	11	0.869	6111	262.3683651804671	4261665	0.62	4710	None
SRR11833507bin.12	91.68	3.02	Gradient Boost (General Model)	11	0.907	26568	302.15905383360524	3672251	0.69	3678	None
SRR11833508bin.12	86.96	6.06	Neural Network (Specific Model)	11	0.872	17997	299.2274085138163	5509046	0.66	5356	None
SRR12277200bin.6	85.22	1.63	Gradient Boost (General Model)	11	0.933	4937	291.6760150690666	2234289	0.68	2389	None
SRR12277201bin.1	87.44	2.36	Gradient Boost (General Model)	11	0.918	5518	275.33226464587585	3076933	0.65	3431	None
SRR12756230bin.2	59.93	1.75	Gradient Boost (General Model)	11	0.898	2412	250.11967269007843	2446978	0.6	2933	None
SRR12756230bin.4	61.11	5.85	Gradient Boost (General Model)	11	0.935	3504	255.49298679867988	1982346	0.68	2424	None
SRR12756231bin.3	78.31	5.19	Gradient Boost (General Model)	11	0.863	3327	250.06081269134427	6228530	0.7	7186	None
SRR12756247bin.2	95.29	2.12	Gradient Boost (General Model)	11	0.915	11698	304.9063583815029	6036700	0.62	6055	None
SRR12844116bin.1	93.9	0.02	Neural Network (Specific Model)	11	0.86	26413	286.72747156605425	4565731	0.66	4572	None
SRR1586251rbin.4	88.94	3.98	Neural Network (Specific Model)	11	0.72	4387	173.50167464114833	3006528	0.39	4180	None
SRR1586255rbin.3	48.02	0.53	Gradient Boost (General Model)	11	0.908	2628	250.63075366717248	1633404	0.69	1977	None
SRR1586257rbin.7	93.85	7.64	Gradient Boost (General Model)	11	0.92	6207	271.1993690851735	2798859	0.68	3170	None
SRR1586264rbin.5	91.91	2.62	Gradient Boost (General Model)	11	0.902	12382	280.77756892230576	2972690	0.69	3192	None
SRR1586266rbin.5	44.96	4.76	Gradient Boost (General Model)	11	0.905	9529	287.88517441860466	1967207	0.69	2064	None
SRR1586267rbin.7	99.72	0.24	Neural Network (Specific Model)	11	0.878	40462	297.9409492273731	3684256	0.6	3624	None
SRR1586267rbin.8	75.38	5.4	Gradient Boost (General Model)	11	0.929	13074	278.5283746556474	3251882	0.68	3630	None
SRR1586270rbin.17	86.5	6.56	Gradient Boost (General Model)	11	0.938	22820	293.9694336230147	3127052	0.7	3337	None
SRR1586270rbin.4	81.41	7.37	Gradient Boost (General Model)	11	0.902	3724	247.2560546875	4202087	0.67	5120	None
SRR1586270rbin.6	66.02	3.44	Gradient Boost (General Model)	11	0.927	22802	281.54931972789115	2669165	0.67	2940	None
SRR1586276rbin.4	95.51	0.94	Neural Network (Specific Model)	11	0.888	20524	289.45946866485014	2866967	0.56	2936	None
SRR1586278rbin.4	65.19	6.34	Neural Network (Specific Model)	11	0.893	5666	271.55258529722124	2589190	0.65	2843	None
SRR1586279rbin.2	88.24	2.0	Gradient Boost (General Model)	11	0.855	10302	251.20960823563055	3074540	0.64	3497	None
SRR1586279rbin.21	89.0	2.64	Gradient Boost (General Model)	11	0.911	16177	284.5525	2618224	0.69	2800	None
SRR1586279rbin.4	96.55	0.06	Gradient Boost (General Model)	11	0.912	57068	307.8517350157729	3524303	0.69	3487	None
SRR1586279rbin.8	94.71	6.22	Gradient Boost (General Model)	11	0.887	16536	275.05966469428006	3762219	0.61	4056	None
SRR1586282rbin.12	99.84	7.04	Gradient Boost (General Model)	11	0.803	19346	270.64763169544045	4564639	0.31	4518	None
SRR1586285rbin.2	98.65	0.6	Gradient Boost (General Model)	11	0.859	35172	315.6799359414322	4808859	0.54	4371	None
SRR1586300rbin.1	96.34	0.05	Neural Network (Specific Model)	11	0.912	51198	311.53094352384176	3024981	0.67	2957	None
SRR1586301rbin.2	99.82	0.72	Neural Network (Specific Model)	11	0.886	29164	298.17792175429855	4046602	0.65	4013	None
SRR1586301rbin.8	65.89	9.12	Gradient Boost (General Model)	11	0.927	3292	243.11106927710844	2083556	0.71	2656	None
SRR1586304rbin.1	78.89	3.37	Gradient Boost (General Model)	11	0.925	9633	275.67195767195767	2526270	0.65	2835	None
SRR1586309rbin.15	73.33	1.87	Gradient Boost (General Model)	11	0.885	3337	229.87772397094432	2564215	0.63	3304	None
SRR1586311rbin.8	76.97	0.97	Gradient Boost (General Model)	11	0.894	5489	268.5009116957541	3454573	0.67	3839	None
SRR1586315rbin.5	95.62	2.25	Gradient Boost (General Model)	11	0.923	43586	320.1042011247105	3137984	0.61	3023	None
SRR1586316rbin.6	83.63	0.28	Neural Network (Specific Model)	11	0.925	15963	297.8218604651163	2072092	0.53	2150	None
SRR1586317rbin.10	88.8	1.54	Neural Network (Specific Model)	11	0.889	19215	288.4177115987461	2479441	0.46	2552	None
SRR1586320rbin.11	100.0	1.12	Neural Network (Specific Model)	11	0.878	174527	378.64710346572224	5112356	0.37	3953	None
SRR1586324rbin.12	47.79	9.22	Gradient Boost (General Model)	11	0.911	3424	234.11006558311948	2694869	0.65	3507	None
SRR1586324rbin.3	79.17	1.73	Gradient Boost (General Model)	11	0.939	7456	274.6397099832683	1570557	0.69	1793	None
SRR1586325rbin.6	97.86	3.2	Neural Network (Specific Model)	11	0.839	53421	284.8289104638619	4717627	0.31	4635	None
SRR2902415rbin.20	88.74	3.07	Neural Network (Specific Model)	11	0.88	19621	291.96622474747477	6294939	0.65	6336	None
SRR3984893rbin.1	60.54	0.79	Neural Network (Specific Model)	11	0.886	8744	286.86475814412637	3930798	0.62	4052	None
SRR3984960rbin.14	92.06	1.35	Gradient Boost (General Model)	11	0.932	16078	312.04298915226997	2492616	0.65	2489	None
SRR3984963rbin.15	97.14	0.0	Gradient Boost (General Model)	11	0.882	16357	299.0804870804871	3418203	0.62	3367	None
SRR3984963rbin.2	95.66	0.21	Gradient Boost (General Model)	11	0.938	44078	336.332840673958	3630067	0.68	3383	None
SRR3985383rbin.4	83.03	1.43	Gradient Boost (General Model)	11	0.917	24303	283.2546702249333	2421035	0.64	2623	None
SRR3985391rbin.2	97.38	0.17	Gradient Boost (General Model)	11	0.922	34572	323.8796965317919	2909822	0.62	2768	None
SRR3985395rbin.22	77.45	10.34	Gradient Boost (General Model)	11	0.912	4413	264.6148830072881	2263807	0.7	2607	None
SRR3985424rbin.1	57.66	8.66	Gradient Boost (General Model)	11	0.876	3574	246.1900778771272	2914730	0.69	3467	None
SRR3985424rbin.12	59.03	1.65	Gradient Boost (General Model)	11	0.891	3463	253.65049504950494	2583825	0.64	3030	None
SRR3985424rbin.2	77.4	3.0	Gradient Boost (General Model)	11	0.887	3622	266.9200524246396	2751792	0.66	3052	None
SRR3985424rbin.9	68.84	5.16	Gradient Boost (General Model)	11	0.903	7091	283.348773006135	3064958	0.64	3260	None
SRR3985526rbin.14	78.66	0.57	Neural Network (Specific Model)	11	0.874	8362	276.43694668502854	4820096	0.63	5083	None
SRR3989121rbin.10	81.94	0.64	Gradient Boost (General Model)	11	0.89	73505	333.7190569744597	2856126	0.67	2545	None
SRR3989121rbin.12	54.69	11.48	Gradient Boost (General Model)	11	0.911	3940	261.1601822642832	2448036	0.69	2853	None
SRR3989121rbin.13	85.48	0.86	Gradient Boost (General Model)	11	0.894	9762	292.1008359456635	1872278	0.59	1914	None
SRR3989121rbin.14	86.21	2.38	Gradient Boost (General Model)	11	0.926	15999	321.05546075085323	2434468	0.66	2344	None
SRR3989121rbin.19	81.3	7.88	Gradient Boost (General Model)	11	0.92	6983	270.9714738510301	1669773	0.69	1893	None
SRR3989121rbin.23	85.07	0.74	Neural Network (Specific Model)	11	0.824	36621	241.01498127340824	1868374	0.49	2136	None
SRR3989121rbin.37	89.96	1.51	Gradient Boost (General Model)	11	0.886	7022	257.72603184920376	2679397	0.64	3077	None
SRR3989121rbin.6	95.47	2.2	Gradient Boost (General Model)	11	0.922	11987	319.72434435575826	3640739	0.67	3508	None
SRR3989239rbin.10	85.56	3.31	Gradient Boost (General Model)	11	0.92	10172	305.3326348873756	1898050	0.64	1909	None
SRR3989239rbin.16	50.77	6.21	Gradient Boost (General Model)	11	0.897	19656	292.1201650335224	1890331	0.61	1939	None
SRR3989239rbin.24	98.78	1.01	Gradient Boost (General Model)	11	0.879	15853	301.4684192557187	3007888	0.63	2929	None
SRR3989239rbin.25	85.0	4.71	Gradient Boost (General Model)	11	0.906	20131	345.10731174972716	3136119	0.38	2749	None
SRR3989239rbin.33	52.41	6.12	Gradient Boost (General Model)	11	0.912	7235	273.4599514563107	739011	0.57	824	None
SRR3989239rbin.35	87.14	3.55	Neural Network (Specific Model)	11	0.907	10527	284.25279709706683	3100642	0.69	3307	None
SRR3989254rbin.19	58.81	6.17	Gradient Boost (General Model)	11	0.913	4585	271.5104460756635	1576324	0.73	1771	None
SRR3989254rbin.28	45.48	9.26	Neural Network (Specific Model)	11	0.874	6063	273.48719676549865	1391715	0.36	1484	None
SRR3989254rbin.30	86.55	1.06	Gradient Boost (General Model)	11	0.903	9000	294.5164150491253	4073630	0.64	4173	None
SRR3989257rbin.28	71.63	6.01	Gradient Boost (General Model)	11	0.913	4061	276.7441300421433	1506825	0.5	1661	None
SRR3989257rbin.41	76.46	5.56	Gradient Boost (General Model)	11	0.876	7225	251.44701662862732	2633232	0.69	3067	None
SRR3989257rbin.49	96.04	5.87	Gradient Boost (General Model)	11	0.901	10848	295.37411047102677	2894956	0.72	2951	None
SRR3989257rbin.5	59.67	2.07	Gradient Boost (General Model)	11	0.879	7116	271.1736703873933	2812162	0.57	3046	None
SRR3989257rbin.6	71.93	1.59	Neural Network (Specific Model)	11	0.857	6079	288.68341518700413	2670329	0.61	2647	None
SRR3989258rbin.2	82.49	0.08	Gradient Boost (General Model)	11	0.925	7590	341.81388012618294	1755210	0.42	1585	None
SRR3989258rbin.21	81.34	0.51	Gradient Boost (General Model)	11	0.895	5981	266.2678260869565	3072312	0.59	3450	None
SRR3989258rbin.34	78.71	2.12	Gradient Boost (General Model)	11	0.917	40432	301.65081276339555	1636789	0.67	1661	None
SRR3989258rbin.9	70.74	1.16	Gradient Boost (General Model)	11	0.899	8409	275.1188946015424	1425921	0.69	1556	None
SRR3989339rbin.110	57.45	8.47	Neural Network (Specific Model)	11	0.826	3066	251.5568140299598	2495470	0.59	2737	None
SRR4027936rbin.4	93.43	3.14	Gradient Boost (General Model)	11	0.928	6953	261.8474178403756	3234810	0.69	3834	None
SRR4027936rbin.9	66.85	3.52	Gradient Boost (General Model)	11	0.877	4102	268.9526967285588	2076819	0.68	2262	None
SRR5450747rbin.2	85.84	5.29	Neural Network (Specific Model)	11	0.904	7426	298.33473726434016	4933100	0.65	4986	None
SRR5450747rbin.4	94.71	2.62	Neural Network (Specific Model)	11	0.873	43054	311.5512351326624	7009553	0.59	6558	None
SRR5450747rbin.5	62.91	7.74	Neural Network (Specific Model)	11	0.894	2501	250.37136307529536	4754094	0.61	5671	None
SRR5450757rbin.4	68.76	4.72	Neural Network (Specific Model)	11	0.886	4703	257.55846422338567	2491250	0.73	2865	None
SRR5664280rbin.24	63.61	5.43	Gradient Boost (General Model)	11	0.902	7171	267.9454412303186	2431208	0.64	2731	None
SRR5664280rbin.3	50.36	0.1	Gradient Boost (General Model)	11	0.919	3256	264.8223495702006	1203702	0.7	1396	None
SRR5664280rbin.5	72.8	29.44	Gradient Boost (General Model)	11	0.898	3612	279.9288321167883	8176446	0.63	8768	None
SRR5664280rbin.9	90.92	1.99	Gradient Boost (General Model)	11	0.877	9576	309.6850017082337	3096624	0.64	2927	None
SRR5665213rbin.19	76.74	1.91	Neural Network (Specific Model)	11	0.888	59700	293.89446721311475	2902600	0.62	2928	None
SRR5665647rbin.11	59.85	3.59	Gradient Boost (General Model)	11	0.941	3642	271.9453262786596	1960507	0.59	2268	None
SRR5665647rbin.14	49.11	4.73	Gradient Boost (General Model)	11	0.812	3334	229.07879607710518	2497148	0.34	2957	None
SRR5665647rbin.21	52.15	1.69	Neural Network (Specific Model)	11	0.87	5324	286.0951918406994	2028765	0.38	2059	None
SRR5665647rbin.7	56.78	3.81	Neural Network (Specific Model)	11	0.893	5016	267.7450657894737	1091429	0.46	1216	None
SRR5665647rbin.9	52.71	6.33	Gradient Boost (General Model)	11	0.905	2965	251.874715261959	1461523	0.72	1756	None
SRR5665648rbin.12	96.11	13.89	Gradient Boost (General Model)	11	0.872	13156	314.1679527171236	6570658	0.4	6091	None
SRR5680860rbin.1	96.94	6.3	Gradient Boost (General Model)	11	0.879	24630	283.6629896443044	4287695	0.67	4442	None
SRR5680860rbin.7	99.61	2.32	Gradient Boost (General Model)	11	0.833	52010	271.0846380757885	4293793	0.43	4407	None
SRR5680860rbin.8	89.88	0.25	Gradient Boost (General Model)	11	0.889	24526	289.8524590163934	3212575	0.67	3294	None
SRR5712671rbin.6	58.16	3.68	Gradient Boost (General Model)	11	0.916	4343	276.27403482210445	2387018	0.69	2642	None
SRR5916035rbin.5	85.7	4.81	Gradient Boost (General Model)	11	0.882	4309	261.6084045255137	3850438	0.66	4331	None
SRR6193119rbin.29	94.01	14.69	Neural Network (Specific Model)	11	0.884	21554	323.26398459667615	10801342	0.63	9868	None
SRR6195952rbin.1	86.84	1.03	Gradient Boost (General Model)	11	0.871	4090	272.9203957724309	4174337	0.61	4447	None
SRR6201865rbin.3	81.24	5.8	Neural Network (Specific Model)	11	0.865	4906	262.75	5933949	0.62	6520	None
SRR6202521rbin.9	92.39	0.55	Gradient Boost (General Model)	11	0.852	67576	310.291229459513	5505162	0.57	5051	None
SRR6266704rbin.17	81.48	7.06	Neural Network (Specific Model)	11	0.842	4288	243.85361590561504	7935506	0.62	9154	None
SRR6683737rbin.1	57.44	12.57	Gradient Boost (General Model)	11	0.878	3840	250.15557804199344	3369668	0.68	3953	None
SRR6683737rbin.14	91.46	5.99	Gradient Boost (General Model)	11	0.918	8652	289.08347588094426	2753222	0.66	2923	None
SRR7011951rbin.9	79.25	4.94	Neural Network (Specific Model)	11	0.884	7336	271.03195560658247	4797538	0.63	5226	None
SRR7015887rbin.2	53.69	7.53	Gradient Boost (General Model)	11	0.927	2948	251.7879644588045	2012901	0.63	2476	None
SRR7026259rbin.1	74.31	5.22	Neural Network (Specific Model)	11	0.845	3941	244.81152882205515	6917870	0.61	7980	None
SRR7102015rbin.17	61.35	3.63	Neural Network (Specific Model)	11	0.876	6224	267.81054365733115	3892749	0.64	4249	None
SRR7102015rbin.20	56.04	1.94	Gradient Boost (General Model)	11	0.948	3321	247.76225377920292	1703830	0.69	2183	None
SRR7102016rbin.14	72.07	8.92	Neural Network (Specific Model)	11	0.901	6204	291.48601464238783	5159387	0.62	5327	None
SRR7468842rbin.4	92.43	0.91	Gradient Boost (General Model)	11	0.877	8519	284.5821936175918	3623233	0.61	3729	None
SRR7741809rbin.26	100.0	0.12	Neural Network (Specific Model)	11	0.879	237676	321.5318501920615	6844089	0.59	6248	None
SRR7968382rbin.1	55.25	2.15	Neural Network (Specific Model)	11	0.84	3884	242.23343639575972	3908989	0.62	4528	None
SRR8090375rbin.12	53.19	6.91	Gradient Boost (General Model)	11	0.831	2962	235.58858123009065	3458469	0.59	4081	None
SRR8090375rbin.6	96.22	0.1	Gradient Boost (General Model)	11	0.907	19725	288.9829183555298	3290175	0.71	3454	None
SRR8205300rbin.2	92.77	5.76	Gradient Boost (General Model)	11	0.927	8790	291.57866494956	4387621	0.7	4659	None
SRR8554643rbin.120	77.05	1.56	Gradient Boost (General Model)	11	0.854	4732	231.42264443582783	2090934	0.45	2579	None
SRR8676592rbin.10	94.17	1.28	Neural Network (Specific Model)	11	0.899	10711	291.89889025893956	2363917	0.6	2433	None
SRR8863102rbin.1	74.61	6.45	Gradient Boost (General Model)	11	0.862	7453	256.39421502637805	4893340	0.6	5497	None
SRR8863102rbin.3	82.96	8.49	Neural Network (Specific Model)	11	0.871	7288	271.2907605430734	7766145	0.63	8323	None
SRR8881006rbin.67	65.42	2.35	Neural Network (Specific Model)	11	0.899	6189	271.0234091658424	2739573	0.65	3033	None
SRR9009773bin.334	67.06	4.49	Gradient Boost (General Model)	11	0.943	15836	301.00689871433053	3045307	0.68	3189	None
SRR9650533rbin.8	88.69	3.31	Neural Network (Specific Model)	11	0.894	8976	286.924543132246	4892991	0.69	5089	None
SRR9691026rbin.5	95.15	1.8	Neural Network (Specific Model)	11	0.914	64243	290.96875	2532464	0.66	2656	None
SRR9691041rbin.3	96.25	2.15	Neural Network (Specific Model)	11	0.897	22237	309.641874824586	3685708	0.68	3563	None
158_merged	45.86	0.81	Gradient Boost (General Model)	11	0.922	6192	268.99913344887347	1007174	0.66	1154	None
15p_S15_bin.32	31.3	3.78	Neural Network (Specific Model)	11	0.927	3047	276.3466767371601	1181799	0.66	1324	None
161_merged	89.93	1.22	Neural Network (Specific Model)	11	0.878	20800	289.250245017968	3019501	0.6	3061	None
165_merged	64.67	0.26	Gradient Boost (General Model)	11	0.88	4988	250.42047930283223	391428	0.35	459	None
170_merged	47.62	0.33	Gradient Boost (General Model)	11	0.929	6995	259.64921465968587	1116073	0.68	1337	None
20_S46_bin.3	100.0	1.46	Neural Network (Specific Model)	11	0.892	29994	294.99633878447645	4056085	0.57	4097	None
23_S49_bin.11	94.65	1.49	Gradient Boost (General Model)	11	0.888	12519	286.1295994789971	2961616	0.54	3071	None
5_S31_bin.13	36.11	0.66	Neural Network (Specific Model)	11	0.898	4825	275.7800198478333	2779821	0.65	3023	None
5_S31_bin.4	34.87	0.7	Neural Network (Specific Model)	11	0.879	4638	267.8738789237668	1628370	0.67	1784	None
8_S34_bin.12	59.03	0.63	Gradient Boost (General Model)	11	0.904	3764	264.81655762455966	3488933	0.65	3974	None
8p_S8_bin.5	26.9	1.08	Neural Network (Specific Model)	11	0.931	5147	268.3541364296081	593570	0.66	689	None
8p_S8_bin.7	47.88	2.16	Gradient Boost (General Model)	11	0.922	6141	272.23864455659697	1223441	0.66	1387	None
GCA_003131315.1_20120500_P39_genomic	99.69	2.55	Gradient Boost (General Model)	11	0.859	58488	320.6468726731199	6004649	0.58	5372	None
GCA_003131745.1_20120500_P36_genomic	90.17	4.17	Gradient Boost (General Model)	11	0.921	128011	299.8808940600122	3178950	0.65	3266	None
GCA_003132185.1_20120500_P28_genomic	85.19	4.7	Gradient Boost (General Model)	11	0.9	19253	293.9271070615034	1716209	0.57	1756	None
GCA_003133265.1_20120500_P28_genomic	88.99	4.39	Gradient Boost (General Model)	11	0.891	11686	279.07184592079636	4332218	0.66	4621	None
GCA_003133425.1_20120500_P26_genomic	88.63	8.83	Gradient Boost (General Model)	11	0.849	22466	317.8259438863873	6466358	0.58	5774	None
GCA_003133645.1_20120500_P19_genomic	89.38	2.22	Gradient Boost (General Model)	11	0.896	25862	321.4662398137369	3690370	0.69	3436	None
GCA_003134935.1_20111000_P3D_genomic	91.54	5.3	Gradient Boost (General Model)	11	0.882	35868	286.2353601076958	4323382	0.66	4457	None
GCA_003135675.1_20111000_P3D_genomic	73.72	3.42	Gradient Boost (General Model)	11	0.883	7777	270.822371967655	3402242	0.56	3710	None
GCA_003136395.1_20111000_P1D_genomic	92.32	2.57	Gradient Boost (General Model)	11	0.889	20942	291.57896841263494	4912570	0.68	5002	None
GCA_003141245.1_20120800_E3X_genomic	92.32	1.53	Gradient Boost (General Model)	11	0.884	86322	321.989274989275	2542101	0.68	2331	None
GCA_003141495.1_20120800_E3S_genomic	89.93	1.19	Gradient Boost (General Model)	11	0.885	44888	326.4535175879397	3514086	0.38	3184	None
GCA_003141575.1_20120800_E2X_genomic	81.01	7.16	Gradient Boost (General Model)	11	0.88	30171	324.62423500611993	5416427	0.38	4902	None
GCA_003152315.1_20120700_P3D_genomic	95.83	3.29	Gradient Boost (General Model)	11	0.892	143513	324.9242086491306	4887466	0.58	4486	None
GCA_003152365.1_20120700_P3D_genomic	94.36	8.77	Gradient Boost (General Model)	11	0.842	22616	284.25333333333333	5754238	0.58	5700	None
GCA_003153335.1_20120700_P3D_genomic	68.7	2.89	Gradient Boost (General Model)	11	0.872	10578	264.6777798472714	4871117	0.62	5369	None
GCA_003153855.1_20120700_E3M_genomic	77.76	1.85	Gradient Boost (General Model)	11	0.886	25790	283.284375	3672290	0.68	3840	None
GCA_003157015.1_20120600_E3D_genomic	95.65	5.04	Gradient Boost (General Model)	11	0.874	36423	335.5738284703802	5205832	0.38	4524	None
GCA_003157075.1_20120600_E3D_genomic	89.0	4.25	Gradient Boost (General Model)	11	0.894	18621	327.0229113631104	4728442	0.39	4321	None
GCA_003158855.1_20120600_E1D_genomic	96.48	2.49	Gradient Boost (General Model)	11	0.883	108155	300.9316816816817	2716189	0.63	2664	None
GCA_003168995.1_20110600_S2D_genomic	72.22	5.55	Neural Network (Specific Model)	11	0.899	6200	280.70045362114814	5969823	0.63	6393	None
GCA_003169785.1_20110800_P1D_genomic	94.72	1.99	Gradient Boost (General Model)	11	0.919	238178	300.72036926742106	3284796	0.64	3358	None
GCA_003170395.1_20110800_P1D_genomic	96.67	0.3	Gradient Boost (General Model)	11	0.907	148208	329.433046202036	4167781	0.59	3831	None
GCA_003170915.1_20110800_E2D_genomic	82.43	1.92	Neural Network (Specific Model)	11	0.901	33427	316.97340536048205	5061459	0.63	4813	None
GCA_003171125.1_20110800_E3D_genomic	92.43	6.06	Gradient Boost (General Model)	11	0.871	21343	330.41710825132475	8996088	0.61	7926	None
GCA_003171295.1_20110800_E2D_genomic	80.14	5.92	Gradient Boost (General Model)	11	0.834	9913	281.5458532695375	7594287	0.59	7524	None
GCA_003191745.1_ASM319174v1_genomic	46.29	37.71	Gradient Boost (General Model)	11	0.912	34265	219.7101047219277	49508188	0.52	68849	Low confidence prediction - substantial (53%) disagreement between completeness prediction models
SRR10260007bin.6	77.5	4.96	Neural Network (Specific Model)	11	0.894	8122	278.7060984570169	3812357	0.67	4083	None
SRR10360644bin.23	51.76	2.53	Neural Network (Specific Model)	11	0.873	4976	256.1277029783762	4306100	0.62	4902	None
SRR10360651bin.13	59.96	10.55	Gradient Boost (General Model)	11	0.884	9078	274.59372325249643	3259977	0.67	3505	None
SRR10489817bin.7	91.51	1.45	Gradient Boost (General Model)	11	0.91	25912	306.9520031733439	2545788	0.7	2521	None
SRR10489821bin.20	69.74	2.31	Gradient Boost (General Model)	11	0.888	7204	271.0542414355628	2240907	0.56	2452	None
SRR10489821bin.4	52.8	0.58	Gradient Boost (General Model)	11	0.949	4269	249.0105633802817	1336668	0.69	1704	None
SRR10489821bin.6	80.9	4.59	Gradient Boost (General Model)	11	0.912	7130	277.8371904181892	2245382	0.69	2463	None
SRR10489822bin.4	74.63	3.04	Gradient Boost (General Model)	11	0.932	4048	279.77232142857144	2212606	0.62	2464	None
SRR10489831bin.10	94.29	2.34	Gradient Boost (General Model)	11	0.955	13087	332.34879773691654	3684274	0.68	3535	None
SRR10489833bin.21	98.82	3.95	Gradient Boost (General Model)	11	0.895	14358	319.5204638472033	4704604	0.71	4398	None
SRR10489833bin.7	83.51	0.89	Neural Network (Specific Model)	11	0.748	6946	246.38175230566534	2992442	0.42	3036	None
SRR10489834bin.34	81.09	1.6	Gradient Boost (General Model)	11	0.883	5758	256.34492753623186	599883	0.42	690	None
SRR11678563bin.10	73.74	6.4	Neural Network (Specific Model)	11	0.881	7734	267.5217885562713	4799268	0.63	5278	None
SRR11678610bin.13	82.27	2.99	Neural Network (Specific Model)	11	0.893	7268	304.8943089430894	4152326	0.64	4059	None
SRR11833234bin.10	66.74	3.08	Gradient Boost (General Model)	11	0.938	8993	284.77499226245743	2934499	0.74	3231	None
SRR11834729bin.39	72.68	2.98	Neural Network (Specific Model)	11	0.869	11960	287.3948110547095	3513063	0.62	3546	None
SRR11836029bin.13	87.86	3.92	Neural Network (Specific Model)	11	0.872	20029	286.89055170873354	4412830	0.64	4477	None
SRR11836447bin.1	89.67	4.0	Gradient Boost (General Model)	11	0.948	18324	294.5815395840934	2546341	0.68	2741	None
SRR12756227bin.2	84.28	1.32	Gradient Boost (General Model)	11	0.905	7362	285.21326276463265	3030738	0.71	3212	None
SRR12756247bin.1	69.16	1.23	Neural Network (Specific Model)	11	0.915	3625	250.38027108433735	3266128	0.68	3984	None
SRR1586253rbin.4	99.99	0.39	Neural Network (Specific Model)	11	0.863	63681	306.33190626408293	4719734	0.41	4438	None
SRR1586266rbin.16	57.97	4.19	Gradient Boost (General Model)	11	0.908	3073	253.01446733888645	1902761	0.64	2281	None
SRR1586266rbin.2	56.07	4.56	Gradient Boost (General Model)	11	0.91	6373	252.16876122082584	2307163	0.67	2785	None
SRR1586269rbin.20	84.68	3.64	Neural Network (Specific Model)	11	0.895	32173	301.9905079527963	3939269	0.65	3898	None
SRR1586270rbin.18	98.83	2.87	Gradient Boost (General Model)	11	0.9	16062	301.6550875273523	3670021	0.36	3656	None
SRR1586279rbin.30	57.82	8.54	Gradient Boost (General Model)	11	0.885	22771	256.5693055158617	3029738	0.67	3499	None
SRR1586282rbin.10	99.97	6.05	Neural Network (Specific Model)	11	0.843	37237	281.0872210953347	3936558	0.43	3944	None
SRR1586292rbin.6	66.64	2.85	Gradient Boost (General Model)	11	0.918	3076	261.1821907600596	2286135	0.7	2684	None
SRR1586296rbin.3	71.33	2.88	Gradient Boost (General Model)	11	0.915	2895	256.1622853137049	2390718	0.7	2853	None
SRR1586309rbin.1	74.55	3.71	Gradient Boost (General Model)	11	0.916	4838	264.36958146487297	2311266	0.7	2676	None
SRR1586309rbin.14	74.9	5.42	Gradient Boost (General Model)	11	0.909	6285	253.17811778290994	2882700	0.65	3464	None
SRR1586313rbin.4	88.68	5.25	Gradient Boost (General Model)	11	0.899	10103	280.99645390070924	2901256	0.67	3102	None
SRR1586320rbin.5	65.05	4.82	Neural Network (Specific Model)	11	0.905	7377	278.61538461538464	1713116	0.57	1859	None
SRR1586321rbin.10	100.0	0.62	Neural Network (Specific Model)	11	0.91	110347	315.2500493388593	5256377	0.66	5067	None
SRR351473rebin.39	80.21	4.62	Neural Network (Specific Model)	11	0.876	7239	274.0243449173016	5040801	0.64	5381	None
SRR3747750rbin.3	100.0	0.07	Neural Network (Specific Model)	11	0.905	277611	342.9764075067024	6351119	0.63	5595	None
SRR3984960rbin.6	64.29	3.6	Gradient Boost (General Model)	11	0.899	3873	251.01986475063399	1975326	0.64	2366	None
SRR3984962rbin.21	82.5	3.28	Gradient Boost (General Model)	11	0.93	10596	306.29634464751956	3017540	0.62	3064	None
SRR3985188rbin.3	54.8	5.8	Neural Network (Specific Model)	11	0.847	3134	250.0978990686593	4077624	0.69	4617	None
SRR3985190rbin.18	77.09	3.83	Neural Network (Specific Model)	11	0.831	17491	241.30532786885246	1696573	0.52	1952	None
SRR3985190rbin.21	55.86	6.95	Gradient Boost (General Model)	11	0.922	3214	258.3212735166425	1158414	0.59	1382	None
SRR3985390rbin.10	83.91	1.94	Gradient Boost (General Model)	11	0.822	13888	274.982370433305	4713369	0.58	4708	None
SRR3985395rbin.2	94.27	0.96	Gradient Boost (General Model)	11	0.943	36722	326.117991938439	2824920	0.68	2729	None
SRR3985395rbin.9	77.44	11.62	Gradient Boost (General Model)	11	0.868	4672	259.6559844984349	6010949	0.63	6709	None
SRR3985396rbin.13	99.64	2.22	Gradient Boost (General Model)	11	0.899	45684	342.6154913936702	4114411	0.39	3602	None
SRR3985420rbin.1	75.72	3.01	Gradient Boost (General Model)	11	0.91	11766	288.4460500963391	1970081	0.7	2076	None
SRR3985424rbin.5	100.0	1.84	Gradient Boost (General Model)	11	0.924	15532	329.95142428785607	3564437	0.66	3335	None
SRR3989121rbin.21	97.14	1.93	Gradient Boost (General Model)	11	0.883	21850	298.7159459459459	3745997	0.52	3700	None
SRR3989121rbin.24	69.02	3.07	Gradient Boost (General Model)	11	0.919	5957	299.3087056128293	1702411	0.59	1746	None
SRR3989254rbin.12	59.94	7.32	Gradient Boost (General Model)	11	0.9	6190	267.33929733246583	2733231	0.68	3074	None
SRR3989254rbin.26	81.46	5.04	Gradient Boost (General Model)	11	0.889	6325	262.7577777777778	1592529	0.66	1800	None
SRR3989254rbin.27	47.16	9.51	Gradient Boost (General Model)	11	0.858	1773	202.72615837215002	2882884	0.66	4079	None
SRR3989254rbin.37	90.33	0.34	Neural Network (Specific Model)	11	0.935	72871	393.3284615384615	3275241	0.46	2600	None
SRR3989254rbin.42	63.57	3.65	Gradient Boost (General Model)	11	0.891	4308	261.73105745212325	2110998	0.52	2402	None
SRR3989254rbin.6	60.21	4.79	Gradient Boost (General Model)	11	0.921	4051	290.79375368296996	1604903	0.41	1697	None
SRR3989257rbin.3	86.4	7.24	Gradient Boost (General Model)	11	0.915	14650	288.8803879310345	1755615	0.67	1856	None
SRR3989257rbin.48	99.06	3.62	Gradient Boost (General Model)	11	0.854	97283	302.86489867400553	4244177	0.34	3997	None
SRR3989258rbin.1	69.94	1.58	Gradient Boost (General Model)	11	0.926	8737	298.5693191140279	1176650	0.7	1219	None
SRR3989258rbin.18	82.29	1.82	Gradient Boost (General Model)	11	0.926	18877	291.6256227758007	1325549	0.69	1405	None
SRR4027936rbin.3	58.11	0.8	Gradient Boost (General Model)	11	0.943	3720	262.7411652340019	873156	0.69	1047	None
SRR5133179rbin.1	97.74	2.67	Neural Network (Specific Model)	11	0.907	50715	340.664	5345827	0.66	4750	None
SRR5195106rbin.10	99.99	1.52	Neural Network (Specific Model)	11	0.887	28893	324.5581395348837	5706425	0.59	5203	None
SRR5450747rbin.3	57.11	4.26	Gradient Boost (General Model)	11	0.955	2724	267.7547524055386	3573609	0.68	4261	None
SRR5450757rbin.10	58.3	3.74	Gradient Boost (General Model)	11	0.851	5018	261.6490670901151	2318930	0.59	2519	None
SRR5450757rbin.11	83.81	3.31	Gradient Boost (General Model)	11	0.904	4460	286.2538237436271	2605454	0.38	2746	None
SRR5579863rbin.13	89.41	4.37	Neural Network (Specific Model)	11	0.86	30648	288.67774282343686	5113184	0.62	5086	None
SRR5664279rbin.10	62.75	9.14	Gradient Boost (General Model)	11	0.84	4572	245.5830495648884	4622960	0.67	5286	None
SRR5664280rbin.13	80.5	5.58	Gradient Boost (General Model)	11	0.912	13628	285.5722082283795	2231173	0.64	2382	None
SRR5664280rbin.6	84.72	0.58	Gradient Boost (General Model)	11	0.886	8231	315.4181062060141	3333306	0.58	3126	None
SRR5665213rbin.38	75.97	4.54	Gradient Boost (General Model)	11	0.908	8374	265.0564805746001	2673786	0.65	3063	None
SRR5665648rbin.4	51.98	12.39	Gradient Boost (General Model)	11	0.89	1772	209.4027843322322	2983398	0.67	4238	None
SRR6152564rbin.27	99.99	9.4	Neural Network (Specific Model)	11	0.904	56324	356.33826691967107	9321988	0.64	7905	None
SRR6266478rbin.13	67.42	10.26	Neural Network (Specific Model)	11	0.867	10542	278.6435932669186	5602708	0.63	5822	None
SRR6266550rbin.15	74.68	0.75	Gradient Boost (General Model)	11	0.912	9785	295.3885135135135	2869425	0.69	2960	None
SRR6958552rbin.43	71.25	6.84	Gradient Boost (General Model)	11	0.877	4370	254.41739577972209	5065029	0.63	5829	None
SRR7026262rbin.4	82.08	1.86	Neural Network (Specific Model)	11	0.851	10199	270.838066551922	6640907	0.62	6972	None
SRR7102016rbin.9	83.95	1.77	Gradient Boost (General Model)	11	0.922	8429	271.6170212765957	1782725	0.7	2021	None
SRR9009774bin.118	99.87	3.83	Neural Network (Specific Model)	11	0.9	197987	300.7828660436137	3212972	0.69	3210	None
SRR9691040rbin.2	98.33	10.17	Gradient Boost (General Model)	11	0.928	6372	303.1292824822237	10598304	0.71	10829	None
SRR9694538rbin.2	82.25	4.71	Gradient Boost (General Model)	11	0.916	10125	295.78478207338094	3924739	0.67	4061	None
